,filename,image_shape,final_gel_intensity,final_vascular_intensity,initial_gel_intensity,initial_vascular_intensity,vascular_volume_um3,gel_volume_um3,vasculature_surface_area_um2,p_um/s,p_cm/s,bead,rln,mcl,ligand
0,m4_2024.10.24_fl2_fl6__rLN2_24.10.24_device1/P 2,"(3, 36, 512, 512)",15246285.0,116276721.0,11906772.0,124558040.0,73423138.73960783,170404648.56110537,5396960.422547679,0.0026000204139658,2.600020413965831e-07,False,True,False,unknown
1,m4_2024.10.24_fl2_fl6__rLN2_24.10.24_device1/P 1,"(3, 42, 512, 512)",17222645.0,88108795.0,14422564.0,91270589.0,72624911.28477642,211326435.9514972,6832713.31940949,0.0031303724490965,3.1303724490965336e-07,False,True,False,unknown
2,m4_2024.10.24_fl2_fl6__rLN2_24.10.24_device1/P 4,"(3, 41, 512, 512)",15005195.0,114410632.0,13182857.0,119022366.0,76785284.97700126,200993206.88457072,6287928.189375045,0.0015288061473596,1.528806147359624e-07,False,True,False,unknown
3,m4_2024.10.24_fl2_fl6__rLN2_24.10.24_device1/P 3,"(3, 42, 512, 512)",18832157.0,134287948.0,18135117.0,139589283.0,91637529.06986378,192313818.1664098,7375253.939654122,0.0004156964313882,4.1569643138826354e-08,False,True,False,unknown
5,m4_2024.10.24_fl2_fl6__FL2_24.10.24_device1/P 1,"(3, 39, 512, 512)",51458024.0,115178690.0,31348719.0,110135419.0,95609557.48729864,169823223.62487015,11152006.926780012,0.010796567394344,1.079656739434409e-06,False,False,False,unknown
6,m4_2024.10.24_fl2_fl6__FL2_24.10.24_device1/P 2,"(3, 32, 512, 512)",22314743.0,91915426.0,16485045.0,93420286.0,45868991.51138087,170180946.6031751,3507674.684077103,0.0102119778616926,1.02119778616927e-06,False,False,False,unknown
7,m4_2024.10.24_fl2_fl6__FL2_24.10.24_device1/P 3,"(3, 33, 512, 512)",38309743.0,121442967.0,29688453.0,124020778.0,78400884.06474799,146908337.1118604,7016700.5010731,0.0053152380274356,5.315238027435606e-07,False,False,False,unknown
8,m4_2024.10.24_fl2_fl6__FL2_24.10.24_device1/P 4,"(3, 31, 512, 512)",33967004.0,230072607.0,22262465.0,199486725.0,160996544.82809305,48880537.91176134,11534695.54910813,0.0007774249619876,7.774249619876272e-08,False,False,False,unknown
11,m4_2024.10.24_fl2_fl6__FL6_24.10.24_device1/P 1,"(3, 37, 512, 512)",15079872.0,46531415.0,11517134.0,40070662.0,42113424.17271167,207887218.5027031,4082613.216376278,0.0176486365848669,1.7648636584866949e-06,False,False,False,unknown
12,m4_2024.10.24_fl2_fl6__FL6_24.10.24_device1/P 2,"(3, 33, 512, 512)",20393265.0,45974952.0,15101377.0,41127001.0,57858651.16026993,167450570.01633847,8639999.641612396,0.0109466163609583,1.094661636095833e-06,False,False,False,unknown
13,m4_2024.10.24_fl2_fl6__FL6_24.10.24_device1/P 3,"(3, 33, 512, 512)",16777069.0,42711776.0,17863535.0,49203565.0,42408663.66203056,182900557.51457784,4299604.242343767,-0.0040963851014605,-4.09638510146054e-07,False,False,False,unknown
16,m4_2024.10.24_fl2_fl6__Bead_24.10.24_device2/P 1,"(3, 31, 512, 512)",15876575.0,180379625.0,13154750.0,188844359.0,79951268.14486443,129925814.59498996,4746123.90926058,0.0011780615938438,1.1780615938438813e-07,True,False,False,unknown
17,m4_2024.10.24_fl2_fl6__Bead_24.10.24_device2/P 3,"(3, 47, 512, 512)",15459199.0,138366981.0,12742479.0,138361721.0,84993616.2406974,232908435.556435,7099415.536728332,0.0019708284924498,1.9708284924498392e-07,True,False,False,unknown
18,m4_2024.10.24_fl2_fl6__Bead_24.10.24_device2/P 2,"(3, 34, 512, 512)",13539622.0,120818882.0,12147343.0,129059980.0,63592874.09061937,167889202.46069062,4410118.869632102,0.0012593161881501,1.2593161881501368e-07,True,False,False,unknown
19,m4_2024.10.24_fl2_fl6__Bead_24.10.24_device2/P 4,"(3, 45, 512, 512)",15228029.0,138806842.0,12776112.0,144088683.0,92563007.61739571,212993333.4303335,7424560.657895789,0.0014879632675214,1.4879632675214829e-07,True,False,False,unknown
22,m4_2024.10.24_fl2_fl6__rLN2_24.10.24_device2/P 1,"(3, 43, 512, 512)",20501881.0,108821901.0,15856002.0,115097322.0,65580371.79653148,227630258.5017945,5414517.374080844,0.0054669248204655,5.466924820465584e-07,False,True,False,unknown
23,m4_2024.10.24_fl2_fl6__rLN2_24.10.24_device2/P 2,"(3, 39, 512, 512)",23822449.0,116726597.0,17699603.0,120809790.0,107873993.7832496,157558787.32891917,10617756.471785815,0.0024477053125338,2.447705312533822e-07,False,True,False,unknown
24,m4_2024.10.24_fl2_fl6__rLN2_24.10.24_device2/P 4,"(3, 45, 512, 512)",18981334.0,106434148.0,16296582.0,104065917.0,76039097.6618568,229517243.3858724,6901121.96751827,0.002825884986694,2.825884986694048e-07,False,True,False,unknown
25,m4_2024.10.24_fl2_fl6__rLN2_24.10.24_device2/P 3,"(3, 33, 512, 512)",33959873.0,118154894.0,29349172.0,130166290.0,93551052.07042456,131758169.10618384,9050710.817555998,0.0018493752570526,1.849375257052632e-07,False,True,False,unknown
27,m4_2024.10.24_fl2_fl6__FL2_24.10.24_device2/P 1,"(3, 36, 512, 512)",19859260.0,82936547.0,11399609.0,94078094.0,51811669.3451595,192016117.95555368,4384687.075021984,0.0124467657726116,1.2446765772611675e-06,False,False,False,unknown
28,m4_2024.10.24_fl2_fl6__FL2_24.10.24_device2/P 2,"(3, 32, 512, 512)",33585640.0,88988042.0,20780733.0,105522866.0,85975373.49132967,130074564.62322631,9045762.071881205,0.0060356181676874,6.03561816768742e-07,False,False,False,unknown
29,m4_2024.10.24_fl2_fl6__FL2_24.10.24_device2/P 3,"(3, 36, 512, 512)",42979845.0,104615198.0,25109176.0,111084819.0,104142091.75697196,139685695.54374123,11069693.055802,0.0072858333521666,7.285833352166676e-07,False,False,False,unknown
30,m4_2024.10.24_fl2_fl6__FL2_24.10.24_device2/P 4,"(3, 37, 512, 512)",15466843.0,47525855.0,9683282.0,45285651.0,37241560.51639606,212759082.1590187,3720419.695571974,0.0258053703267948,2.5805370326794858e-06,False,False,False,unknown
33,m4_2024.10.24_fl2_fl6__FL6_24.10.24_device2/P 2,"(3, 32, 512, 512)",40310337.0,152341267.0,30852503.0,160554318.0,104074286.5161446,111975651.5984114,9098009.00059642,0.0024929890395483,2.4929890395483497e-07,False,False,False,unknown
34,m4_2024.10.24_fl2_fl6__FL6_24.10.24_device2/P 1,"(3, 27, 512, 512)",19502334.0,106645828.0,18645428.0,106707121.0,44704257.83294892,137394975.72074828,3071705.989503878,0.0012090238260341,1.20902382603419e-07,False,False,False,unknown
35,m4_2024.10.24_fl2_fl6__FL6_24.10.24_device2/P 4,"(3, 37, 512, 512)",13571943.0,83337644.0,12041734.0,85988516.0,61769973.93059487,188230668.7448199,5558933.295389507,0.0019463811700994,1.94638117009947e-07,False,False,False,unknown
36,m4_2024.10.24_fl2_fl6__FL6_24.10.24_device2/P 3,"(3, 32, 512, 512)",31634489.0,95674154.0,25471800.0,97623131.0,63869817.11453701,152180121.00001898,7049596.1095037125,0.0051217348686038,5.121734868603845e-07,False,False,False,unknown
38,m4_2024.10.24_fl2_fl6__Bead_24.10.24_device3_unbonded/P 4,"(3, 23, 512, 512)",48232925.0,146617279.0,25588557.0,128670641.0,50023501.85755049,107384310.1973403,3028722.598678869,0.0216349475649633,2.1634947564963348e-06,True,False,False,unknown
39,m4_2024.10.24_fl2_fl6__Bead_24.10.24_device3_unbonded/P 3,"(3, 22, 512, 512)",30003567.0,109871737.0,20221427.0,103658198.0,46660072.27734576,101488456.71549264,3024177.334169551,0.0109290717993924,1.0929071799392425e-06,True,False,False,unknown
40,m4_2024.10.24_fl2_fl6__Bead_24.10.24_device3_unbonded/P 2,"(3, 18, 512, 512)",27462998.0,107482700.0,18036092.0,99933621.0,39917389.146859534,83539718.34717247,2039083.158188079,0.0130994766901703,1.30994766901704e-06,True,False,False,unknown
41,m4_2024.10.24_fl2_fl6__Bead_24.10.24_device3_unbonded/P 1,"(3, 18, 512, 512)",36881605.0,151688285.0,20718717.0,138642052.0,44225441.45268012,79231666.04135188,2130959.879808734,0.0141559892666077,1.4155989266607744e-06,True,False,False,unknown
43,m4_2024.10.24_fl2_fl6__rLN2_24.10.24_device3_unbonded/P 2,"(3, 28, 512, 512)",27739542.0,135377446.0,26742846.0,147782199.0,60670620.09281485,130687896.52293476,3282546.4538917853,0.0009106638730556,9.106638730556396e-08,False,True,False,unknown
44,m4_2024.10.24_fl2_fl6__rLN2_24.10.24_device3_unbonded/P 1,"(3, 33, 512, 512)",32726236.0,70187022.0,29409605.0,69219180.0,43812263.93638296,181496957.24022543,3841951.7605350353,0.0109326275967781,1.0932627596778177e-06,False,True,False,unknown
45,m4_2024.10.24_fl2_fl6__rLN2_24.10.24_device3_unbonded/P 3,"(3, 26, 512, 512)",31928973.0,97978065.0,28169916.0,95345283.0,48604218.89856845,127322159.28042711,3371562.379844889,0.0058700142908709,5.870014290870909e-07,False,True,False,unknown
46,m4_2024.10.24_fl2_fl6__rLN2_24.10.24_device3_unbonded/P 4,"(3, 33, 512, 512)",45962796.0,97929373.0,40420914.0,91193560.0,46654950.67988788,178654270.4967205,4253708.419028716,0.0127341705348775,1.2734170534877538e-06,False,True,False,unknown
48,m4_2024.10.24_fl2_fl6__FL2_24.10.24_device3_unbonded/P 1,"(3, 26, 512, 512)",111643601.0,130963375.0,36808418.0,110042743.0,41074363.89948748,134852014.2795081,3005478.3962670024,0.127359829366437,1.27359829366437e-05,False,False,False,unknown
49,m4_2024.10.24_fl2_fl6__FL2_24.10.24_device3_unbonded/P 2,"(3, 14, 512, 512)",88169594.0,80578960.0,30232296.0,58970389.0,19549161.04428942,76130097.26358537,1645933.217565601,0.2590251687050979,2.5902516870509792e-05,False,False,False,unknown
50,m4_2024.10.24_fl2_fl6__FL2_24.10.24_device3_unbonded/P 4,"(3, 31, 512, 512)",135418081.0,141706806.0,48290020.0,152033308.0,47144445.88520102,162732636.85465336,3865051.8200179497,0.0982233813522494,9.822338135224947e-06,False,False,False,unknown
51,m4_2024.10.24_fl2_fl6__FL2_24.10.24_device3_unbonded/P 3,"(3, 27, 512, 512)",114244007.0,122430937.0,43330941.0,102660261.0,35467921.882265255,146631311.67143196,3072131.2485503075,0.1584679154784483,1.5846791547844838e-05,False,False,False,unknown
53,m4_2024.10.24_fl2_fl6__FL6_24.10.24_device3/P 3,"(3, 33, 512, 512)",22971892.0,100082917.0,14803136.0,110122950.0,73156332.9465206,152152888.2300878,6000401.805301967,0.0060362901153823,6.036290115382391e-07,False,False,False,unknown
54,m4_2024.10.24_fl2_fl6__FL6_24.10.24_device3/P 2,"(3, 31, 512, 512)",13010357.0,70501045.0,9050227.0,73050230.0,53794504.63131686,156082578.10853752,4056721.622383836,0.0066131164586459,6.613116458645907e-07,False,False,False,unknown
55,m4_2024.10.24_fl2_fl6__FL6_24.10.24_device3/P 4,"(3, 43, 512, 512)",29233028.0,115080280.0,24302699.0,124516798.0,104356975.14824486,188853655.1500811,11554598.94204082,0.0022336498454684,2.2336498454684946e-07,False,False,False,unknown
56,m4_2024.10.24_fl2_fl6__FL6_24.10.24_device3/P 1,"(3, 34, 512, 512)",16650575.0,138311993.0,12691160.0,138292486.0,74131732.35203275,157350344.19927722,4369677.167256684,0.0031532081746205,3.153208174620588e-07,False,False,False,unknown
58,m4_2024.10.24_fl2_fl6__Bead_24.10.24_device4/P 1,"(3, 31, 512, 512)",11891606.0,54336350.0,7272285.0,57117058.0,57383060.79771024,152494021.94214416,5590573.856179711,0.0070218645708108,7.021864570810809e-07,True,False,False,unknown
59,m4_2024.10.24_fl2_fl6__Bead_24.10.24_device4/P 3,"(3, 31, 512, 512)",14023636.0,116129149.0,10894920.0,143961830.0,72352124.40776138,137524958.332093,3954059.370200122,0.0022716002424878,2.2716002424878042e-07,True,False,False,unknown
60,m4_2024.10.24_fl2_fl6__Bead_24.10.24_device4/P 2,"(3, 30, 512, 512)",13193037.0,160606408.0,7069713.0,151636775.0,86336428.45142908,117367798.91372368,4301685.312643711,0.0032101528169609,3.21015281696099e-07,True,False,False,unknown
62,m4_2024.10.24_fl2_fl6__rLN2_24.10.24_device4/P 2,"(3, 35, 512, 512)",24615799.0,94263815.0,14109105.0,113287520.0,85362912.85187845,152292019.07413316,7894704.068111217,0.0056765923697605,5.676592369760555e-07,False,True,False,unknown
63,m4_2024.10.24_fl2_fl6__rLN2_24.10.24_device4/P 1,"(3, 30, 512, 512)",19180938.0,68896364.0,6970449.0,84354541.0,52005100.8960456,151699126.46910718,4122677.376764097,0.0161280772432528,1.612807724325288e-06,False,True,False,unknown
64,m4_2024.10.24_fl2_fl6__rLN2_24.10.24_device4/P 4,"(3, 36, 512, 512)",15241271.0,98693415.0,5797990.0,105987638.0,73712926.96542555,170114860.33528763,5048059.183320668,0.0088229816599373,8.822981659937361e-07,False,True,False,unknown
65,m4_2024.10.24_fl2_fl6__rLN2_24.10.24_device4/P 3,"(3, 34, 512, 512)",21353310.0,88174551.0,11381979.0,97994996.0,66893490.51579475,164588586.03551522,5837010.678845621,0.009017303598387,9.017303598387024e-07,False,True,False,unknown
68,m4_2024.10.24_fl2_fl6__FL2_24.10.24_device4/P 2,"(3, 34, 512, 512)",16461952.0,87734342.0,12570344.0,92038861.0,54672699.64921469,176809376.9020953,4623854.908437163,0.0052015475617503,5.20154756175039e-07,False,False,False,unknown
69,m4_2024.10.24_fl2_fl6__FL2_24.10.24_device4/P 3,"(3, 37, 512, 512)",23614193.0,86531394.0,19739314.0,89440236.0,64492544.4964785,185508098.17893627,7572859.677061098,0.003782858401371,3.782858401371004e-07,False,False,False,unknown
70,m4_2024.10.24_fl2_fl6__FL2_24.10.24_device4/P 1,"(3, 33, 512, 512)",12498618.0,49049773.0,10935984.0,54195486.0,39231754.4195906,186077466.7570178,4187893.847841808,0.0044583213970646,4.4583213970646613e-07,False,False,False,unknown
71,m4_2024.10.24_fl2_fl6__FL2_24.10.24_device4/P 4,"(3, 32, 512, 512)",11113013.0,54880088.0,8803224.0,61863037.0,41061636.43545998,174988301.679096,4000027.069961431,0.0052899330882429,5.289933088242937e-07,False,False,False,unknown
74,m4_2024.10.24_fl2_fl6__FL6_24.10.24_device4/P 4,"(3, 36, 512, 512)",12834697.0,80770030.0,11427595.0,86187149.0,63682001.66017368,180145785.6405395,5542375.744812411,0.0016993565859383,1.6993565859383473e-07,False,False,False,unknown
75,m4_2024.10.24_fl2_fl6__FL6_24.10.24_device4/P 3,"(3, 32, 512, 512)",16011515.0,80879055.0,13258525.0,80164875.0,47862847.062413104,168187091.0521429,4144495.852861554,0.0046382669969659,4.6382669969659924e-07,False,False,False,unknown
76,m4_2024.10.24_fl2_fl6__FL6_24.10.24_device4/P 1,"(3, 32, 512, 512)",12059827.0,105886168.0,10737230.0,112007643.0,66225551.79077682,149824386.32377917,5245011.084259106,0.0010362834172745,1.0362834172745435e-07,False,False,False,unknown
77,m4_2024.10.24_fl2_fl6__FL6_24.10.24_device4/P 2,"(3, 30, 512, 512)",14478442.0,75703867.0,10541456.0,67670542.0,44834099.15884653,158870128.20630625,3732753.933259367,0.0081473613415,8.147361341500067e-07,False,False,False,unknown
80,m4_2024.10.24_fl2_fl6__Bead_24.10.24_device5/P 4,"(3, 37, 512, 512)",9011567.0,90886106.0,6607738.0,98891445.0,81097422.7870009,168903219.88841388,6409891.445123521,0.0019066162583889,1.9066162583889585e-07,True,False,False,unknown
81,m4_2024.10.24_fl2_fl6__Bead_24.10.24_device5/P 1,"(3, 36, 512, 512)",10623378.0,77868716.0,7682563.0,79543764.0,59731166.05980591,184096621.24090728,5104121.09215666,0.004100110691459,4.10011069145907e-07,True,False,False,unknown
82,m4_2024.10.24_fl2_fl6__Bead_24.10.24_device5/P 3,"(3, 36, 512, 512)",10725301.0,88890736.0,8979011.0,97156652.0,72573966.10730462,171253821.19340855,5252134.636545854,0.0017937413113033,1.793741311303377e-07,True,False,False,unknown
83,m4_2024.10.24_fl2_fl6__Bead_24.10.24_device5/P 2,"(3, 36, 512, 512)",10844302.0,78648271.0,8456033.0,84174917.0,68782170.82523799,175045616.4754752,5859347.896428039,0.0026174505831295,2.617450583129508e-07,True,False,False,unknown
86,m4_2024.10.24_fl2_fl6__rLN2_24.10.24_device5/P 4,"(3, 32, 512, 512)",17028501.0,66572317.0,7624042.0,92701705.0,60904482.82915002,155145455.28540596,5189914.304168858,0.0091789844954193,9.178984495419356e-07,False,True,False,unknown
87,m4_2024.10.24_fl2_fl6__rLN2_24.10.24_device5/P 3,"(3, 37, 512, 512)",35530077.0,80249850.0,27885531.0,102510516.0,73627802.48353948,176372840.19187528,7606032.213713791,0.0065983977141474,6.598397714147482e-07,False,True,False,unknown
88,m4_2024.10.24_fl2_fl6__rLN2_24.10.24_device5/P 2,"(3, 35, 512, 512)",34612012.0,87320907.0,26976154.0,99328673.0,65268707.873985626,172386224.05202597,5669015.675673692,0.00891449171775,8.914491717750005e-07,False,True,False,unknown
89,m4_2024.10.24_fl2_fl6__rLN2_24.10.24_device5/P 1,"(3, 35, 512, 512)",20380191.0,85062958.0,12414204.0,89739200.0,55079224.97571024,182575706.95030132,4556339.332008979,0.0114668496113413,1.146684961134136e-06,False,True,False,unknown
92,m4_2024.10.24_fl2_fl6__FL2_24.10.24_device5/P 4,"(3, 29, 512, 512)",22446608.0,64789073.0,8975826.0,55603521.0,47940106.654409856,149591265.33604133,3616965.943013625,0.0331900706118492,3.3190070611849263e-06,False,False,False,unknown
93,m4_2024.10.24_fl2_fl6__FL2_24.10.24_device5/P 3,"(3, 34, 512, 512)",31031020.0,104516787.0,22411288.0,125770341.0,130959871.00862888,100522205.5426811,14490267.505623909,0.0016070461422119,1.607046142211912e-07,False,False,False,unknown
94,m4_2024.10.24_fl2_fl6__FL2_24.10.24_device5/P 2,"(3, 34, 512, 512)",23947083.0,108686039.0,16216231.0,109742193.0,139671107.8213267,91810968.72998329,11939202.249206562,0.0017656797450367,1.7656797450367597e-07,False,False,False,unknown
95,m4_2024.10.24_fl2_fl6__FL2_24.10.24_device5/P 1,"(3, 36, 512, 512)",16220612.0,54232706.0,9888595.0,58813799.0,51253580.05527259,192574207.2454406,5215068.746820495,0.0132753202635193,1.3275320263519309e-06,False,False,False,unknown
98,m4_2024.10.24_fl2_fl6__FL6_24.10.24_device5/P 2,"(3, 39, 512, 512)",20140821.0,62959988.0,14173018.0,59039728.0,70110407.08734243,195322374.02482635,7740862.589497838,0.0093228863292729,9.322886329272938e-07,False,False,False,unknown
99,m4_2024.10.24_fl2_fl6__FL6_24.10.24_device5/P 3,"(3, 32, 512, 512)",31119205.0,142373007.0,20611073.0,126692419.0,146700565.08809224,69349373.02646375,16062757.93894463,0.0011879725935398,1.187972593539887e-07,False,False,False,unknown
100,m4_2024.10.24_fl2_fl6__FL6_24.10.24_device5/P 1,"(3, 36, 512, 512)",27596837.0,52661013.0,19416485.0,52505493.0,61318354.99889549,182509432.3018177,8871026.149163298,0.0141285371679436,1.4128537167943698e-06,False,False,False,unknown
101,m4_2024.10.24_fl2_fl6__FL6_24.10.24_device5/P 4,"(3, 35, 512, 512)",17542056.0,24044935.0,12882606.0,25333884.0,62518221.65850975,175136710.26750183,12379995.990237642,0.0147053345397459,1.470533453974591e-06,False,False,False,unknown
104,m4_2024.10.24_fl2_fl6__Bead_24.10.24_device6/P 2,"(3, 38, 512, 512)",13596473.0,91542753.0,10068165.0,101595861.0,70598489.43818444,188661436.29928276,6041865.012480849,0.0033436712955905,3.343671295590543e-07,True,False,False,unknown
105,m4_2024.10.24_fl2_fl6__Bead_24.10.24_device6/P 3,"(3, 35, 512, 512)",14566428.0,112393840.0,11057302.0,126094205.0,73607469.15294234,164047462.77306926,5056884.750586459,0.002748816457532,2.748816457532009e-07,True,False,False,unknown
106,m4_2024.10.24_fl2_fl6__Bead_24.10.24_device6/P 1,"(3, 31, 512, 512)",9993143.0,63266697.0,6884756.0,63625757.0,48679971.445795976,161197111.2940584,4107692.122828561,0.0059716584429153,5.971658442915358e-07,True,False,False,unknown
107,m4_2024.10.24_fl2_fl6__Bead_24.10.24_device6/P 4,"(3, 36, 512, 512)",6998403.0,75019776.0,4847828.0,82863328.0,68582934.79723297,175244852.5034802,8509871.459602809,0.001576861195785,1.5768611957850257e-07,True,False,False,unknown
110,m4_2024.10.24_fl2_fl6__rLN2_24.10.24_device6/P 4,"(3, 39, 512, 512)",19417497.0,72662071.0,11746677.0,82223340.0,49766986.35452806,215665794.75764072,4075313.4071933473,0.0159997875333735,1.599978753337356e-06,False,True,False,unknown
111,m4_2024.10.24_fl2_fl6__rLN2_24.10.24_device6/P 3,"(3, 39, 512, 512)",23425807.0,88207671.0,11833996.0,97063345.0,57884836.06313503,207547945.04903376,5060149.341243818,0.0154958257039787,1.5495825703978705e-06,False,True,False,unknown
112,m4_2024.10.24_fl2_fl6__rLN2_24.10.24_device6/P 1,"(3, 46, 512, 512)",31081505.0,86983071.0,20942684.0,98336935.0,63768103.36640231,247961093.0560285,7161211.737774342,0.0126000793636549,1.2600079363654998e-06,False,True,False,unknown
113,m4_2024.10.24_fl2_fl6__rLN2_24.10.24_device6/P 2,"(3, 42, 512, 512)",21026156.0,124054235.0,10479393.0,125744539.0,74152725.01471642,209798622.2215572,6006623.5282579735,0.0088775044840458,8.877504484045831e-07,False,True,False,unknown
116,m4_2024.10.24_fl2_fl6__FL2_24.10.24_device6/P 1,"(3, 15, 512, 512)",8573957.0,4324460.0,3927825.0,12172502.0,16019791.706449484,85832321.97612691,2199665.4660388976,0.0610814899627653,6.10814899627653e-06,False,False,False,unknown
117,m4_2024.10.24_fl2_fl6__FL2_24.10.24_device6/P 2,"(3, 13, 512, 512)",6450780.0,3005603.0,2861469.0,6150442.0,12046162.053947346,77460240.87922585,2303699.327787333,0.1019298367099178,1.0192983670991788e-05,False,False,False,unknown
119,m4_2024.10.24_fl2_fl6__FL6_24.10.24_device6/P 4,"(3, 33, 512, 512)",25308233.0,73376047.0,15205621.0,82448627.0,54219467.70866077,171089753.4679476,4534128.7743567135,0.0157475937843723,1.5747593784372392e-06,False,False,False,unknown
120,m4_2024.10.24_fl2_fl6__FL6_24.10.24_device6/P 1,"(3, 39, 512, 512)",28312875.0,87795030.0,17696538.0,90473343.0,71053722.92257248,194379058.1895963,7380418.729578128,0.0106720458156045,1.0672045815604592e-06,False,False,False,unknown
121,m4_2024.10.24_fl2_fl6__FL6_24.10.24_device6/P 2,"(3, 37, 512, 512)",28154769.0,64262319.0,16909393.0,64154391.0,59435161.27431516,190565481.4010996,6449082.067677006,0.019537184513327,1.9537184513327037e-06,False,False,False,unknown
122,m4_2024.10.24_fl2_fl6__FL6_24.10.24_device6/P 3,"(3, 33, 512, 512)",19962139.0,42625279.0,13610753.0,48764121.0,50491921.983669154,174817299.19293922,6593442.731781304,0.0133067266034831,1.3306726603483151e-06,False,False,False,unknown
0,m4_2024.11.14_mcl1_mcl3__Bead_device1/P 2,"(3, 40, 512, 512)",7376360.0,56020223.0,6157506.0,60105222.0,54572916.80219055,217032719.68467987,5406202.2809600495,0.0025194691494633,2.519469149463349e-07,True,False,True,unknown
1,m4_2024.11.14_mcl1_mcl3__Bead_device1/P 1,"(3, 39, 512, 512)",6301590.0,59344391.0,4799711.0,56698389.0,50544338.88454839,214888442.2276204,4805314.033399583,0.0035947395649467,3.594739564946735e-07,True,False,True,unknown
2,m4_2024.11.14_mcl1_mcl3__Bead_device1/P 3,"(3, 37, 512, 512)",8769933.0,84881833.0,6562915.0,82285828.0,52649562.68926811,197351079.98614663,4272804.568143904,0.0037394053061342,3.7394053061342586e-07,True,False,True,unknown
3,m4_2024.11.14_mcl1_mcl3__Bead_device1/P 4,"(3, 36, 512, 512)",7336932.0,84594401.0,5371284.0,78238631.0,57648606.795560695,186179180.5051525,4827027.751676781,0.0028901581560239,2.8901581560239177e-07,True,False,True,unknown
5,m4_2024.11.14_mcl1_mcl3__rLN3_device1/P 1,"(3, 43, 512, 512)",16308693.0,35184499.0,8712551.0,31645117.0,47749818.70472203,245460811.5936039,6305658.979209695,0.0358170330812854,3.5817033081285462e-06,False,True,True,unknown
6,m4_2024.11.14_mcl1_mcl3__rLN3_device1/P 2,"(3, 33, 512, 512)",10803249.0,46503817.0,7325068.0,48529742.0,41158275.68128584,184150945.49532253,3971065.068718906,0.010873519679141,1.0873519679141094e-06,False,True,True,unknown
7,m4_2024.11.14_mcl1_mcl3__rLN3_device1/P 3,"(3, 36, 512, 512)",16439652.0,37363548.0,14766080.0,40916731.0,38785704.48926496,205042082.81144825,4440322.655678127,0.0082089549290257,8.208954929025786e-07,False,True,True,unknown
8,m4_2024.11.14_mcl1_mcl3__rLN3_device1/P 4,"(3, 39, 512, 512)",15189580.0,47399462.0,10410494.0,48970608.0,43455894.94361283,221976886.168556,4695664.297618188,0.0162747658874445,1.6274765887444546e-06,False,True,True,unknown
10,m4_2024.11.14_mcl1_mcl3__MCL1_device1/P 1,"(3, 26, 512, 512)",10398791.0,41042737.0,6188819.0,41534975.0,31270295.927151386,144656082.2518442,3380548.5151375206,0.0141574176004933,1.4157417600493332e-06,False,False,True,unknown
11,m4_2024.11.14_mcl1_mcl3__MCL1_device1/P 2,"(3, 23, 512, 512)",21778225.0,42760388.0,10261459.0,45185593.0,29390775.62419601,128017036.43069476,3027627.130277932,0.0387318086027284,3.8731808602728455e-06,False,False,True,unknown
12,m4_2024.11.14_mcl1_mcl3__MCL1_device1/P 4,"(3, 24, 512, 512)",14768493.0,53195703.0,8752465.0,46671989.0,31675019.86419623,131905647.56539616,2728737.66290989,0.0213032604115853,2.1303260411585367e-06,False,False,True,unknown
13,m4_2024.11.14_mcl1_mcl3__MCL1_device1/P 3,"(3, 23, 512, 512)",18427822.0,59619623.0,11006934.0,56876097.0,40181534.06402611,117226277.99086466,3943622.568812548,0.0133586383797285,1.3358638379728544e-06,False,False,True,unknown
15,m4_2024.11.14_mcl1_mcl3__MCL3_device1/P 1,"(3, 30, 512, 512)",18630012.0,55239275.0,17645543.0,53266700.0,41429449.54944633,162274777.81570643,5551858.646531417,0.0022439033442391,2.243903344239153e-07,False,False,True,unknown
16,m4_2024.11.14_mcl1_mcl3__MCL3_device1/P 2,"(3, 22, 512, 512)",9721948.0,58551744.0,9033520.0,58663559.0,29972542.00026176,118175986.99257664,2439335.665474875,0.0018666765902967,1.8666765902967317e-07,False,False,True,unknown
17,m4_2024.11.14_mcl1_mcl3__MCL3_device1/P 3,"(3, 26, 512, 512)",11923295.0,48797049.0,10988286.0,46230784.0,32437160.661077306,143489217.5179183,3007193.4375107074,0.0035164505052719,3.516450505271915e-07,False,False,True,unknown
18,m4_2024.11.14_mcl1_mcl3__MCL3_device1/P 4,"(3, 27, 512, 512)",27886324.0,67103787.0,26263446.0,68581524.0,71913550.83234552,110185682.72135168,11499556.56681082,0.0010207079808173,1.0207079808173649e-07,False,False,True,unknown
20,m4_2024.11.14_mcl1_mcl3__Bead_device2/P 3,"(3, 31, 512, 512)",10693325.0,46105512.0,5286803.0,51218599.0,35582998.87893947,174294083.86091492,3438481.552198182,0.0165736435319186,1.657364353191869e-06,True,False,True,unknown
21,m4_2024.11.14_mcl1_mcl3__Bead_device2/P 2,"(3, 24, 512, 512)",10436040.0,43295413.0,4550748.0,50496270.0,30835242.714126103,132745424.71546628,2763994.75296563,0.0170885286794788,1.708852867947883e-06,True,False,True,unknown
22,m4_2024.11.14_mcl1_mcl3__Bead_device2/P 1,"(3, 26, 512, 512)",10005863.0,60953624.0,4599593.0,70930872.0,40171208.45259954,135755169.72639602,3394389.904334672,0.0090546466960111,9.054646696011128e-07,True,False,True,unknown
23,m4_2024.11.14_mcl1_mcl3__Bead_device2/P 4,"(3, 32, 512, 512)",15047837.0,59188136.0,7552854.0,65228345.0,39947094.412115216,176102843.70244077,3657810.180550384,0.0173788908506062,1.7378890850606283e-06,True,False,True,unknown
25,m4_2024.11.14_mcl1_mcl3__rLN3_device2/P 4,"(3, 35, 512, 512)",6568737.0,55295656.0,6380567.0,58116872.0,47530755.61897203,190124176.3070396,4456443.105402688,0.0004310240021467,4.31024002146792e-08,False,True,True,unknown
26,m4_2024.11.14_mcl1_mcl3__rLN3_device2/P 3,"(3, 31, 512, 512)",8132383.0,72549051.0,7040861.0,65728843.0,49321689.94658703,160555392.79326737,4170659.088709333,0.0019888453843009,1.9888453843009894e-07,False,True,True,unknown
27,m4_2024.11.14_mcl1_mcl3__rLN3_device2/P 2,"(3, 27, 512, 512)",7360131.0,78149549.0,7320027.0,82382786.0,42733172.78647652,139366060.76722068,3197353.5360470507,6.468849284786608e-05,6.468849284786608e-09,False,True,True,unknown
28,m4_2024.11.14_mcl1_mcl3__rLN3_device2/P 1,"(3, 32, 512, 512)",7397074.0,84322442.0,7261649.0,88651225.0,49104816.785267286,166945121.3292887,3837056.5414392175,0.0002010958419127,2.010958419127278e-08,False,True,True,unknown
30,m4_2024.11.14_mcl1_mcl3__MCL1_device2/P 2,"(3, 17, 512, 512)",7922968.0,25191687.0,1918214.0,23437265.0,20079746.767138176,94118077.6648414,1899240.387588036,0.0384116281314965,3.841162813149651e-06,False,False,True,unknown
31,m4_2024.11.14_mcl1_mcl3__MCL1_device2/P 1,"(3, 28, 512, 512)",9318202.0,30216845.0,4137197.0,40511505.0,36173984.1304294,155184532.4853202,4349129.944387833,0.0141176632734803,1.4117663273480377e-06,False,False,True,unknown
32,m4_2024.11.14_mcl1_mcl3__MCL1_device2/P 3,"(3, 20, 512, 512)",7146275.0,26552763.0,2874202.0,27778927.0,24020798.350293312,111782019.8931419,2538860.111312109,0.0209791358157794,2.097913581577947e-06,False,False,True,unknown
33,m4_2024.11.14_mcl1_mcl3__MCL1_device2/P 4,"(3, 22, 512, 512)",8253138.0,44612989.0,3608940.0,45254180.0,34870708.29731506,113277820.69552332,2787458.730381539,0.0125886539719659,1.258865397196599e-06,False,False,True,unknown
35,m4_2024.11.14_mcl1_mcl3__MCL3_device2/P 4,"(3, 32, 512, 512)",22324012.0,67348336.0,6949008.0,78197965.0,44468052.112949096,171581886.00160688,3363042.1633538497,0.0305825257795696,3.058252577956966e-06,False,False,True,unknown
36,m4_2024.11.14_mcl1_mcl3__MCL3_device2/P 1,"(3, 27, 512, 512)",12306210.0,43294523.0,4645411.0,41670740.0,32926596.99745415,149172636.55624306,3193404.178225293,0.0268477513668479,2.6847751366848e-06,False,False,True,unknown
37,m4_2024.11.14_mcl1_mcl3__MCL3_device2/P 3,"(3, 33, 512, 512)",11050950.0,46171178.0,6915595.0,68751532.0,45656615.93679424,179652605.23981413,3759550.671852703,0.008877014465246,8.877014465246043e-07,False,False,True,unknown
38,m4_2024.11.14_mcl1_mcl3__MCL3_device2/P 2,"(3, 27, 512, 512)",13107877.0,43187217.0,6144486.0,44007824.0,31477149.595513303,150622083.95818388,3385188.108925029,0.0227303031630346,2.2730303163034614e-06,False,False,True,unknown
40,m4_2024.11.14_mcl1_mcl3__Bead_device3/P 3,"(3, 29, 512, 512)",8293131.0,73564324.0,5498328.0,63852011.0,43289001.50920961,154242370.48124158,3463046.1421653107,0.0059255114422544,5.925511442254467e-07,True,False,True,unknown
41,m4_2024.11.14_mcl1_mcl3__Bead_device3/P 2,"(3, 25, 512, 512)",5515740.0,48911845.0,4567260.0,39643517.0,31609922.59443853,138143600.20985547,3008109.696667232,0.0034494474561159,3.44944745611593e-07,True,False,True,unknown
42,m4_2024.11.14_mcl1_mcl3__Bead_device3/P 4,"(3, 28, 512, 512)",6325844.0,64982617.0,5225874.0,61809557.0,40692386.91942796,150666129.69632164,3381060.615060301,0.0024063001786324,2.406300178632487e-07,True,False,True,unknown
43,m4_2024.11.14_mcl1_mcl3__Bead_device3/P 1,"(3, 26, 512, 512)",5269311.0,51211369.0,3485374.0,39344875.0,32412718.27872661,143513659.90026897,2867077.705588632,0.0069171396993633,6.917139699363395e-07,True,False,True,unknown
45,m4_2024.11.14_mcl1_mcl3__rLN3_device3/P 1,"(3, 29, 512, 512)",8016238.0,93718476.0,6798691.0,92530666.0,46210948.4680611,138574018.40292805,3110855.9175379085,0.0017572854762824,1.757285476282447e-07,False,True,True,unknown
46,m4_2024.11.14_mcl1_mcl3__rLN3_device3/P 2,"(3, 39, 512, 512)",9357887.0,87368076.0,5378927.0,55569963.0,52290293.97250796,196889434.0807956,4834542.391838876,0.0089682550419782,8.968255041978216e-07,False,True,True,unknown
47,m4_2024.11.14_mcl1_mcl3__rLN3_device3/P 3,"(3, 37, 512, 512)",7875842.0,64939421.0,6691290.0,64138932.0,45710972.35880888,189469894.5679046,4357210.181657558,0.0024906409592838,2.4906409592838375e-07,False,True,True,unknown
48,m4_2024.11.14_mcl1_mcl3__rLN3_device3/P 4,"(3, 30, 512, 512)",6782109.0,63818019.0,5193325.0,57578627.0,35102951.70435364,155281559.61727154,3159966.3364712466,0.004139904598313,4.139904598313031e-07,False,True,True,unknown
50,m4_2024.11.14_mcl1_mcl3__MCL1_device3/P 2,"(3, 23, 512, 512)",16231628.0,36715597.0,3569714.0,52614562.0,31231231.469779283,114356924.24675764,2484776.327663497,0.0330049159337909,3.300491593379091e-06,False,False,True,unknown
51,m4_2024.11.14_mcl1_mcl3__MCL1_device3/P 3,"(3, 31, 512, 512)",17718018.0,41729303.0,4478539.0,48943291.0,33843703.564194426,162140352.20806682,3151381.888165218,0.0425542163559505,4.2554216355950506e-06,False,False,True,unknown
52,m4_2024.11.14_mcl1_mcl3__MCL1_device3/P 1,"(3, 31, 512, 512)",15505583.0,35098894.0,4194272.0,45665037.0,31533953.42395109,164450102.34831014,3560263.788796037,0.0349961578521372,3.499615785213724e-06,False,False,True,unknown
53,m4_2024.11.14_mcl1_mcl3__MCL1_device3/P 4,"(3, 34, 512, 512)",17271430.0,43543499.0,5283392.0,56276463.0,38165490.94344843,177416970.4060389,3604423.286768135,0.0321435481582955,3.2143548158295525e-06,False,False,True,unknown
55,m4_2024.11.14_mcl1_mcl3__MCL3_device3/P 2,"(3, 31, 512, 512)",17705346.0,45047653.0,4551033.0,44465983.0,35569381.0432822,160414674.72897905,3250551.3075749306,0.0451769753103627,4.517697531036279e-06,False,False,True,unknown
56,m4_2024.11.14_mcl1_mcl3__MCL3_device3/P 1,"(3, 19, 512, 512)",9861668.0,23122417.0,2245408.0,15398721.0,18793005.402088672,101597200.28658608,2041225.6188080783,0.0800561749061163,8.00561749061163e-06,False,False,True,unknown
58,m4_2024.11.14_mcl1_mcl3__Bead_device4/P 4,"(3, 31, 512, 512)",14685834.0,87463745.0,5611883.0,97045876.0,54628902.2386394,141355153.53362185,3782711.934353186,0.0103013613072115,1.0301361307211574e-06,True,False,True,unknown
59,m4_2024.11.14_mcl1_mcl3__Bead_device4/P 1,"(3, 24, 512, 512)",11211483.0,82095756.0,4509966.0,93719880.0,48773383.43450224,102414316.7326707,3127470.902055711,0.0068332120228258,6.833212022825849e-07,True,False,True,unknown
60,m4_2024.11.14_mcl1_mcl3__Bead_device4/P 2,"(3, 32, 512, 512)",10781547.0,97922903.0,6674323.0,112903547.0,63403673.59907538,140979698.8491399,4383870.395503272,0.0034538283630568,3.453828363056829e-07,True,False,True,unknown
61,m4_2024.11.14_mcl1_mcl3__Bead_device4/P 3,"(3, 37, 512, 512)",13780846.0,88512849.0,7066110.0,92166964.0,57307762.974994,177873103.95171946,4839760.787237499,0.0080552479035735,8.05524790357356e-07,True,False,True,unknown
63,m4_2024.11.14_mcl1_mcl3__rLN3_device4/P 2,"(3, 35, 512, 512)",9702227.0,54033329.0,5652051.0,53967403.0,41291236.1000139,179890769.70010948,4110296.587556661,0.0101911212029744,1.0191121202974498e-06,False,True,True,unknown
64,m4_2024.11.14_mcl1_mcl3__rLN3_device4/P 3,"(3, 34, 512, 512)",10278995.0,56698900.0,4985736.0,50914089.0,38412504.53913307,177169956.81035426,3487490.1184525085,0.0162636067862905,1.626360678629056e-06,False,True,True,unknown
65,m4_2024.11.14_mcl1_mcl3__rLN3_device4/P 4,"(3, 27, 512, 512)",6271214.0,33197363.0,3750623.0,32056176.0,25361454.48723332,145424651.25716576,2496025.7966640536,0.014411765865194,1.441176586519404e-06,False,True,True,unknown
66,m4_2024.11.14_mcl1_mcl3__rLN3_device4/P 1,"(3, 34, 512, 512)",8018270.0,34375528.0,4618591.0,29747833.0,26195531.22344017,189386930.1260472,3043637.3176084766,0.0233836944330847,2.338369443308473e-06,False,True,True,unknown
68,m4_2024.11.14_mcl1_mcl3__MCL1_device4/P 4,"(3, 34, 512, 512)",9398919.0,57575709.0,7715319.0,92542855.0,51592807.38137248,163989653.96811485,3850341.280922991,0.0023481010786868,2.3481010786868794e-07,False,False,True,unknown
69,m4_2024.11.14_mcl1_mcl3__MCL1_device4/P 3,"(3, 25, 512, 512)",8988739.0,68625469.0,5607986.0,79019968.0,43636060.29111457,115950956.5520124,2829690.86563862,0.0052417865815755,5.24178658157557e-07,False,False,True,unknown
70,m4_2024.11.14_mcl1_mcl3__MCL1_device4/P 1,"(3, 23, 512, 512)",6272998.0,52905392.0,4527008.0,61891856.0,31814364.26599105,113773791.45054586,2353331.5634599985,0.0040874505848303,4.087450584830374e-07,False,False,True,unknown
71,m4_2024.11.14_mcl1_mcl3__MCL1_device4/P 2,"(3, 25, 512, 512)",6613286.0,54294948.0,4359617.0,61751527.0,35268602.90069871,124318413.94242828,3002568.1129934774,0.0045162663251412,4.516266325141274e-07,False,False,True,unknown
73,m4_2024.11.14_mcl1_mcl3__MCL3_device4/P 1,"(3, 34, 512, 512)",6857805.0,62978505.0,4794127.0,58428150.0,45401329.58095999,170181131.76852733,4147552.615667283,0.0043854944232034,4.385494423203408e-07,False,False,True,unknown
74,m4_2024.11.14_mcl1_mcl3__MCL3_device4/P 2,"(3, 32, 512, 512)",6893467.0,36931109.0,5584419.0,37195300.0,27455003.649551883,176928368.79866338,2840916.4724444225,0.0071639983878457,7.163998387845784e-07,False,False,True,unknown
75,m4_2024.11.14_mcl1_mcl3__MCL3_device4/P 4,"(3, 29, 512, 512)",6887866.0,47954389.0,6313689.0,53947052.0,32846805.906757355,151938160.9642318,3096041.0232576784,0.0016432067316958,1.643206731695807e-07,False,False,True,unknown
76,m4_2024.11.14_mcl1_mcl3__MCL3_device4/P 3,"(3, 35, 512, 512)",6078604.0,26272326.0,4784347.0,25841199.0,26689494.33310875,194492511.4670146,3269165.6890696697,0.0101575864974697,1.0157586497469764e-06,False,False,True,unknown
78,m4_2024.11.14_mcl1_mcl3__Bead_device5/P 3,"(3, 30, 512, 512)",7240536.0,59306127.0,6797147.0,71495538.0,42006516.043380894,148377995.2782443,3502248.6429065084,0.0008065131575974,8.065131575974725e-08,True,False,True,unknown
79,m4_2024.11.14_mcl1_mcl3__Bead_device5/P 4,"(3, 28, 512, 512)",7003118.0,68805241.0,5543762.0,67937146.0,33151706.63875343,146033715.7815997,2453722.3255558214,0.0038667663252355,3.866766325235593e-07,True,False,True,unknown
80,m4_2024.11.14_mcl1_mcl3__Bead_device5/P 1,"(3, 28, 512, 512)",8091020.0,97792986.0,6372115.0,92534320.0,47021784.90747576,132163637.51287736,3129017.4897335386,0.00234065045272,2.3406504527200322e-07,True,False,True,unknown
81,m4_2024.11.14_mcl1_mcl3__Bead_device5/P 2,"(3, 30, 512, 512)",7575719.0,85315921.0,7047758.0,90387269.0,48052838.11139327,142331673.2102319,3381109.8988071494,0.0007407824106083,7.407824106083271e-08,True,False,True,unknown
83,m4_2024.11.14_mcl1_mcl3__rLN3_device5/P 3,"(3, 32, 512, 512)",7179943.0,37641648.0,5104235.0,37944959.0,31828344.757030103,172555027.69118518,3167069.9640859384,0.0095657933742709,9.565793374270954e-07,False,True,True,unknown
84,m4_2024.11.14_mcl1_mcl3__rLN3_device5/P 2,"(3, 24, 512, 512)",6112363.0,37512791.0,3993380.0,38756799.0,25393879.82779448,125793820.33937846,2414117.877035853,0.008822736798318,8.822736798318014e-07,False,True,True,unknown
85,m4_2024.11.14_mcl1_mcl3__rLN3_device5/P 1,"(3, 26, 512, 512)",6290952.0,46150970.0,5080933.0,52351820.0,29191222.568407062,135995338.72535598,2501632.932139288,0.0038654172023026,3.8654172023026925e-07,False,True,True,unknown
86,m4_2024.11.14_mcl1_mcl3__rLN3_device5/P 4,"(3, 31, 512, 512)",7103866.0,48391433.0,5684977.0,50945695.0,32893553.507428046,163090502.26483318,3098387.354286199,0.0045837132461283,4.5837132461283483e-07,False,True,True,unknown
88,m4_2024.11.14_mcl1_mcl3__MCL1_device5/P 1,"(3, 29, 512, 512)",11944403.0,79685191.0,6547714.0,85577906.0,48627501.442827374,136157465.42816177,3792564.23673254,0.0068098942288055,6.809894228805599e-07,False,False,True,unknown
89,m4_2024.11.14_mcl1_mcl3__MCL1_device5/P 2,"(3, 28, 512, 512)",10907572.0,79510559.0,6566373.0,89950992.0,41712893.69071044,137472528.7296427,3000112.6448255437,0.0066267350155494,6.626735015549466e-07,False,False,True,unknown
90,m4_2024.11.14_mcl1_mcl3__MCL1_device5/P 4,"(3, 29, 512, 512)",10245369.0,62771376.0,6601436.0,68379757.0,38799985.22278228,145984981.64820686,3117677.2727798307,0.0076720037057756,7.672003705775652e-07,False,False,True,unknown
91,m4_2024.11.14_mcl1_mcl3__MCL1_device5/P 3,"(3, 27, 512, 512)",9096138.0,68647532.0,5481887.0,70685605.0,38964579.071065575,131821526.6733335,3152451.71812254,0.0064384502150417,6.438450215041798e-07,False,False,True,unknown
93,m4_2024.11.14_mcl1_mcl3__MCL3_device5/P 1,"(3, 24, 512, 512)",11611775.0,46037700.0,7969172.0,46232635.0,32013946.72286406,119173753.44430888,3187426.555975679,0.0098870219549967,9.88702195499672e-07,False,False,True,unknown
94,m4_2024.11.14_mcl1_mcl3__MCL3_device5/P 2,"(3, 24, 512, 512)",33458931.0,49029870.0,27902464.0,55935675.0,41433679.040417135,109754021.1267558,6284149.703816045,0.0096160632451711,9.616063245171156e-07,False,False,True,unknown
95,m4_2024.11.14_mcl1_mcl3__MCL3_device5/P 3,"(3, 25, 512, 512)",30487468.0,38901117.0,22619216.0,39318640.0,32115484.177645013,127471532.66548195,4858766.429113887,0.0343369292714505,3.433692927145051e-06,False,False,True,unknown
96,m4_2024.11.14_mcl1_mcl3__MCL3_device5/P 4,"(3, 25, 512, 512)",11652316.0,43873415.0,10327924.0,49372332.0,27696025.606219787,131890991.2369072,2447220.848710175,0.0050780523526961,5.078052352696194e-07,False,False,True,unknown
98,m4_2024.11.14_mcl1_mcl3__Bead_device6/P 1,"(3, 25, 512, 512)",5419470.0,38434001.0,3901696.0,39217126.0,25144025.276711527,134442991.56641546,2388296.1783201834,0.0067203221706975,6.720322170697524e-07,True,False,True,unknown
99,m4_2024.11.14_mcl1_mcl3__Bead_device6/P 2,"(3, 28, 512, 512)",5239476.0,32443819.0,4358795.0,35876650.0,26965665.102618154,152219757.31773496,2566959.591438908,0.0046026872516849,4.602687251684909e-07,True,False,True,unknown
100,m4_2024.11.14_mcl1_mcl3__Bead_device6/P 3,"(3, 25, 512, 512)",6662701.0,59721906.0,5414334.0,68384220.0,35815540.21629066,123771476.62683631,2675803.8192780195,0.0025472594076996,2.547259407699678e-07,True,False,True,unknown
101,m4_2024.11.14_mcl1_mcl3__Bead_device6/P 4,"(3, 19, 512, 512)",5311650.0,47022705.0,3592170.0,47064867.0,25807623.32845288,94582582.36022186,2074895.351078704,0.0050083308819817,5.008330881981729e-07,True,False,True,unknown
103,m4_2024.11.14_mcl1_mcl3__rLN3_device6/P 2,"(3, 31, 512, 512)",8451197.0,49115414.0,6035872.0,49887151.0,29235428.261616107,166748627.51064512,2659744.235747681,0.0095920890636822,9.59208906368229e-07,False,True,True,unknown
104,m4_2024.11.14_mcl1_mcl3__rLN3_device6/P 3,"(3, 32, 512, 512)",8267710.0,36513425.0,5380878.0,34488218.0,28769821.30451337,175613551.1437019,2857945.361788748,0.0169285825018176,1.692858250181764e-06,False,True,True,unknown
105,m4_2024.11.14_mcl1_mcl3__rLN3_device6/P 1,"(3, 25, 512, 512)",6380020.0,49918382.0,4128782.0,44854042.0,27792329.72210912,131794687.12101786,2478408.3627652694,0.0081654492150659,8.165449215065913e-07,False,True,True,unknown
106,m4_2024.11.14_mcl1_mcl3__rLN3_device6/P 4,"(3, 31, 512, 512)",6846267.0,43567857.0,4843620.0,37615853.0,33051183.81090045,162932871.96136078,3053514.737394242,0.0090574211523544,9.057421152354424e-07,False,True,True,unknown
108,m4_2024.11.14_mcl1_mcl3__MCL1_device6/P 1,"(3, 30, 512, 512)",8771919.0,59153614.0,6914054.0,61425971.0,36042474.87908499,154342036.44254017,2799385.410555184,0.0052196541598661,5.219654159866117e-07,False,False,True,unknown
109,m4_2024.11.14_mcl1_mcl3__MCL1_device6/P 4,"(3, 29, 512, 512)",9965353.0,58607765.0,8131562.0,60378695.0,36070756.26966666,148714210.60132247,3074513.679293917,0.0047158600968047,4.715860096804749e-07,False,False,True,unknown
110,m4_2024.11.14_mcl1_mcl3__MCL1_device6/P 2,"(3, 29, 512, 512)",8295180.0,48189830.0,5190697.0,37314567.0,30891577.095429443,153893389.7755597,2739384.4102442777,0.0150808531671515,1.5080853167151555e-06,False,False,True,unknown
111,m4_2024.11.14_mcl1_mcl3__MCL1_device6/P 3,"(3, 31, 512, 512)",8642123.0,63004989.0,5651733.0,50674244.0,33193690.8330044,162790364.93925685,2880459.1890247576,0.0104270771871408,1.0427077187140816e-06,False,False,True,unknown
113,m4_2024.11.14_mcl1_mcl3__MCL3_device6/P 2,"(3, 30, 512, 512)",17865520.0,38471804.0,5403157.0,53547215.0,33745220.67048083,156639290.65114433,2788725.605459263,0.0403877934171445,4.038779341714456e-06,False,False,True,unknown
114,m4_2024.11.14_mcl1_mcl3__MCL3_device6/P 3,"(3, 33, 512, 512)",23875165.0,52222431.0,6525458.0,69396653.0,40260535.34545032,169722381.553401,3730583.227425505,0.0348738835350333,3.487388353503334e-06,False,False,True,unknown
115,m4_2024.11.14_mcl1_mcl3__MCL3_device6/P 4,"(3, 32, 512, 512)",21440318.0,54415287.0,7988504.0,68036268.0,40977406.65105171,163405965.79716358,3753990.3493009433,0.0270867106838764,2.7086710683876405e-06,False,False,True,unknown
116,m4_2024.11.14_mcl1_mcl3__MCL3_device6/P 1,"(3, 29, 512, 512)",11724902.0,46847519.0,4651924.0,58652985.0,37698217.86212714,147086749.00886202,3211252.2690593805,0.0166646669512407,1.6664666951240709e-06,False,False,True,unknown
0,m4_2024.12.04_fl4_fl12__Bead_device1/P 2,"(3, 18, 512, 512)",6246922.0,42549729.0,4506367.0,42853428.0,32867265.333242208,68642652.00945199,2509527.886852432,0.0034486982298446,3.448698229844602e-07,True,False,False,unknown
1,m4_2024.12.04_fl4_fl12__Bead_device1/P 1,"(3, 21, 512, 512)",4952731.0,26665171.0,4128216.0,26871587.0,25476303.93278108,92558483.67500287,2502614.976918973,0.0037244608742336,3.724460874233694e-07,True,False,False,unknown
2,m4_2024.12.04_fl4_fl12__Bead_device1/P 4,"(3, 19, 512, 512)",3361088.0,17665053.0,3658325.0,24999683.0,22536375.730237804,86055628.86892343,2163698.7207145807,-0.0015387242980022,-1.538724298002219e-07,True,False,False,unknown
3,m4_2024.12.04_fl4_fl12__Bead_device1/P 3,"(3, 20, 512, 512)",6928102.0,35432876.0,5435918.0,41908891.0,33896359.52488246,79417036.57859012,3133874.837479256,0.0028799221171369,2.879922117136968e-07,True,False,False,unknown
5,m4_2024.12.04_fl4_fl12__rLN3_device1/P 3,"(3, 19, 512, 512)",5459545.0,27241250.0,4433031.0,26466241.0,17636075.143482916,90955929.45567831,1730384.2089989698,0.0068025708739768,6.802570873976883e-07,False,True,False,unknown
6,m4_2024.12.04_fl4_fl12__rLN3_device1/P 2,"(3, 22, 512, 512)",17174681.0,54198317.0,12220981.0,58945506.0,50484096.06593427,74632778.7983167,5876938.399940702,0.0037399067986561,3.739906798656125e-07,False,True,False,unknown
7,m4_2024.12.04_fl4_fl12__rLN3_device1/P 4,"(3, 19, 512, 512)",4721594.0,33723596.0,4055446.0,35450475.0,24219878.947502907,84372125.65165831,2071695.4380271907,0.0024003823241183,2.400382324118389e-07,False,True,False,unknown
8,m4_2024.12.04_fl4_fl12__rLN3_device1/P 1,"(3, 29, 512, 512)",14502418.0,44731867.0,12277810.0,53131517.0,34410798.55662702,130837904.09427048,3337828.383969402,0.0059291044219643,5.929104421964392e-07,False,True,False,unknown
10,m4_2024.12.04_fl4_fl12__FL4_device1/P 3,"(3, 20, 512, 512)",7058067.0,41933850.0,6256119.0,46120524.0,26020316.499872923,87293079.60359967,2136216.1901525166,0.002283458034151,2.283458034151065e-07,False,False,False,unknown
11,m4_2024.12.04_fl4_fl12__FL4_device1/P 2,"(3, 21, 512, 512)",9497716.0,36272407.0,7529940.0,38083318.0,25197120.393549472,92837667.21423449,2512723.7445903188,0.006609877349255,6.609877349255098e-07,False,False,False,unknown
12,m4_2024.12.04_fl4_fl12__FL4_device1/P 1,"(3, 20, 512, 512)",10724257.0,62901788.0,8922721.0,64196459.0,34858381.9469531,78455014.15651949,2512784.95194933,0.0028267473333986,2.8267473333986974e-07,False,False,False,unknown
13,m4_2024.12.04_fl4_fl12__FL4_device1/P 4,"(3, 19, 512, 512)",7500505.0,60427300.0,6574556.0,63722146.0,29774372.43173151,78817632.16742972,1875964.3992132423,0.00189097347636,1.8909734763600237e-07,False,False,False,unknown
15,m4_2024.12.04_fl4_fl12__FL12_device1/P 1,"(3, 21, 512, 512)",13954702.0,70499607.0,11736781.0,71528779.0,36666158.85112216,81368628.75666179,2734399.6003048066,0.0030661649976025,3.066164997602586e-07,False,False,False,unknown
16,m4_2024.12.04_fl4_fl12__FL12_device1/P 2,"(3, 23, 512, 512)",30393443.0,94490245.0,27772083.0,102648095.0,66666916.51583035,63171349.85273199,8243193.314796293,0.000745257120913,7.452571209130671e-08,False,False,False,unknown
17,m4_2024.12.04_fl4_fl12__FL12_device1/P 3,"(3, 24, 512, 512)",16376989.0,69063749.0,12539083.0,60098226.0,36820357.28161899,100099996.3434104,3049476.7326925565,0.0073581146447034,7.358114644703446e-07,False,False,False,unknown
18,m4_2024.12.04_fl4_fl12__FL12_device1/P 4,"(3, 25, 512, 512)",12707920.0,75077168.0,10355833.0,77397237.0,41441618.41457636,100200126.7147644,3172144.4890925093,0.0030783861030025,3.078386103002553e-07,False,False,False,unknown
20,m4_2024.12.04_fl4_fl12__Bead_device2/P 3,"(3, 24, 512, 512)",8938521.0,56002374.0,6774675.0,51711272.0,33742746.44146162,103177607.18356776,3133082.65906342,0.0044049123028232,4.404912302823258e-07,True,False,False,unknown
21,m4_2024.12.04_fl4_fl12__Bead_device2/P 2,"(3, 18, 512, 512)",10223650.0,36986635.0,7235673.0,36560085.0,22968037.68009677,78541879.66259742,2135178.842407484,0.0104114800200414,1.041148002004145e-06,True,False,False,unknown
22,m4_2024.12.04_fl4_fl12__Bead_device2/P 4,"(3, 16, 512, 512)",4774568.0,47880538.0,3330444.0,41107488.0,28331617.9641541,61374820.6177617,2199754.664966789,0.0029627158527651,2.962715852765173e-07,True,False,False,unknown
23,m4_2024.12.04_fl4_fl12__Bead_device2/P 1,"(3, 16, 512, 512)",4611764.0,27034451.0,3910001.0,29806557.0,19786163.017694928,69920275.56422088,1860171.46044318,0.0028294114669233,2.829411466923366e-07,True,False,False,unknown
25,m4_2024.12.04_fl4_fl12__rLN3_device2/P 3,"(3, 26, 512, 512)",15813630.0,67412227.0,9004991.0,62874670.0,42502033.17745226,103861103.45619982,3404121.14406614,0.0107117726111872,1.071177261118722e-06,False,True,False,unknown
26,m4_2024.12.04_fl4_fl12__rLN3_device2/P 2,"(3, 20, 512, 512)",11617338.0,46401572.0,9078552.0,44402396.0,22123697.036320392,91189699.0671522,1682623.7941781592,0.0108196794008133,1.081967940081333e-06,False,True,False,unknown
27,m4_2024.12.04_fl4_fl12__rLN3_device2/P 4,"(3, 22, 512, 512)",9801568.0,38024702.0,6680930.0,39679397.0,25811761.839365058,99305113.02488592,2442729.9957160708,0.0106793119322139,1.0679311932213928e-06,False,True,False,unknown
28,m4_2024.12.04_fl4_fl12__rLN3_device2/P 1,"(3, 18, 512, 512)",8223370.0,38375404.0,6920984.0,41369088.0,20406027.56049633,81103889.78219786,1618657.00895722,0.0052620957494048,5.262095749404881e-07,False,True,False,unknown
30,m4_2024.12.04_fl4_fl12__FL4_device2/P 1,"(3, 27, 512, 512)",36454470.0,102138499.0,20770102.0,91320407.0,61751063.70753321,91694160.18258592,5375744.334101023,0.0105334029568303,1.053340295683038e-06,False,False,False,unknown
31,m4_2024.12.04_fl4_fl12__FL4_device2/P 2,"(3, 24, 512, 512)",24344851.0,131022264.0,18728613.0,130565046.0,87023153.55350843,49897200.07152096,7202941.524187457,0.0009663311586791,9.663311586791794e-08,False,False,False,unknown
32,m4_2024.12.04_fl4_fl12__FL4_device2/P 3,"(3, 25, 512, 512)",12860515.0,52051593.0,11061393.0,58891287.0,42578254.37208668,99063490.75725406,3795448.0313590234,0.0027271515529585,2.727151552958595e-07,False,False,False,unknown
33,m4_2024.12.04_fl4_fl12__FL4_device2/P 4,"(3, 21, 512, 512)",9735292.0,27993542.0,6263547.0,24718326.0,24886598.27240296,93148189.335381,2888708.4175063614,0.0168502822335638,1.6850282233563827e-06,False,False,False,unknown
35,m4_2024.12.04_fl4_fl12__FL12_device2/P 2,"(3, 20, 512, 512)",33077653.0,39527888.0,6189845.0,66539424.0,41596638.10879009,92888882.07728198,2637758.411914969,0.0435820216563523,4.358202165635235e-06,False,False,False,unknown
36,m4_2024.12.04_fl4_fl12__FL12_device2/P 3,"(3, 14, 512, 512)",28522426.0,41526379.0,5047465.0,70727808.0,41647252.34814706,53103909.601131,2009057.4479727745,0.0262422523213273,2.624225232132731e-06,False,False,False,unknown
37,m4_2024.12.04_fl4_fl12__FL12_device2/P 1,"(3, 20, 512, 512)",40923399.0,44014337.0,6035568.0,39443770.0,37550203.98293005,96935316.20314205,3941869.0250765216,0.0713342677388311,7.133426773883119e-06,False,False,False,unknown
38,m4_2024.12.04_fl4_fl12__FL12_device2/P 4,"(3, 17, 512, 512)",7343887.0,67606429.0,5477712.0,63785898.0,38921662.15025643,74168434.36984962,2343430.370960609,0.00281376221487,2.813762214870073e-07,False,False,False,unknown
40,m4_2024.12.04_fl4_fl12__Bead_device3/P 1,"(3, 22, 512, 512)",10617280.0,61149444.0,9612166.0,67638321.0,38817529.03622735,109330999.95661104,2842627.722283696,0.0018505991604772,1.8505991604772883e-07,True,False,False,unknown
41,m4_2024.12.04_fl4_fl12__Bead_device3/P 2,"(3, 21, 512, 512)",9047272.0,69454204.0,7999795.0,71056452.0,43340017.329404965,98635656.28873184,2996289.671991273,0.001519011961261,1.5190119612610997e-07,True,False,False,unknown
42,m4_2024.12.04_fl4_fl12__Bead_device3/P 4,"(3, 25, 512, 512)",7334365.0,37182978.0,6553000.0,39052925.0,38399324.11277039,131354198.6915236,2844734.6211019186,0.003083694139561,3.0836941395610765e-07,True,False,False,unknown
43,m4_2024.12.04_fl4_fl12__Bead_device3/P 3,"(3, 23, 512, 512)",10450537.0,91367974.0,10571917.0,101660910.0,56510517.19769696,100897294.85719384,3493232.076282839,-0.0001069130735008,-1.0691307350085114e-08,True,False,False,unknown
45,m4_2024.12.04_fl4_fl12__rLN3_device3/P 1,"(3, 21, 512, 512)",12892926.0,93112312.0,10257935.0,109750973.0,52069126.75116269,89906546.8669741,2698128.196228454,0.0024513915253715,2.451391525371535e-07,False,True,False,unknown
46,m4_2024.12.04_fl4_fl12__rLN3_device3/P 2,"(3, 19, 512, 512)",11252289.0,56646425.0,9316900.0,64848764.0,34714788.032637686,94915174.8360959,2357441.0960734603,0.0038977889329079,3.89778893290799e-07,False,True,False,unknown
47,m4_2024.12.04_fl4_fl12__rLN3_device3/P 4,"(3, 27, 512, 512)",13759275.0,68044978.0,10679613.0,71397539.0,41290212.74131564,140809020.81238157,2987832.2901677266,0.0066398441680892,6.63984416808925e-07,False,True,False,unknown
48,m4_2024.12.04_fl4_fl12__rLN3_device3/P 3,"(3, 24, 512, 512)",12614229.0,67497767.0,8741398.0,62157048.0,39325850.52736842,124254816.90222396,2866160.4352952023,0.0087311261818539,8.731126181853963e-07,False,True,False,unknown
50,m4_2024.12.04_fl4_fl12__FL4_device3/P 1,"(3, 20, 512, 512)",6396561.0,25016542.0,4195403.0,24118990.0,23505977.72858501,112296840.5148502,2365904.332126962,0.0145663769401121,1.4566376940112193e-06,False,False,False,unknown
51,m4_2024.12.04_fl4_fl12__FL4_device3/P 2,"(3, 17, 512, 512)",5787970.0,37382472.0,4649263.0,37460334.0,28201199.25464655,85996625.17733304,2220462.515534172,0.0037335936154455,3.7335936154455945e-07,False,False,False,unknown
52,m4_2024.12.04_fl4_fl12__FL4_device3/P 3,"(3, 22, 512, 512)",9765569.0,61847746.0,9900293.0,72126047.0,40624640.54753688,107523888.4453015,3045436.6821170067,-0.0002123379828325,-2.1233798283258103e-08,False,False,False,unknown
53,m4_2024.12.04_fl4_fl12__FL4_device3/P 4,"(3, 23, 512, 512)",9073019.0,70542301.0,8735394.0,81462122.0,46164219.22691248,111243592.8279783,2820787.5072956225,0.000508560567113,5.085605671130653e-08,False,False,False,unknown
55,m4_2024.12.04_fl4_fl12__FL12_device3/P 2,"(3, 23, 512, 512)",14983618.0,65241743.0,6400123.0,60532839.0,41402122.58921706,116005689.46567371,2691331.9773299005,0.0189851423711389,1.8985142371138984e-06,False,False,False,unknown
56,m4_2024.12.04_fl4_fl12__FL12_device3/P 1,"(3, 26, 512, 512)",12158062.0,67008910.0,8349580.0,81985144.0,50836929.27173389,125089448.9072617,3224053.0155511443,0.0055741710774924,5.574171077492461e-07,False,False,False,unknown
57,m4_2024.12.04_fl4_fl12__FL12_device3/P 4,"(3, 27, 512, 512)",14758319.0,109815875.0,9569320.0,116259568.0,66411707.14113656,115687526.41256064,3637802.5350851887,0.0042963907765627,4.296390776562741e-07,False,False,False,unknown
58,m4_2024.12.04_fl4_fl12__FL12_device3/P 3,"(3, 26, 512, 512)",13566024.0,85354218.0,9400985.0,88044835.0,55265921.92028391,120660456.25871168,3690128.691891609,0.0048103342675996,4.810334267599604e-07,False,False,False,unknown
60,m4_2024.12.04_fl4_fl12__Bead_device4/P 2,"(3, 25, 512, 512)",10371073.0,87403565.0,8343179.0,76762343.0,57658967.728349045,112094555.07594496,3837882.3304464,0.002404683085427,2.40468308542709e-07,True,False,False,unknown
61,m4_2024.12.04_fl4_fl12__Bead_device4/P 1,"(3, 26, 512, 512)",13149194.0,85804612.0,9785868.0,75405140.0,52005053.80089657,123921324.378099,3441827.2128403056,0.0051261585913649,5.126158591364943e-07,True,False,False,unknown
62,m4_2024.12.04_fl4_fl12__Bead_device4/P 3,"(3, 24, 512, 512)",8352744.0,54387669.0,9227747.0,66784141.0,48702847.91444116,114877819.51515125,4064763.298433409,-0.0011934779165527,-1.1934779165527586e-07,True,False,False,unknown
63,m4_2024.12.04_fl4_fl12__Bead_device4/P 4,"(3, 17, 512, 512)",6787874.0,58759999.0,5905600.0,61325389.0,36146916.19351983,78050908.23845977,2224180.5846100966,0.0015518295878359,1.5518295878359839e-07,True,False,False,unknown
65,m4_2024.12.04_fl4_fl12__rLN3_device4/P 1,"(3, 20, 512, 512)",15545376.0,78868250.0,10416137.0,76855815.0,43288330.40333582,92514487.8400994,2692705.692645533,0.0073679009097279,7.367900909727926e-07,False,True,False,unknown
66,m4_2024.12.04_fl4_fl12__rLN3_device4/P 2,"(3, 18, 512, 512)",6695430.0,37506695.0,10411636.0,72198985.0,42376556.54417393,81080550.94985807,2593427.567035233,-0.0052232436565959,-5.223243656595927e-07,False,True,False,unknown
67,m4_2024.12.04_fl4_fl12__rLN3_device4/P 4,"(3, 26, 512, 512)",13037069.0,66321347.0,11807504.0,70842970.0,49513367.20317146,126413010.97582412,3834518.8303729566,0.0019072907245184,1.9072907245184404e-07,False,True,False,unknown
68,m4_2024.12.04_fl4_fl12__rLN3_device4/P 3,"(3, 21, 512, 512)",5606465.0,32283666.0,5293105.0,34080605.0,46850136.52507565,95125537.09306116,3225634.6532162637,0.0008917005870669,8.917005870669905e-08,False,True,False,unknown
70,m4_2024.12.04_fl4_fl12__FL4_device4/P 1,"(3, 16, 512, 512)",6718288.0,19062276.0,5019389.0,24748015.0,16881008.923119135,91143960.13415883,1518197.2629934102,0.0143604454086378,1.436044540863784e-06,False,False,False,unknown
71,m4_2024.12.04_fl4_fl12__FL4_device4/P 2,"(3, 17, 512, 512)",17511749.0,50071450.0,12900572.0,53443383.0,53844190.0135519,60353634.4184277,5616681.807535226,0.0033948379000048,3.394837900004895e-07,False,False,False,unknown
72,m4_2024.12.04_fl4_fl12__FL4_device4/P 4,"(3, 19, 512, 512)",21805116.0,89494545.0,14369450.0,83395138.0,78549481.03374997,51080481.83498362,6127594.534783554,0.0024944315670387,2.494431567038764e-07,False,False,False,unknown
73,m4_2024.12.04_fl4_fl12__FL4_device4/P 3,"(3, 22, 512, 512)",14651833.0,29900486.0,10571033.0,33509328.0,34774292.75344713,113374236.23939124,4590582.017800186,0.0122047334606801,1.220473346068011e-06,False,False,False,unknown
75,m4_2024.12.04_fl4_fl12__FL12_device4/P 1,"(3, 21, 512, 512)",9057324.0,26464443.0,6650600.0,35057347.0,48490083.80487498,93485589.8132618,4038528.8235505447,0.0054478328017232,5.447832801723218e-07,False,False,False,unknown
76,m4_2024.12.04_fl4_fl12__FL12_device4/P 2,"(3, 18, 512, 512)",16595523.0,68559335.0,13805736.0,79940355.0,52911293.980046496,70545813.5139855,3602176.699054504,0.0022948057153825,2.2948057153825762e-07,False,False,False,unknown
77,m4_2024.12.04_fl4_fl12__FL12_device4/P 4,"(3, 21, 512, 512)",17090880.0,57851532.0,12321843.0,69998055.0,37965895.68238692,104009777.93574987,2672624.820056221,0.0089385615185166,8.938561518516688e-07,False,False,False,unknown
78,m4_2024.12.04_fl4_fl12__FL12_device4/P 3,"(3, 20, 512, 512)",16669962.0,68062937.0,13590293.0,80731207.0,46239536.144011416,89563282.0994238,3300846.7494893246,0.0034571556277774,3.4571556277774226e-07,False,False,False,unknown
80,m4_2024.12.04_fl4_fl12__Bead_device5/P 1,"(3, 23, 512, 512)",12378938.0,82295259.0,11660972.0,88996567.0,46331995.69536016,111075816.35953064,3059748.154955856,0.0009361722820714,9.361722820714809e-08,True,False,False,unknown
81,m4_2024.12.04_fl4_fl12__Bead_device5/P 2,"(3, 23, 512, 512)",9020035.0,42032106.0,7970395.0,44264435.0,28358438.18349699,129049373.8713938,2411076.275191272,0.0042997926241799,4.299792624179909e-07,True,False,False,unknown
82,m4_2024.12.04_fl4_fl12__Bead_device5/P 3,"(3, 10, 512, 512)",2601581.0,9615160.0,1955264.0,7633583.0,10700465.265337093,57200943.85638051,1250739.7892491496,0.0144597079207023,1.4459707920702342e-06,True,False,False,unknown
83,m4_2024.12.04_fl4_fl12__Bead_device5/P 4,"(3, 21, 512, 512)",11393746.0,36386151.0,6803606.0,39674023.0,26021011.74644568,115954661.87169112,2290754.9701474537,0.0196348593062066,1.963485930620667e-06,True,False,False,unknown
85,m4_2024.12.04_fl4_fl12__rLN3_device5/P 2,"(3, 26, 512, 512)",12842852.0,77304807.0,8966990.0,69332977.0,49958063.147962265,125968315.0310333,3616168.257879679,0.0062127830664842,6.212783066484251e-07,False,True,False,unknown
86,m4_2024.12.04_fl4_fl12__rLN3_device5/P 1,"(3, 22, 512, 512)",11426534.0,47659108.0,8638550.0,50308966.0,32002507.75681885,116146021.23601954,2649398.2941344,0.0081473622192342,8.147362219234277e-07,False,True,False,unknown
87,m4_2024.12.04_fl4_fl12__rLN3_device5/P 3,"(3, 25, 512, 512)",8638681.0,41708177.0,7290082.0,43440601.0,37215446.25625452,132538076.54803948,2980487.7068569995,0.004608070603258,4.608070603258049e-07,False,True,False,unknown
88,m4_2024.12.04_fl4_fl12__rLN3_device5/P 4,"(3, 27, 512, 512)",10205401.0,54355808.0,9157906.0,54055770.0,35729971.06529964,146369262.48839757,3128051.963524216,0.003032492275849,3.0324922758490173e-07,False,True,False,unknown
90,m4_2024.12.04_fl4_fl12__FL4_device5/P 1,"(3, 22, 512, 512)",7306449.0,37522050.0,5590775.0,41259728.0,36695374.52542849,111453154.4674099,3509181.5918889814,0.0042435412665993,4.243541266599341e-07,False,False,False,unknown
91,m4_2024.12.04_fl4_fl12__FL4_device5/P 2,"(3, 18, 512, 512)",8370075.0,32255649.0,5316912.0,28135485.0,27911104.910360064,95546002.58367191,2911668.222194576,0.012196343395697,1.2196343395697058e-06,False,False,False,unknown
92,m4_2024.12.04_fl4_fl12__FL4_device5/P 3,"(3, 19, 512, 512)",4931814.0,13601498.0,4643380.0,17207433.0,34560692.70498553,95069270.16374806,5901250.119031748,0.0010273308502634,1.0273308502634781e-07,False,False,False,unknown
93,m4_2024.12.04_fl4_fl12__FL4_device5/P 4,"(3, 20, 512, 512)",7924744.0,19638373.0,2542551.0,13314003.0,21036673.10044019,114766145.142995,2694713.333900011,0.0591131005175221,5.911310051752218e-06,False,False,False,unknown
95,m4_2024.12.04_fl4_fl12__FL12_device5/P 1,"(3, 26, 512, 512)",18697758.0,76266602.0,19516828.0,104173230.0,60540755.21934271,115385622.95965289,4386554.624781871,-0.0007069470219567,-7.069470219567176e-08,False,False,False,unknown
96,m4_2024.12.04_fl4_fl12__FL12_device5/P 2,"(3, 27, 512, 512)",13914211.0,74939301.0,10211191.0,72030423.0,50258494.87746258,131840738.67623462,3516942.2325522,0.0062375543709779,6.237554370977977e-07,False,False,False,unknown
97,m4_2024.12.04_fl4_fl12__FL12_device5/P 3,"(3, 21, 512, 512)",14354441.0,70751279.0,12071646.0,63111112.0,41349576.17667797,100626097.44145882,2934556.846731867,0.0042601647342962,4.2601647342962667e-07,False,False,False,unknown
98,m4_2024.12.04_fl4_fl12__FL12_device5/P 4,"(3, 23, 512, 512)",10979776.0,66209133.0,8329085.0,63568711.0,41581413.82160452,115826398.23328626,3083169.483270287,0.0050074431348049,5.007443134804912e-07,False,False,False,unknown
100,m4_2024.12.04_fl4_fl12__Bead_device6/P 1,"(3, 20, 512, 512)",13882010.0,50770915.0,7090871.0,44353122.0,30040983.025601152,105761835.21783406,2513813.292272406,0.0212993814729007,2.1299381472900776e-06,True,False,False,unknown
101,m4_2024.12.04_fl4_fl12__Bead_device6/P 2,"(3, 18, 512, 512)",8124838.0,40541812.0,5499004.0,39595431.0,32065144.305039316,91391963.18899268,2793322.651693942,0.006999109672426,6.999109672426064e-07,True,False,False,unknown
102,m4_2024.12.04_fl4_fl12__Bead_device6/P 4,"(3, 26, 512, 512)",11568604.0,79025001.0,10791894.0,93111922.0,52327667.34559375,123598710.83340184,3572455.325513976,0.000906771832276,9.067718322760704e-08,True,False,False,unknown
103,m4_2024.12.04_fl4_fl12__Bead_device6/P 3,"(3, 26, 512, 512)",11285877.0,94699401.0,9069881.0,98599565.0,60665533.81671875,115260844.36227682,3867326.275947741,0.0020491342040695,2.049134204069592e-07,True,False,False,unknown
105,m4_2024.12.04_fl4_fl12__rLN3_device6/P 2,"(3, 20, 512, 512)",12749027.0,44058175.0,7811578.0,43274666.0,30713219.182968788,105089599.0604664,2368826.4304541843,0.0171573443321545,1.7157344332154577e-06,False,True,False,unknown
106,m4_2024.12.04_fl4_fl12__rLN3_device6/P 1,"(3, 27, 512, 512)",12829058.0,69419366.0,8601516.0,67520090.0,47578651.38554362,134520582.16815358,3455431.033291688,0.0077592494101339,7.759249410133915e-07,False,True,False,unknown
107,m4_2024.12.04_fl4_fl12__rLN3_device6/P 4,"(3, 32, 512, 512)",13254193.0,54579656.0,9503660.0,57924551.0,40804249.67218034,175245688.44237566,3900306.654291316,0.0096673246075887,9.667324607588797e-07,False,True,False,unknown
108,m4_2024.12.04_fl4_fl12__rLN3_device6/P 3,"(3, 25, 512, 512)",20913218.0,55137500.0,13536257.0,52792499.0,41565613.39910229,128187909.40519167,3799608.803811079,0.0176106118055978,1.7610611805597803e-06,False,True,False,unknown
110,m4_2024.12.04_fl4_fl12__FL4_device6/P 3,"(3, 22, 512, 512)",9535006.0,29846323.0,5807575.0,30662025.0,24277843.67374242,123870685.31909595,2389100.8123506694,0.0215991678417286,2.1599167841728648e-06,False,False,False,unknown
111,m4_2024.12.04_fl4_fl12__FL4_device6/P 4,"(3, 18, 512, 512)",8319718.0,23938875.0,4213197.0,22651388.0,21882831.64320496,101574275.85082704,2137350.6611915994,0.0294009384399052,2.9400938439905286e-06,False,False,False,unknown
112,m4_2024.12.04_fl4_fl12__FL4_device6/P 1,"(3, 21, 512, 512)",11506521.0,40207068.0,6635882.0,37986034.0,30105503.37978314,111870170.23835364,2878565.478864849,0.0167718888829678,1.6771888882967878e-06,False,False,False,unknown
113,m4_2024.12.04_fl4_fl12__FL4_device6/P 2,"(3, 23, 512, 512)",10676924.0,48776881.0,7763278.0,50034227.0,37285111.7554689,120122700.29942188,2996782.4817080526,0.0076747131335814,7.674713133581429e-07,False,False,False,unknown
0,m4_2025.02.05_mcl2_mcl4__Bead 1/P 2,"(3, 30, 512, 512)",11716095.0,62255608.0,10158888.0,65500361.0,49314166.496528216,154390060.86862457,3686783.682306293,0.0032731417517288,3.27314175172888e-07,True,False,True,unknown
1,m4_2025.02.05_mcl2_mcl4__Bead 1/P 1,"(3, 23, 512, 512)",8490459.0,42595628.0,7831778.0,42037646.0,30814191.182506144,126593620.87238464,2712688.306233421,0.0024962262540789,2.496226254078979e-07,True,False,True,unknown
2,m4_2025.02.05_mcl2_mcl4__Bead 1/P 4,"(3, 29, 512, 512)",11124792.0,36255430.0,10873408.0,39260051.0,32496936.17899372,165034435.81145746,3584141.579998347,0.001132688553627,1.1326885536270592e-07,True,False,True,unknown
3,m4_2025.02.05_mcl2_mcl4__Bead 1/P 3,"(3, 20, 512, 512)",6613121.0,38647871.0,4764397.0,35153426.0,30265520.922426816,105537297.32100838,2613408.889218884,0.0068241939148561,6.824193914856118e-07,True,False,True,unknown
5,m4_2025.02.05_mcl2_mcl4__rLN1.1/P 4,"(3, 27, 512, 512)",11013393.0,65731276.0,9738633.0,71583008.0,41209067.799523264,140890165.75417393,2906657.146290921,0.0027753169889277,2.775316988927709e-07,False,True,True,unknown
6,m4_2025.02.05_mcl2_mcl4__rLN1.1/P 3,"(3, 25, 512, 512)",12231868.0,70765134.0,9361165.0,75038962.0,43403654.64954249,126349868.15475152,3091939.803869187,0.004961476609839,4.96147660983908e-07,False,True,True,unknown
7,m4_2025.02.05_mcl2_mcl4__rLN1.1/P 2,"(3, 30, 512, 512)",12364706.0,74672487.0,10956747.0,79627665.0,54566217.5172399,149138009.84791288,4081642.782042505,0.002080980470099,2.080980470099072e-07,False,True,True,unknown
8,m4_2025.02.05_mcl2_mcl4__rLN1.1/P 1,"(3, 22, 512, 512)",7314098.0,62907040.0,7120309.0,74731204.0,42301086.56784063,105847442.42499776,2766151.840933788,0.0003046591939388,3.046591939388567e-08,False,True,True,unknown
10,m4_2025.02.05_mcl2_mcl4__MCL2.1/P 3,"(3, 30, 512, 512)",8985191.0,21156186.0,6143352.0,23629084.0,28889506.631623384,174814720.7335294,3489675.5371819,0.0226154952767843,2.261549527678433e-06,False,False,True,unknown
11,m4_2025.02.05_mcl2_mcl4__MCL2.1/P 2,"(3, 23, 512, 512)",7171164.0,16344482.0,4422551.0,17648494.0,23606879.085398808,133800932.96949196,2793542.859312284,0.027649561724548,2.7649561724548097e-06,False,False,True,unknown
12,m4_2025.02.05_mcl2_mcl4__MCL2.1/P 1,"(3, 20, 512, 512)",5954267.0,20147847.0,4464908.0,23457482.0,26580619.854889065,109222198.38854614,2872826.4711715104,0.0082816063997993,8.281606399799326e-07,False,False,True,unknown
14,m4_2025.02.05_mcl2_mcl4__MCL4.1/P 1,"(3, 32, 512, 512)",17594793.0,56564296.0,10723171.0,72854723.0,59332517.39698696,156717420.71756902,5036996.501905017,0.0095585096881576,9.55850968815769e-07,False,False,True,unknown
15,m4_2025.02.05_mcl2_mcl4__MCL4.1/P 2,"(3, 35, 512, 512)",19363677.0,58364563.0,10709421.0,69699913.0,59924915.502948016,177730016.42306358,5336706.521669446,0.013571650878539,1.3571650878539005e-06,False,False,True,unknown
16,m4_2025.02.05_mcl2_mcl4__MCL4.1/P 3,"(3, 24, 512, 512)",14411385.0,42205632.0,8167027.0,52604000.0,40105946.34982021,123474721.0797722,3077325.975330998,0.0156619335393057,1.5661933539305725e-06,False,False,True,unknown
17,m4_2025.02.05_mcl2_mcl4__MCL4.1/P 4,"(3, 29, 512, 512)",14420623.0,31499146.0,8995070.0,37430219.0,36235113.633880645,161296258.35657054,3643594.141110396,0.0234628248814031,2.346282488140319e-06,False,False,True,unknown
19,m4_2025.02.05_mcl2_mcl4__Bead 2/P 1,"(3, 35, 512, 512)",13382133.0,48370611.0,10956863.0,50908319.0,41632194.16605469,196022737.7599569,3659562.7241422967,0.0090323807742144,9.03238077421447e-07,True,False,True,unknown
20,m4_2025.02.05_mcl2_mcl4__Bead 2/P 2,"(3, 25, 512, 512)",7987109.0,29390307.0,6150760.0,31647758.0,31018442.84388371,138735079.96041027,3299479.5130666923,0.0084121018996783,8.412101899678384e-07,True,False,True,unknown
21,m4_2025.02.05_mcl2_mcl4__Bead 2/P 3,"(3, 25, 512, 512)",7693611.0,36262145.0,5752485.0,38722492.0,40669698.83137893,129083823.97291504,3582281.603102247,0.0058931064533584,5.893106453358496e-07,True,False,True,unknown
22,m4_2025.02.05_mcl2_mcl4__Bead 2/P 4,"(3, 23, 512, 512)",5640005.0,18010009.0,5829083.0,23900172.0,25236147.540153798,132171664.51473698,2512853.1538013546,-0.0015287111161897,-1.5287111161897057e-07,True,False,True,unknown
24,m4_2025.02.05_mcl2_mcl4__rLN1.2/P 1,"(3, 28, 512, 512)",14363241.0,39598233.0,7673549.0,51051924.0,38950525.73711051,152407990.8786391,3547195.6142722825,0.0184057255735647,1.840572557356476e-06,False,True,True,unknown
25,m4_2025.02.05_mcl2_mcl4__rLN1.2/P 2,"(3, 22, 512, 512)",8909451.0,20105000.0,5001203.0,24411275.0,20296902.499352142,127851626.49348624,1873932.2997826196,0.0381596890933595,3.815968909335957e-06,False,True,True,unknown
26,m4_2025.02.05_mcl2_mcl4__rLN1.2/P 4,"(3, 30, 512, 512)",14947139.0,53953178.0,8810490.0,64081539.0,50475909.63299625,153228317.73215652,3801509.2678226577,0.0124312286753498,1.2431228675349816e-06,False,True,True,unknown
27,m4_2025.02.05_mcl2_mcl4__rLN1.2/P 3,"(3, 26, 512, 512)",10768749.0,43307819.0,6336985.0,45415149.0,39351411.41950876,136574966.75948682,3250878.4374621045,0.0132345855907049,1.3234585590704916e-06,False,True,True,unknown
29,m4_2025.02.05_mcl2_mcl4__MCL2.2/P 3,"(3, 20, 512, 512)",13406902.0,32501300.0,10203643.0,37761056.0,43983890.433264494,91818927.81017072,5560071.354262071,0.0053321574053048,5.332157405304893e-07,False,False,True,unknown
30,m4_2025.02.05_mcl2_mcl4__MCL2.2/P 1,"(3, 32, 512, 512)",10740534.0,50488161.0,6822600.0,55381273.0,58175978.274487615,157873959.84006837,5206851.275556994,0.0067955268734572,6.795526873457289e-07,False,False,True,unknown
31,m4_2025.02.05_mcl2_mcl4__MCL2.2/P 2,"(3, 26, 512, 512)",7829562.0,33534802.0,5879446.0,39577978.0,39716481.24106365,136209896.93793193,3699611.4394233623,0.0059183345777619,5.918334577761936e-07,False,False,True,unknown
33,m4_2025.02.05_mcl2_mcl4__MCL4.2/P 4,"(3, 24, 512, 512)",10498156.0,41290223.0,7967370.0,46933006.0,38390576.1888366,125190091.2407558,2994413.776723113,0.0075427427673283,7.54274276732832e-07,False,False,True,unknown
34,m4_2025.02.05_mcl2_mcl4__MCL4.2/P 3,"(3, 30, 512, 512)",16506699.0,64725079.0,11555933.0,71221576.0,46710781.97907236,156993445.3860804,3460987.991269664,0.0104550713719131,1.0455071371913135e-06,False,False,True,unknown
35,m4_2025.02.05_mcl2_mcl4__MCL4.2/P 2,"(3, 24, 512, 512)",12194978.0,31724136.0,7770188.0,32338100.0,23802453.46556614,139778213.96402627,2186499.0694192834,0.0319824776766507,3.198247767665071e-06,False,False,True,unknown
36,m4_2025.02.05_mcl2_mcl4__MCL4.2/P 1,"(3, 28, 512, 512)",10413166.0,37071820.0,7674359.0,42694843.0,34739854.42571313,156618662.19003648,3340442.638145166,0.0101853574740396,1.0185357474039664e-06,False,False,True,unknown
38,m4_2025.02.05_mcl2_mcl4__Bead 3/P 3,"(3, 31, 512, 512)",13058252.0,48124344.0,9776513.0,63347340.0,49137912.9012537,160739169.8386007,3708540.5485021793,0.0073755069357678,7.375506935767821e-07,True,False,True,unknown
39,m4_2025.02.05_mcl2_mcl4__Bead 3/P 2,"(3, 15, 512, 512)",2707096.0,11788321.0,2541078.0,12188185.0,13757788.15058244,88094325.53199396,1261726.9557539518,0.0033376295725895,3.33762957258959e-07,True,False,True,unknown
40,m4_2025.02.05_mcl2_mcl4__Bead 3/P 1,"(3, 24, 512, 512)",10482453.0,38131236.0,4191210.0,25426890.0,34932273.43089492,128648393.99869747,3684853.821041866,0.0287310760759759,2.8731076075975905e-06,True,False,True,unknown
41,m4_2025.02.05_mcl2_mcl4__Bead 3/P 4,"(3, 16, 512, 512)",4992792.0,17409567.0,4242836.0,26802491.0,24795513.55196752,83229455.50531048,2194655.347366512,0.0035019630173376,3.50196301733765e-07,True,False,True,unknown
43,m4_2025.02.05_mcl2_mcl4__rLN1.3/P 1,"(3, 19, 512, 512)",3599835.0,7612344.0,2646281.0,14164901.0,19558709.585756864,110071253.28297672,2240939.961487524,0.0112949946776893,1.1294994677689346e-06,False,True,True,unknown
44,m4_2025.02.05_mcl2_mcl4__rLN1.3/P 2,"(3, 14, 512, 512)",6095792.0,7464136.0,2182285.0,8443980.0,18395506.499668647,77283751.80820616,2781880.187652181,0.0482304684378972,4.82304684378972e-06,False,True,True,unknown
45,m4_2025.02.05_mcl2_mcl4__rLN1.3/P 3,"(3, 25, 512, 512)",10913366.0,55505837.0,6269227.0,54074367.0,42764467.51301223,126989055.29128176,3388112.5856987685,0.0101143172936121,1.0114317293612163e-06,False,True,True,unknown
47,m4_2025.02.05_mcl2_mcl4__MCL2.3/P 3,"(3, 31, 512, 512)",13156965.0,56382239.0,11026749.0,63389969.0,53890237.29552375,155986845.44433063,4910398.549761448,0.0035897650840511,3.589765084051116e-07,False,False,True,unknown
48,m4_2025.02.05_mcl2_mcl4__MCL2.3/P 4,"(3, 20, 512, 512)",7492996.0,33279014.0,6102574.0,39418116.0,28740638.86551444,107062179.37792076,2290590.140646208,0.0054185856138724,5.418585613872469e-07,False,False,True,unknown
49,m4_2025.02.05_mcl2_mcl4__MCL2.3/P 2,"(3, 21, 512, 512)",9068692.0,39217252.0,5573948.0,36729753.0,33249116.351853263,108726557.26628353,3009805.587483829,0.0112556630294406,1.1255663029440614e-06,False,False,True,unknown
50,m4_2025.02.05_mcl2_mcl4__MCL2.3/P 1,"(3, 29, 512, 512)",14142621.0,63458854.0,10894669.0,64939983.0,51926075.23595993,145605296.75449127,4251660.447267938,0.0057169929686071,5.716992968607118e-07,False,False,True,unknown
53,m4_2025.02.05_mcl2_mcl4__MCL4.3/P 2,"(3, 17, 512, 512)",9576277.0,21829188.0,2487218.0,12780866.0,17291301.861537717,96906522.57044189,1560778.7703993577,0.1187759293716954,1.187759293716954e-05,False,False,True,unknown
54,m4_2025.02.05_mcl2_mcl4__MCL4.3/P 1,"(3, 12, 512, 512)",4367786.0,12475639.0,2064426.0,13760598.0,18372594.709661685,61874525.16145911,1707297.0782403827,0.0198252355311011,1.982523553110117e-06,False,False,True,unknown
55,m4_2025.02.05_mcl2_mcl4__Bead 4/P 4,"(3, 28, 512, 512)",11706321.0,48454928.0,7793741.0,50457498.0,40880131.73106773,150478384.88468188,3400251.9399437327,0.0112736528358848,1.1273652835884886e-06,True,False,True,unknown
56,m4_2025.02.05_mcl2_mcl4__Bead 4/P 1,"(3, 25, 512, 512)",10092597.0,41259477.0,7450270.0,43061703.0,32638939.82713038,137114582.9771636,2666937.948527899,0.010596570888378,1.0596570888378068e-06,True,False,True,unknown
57,m4_2025.02.05_mcl2_mcl4__Bead 4/P 3,"(3, 27, 512, 512)",12309394.0,42594921.0,7711081.0,39203684.0,35054379.378563054,147044854.17513415,3440917.8693389567,0.0173325712772815,1.7332571277281523e-06,True,False,True,unknown
58,m4_2025.02.05_mcl2_mcl4__Bead 4/P 2,"(3, 22, 512, 512)",8710579.0,40412779.0,6806731.0,43728685.0,28131039.25636727,120017489.73647112,2356162.013364799,0.0072959942565075,7.295994256507575e-07,True,False,True,unknown
60,m4_2025.02.05_mcl2_mcl4__rLN1.4/P 3,"(3, 34, 512, 512)",15274221.0,68742339.0,10657069.0,71830299.0,52194199.69322021,179287876.85808977,4134258.303984789,0.0090920868588203,9.092086858820398e-07,False,True,True,unknown
61,m4_2025.02.05_mcl2_mcl4__rLN1.4/P 4,"(3, 26, 512, 512)",11687289.0,62254293.0,7353487.0,54781077.0,40822581.45894337,135103796.7200522,3129620.811577326,0.0109574965044557,1.0957496504455762e-06,False,True,True,unknown
62,m4_2025.02.05_mcl2_mcl4__rLN1.4/P 2,"(3, 34, 512, 512)",12242302.0,57587961.0,8324721.0,55730169.0,50719191.399139024,180762885.15217096,5065091.871839262,0.0081923625979058,8.192362597905895e-07,False,True,True,unknown
63,m4_2025.02.05_mcl2_mcl4__rLN1.4/P 1,"(3, 29, 512, 512)",12143559.0,68031014.0,10076744.0,70262119.0,50155450.69136755,147375921.29908365,4076279.557237828,0.0034488214051535,3.44882140515355e-07,False,True,True,unknown
65,m4_2025.02.05_mcl2_mcl4__MCL2.4/P 4,"(3, 22, 512, 512)",10286199.0,38988245.0,6859542.0,45745774.0,36045414.3735558,112103114.61928256,2774917.71574247,0.0098887145481021,9.888714548102154e-07,False,False,True,unknown
66,m4_2025.02.05_mcl2_mcl4__MCL2.4/P 3,"(3, 34, 512, 512)",13696424.0,62345823.0,12846054.0,79222078.0,62590394.9744104,168891681.5768996,4436879.512770252,0.0013546428843418,1.3546428843418945e-07,False,False,True,unknown
67,m4_2025.02.05_mcl2_mcl4__MCL2.4/P 2,"(3, 17, 512, 512)",4399211.0,21366472.0,3383870.0,29743844.0,33376308.575617496,80821515.8563621,2152049.421826884,0.0040182707514956,4.0182707514956084e-07,False,False,True,unknown
68,m4_2025.02.05_mcl2_mcl4__MCL2.4/P 1,"(3, 33, 512, 512)",16773970.0,76812569.0,13405723.0,88698167.0,66520426.29269066,158788794.88391772,4583774.104251254,0.0043047375849631,4.304737584963158e-07,False,False,True,unknown
70,m4_2025.02.05_mcl2_mcl4__MCL4.4/P 3,"(3, 22, 512, 512)",12124393.0,27472520.0,6827278.0,46087269.0,29466222.052954804,118682306.93988356,2242926.2310272623,0.0198315972758157,1.9831597275815754e-06,False,False,True,unknown
71,m4_2025.02.05_mcl2_mcl4__MCL4.4/P 2,"(3, 28, 512, 512)",19846594.0,47132100.0,7369629.0,50469177.0,45990826.66194203,145367689.95380756,4089049.351236325,0.028587704045757,2.8587704045757e-06,False,False,True,unknown
72,m4_2025.02.05_mcl2_mcl4__MCL4.4/P 4,"(3, 25, 512, 512)",16978352.0,45321864.0,8380169.0,53095255.0,37581257.82640676,132172264.97788724,2868987.619321169,0.0246071757639903,2.4607175763990345e-06,False,False,True,unknown
73,m4_2025.02.05_mcl2_mcl4__MCL4.4/P 1,"(3, 26, 512, 512)",12799364.0,44573916.0,7591804.0,57128249.0,46806432.22676843,129119945.95222716,4119407.7997117,0.0091530428233878,9.153042823387836e-07,False,False,True,unknown
75,m4_2025.02.05_mcl2_mcl4__Bead 5/P 3,"(3, 26, 512, 512)",9336860.0,33463225.0,6121854.0,42475314.0,45294548.430990525,130631829.74800506,3893961.633041349,0.008241208030099,8.241208030099026e-07,True,False,True,unknown
76,m4_2025.02.05_mcl2_mcl4__Bead 5/P 2,"(3, 16, 512, 512)",5291260.0,31188285.0,2685939.0,20967424.0,26504608.28434182,81520360.77293617,2292446.301805984,0.0140771322377859,1.4077132237785936e-06,True,False,True,unknown
77,m4_2025.02.05_mcl2_mcl4__Bead 5/P 4,"(3, 30, 512, 512)",12062962.0,48491104.0,8024140.0,54271931.0,53240524.39318352,150463702.97196925,4321725.988290759,0.0084457016731703,8.445701673170311e-07,True,False,True,unknown
78,m4_2025.02.05_mcl2_mcl4__Bead 5/P 1,"(3, 13, 512, 512)",5861864.0,45964569.0,2284381.0,23173175.0,28611303.81246898,60895099.12070422,2236661.293350146,0.0129522086075687,1.2952208607568762e-06,True,False,True,unknown
80,m4_2025.02.05_mcl2_mcl4__rLN1.5/P 3,"(3, 28, 512, 512)",10195775.0,71516279.0,8790661.0,73011919.0,54253788.29852217,137104728.31722742,3742962.853475594,0.0022262153203444,2.2262153203444805e-07,False,True,True,unknown
81,m4_2025.02.05_mcl2_mcl4__rLN1.5/P 4,"(3, 31, 512, 512)",12452230.0,61656754.0,9849092.0,61665184.0,42683981.90330638,167193100.83654803,3359132.3755210703,0.0069457839409231,6.945783940923158e-07,False,True,True,unknown
82,m4_2025.02.05_mcl2_mcl4__rLN1.5/P 2,"(3, 22, 512, 512)",6467254.0,31697023.0,5400743.0,34495679.0,28580091.50244408,119568437.4903943,2507470.00499205,0.0048554137015032,4.855413701503205e-07,False,True,True,unknown
83,m4_2025.02.05_mcl2_mcl4__rLN1.5/P 1,"(3, 20, 512, 512)",6172915.0,44706696.0,5044280.0,40956755.0,39731893.12858632,96070925.11484888,3252022.1566002667,0.0025789573114322,2.578957311432228e-07,False,True,True,unknown
85,m4_2025.02.05_mcl2_mcl4__MCL2.5/P 3,"(3, 29, 512, 512)",15539633.0,75812473.0,11154566.0,82256785.0,51963778.7906454,145344794.09613928,3559114.0725310137,0.0069959734273271,6.995973427327177e-07,False,False,True,unknown
86,m4_2025.02.05_mcl2_mcl4__MCL2.5/P 2,"(3, 25, 512, 512)",8916675.0,37242342.0,6799017.0,38728845.0,33878421.23178853,138375094.78048384,2654368.711367705,0.009604028171981,9.604028171981086e-07,False,False,True,unknown
87,m4_2025.02.05_mcl2_mcl4__MCL2.5/P 4,"(3, 29, 512, 512)",12815554.0,61478467.0,9879412.0,59746671.0,45157899.23620099,152150673.65058368,3598496.6610591407,0.0069153128538276,6.915312853827632e-07,False,False,True,unknown
88,m4_2025.02.05_mcl2_mcl4__MCL2.5/P 1,"(3, 25, 512, 512)",9014507.0,49272394.0,7418377.0,51807013.0,41923056.31138833,130330459.70088404,3114703.845721737,0.0041794884337315,4.179488433731577e-07,False,False,True,unknown
90,m4_2025.02.05_mcl2_mcl4__MCL4.5/P 2,"(3, 16, 512, 512)",10223024.0,40969621.0,4090768.0,33526787.0,29630242.21403536,79985631.61195613,2165598.96784153,0.0213733522970628,2.137335229706282e-06,False,False,True,unknown
91,m4_2025.02.05_mcl2_mcl4__MCL4.5/P 1,"(3, 15, 512, 512)",7670915.0,20493329.0,2528993.0,14986118.0,22417907.576732013,80934202.0306314,2069343.5575770284,0.0448440317187922,4.4844031718792265e-06,False,False,True,unknown
92,m4_2025.02.05_mcl2_mcl4__MCL4.5/P 3,"(3, 25, 512, 512)",14234691.0,75155701.0,8192640.0,76804746.0,49148222.22228712,123105293.78998524,3005705.768825928,0.0100187006430959,1.001870064309594e-06,False,False,True,unknown
93,m4_2025.02.05_mcl2_mcl4__MCL4.5/P 4,"(3, 29, 512, 512)",10837762.0,49017909.0,6834484.0,39053892.0,48603143.98530537,148705428.9014793,4798972.203332376,0.0106948397667822,1.0694839766782265e-06,False,False,True,unknown
96,m4_2025.02.05_mcl2_mcl4__Bead 6/P 2,"(3, 30, 512, 512)",12630923.0,44532017.0,8138302.0,43801008.0,40232804.82678665,166471414.38794017,3926005.640695829,0.0148378760538572,1.4837876053857269e-06,True,False,True,unknown
97,m4_2025.02.05_mcl2_mcl4__Bead 6/P 1,"(3, 30, 512, 512)",12057901.0,43793396.0,7255083.0,40077160.0,31971603.176921897,174732616.0378049,2782116.565907793,0.0255285545701351,2.55285545701352e-06,True,False,True,unknown
98,m4_2025.02.05_mcl2_mcl4__rLN1.6/P 2,"(3, 19, 512, 512)",4588235.0,5842707.0,3174870.0,6425035.0,16796949.54481632,114742099.04637349,3537472.30164532,0.0391810585264757,3.918105852647576e-06,False,True,True,unknown
99,m4_2025.02.05_mcl2_mcl4__rLN1.6/P 1,"(3, 26, 512, 512)",7645270.0,33718204.0,6164561.0,31251452.0,33316389.9433804,145200890.28752005,3369789.201468772,0.0070645892714847,7.064589271484796e-07,False,True,True,unknown
100,m4_2025.02.05_mcl2_mcl4__rLN1.6/P 3,"(3, 22, 512, 512)",5088008.0,11854992.0,4803247.0,13944154.0,28088326.94261896,122242014.30445509,4461240.039762113,0.0023711204951408,2.371120495140816e-07,False,True,True,unknown
102,m4_2025.02.05_mcl2_mcl4__MCL2.6/P 3,"(3, 29, 512, 512)",13351386.0,47092050.0,10507219.0,55934094.0,40693153.64818286,156615419.2386018,3410255.6908269697,0.007987066594405,7.98706659440504e-07,False,False,True,unknown
103,m4_2025.02.05_mcl2_mcl4__MCL2.6/P 4,"(3, 20, 512, 512)",10155938.0,32955243.0,7456079.0,37009062.0,23441637.71811577,114361175.09170212,1902947.543242387,0.0152506744878817,1.5250674487881795e-06,False,False,True,unknown
104,m4_2025.02.05_mcl2_mcl4__MCL2.6/P 2,"(3, 29, 512, 512)",11140446.0,47205797.0,10361307.0,58453026.0,49479481.7408912,147829091.14589345,4100560.164100719,0.0016224034476165,1.6224034476165193e-07,False,False,True,unknown
105,m4_2025.02.05_mcl2_mcl4__MCL2.6/P 1,"(3, 29, 512, 512)",12760182.0,65993303.0,9914699.0,77390813.0,56663776.34176206,140644796.5450226,4530969.126613498,0.0036361014965803,3.636101496580398e-07,False,False,True,unknown
107,m4_2025.02.05_mcl2_mcl4__MCL4.6/P 1,"(3, 36, 512, 512)",13314905.0,58724156.0,10624267.0,71768537.0,72100694.51573646,175317992.1200729,6858153.55401145,0.0031247572886877,3.124757288687725e-07,False,False,True,unknown
108,m4_2025.02.05_mcl2_mcl4__MCL4.6/P 2,"(3, 22, 512, 512)",10094732.0,41735896.0,7324009.0,54790283.0,36897557.78344878,113432783.46362524,2457152.395055975,0.0074853474443701,7.485347444370172e-07,False,False,True,unknown
109,m4_2025.02.05_mcl2_mcl4__MCL4.6/P 3,"(3, 25, 512, 512)",11071724.0,39265273.0,7432711.0,46626190.0,35886037.662190296,136367478.35008207,2526019.8687063814,0.0139232729993798,1.3923272999379846e-06,False,False,True,unknown
110,m4_2025.02.05_mcl2_mcl4__MCL4.6/P 4,"(3, 25, 512, 512)",10658694.0,40775542.0,7445427.0,39467971.0,42170279.35096977,130083236.6613026,3818683.324882368,0.0094950262899744,9.495026289974488e-07,False,False,True,unknown
0,m4_2025.02.27_fl32_fl33__Bead_1/P 1,"(3, 29, 512, 512)",5989937.0,28413505.0,6856173.0,49042573.0,43326924.87797242,154204447.11247876,3762501.029435509,-0.002337661007499,-2.337661007499093e-07,True,False,False,unknown
1,m4_2025.02.27_fl32_fl33__Bead_1/P 2,"(3, 23, 512, 512)",2743511.0,10259056.0,4274689.0,27111007.0,28760783.815515418,128647028.23937535,2697151.198616043,-0.008883652521841,-8.883652521841026e-07,True,False,False,unknown
2,m4_2025.02.27_fl32_fl33__Bead_1/P 3,"(3, 21, 512, 512)",2677664.0,11991616.0,3624219.0,26523175.0,29680010.48201256,112295663.13612424,2866384.996983577,-0.0044983799276464,-4.4983799276464134e-07,True,False,False,unknown
3,m4_2025.02.27_fl32_fl33__Bead_1/P 4,"(3, 24, 512, 512)",4550803.0,20938932.0,4966442.0,35841030.0,35100921.1595998,128479746.2699926,3145635.124653308,-0.0015273513187937,-1.5273513187937298e-07,True,False,False,unknown
6,m4_2025.02.27_fl32_fl33__FL32_1/P 2,"(3, 30, 512, 512)",10601040.0,41955882.0,8442174.0,43343899.0,37342650.25380601,166361577.11134678,3166051.96655486,0.0090284102160141,9.02841021601416e-07,False,False,False,unknown
7,m4_2025.02.27_fl32_fl33__FL32_1/P 1,"(3, 31, 512, 512)",12564981.0,69295088.0,11415429.0,74194499.0,52795957.960052565,157081124.77980185,4063902.173629738,0.0019660384181707,1.9660384181707335e-07,False,False,False,unknown
8,m4_2025.02.27_fl32_fl33__FL32_1/P 3,"(3, 24, 512, 512)",10443751.0,51598864.0,9316230.0,51311281.0,29648174.161262907,133932493.2683295,2360239.038317034,0.0042320811814029,4.2320811814029803e-07,False,False,False,unknown
9,m4_2025.02.27_fl32_fl33__FL32_1/P 4,"(3, 30, 512, 512)",10207052.0,49664344.0,7726989.0,45210723.0,29901086.885383934,173803140.47976884,2212893.1956240674,0.014434924983622,1.443492498362208e-06,False,False,False,unknown
11,m4_2025.02.27_fl32_fl33__FL33_1/P 3,"(3, 16, 512, 512)",11319417.0,33360209.0,3917792.0,19053865.0,24616775.687581256,83408193.36969674,2297847.9759663893,0.0493058880543724,4.930588805437244e-06,False,False,False,unknown
12,m4_2025.02.27_fl32_fl33__FL33_1/P 4,"(3, 15, 512, 512)",11406668.0,28295066.0,5650596.0,21574760.0,20478760.41736217,81373353.26521422,2000010.17455118,0.0408523536807401,4.08523536807401e-06,False,False,False,unknown
13,m4_2025.02.27_fl32_fl33__FL33_1/P 2,"(3, 17, 512, 512)",14823850.0,26803176.0,7796952.0,22313002.0,29786692.768370766,84411131.66360883,4381969.9631976895,0.0259025797623151,2.5902579762315195e-06,False,False,False,unknown
14,m4_2025.02.27_fl32_fl33__FL33_1/P 1,"(3, 12, 512, 512)",8355685.0,26664636.0,3485585.0,19347422.0,15209837.559507636,65037282.31161316,1197119.3751281698,0.0463347496560413,4.633474965604135e-06,False,False,False,unknown
17,m4_2025.02.27_fl32_fl33__Bead_2/P 3,"(3, 14, 512, 512)",4181179.0,35803575.0,4170234.0,39096395.0,20982902.21402612,74696356.09384868,1458159.1797010652,4.459199404913141e-05,4.459199404913141e-09,True,False,False,unknown
18,m4_2025.02.27_fl32_fl33__Bead_2/P 2,"(3, 15, 512, 512)",5188529.0,56196174.0,4842185.0,62218153.0,30568695.94435859,71283417.7382178,1782057.5590971918,0.0006707210380455,6.707210380455379e-08,True,False,False,unknown
19,m4_2025.02.27_fl32_fl33__Bead_2/P 1,"(3, 16, 512, 512)",7179394.0,68828973.0,4605590.0,58686963.0,35301852.6129702,72723116.4443078,2139648.510568699,0.0044931954233143,4.493195423314394e-07,True,False,False,unknown
20,m4_2025.02.27_fl32_fl33__Bead_2/P 4,"(3, 23, 512, 512)",8491873.0,62617557.0,7322085.0,64968727.0,36888134.9704408,120519677.08444998,2615625.764561868,0.0025972454841879,2.597245484187933e-07,True,False,False,unknown
21,m4_2025.02.27_fl32_fl33__rLN1_2/P 1,"(3, 18, 512, 512)",5593515.0,41683353.0,4950517.0,44681508.0,25713810.08927116,97743297.40476084,1832869.9322431835,0.0023973589402374,2.397358940237448e-07,False,True,False,unknown
22,m4_2025.02.27_fl32_fl33__rLN1_2/P 2,"(3, 25, 512, 512)",7752953.0,51052508.0,6789000.0,52495039.0,34695290.64093598,135058232.163358,2828444.2207388096,0.0027973912678077,2.797391267807793e-07,False,True,False,unknown
23,m4_2025.02.27_fl32_fl33__rLN1_2/P 3,"(3, 21, 512, 512)",6928056.0,56407009.0,6330531.0,57387881.0,32860581.372290213,109115092.24584658,2414120.804377067,0.0014693360534106,1.4693360534106682e-07,False,True,False,unknown
24,m4_2025.02.27_fl32_fl33__rLN1_2/P 4,"(3, 20, 512, 512)",6427378.0,39149799.0,5577058.0,38588308.0,26981175.87124405,108821642.37219116,2242705.360894706,0.0034718502020402,3.47185020204023e-07,False,True,False,unknown
26,m4_2025.02.27_fl32_fl33__FL32_2/P 3,"(3, 30, 512, 512)",11760194.0,54603807.0,9371244.0,54050989.0,41537521.14270116,162166706.22245163,3480804.646191974,0.0069195192115326,6.919519211532625e-07,False,False,False,unknown
27,m4_2025.02.27_fl32_fl33__FL32_2/P 4,"(3, 26, 512, 512)",8432791.0,36565790.0,8035076.0,43617395.0,24904479.953054063,151021898.2259415,2129245.128745065,0.0022021631122583,2.2021631122583606e-07,False,False,False,unknown
28,m4_2025.02.27_fl32_fl33__FL32_2/P 1,"(3, 32, 512, 512)",8600400.0,25732943.0,7639984.0,27472084.0,25715505.514636524,190334432.59991947,2733370.763764566,0.0093671397385496,9.367139738549626e-07,False,False,False,unknown
29,m4_2025.02.27_fl32_fl33__FL32_2/P 2,"(3, 23, 512, 512)",8011719.0,38585660.0,5352465.0,33361693.0,24669910.78948332,132737901.26540747,2048492.7343706428,0.0170890019895584,1.7089001989558423e-06,False,False,False,unknown
31,m4_2025.02.27_fl32_fl33__FL33_2/P 2,"(3, 28, 512, 512)",16233410.0,63190415.0,10250838.0,60974824.0,42547194.04292567,148811322.57282394,3245182.8731820863,0.0150234217922124,1.5023421792212471e-06,False,False,False,unknown
32,m4_2025.02.27_fl32_fl33__FL33_2/P 3,"(3, 21, 512, 512)",13725761.0,44361210.0,8646005.0,48030344.0,27400546.399639696,114575127.2184971,1921533.729025536,0.0213628468111642,2.1362846811164243e-06,False,False,False,unknown
33,m4_2025.02.27_fl32_fl33__FL33_2/P 4,"(3, 23, 512, 512)",17677594.0,71964928.0,10974054.0,77035314.0,43053843.65627589,114353968.39861488,2649515.779907817,0.0121657694376482,1.2165769437648242e-06,False,False,False,unknown
34,m4_2025.02.27_fl32_fl33__FL33_2/P 1,"(3, 26, 512, 512)",10453093.0,77597673.0,7907415.0,83297243.0,53757899.92672712,122168478.25226846,3741484.018695836,0.0030626931406152,3.062693140615224e-07,False,False,False,unknown
36,m4_2025.02.27_fl32_fl33__Bead_3/P 1,"(3, 23, 512, 512)",8619347.0,53836668.0,7692435.0,58766054.0,35138856.30214987,122268955.75274092,2662929.240131978,0.0023147065903661,2.314706590366124e-07,True,False,False,unknown
37,m4_2025.02.27_fl32_fl33__Bead_3/P 2,"(3, 23, 512, 512)",8007758.0,51778151.0,6830384.0,53630437.0,31835520.13211755,125572291.92277324,2252915.132717274,0.0038950638763219,3.895063876321955e-07,True,False,False,unknown
38,m4_2025.02.27_fl32_fl33__Bead_3/P 3,"(3, 17, 512, 512)",5738901.0,44038932.0,4564989.0,44102925.0,27960625.459573463,86237198.97240613,1993533.6536866631,0.003567714698796,3.5677146987960895e-07,True,False,False,unknown
39,m4_2025.02.27_fl32_fl33__Bead_3/P 4,"(3, 21, 512, 512)",8074688.0,54398969.0,6565248.0,54674829.0,32294638.96630122,109681034.65183558,2393139.503602487,0.003994342508193,3.994342508193004e-07,True,False,False,unknown
41,m4_2025.02.27_fl32_fl33__rLN1_3/P 3,"(3, 18, 512, 512)",6933690.0,45378209.0,6047179.0,51454283.0,29626722.320876125,93830385.17315587,1818953.357776748,0.0027975622571934,2.797562257193495e-07,False,True,False,unknown
42,m4_2025.02.27_fl32_fl33__rLN1_3/P 4,"(3, 15, 512, 512)",4976975.0,33753694.0,4429502.0,32761776.0,20751865.18663321,81100248.49594317,1591107.8295857937,0.0027359070834876,2.735907083487674e-07,False,True,False,unknown
43,m4_2025.02.27_fl32_fl33__rLN1_3/P 1,"(3, 18, 512, 512)",6520242.0,44621083.0,5810438.0,45169967.0,24926367.42356945,98530740.07046255,2015672.916115544,0.0024487121342414,2.448712134241473e-07,False,True,False,unknown
44,m4_2025.02.27_fl32_fl33__rLN1_3/P 2,"(3, 22, 512, 512)",9923767.0,47672604.0,7385163.0,50193774.0,33949432.991834775,114199096.0010036,2695509.358791033,0.0069788384418748,6.978838441874854e-07,False,True,False,unknown
46,m4_2025.02.27_fl32_fl33__FL32_3/P 1,"(3, 21, 512, 512)",8253305.0,45248223.0,6615778.0,46433128.0,29392518.14471042,112583155.47342636,2131374.0617752853,0.006034306378047,6.034306378047032e-07,False,False,False,unknown
47,m4_2025.02.27_fl32_fl33__FL32_3/P 2,"(3, 20, 512, 512)",7448257.0,43074724.0,6033504.0,41723850.0,24184736.5640944,111618081.6793408,1925468.0497430367,0.006383011137676,6.383011137676064e-07,False,False,False,unknown
48,m4_2025.02.27_fl32_fl33__FL32_3/P 4,"(3, 23, 512, 512)",8065818.0,45967828.0,5738583.0,38149344.0,30570991.832874198,126836820.2220166,2398881.194352169,0.0105459356407446,1.0545935640744662e-06,False,False,False,unknown
49,m4_2025.02.27_fl32_fl33__FL32_3/P 3,"(3, 22, 512, 512)",6991551.0,44771849.0,5987892.0,45303384.0,31960404.69357892,116188124.29925944,2532975.440560863,0.0032527503288297,3.252750328829735e-07,False,False,False,unknown
51,m4_2025.02.27_fl32_fl33__FL33_3/P 1,"(3, 24, 512, 512)",8943737.0,48103607.0,8279689.0,54598908.0,30190286.4218387,133390381.0077537,2471466.030737671,0.00214934242738,2.149342427380056e-07,False,False,False,unknown
52,m4_2025.02.27_fl32_fl33__FL33_3/P 2,"(3, 18, 512, 512)",7621934.0,30253425.0,6043200.0,29200077.0,16687106.420742651,106770001.07328932,1336116.6065263157,0.0151332204199248,1.5133220419924856e-06,False,False,False,unknown
53,m4_2025.02.27_fl32_fl33__FL33_3/P 4,"(3, 20, 512, 512)",6363672.0,33295343.0,4525936.0,31091573.0,28793197.051840782,107009621.19159442,2523649.660148561,0.0081480587175111,8.148058717511109e-07,False,False,False,unknown
54,m4_2025.02.27_fl32_fl33__FL33_3/P 3,"(3, 20, 512, 512)",5528934.0,22819422.0,4780285.0,23902992.0,22391294.419793136,113411523.82364208,1993040.719313401,0.0061882434564705,6.18824345647052e-07,False,False,False,unknown
56,m4_2025.02.27_fl32_fl33__Bead_4/P 4,"(3, 29, 512, 512)",18656284.0,82500086.0,10143486.0,87429551.0,52803587.37419672,144727784.61625448,3593288.9244077355,0.012323339325762,1.2323339325762072e-06,True,False,False,unknown
57,m4_2025.02.27_fl32_fl33__Bead_4/P 1,"(3, 21, 512, 512)",11745830.0,61482786.0,7146293.0,69703123.0,36015826.84617271,105959846.77196407,2173254.7201211145,0.0099578956943443,9.95789569434435e-07,True,False,False,unknown
58,m4_2025.02.27_fl32_fl33__Bead_4/P 3,"(3, 26, 512, 512)",12407269.0,68594167.0,8660049.0,76618862.0,49326258.1760437,126600120.00295188,2863702.1006214963,0.0067712240650167,6.771224065016769e-07,True,False,False,unknown
59,m4_2025.02.27_fl32_fl33__Bead_4/P 2,"(3, 21, 512, 512)",9144671.0,45213857.0,6795194.0,51268153.0,36731107.96976103,105244565.64837576,2449682.1265223026,0.0063046737457158,6.304673745715823e-07,True,False,False,unknown
61,m4_2025.02.27_fl32_fl33__rLN1_4/P 4,"(3, 28, 512, 512)",12404464.0,101170085.0,9667201.0,94933466.0,57843663.12908861,133514853.486661,3529997.862559568,0.00337281039563,3.372810395630051e-07,False,True,False,unknown
62,m4_2025.02.27_fl32_fl33__rLN1_4/P 2,"(3, 25, 512, 512)",9456365.0,57067248.0,7684889.0,54479231.0,39759643.94515693,129993878.85913706,2878147.2137798616,0.0047495156851031,4.749515685103109e-07,False,True,False,unknown
63,m4_2025.02.27_fl32_fl33__rLN1_4/P 3,"(3, 27, 512, 512)",9667291.0,48039307.0,8892139.0,49350833.0,31938399.485190943,150160834.06850624,2708072.854322544,0.002950997485917,2.950997485917068e-07,False,True,False,unknown
64,m4_2025.02.27_fl32_fl33__rLN1_4/P 1,"(3, 27, 512, 512)",9852460.0,76697846.0,7693762.0,69525982.0,48831629.59948542,133267603.95421176,3518817.933397634,0.0036728428090766,3.672842809076608e-07,False,True,False,unknown
66,m4_2025.02.27_fl32_fl33__FL32_4/P 2,"(3, 27, 512, 512)",11736636.0,67300732.0,9053926.0,67029491.0,40105581.362415165,141993652.19128203,2764808.787094447,0.0066013090640102,6.601309064010248e-07,False,False,False,unknown
67,m4_2025.02.27_fl32_fl33__FL32_4/P 3,"(3, 21, 512, 512)",19698230.0,40135017.0,17857789.0,49009154.0,35593689.47777109,106381984.1403657,3553654.0108539416,0.0049128698774369,4.912869877436938e-07,False,False,False,unknown
68,m4_2025.02.27_fl32_fl33__FL32_4/P 4,"(3, 22, 512, 512)",10721356.0,25363847.0,8631219.0,26175514.0,19479165.879031774,128669363.1138066,1745419.9224745166,0.0243956028068237,2.439560280682374e-06,False,False,False,unknown
69,m4_2025.02.27_fl32_fl33__FL32_4/P 1,"(3, 22, 512, 512)",7333119.0,32815040.0,5357684.0,31443037.0,22886594.10222521,125261934.89061315,1856843.79688075,0.0141908127632439,1.419081276324396e-06,False,False,False,unknown
72,m4_2025.02.27_fl32_fl33__Bead_5/P 4,"(3, 21, 512, 512)",6812490.0,23344235.0,3987561.0,23395518.0,16520307.17663751,125455366.44149928,1453577.521394389,0.0348960491523424,3.489604915234244e-06,True,False,False,unknown
73,m4_2025.02.27_fl32_fl33__Bead_5/P 1,"(3, 20, 512, 512)",5373876.0,29375049.0,4153549.0,33352025.0,28952366.88180178,106850451.36163342,2178726.805976008,0.0056936021851796,5.693602185179602e-07,True,False,False,unknown
74,m4_2025.02.27_fl32_fl33__Bead_5/P 2,"(3, 18, 512, 512)",6385433.0,33801448.0,4170022.0,37945369.0,26165358.37824698,97291749.11578502,1619867.5373190418,0.0109433048231073,1.0943304823107316e-06,True,False,False,unknown
75,m4_2025.02.27_fl32_fl33__Bead_5/P 3,"(3, 18, 512, 512)",4911897.0,19637824.0,4131706.0,20616715.0,17083706.444578454,106373401.04945354,1568960.7907658592,0.0089131291900605,8.913129190060522e-07,True,False,False,unknown
77,m4_2025.02.27_fl32_fl33__rLN1_5/P 1,"(3, 23, 512, 512)",9650207.0,54923338.0,6608300.0,53449198.0,38359917.246812895,119047894.80807789,2641904.8079935727,0.0081287314084648,8.128731408464864e-07,False,True,False,unknown
78,m4_2025.02.27_fl32_fl33__rLN1_5/P 2,"(3, 21, 512, 512)",9914894.0,68132259.0,8169540.0,68107400.0,37529794.60229555,104445879.01584125,2281990.897951911,0.00370217712715,3.702177127150087e-07,False,True,False,unknown
79,m4_2025.02.27_fl32_fl33__rLN1_5/P 3,"(3, 19, 512, 512)",6304759.0,39480259.0,5255887.0,46601443.0,29693891.777191494,99936071.0915421,2155098.0358448806,0.0032677317288288,3.26773172882882e-07,False,True,False,unknown
80,m4_2025.02.27_fl32_fl33__rLN1_5/P 4,"(3, 18, 512, 512)",4773144.0,11375067.0,3503175.0,11928817.0,10275737.663738376,113181369.83029364,1069860.8431839184,0.0442930177152228,4.429301771522287e-06,False,True,False,unknown
82,m4_2025.02.27_fl32_fl33__FL32_5/P 4,"(3, 2, 512, 512)",1211682.0,2532618.0,575292.0,2333443.0,86256837.64955495,145225238.90175503,10453473.053906072,0.0139683841230773,1.3968384123077346e-06,False,False,False,unknown
83,m4_2025.02.27_fl32_fl33__FL32_5/P 3,"(3, 22, 512, 512)",11407787.0,30404902.0,10503000.0,33884394.0,23596306.224439792,124552222.76839858,2132682.749140042,0.0062776728194605,6.277672819460519e-07,False,False,False,unknown
84,m4_2025.02.27_fl32_fl33__FL32_5/P 1,"(3, 23, 512, 512)",23911135.0,37534698.0,21033572.0,39896915.0,31953893.789224423,125453918.26566637,3888457.625780402,0.0136713227932126,1.3671322793212634e-06,False,False,False,unknown
85,m4_2025.02.27_fl32_fl33__FL32_5/P 2,"(3, 20, 512, 512)",10886922.0,32393283.0,10503557.0,35547150.0,24403269.829417728,111399548.41401748,2137095.464173504,0.0022165260026381,2.216526002638109e-07,False,False,False,unknown
87,m4_2025.02.27_fl32_fl33__FL33_5/P 1,"(3, 17, 512, 512)",14881168.0,45306169.0,9302583.0,35946631.0,24718359.9240561,89479464.5079235,1708182.281124258,0.0304656543413081,3.0465654341308136e-06,False,False,False,unknown
88,m4_2025.02.27_fl32_fl33__FL33_5/P 2,"(3, 14, 512, 512)",11167929.0,39014804.0,9910377.0,42902557.0,22889878.98887061,72789379.3190042,1547559.18181493,0.0049800440959702,4.980044095970215e-07,False,False,False,unknown
89,m4_2025.02.27_fl32_fl33__FL33_5/P 3,"(3, 17, 512, 512)",11692430.0,46855594.0,10633751.0,47360252.0,28031468.337513797,86166356.0944658,1919648.4480280888,0.0035941671349229,3.594167134922956e-07,False,False,False,unknown
90,m4_2025.02.27_fl32_fl33__FL33_5/P 4,"(3, 23, 512, 512)",17472173.0,55363131.0,14823417.0,54085987.0,35155586.8538456,122252225.2010452,2748712.9011250227,0.0083346644687723,8.334664468772344e-07,False,False,False,unknown
92,m4_2025.02.27_fl32_fl33__Bead_6/P 1,"(3, 17, 512, 512)",6355810.0,54192629.0,5603165.0,67641266.0,34556772.03382812,79641052.39815149,1881433.8237483825,0.0014265179063992,1.4265179063992466e-07,True,False,False,unknown
93,m4_2025.02.27_fl32_fl33__Bead_6/P 2,"(3, 27, 512, 512)",11915036.0,100162093.0,10331875.0,107335728.0,61591200.74484683,120508032.80885038,3513680.473295455,0.0015548458152507,1.5548458152507692e-07,True,False,False,unknown
94,m4_2025.02.27_fl32_fl33__Bead_6/P 4,"(3, 27, 512, 512)",10259274.0,54258404.0,6932445.0,44947439.0,36788093.10009694,145311140.45360026,3045341.043458993,0.0115994134066033,1.1599413406603343e-06,True,False,False,unknown
95,m4_2025.02.27_fl32_fl33__Bead_6/P 3,"(3, 27, 512, 512)",12022184.0,95008423.0,9937807.0,91486034.0,52524383.78312525,129574849.77057196,3131624.294415877,0.0029377193835099,2.937719383509936e-07,True,False,False,unknown
97,m4_2025.02.27_fl32_fl33__rLN1_6/P 1,"(3, 18, 512, 512)",6952953.0,53759703.0,7091070.0,64908216.0,33452108.217994068,90004999.27603793,2060793.728323384,-0.0002898144895212,-2.8981448952129143e-08,False,True,False,unknown
98,m4_2025.02.27_fl32_fl33__rLN1_6/P 2,"(3, 20, 512, 512)",8293602.0,72865970.0,6923282.0,79271900.0,44252061.985673815,91550756.2577614,2646750.4053127677,0.0018198609403003,1.819860940300361e-07,False,True,False,unknown
99,m4_2025.02.27_fl32_fl33__rLN1_6/P 3,"(3, 21, 512, 512)",9027884.0,70535014.0,7542671.0,74465492.0,38672652.58399937,103303021.03413744,2274115.3538513468,0.0028003514115175,2.8003514115175306e-07,False,True,False,unknown
100,m4_2025.02.27_fl32_fl33__rLN1_6/P 4,"(3, 25, 512, 512)",9223759.0,57421510.0,7866052.0,61509236.0,34781345.25201556,134972177.55227843,2569558.7462919606,0.0036929609230526,3.692960923052674e-07,False,True,False,unknown
102,m4_2025.02.27_fl32_fl33__FL32_6/P 1,"(3, 19, 512, 512)",8015909.0,55946632.0,7359344.0,63250419.0,32411858.79225667,97218104.07647692,2005609.4874393088,0.0015817343133404,1.5817343133404946e-07,False,False,False,unknown
103,m4_2025.02.27_fl32_fl33__FL32_6/P 2,"(3, 21, 512, 512)",7796135.0,52573092.0,7479554.0,59381949.0,32782391.651099965,109193281.96703684,2238780.050504623,0.0008263793162674,8.263793162674439e-08,False,False,False,unknown
104,m4_2025.02.27_fl32_fl33__FL32_6/P 4,"(3, 23, 512, 512)",7749160.0,47386404.0,7070826.0,47327883.0,33969589.71562301,123438222.33926776,2724623.2399940887,0.0021205194702546,2.120519470254693e-07,False,False,False,unknown
105,m4_2025.02.27_fl32_fl33__FL32_6/P 3,"(3, 20, 512, 512)",7423918.0,40797329.0,6973900.0,43176994.0,25628320.619980022,110174497.62345518,1957257.9193334144,0.0019436350242468,1.9436350242468718e-07,False,False,False,unknown
107,m4_2025.02.27_fl32_fl33__FL33_6/P 2,"(3, 15, 512, 512)",6659660.0,43412315.0,4030904.0,39062939.0,22862681.540301196,78989432.1422752,1473905.7174355795,0.0111707336869643,1.117073368696437e-06,False,False,False,unknown
108,m4_2025.02.27_fl32_fl33__FL33_6/P 1,"(3, 15, 512, 512)",5060822.0,33272703.0,3344440.0,35069208.0,22043155.304317385,79808958.378259,1456940.7589446455,0.0082323295092357,8.23232950923572e-07,False,False,False,unknown
109,m4_2025.02.27_fl32_fl33__FL33_6/P 3,"(3, 18, 512, 512)",6720375.0,43547791.0,4289528.0,41215062.0,27080240.51724537,96376866.97678664,1870367.1957647323,0.0094226761867633,9.42267618676332e-07,False,False,False,unknown
110,m4_2025.02.27_fl32_fl33__FL33_6/P 4,"(3, 14, 512, 512)",4684754.0,35586296.0,3498762.0,35828731.0,24223307.49115648,71455950.81671833,1633903.9306753664,0.0044564173409862,4.4564173409862206e-07,False,False,False,unknown
0,m4_2025.03.20_mcl7_mcl8__Bead_dev1/P 1,"(3, 27, 512, 512)",8922006.0,47496983.0,6966499.0,46386432.0,42024602.72162611,140074630.8320711,3578676.659601507,0.0053935910942908,5.39359109429085e-07,True,False,True,unknown
1,m4_2025.03.20_mcl7_mcl8__Bead_dev1/P 2,"(3, 21, 512, 512)",5879045.0,31462388.0,6021232.0,39804638.0,27603220.37352449,114372453.2446123,2236029.5575538347,-0.0005979954154709,-5.9799541547094e-08,True,False,True,unknown
2,m4_2025.03.20_mcl7_mcl8__Bead_dev1/P 4,"(3, 25, 512, 512)",7133130.0,23926039.0,4518242.0,22269953.0,26755613.65492681,142997909.14936718,3113192.7620476903,0.0187946415694003,1.8794641569400371e-06,True,False,True,unknown
3,m4_2025.03.20_mcl7_mcl8__Bead_dev1/P 3,"(3, 22, 512, 512)",5902981.0,26741284.0,3483391.0,23437241.0,24137382.391736746,124011146.60110164,2169945.6999562574,0.0192497207477455,1.9249720747745544e-06,True,False,True,unknown
5,m4_2025.03.20_mcl7_mcl8__rLN4_dev1/P 3,"(3, 23, 512, 512)",10488906.0,32784612.0,5860118.0,40941480.0,28446694.4927941,128961117.56209669,2470265.532706582,0.0191338996893866,1.913389968938667e-06,False,True,True,unknown
6,m4_2025.03.20_mcl7_mcl8__rLN4_dev1/P 4,"(3, 16, 512, 512)",10146761.0,39087276.0,6038611.0,45726577.0,26744499.19975386,81280469.85752413,1786174.717478969,0.0130842013092676,1.3084201309267618e-06,False,True,True,unknown
7,m4_2025.03.20_mcl7_mcl8__rLN4_dev1/P 2,"(3, 26, 512, 512)",12178525.0,51540180.0,6892571.0,54596953.0,40479175.40594593,135447202.77304965,3163357.0483867945,0.0131790598914949,1.317905989149493e-06,False,True,True,unknown
8,m4_2025.03.20_mcl7_mcl8__rLN4_dev1/P 1,"(3, 22, 512, 512)",9813821.0,48893959.0,7458984.0,57661604.0,38164154.48604941,109984374.50678895,2866208.773509239,0.0049998288192542,4.999828819254295e-07,False,True,True,unknown
10,m4_2025.03.20_mcl7_mcl8__MCL7_dev1/P 1,"(3, 13, 512, 512)",4291227.0,25747921.0,3735821.0,27753562.0,19776159.66265232,69730243.27052088,1531750.989846701,0.0029242124364155,2.92421243641558e-07,False,False,True,unknown
11,m4_2025.03.20_mcl7_mcl8__MCL7_dev1/P 2,"(3, 25, 512, 512)",7617198.0,33821000.0,7125825.0,38141382.0,31573412.080146864,138180110.72414714,2909071.489782963,0.0020903564350637,2.090356435063796e-07,False,False,True,unknown
12,m4_2025.03.20_mcl7_mcl8__MCL7_dev1/P 4,"(3, 17, 512, 512)",5891184.0,22308359.0,4624821.0,23200016.0,19661588.938830256,94536235.49314934,1789268.6431326107,0.0100056448602076,1.0005644860207656e-06,False,False,True,unknown
13,m4_2025.03.20_mcl7_mcl8__MCL7_dev1/P 3,"(3, 21, 512, 512)",6868652.0,40415262.0,6219035.0,45516657.0,29890043.072934534,112085630.54520226,2418572.1176968743,0.0021280386298827,2.128038629882733e-07,False,False,True,unknown
15,m4_2025.03.20_mcl7_mcl8__MCL8_dev1/P 2,"(3, 17, 512, 512)",6847571.0,32873312.0,5225685.0,35645387.0,26667369.11941696,87530455.31256264,2048340.074613853,0.0063287799371219,6.328779937121965e-07,False,False,True,unknown
16,m4_2025.03.20_mcl7_mcl8__MCL8_dev1/P 3,"(3, 13, 512, 512)",5282904.0,13485440.0,3302558.0,14383559.0,13664398.470040193,75842004.463133,1212882.5614189352,0.0310420669618925,3.104206696189253e-06,False,False,True,unknown
17,m4_2025.03.20_mcl7_mcl8__MCL8_dev1/P 4,"(3, 20, 512, 512)",8505117.0,52083290.0,6610188.0,50092323.0,31790756.19295698,104012062.05047822,2093557.324895568,0.0060142078170035,6.014207817003588e-07,False,False,True,unknown
18,m4_2025.03.20_mcl7_mcl8__MCL8_dev1/P 1,"(3, 21, 512, 512)",8118023.0,56966963.0,7258180.0,60667350.0,39519282.07825452,102456391.53988229,2748369.374241354,0.0016671120325354,1.667112032535465e-07,False,False,True,unknown
21,m4_2025.03.20_mcl7_mcl8__rLN4_dev2/P 1,"(3, 21, 512, 512)",8128638.0,49224742.0,6007528.0,49035301.0,37454960.41047425,104520713.20766255,2672594.7234867085,0.0053552663990876,5.3552663990876e-07,False,True,True,unknown
22,m4_2025.03.20_mcl7_mcl8__rLN4_dev2/P 2,"(3, 17, 512, 512)",7502687.0,40689744.0,5580133.0,45525193.0,26610513.5007409,87587310.9312387,1868178.949708728,0.0062680966898471,6.268096689847177e-07,False,True,True,unknown
23,m4_2025.03.20_mcl7_mcl8__rLN4_dev2/P 4,"(3, 24, 512, 512)",9709495.0,73625100.0,7603416.0,79454782.0,50535072.91397517,113045594.51561722,3133633.663627959,0.0029372610478484,2.937261047848438e-07,False,True,True,unknown
24,m4_2025.03.20_mcl7_mcl8__rLN4_dev2/P 3,"(3, 20, 512, 512)",8105595.0,80632403.0,7342677.0,90333132.0,49863484.31490681,85939333.9285284,2662231.656175852,0.0008243152895682,8.243152895682667e-08,False,True,True,unknown
26,m4_2025.03.20_mcl7_mcl8__MCL7_dev2/P 1,"(3, 15, 512, 512)",5847331.0,48970206.0,3551254.0,40560848.0,33160400.864853032,68691712.81772336,1950328.6878708329,0.0060696851435868,6.069685143586867e-07,False,False,True,unknown
27,m4_2025.03.20_mcl7_mcl8__MCL7_dev2/P 2,"(3, 14, 512, 512)",3819973.0,32187057.0,2914504.0,38316553.0,30465769.49613616,65213488.81173864,1795723.3191521042,0.0025801247159998,2.5801247159998137e-07,False,False,True,unknown
28,m4_2025.03.20_mcl7_mcl8__MCL7_dev2/P 3,"(3, 14, 512, 512)",4748451.0,36839570.0,3658523.0,40963389.0,32073385.956120957,63605872.351753846,2032266.9803114089,0.0025400734609968,2.54007346099681e-07,False,False,True,unknown
29,m4_2025.03.20_mcl7_mcl8__MCL7_dev2/P 4,"(3, 10, 512, 512)",2309672.0,18072346.0,1441907.0,16027203.0,16560538.207703177,51340870.91401443,1215090.969570962,0.0069829481885305,6.982948188530504e-07,False,False,True,unknown
31,m4_2025.03.20_mcl7_mcl8__MCL8_dev2/P 1,"(3, 17, 512, 512)",6917972.0,27104026.0,5245290.0,27984665.0,24228582.14784873,89969242.28413087,2366137.110597228,0.0077693827082314,7.769382708231442e-07,False,False,True,unknown
32,m4_2025.03.20_mcl7_mcl8__MCL8_dev2/P 2,"(3, 19, 512, 512)",6605801.0,21462146.0,5725355.0,23320706.0,20919347.31039941,108710615.55833416,2057278.0689577437,0.0073448215335222,7.344821533522234e-07,False,False,True,unknown
33,m4_2025.03.20_mcl7_mcl8__MCL8_dev2/P 3,"(3, 16, 512, 512)",5226568.0,19022705.0,5012191.0,21746346.0,16906181.280279916,91118787.77699807,1527454.042883166,0.0021228127237494,2.1228127237494408e-07,False,False,True,unknown
34,m4_2025.03.20_mcl7_mcl8__MCL8_dev2/P 4,"(3, 22, 512, 512)",7624884.0,33115687.0,4973021.0,29149834.0,29418432.250468552,118730096.74236985,2660016.277465771,0.0135995976317492,1.3599597631749243e-06,False,False,True,unknown
36,m4_2025.03.20_mcl7_mcl8__Bead_dev3/P 1,"(3, 19, 512, 512)",6387583.0,51495138.0,4530648.0,50229300.0,36354605.800777175,93275357.06795642,2286139.043565672,0.0046052699340543,4.605269934054325e-07,True,False,True,unknown
37,m4_2025.03.20_mcl7_mcl8__Bead_dev3/P 2,"(3, 13, 512, 512)",3715287.0,42112592.0,2638357.0,41347045.0,29181025.604168262,60325377.32900493,1629576.0979153195,0.0028608950354509,2.860895035450992e-07,True,False,True,unknown
38,m4_2025.03.20_mcl7_mcl8__Bead_dev3/P 4,"(3, 15, 512, 512)",3990919.0,19871043.0,3201288.0,21310327.0,16562975.381665887,85289138.3009105,1502823.9367840246,0.0068740376721842,6.874037672184285e-07,True,False,True,unknown
39,m4_2025.03.20_mcl7_mcl8__Bead_dev3/P 3,"(3, 12, 512, 512)",3325273.0,20941255.0,3124239.0,24831641.0,17567891.671837572,62679228.19928323,1508032.2328850734,0.0010692325715248,1.0692325715248507e-07,True,False,True,unknown
41,m4_2025.03.20_mcl7_mcl8__rLN4_dev3/P 3,"(3, 19, 512, 512)",6489002.0,36857373.0,4874482.0,39329213.0,29366910.15742104,100263052.71131256,2074269.136113866,0.0062916982112074,6.291698211207435e-07,False,True,True,unknown
42,m4_2025.03.20_mcl7_mcl8__rLN4_dev3/P 2,"(3, 14, 512, 512)",4054523.0,36977080.0,3309453.0,38111648.0,27185863.16275022,68493395.14512458,1749018.0211916491,0.0023288544688914,2.32885446889143e-07,False,True,True,unknown
43,m4_2025.03.20_mcl7_mcl8__rLN4_dev3/P 4,"(3, 20, 512, 512)",8096091.0,30238015.0,4682448.0,26761298.0,24224579.060180504,111578239.1832547,1859948.425795421,0.0257642646974972,2.576426469749728e-06,False,True,True,unknown
44,m4_2025.03.20_mcl7_mcl8__rLN4_dev3/P 1,"(3, 14, 512, 512)",4178038.0,26824370.0,3146772.0,25563363.0,20974307.349326693,74704950.9585481,1511424.119886056,0.0063162842656331,6.31628426563311e-07,False,True,True,unknown
46,m4_2025.03.20_mcl7_mcl8__MCL7_dev3/P 4,"(3, 16, 512, 512)",6667982.0,28009847.0,3851975.0,22291680.0,21383893.860509705,86641075.19676828,2138501.4002932822,0.0171866627328466,1.7186662732846697e-06,False,False,True,unknown
47,m4_2025.03.20_mcl7_mcl8__MCL7_dev3/P 3,"(3, 15, 512, 512)",5261328.0,26435866.0,4792780.0,30386655.0,20867848.76492641,80984264.91764997,1605575.7955322557,0.0025649882218614,2.564988221861411e-07,False,False,True,unknown
48,m4_2025.03.20_mcl7_mcl8__MCL7_dev3/P 1,"(3, 13, 512, 512)",4431005.0,16597173.0,3905921.0,19545962.0,14015198.46143659,75491204.47173661,1325978.9832512788,0.0053094325877589,5.309432587758919e-07,False,False,True,unknown
49,m4_2025.03.20_mcl7_mcl8__MCL7_dev3/P 2,"(3, 13, 512, 512)",3605173.0,11772184.0,2690187.0,10730620.0,12404897.577956636,77101505.35521656,1440551.4842151352,0.0169186842029045,1.6918684202904523e-06,False,False,True,unknown
51,m4_2025.03.20_mcl7_mcl8__MCL8_dev3/P 1,"(3, 18, 512, 512)",8429199.0,55567873.0,6104225.0,60642505.0,37038333.17451006,86418774.31952193,2426572.1418876154,0.0042172471901664,4.217247190166476e-07,False,False,True,unknown
52,m4_2025.03.20_mcl7_mcl8__MCL8_dev3/P 2,"(3, 14, 512, 512)",5108319.0,40721805.0,3705756.0,45638786.0,27315716.262435097,68363542.0454397,1710404.4467339795,0.0037135508200358,3.713550820035802e-07,False,False,True,unknown
53,m4_2025.03.20_mcl7_mcl8__MCL8_dev3/P 4,"(3, 22, 512, 512)",8315069.0,45615942.0,6216513.0,45530554.0,34238420.60011887,113910108.3927195,2722841.0652651256,0.0062031223757493,6.20312237574938e-07,False,False,True,unknown
54,m4_2025.03.20_mcl7_mcl8__MCL8_dev3/P 3,"(3, 17, 512, 512)",5657696.0,29283336.0,4127866.0,26543872.0,21834394.282419432,92363430.14956015,1819365.926629027,0.0096241511364805,9.6241511364805e-07,False,False,True,unknown
56,m4_2025.03.20_mcl7_mcl8__Bead_dev4/P 2,"(3, 8, 512, 512)",1547149.0,5841214.0,1082652.0,7166035.0,8066080.366027011,47489618.00628738,788702.6821125924,0.0127708737436014,1.2770873743601431e-06,True,False,True,unknown
57,m4_2025.03.20_mcl7_mcl8__Bead_dev4/P 3,"(3, 20, 512, 512)",5723150.0,27190095.0,4877424.0,34658269.0,26308574.72647137,109494243.51696384,2261208.236341577,0.0038198023712398,3.819802371239845e-07,True,False,True,unknown
58,m4_2025.03.20_mcl7_mcl8__Bead_dev4/P 1,"(3, 18, 512, 512)",5964430.0,25349167.0,4708770.0,27480851.0,21315111.395339783,102141996.0986922,2064236.910337132,0.007578995346575,7.578995346575048e-07,True,False,True,unknown
60,m4_2025.03.20_mcl7_mcl8__rLN4_dev4/P 3,"(3, 20, 512, 512)",9003199.0,31461346.0,5342752.0,40999055.0,32127286.35419488,103675531.88924032,2601307.831501686,0.0113652720091894,1.1365272009189482e-06,False,True,True,unknown
61,m4_2025.03.20_mcl7_mcl8__rLN4_dev4/P 2,"(3, 18, 512, 512)",6762950.0,16529718.0,3854474.0,18606524.0,17180145.536020905,106276961.95801108,1831734.575652584,0.0317751197501465,3.177511975014653e-06,False,True,True,unknown
62,m4_2025.03.20_mcl7_mcl8__rLN4_dev4/P 1,"(3, 15, 512, 512)",7588199.0,18447127.0,4665467.0,19415370.0,18314020.118045744,83538093.56453064,1944485.1048246247,0.0236470662848715,2.364706628487157e-06,False,True,True,unknown
63,m4_2025.03.20_mcl7_mcl8__rLN4_dev4/P 4,"(3, 22, 512, 512)",9591437.0,47417844.0,5990360.0,49886569.0,38937421.5118907,109211107.48094767,3127314.93874254,0.0079578927871101,7.957892787110139e-07,False,True,True,unknown
65,m4_2025.03.20_mcl7_mcl8__MCL7_dev4/P 1,"(3, 20, 512, 512)",11611928.0,33486854.0,5524658.0,31542615.0,24273499.14624367,111529319.09719154,2198270.9473455558,0.032972714593598,3.297271459359804e-06,False,False,True,unknown
66,m4_2025.03.20_mcl7_mcl8__MCL7_dev4/P 2,"(3, 8, 512, 512)",2310296.0,12368053.0,1429767.0,10752918.0,10789392.680507991,44766305.691806406,830994.1399138852,0.0141329147649457,1.4132914764945786e-06,False,False,True,unknown
67,m4_2025.03.20_mcl7_mcl8__MCL7_dev4/P 3,"(3, 16, 512, 512)",4596320.0,21392422.0,2831696.0,19614366.0,21114898.142992217,86910070.91428578,2116359.935709458,0.0119941423440024,1.1994142344002464e-06,False,False,True,unknown
68,m4_2025.03.20_mcl7_mcl8__MCL7_dev4/P 4,"(3, 21, 512, 512)",9109056.0,46171552.0,4731055.0,39559831.0,32725842.15089265,109249831.46724416,2401718.255196457,0.0158830484279269,1.588304842792699e-06,False,False,True,unknown
70,m4_2025.03.20_mcl7_mcl8__MCL8_dev4/P 2,"(3, 19, 512, 512)",6752924.0,35632063.0,7237071.0,45188089.0,25967393.919265974,103662568.9494676,1930838.578041572,-0.001902511603616,-1.902511603616007e-07,False,False,True,unknown
71,m4_2025.03.20_mcl7_mcl8__MCL8_dev4/P 1,"(3, 24, 512, 512)",9237432.0,47410003.0,7936750.0,49615958.0,35156575.8519754,128424091.577617,2795481.906502344,0.0039823459811489,3.9823459811489773e-07,False,False,True,unknown
72,m4_2025.03.20_mcl7_mcl8__MCL8_dev4/P 3,"(3, 19, 512, 512)",8041408.0,35128957.0,5657261.0,35894295.0,24544272.705637336,105085690.16309623,2017762.5446017664,0.0114068272670215,1.1406827267021587e-06,False,False,True,unknown
73,m4_2025.03.20_mcl7_mcl8__MCL8_dev4/P 4,"(3, 27, 512, 512)",6697338.0,32298838.0,5872135.0,39037907.0,36846137.871286206,145253095.682411,3058899.535758706,0.0032819228678142,3.281922867814286e-07,False,False,True,unknown
75,m4_2025.03.20_mcl7_mcl8__Bead_dev5/P 3,"(3, 18, 512, 512)",7150087.0,39654405.0,3756370.0,33826620.0,29017405.282623183,94439702.2114088,2449774.306329704,0.0120854998692956,1.2085499869295606e-06,True,False,True,unknown
76,m4_2025.03.20_mcl7_mcl8__Bead_dev5/P 1,"(3, 16, 512, 512)",6541210.0,45262513.0,3808192.0,39706372.0,26525671.58974904,81499297.46752895,1656257.8807886129,0.0104062311318263,1.0406231131826372e-06,True,False,True,unknown
77,m4_2025.03.20_mcl7_mcl8__Bead_dev5/P 2,"(3, 17, 512, 512)",6017025.0,46745917.0,3685413.0,36089170.0,30264225.805828277,83933598.62615132,2267284.066964318,0.0073992605778625,7.399260577862502e-07,True,False,True,unknown
80,m4_2025.03.20_mcl7_mcl8__MCL7_dev5/P 3,"(3, 21, 512, 512)",8632822.0,47735378.0,7735439.0,51651834.0,31250645.476215303,110725028.14192148,2456483.592466529,0.0025584715160094,2.558471516009429e-07,False,False,True,unknown
81,m4_2025.03.20_mcl7_mcl8__MCL7_dev5/P 2,"(3, 22, 512, 512)",11085822.0,57433972.0,8574970.0,57614726.0,36894492.81556092,111254036.17727746,2875294.870681883,0.0055030530440811,5.503053044081101e-07,False,False,True,unknown
82,m4_2025.03.20_mcl7_mcl8__MCL7_dev5/P 4,"(3, 24, 512, 512)",11252363.0,57181565.0,8257038.0,53426222.0,36994852.57816079,126585814.8514316,3041975.2609806987,0.0076652896335445,7.665289633544525e-07,False,False,True,unknown
83,m4_2025.03.20_mcl7_mcl8__MCL7_dev5/P 1,"(3, 22, 512, 512)",8647554.0,65149900.0,7260232.0,59274858.0,37956888.73513342,110191640.25770496,2650454.070216215,0.0030801910704714,3.08019107047142e-07,False,False,True,unknown
85,m4_2025.03.20_mcl7_mcl8__MCL8_dev5/P 1,"(3, 14, 512, 512)",9164591.0,37072320.0,4665231.0,43154182.0,27785631.65953572,67893626.64833908,1649955.0599628692,0.0133619259290958,1.336192592909588e-06,False,False,True,unknown
86,m4_2025.03.20_mcl7_mcl8__MCL8_dev5/P 2,"(3, 22, 512, 512)",13165758.0,38727261.0,8885102.0,46426207.0,30626564.108738966,117521964.88409942,2337452.26529839,0.0159249130424893,1.5924913042489311e-06,False,False,True,unknown
87,m4_2025.03.20_mcl7_mcl8__MCL8_dev5/P 4,"(3, 22, 512, 512)",14667216.0,53144550.0,8176300.0,60708009.0,36709455.97499083,111439073.01784755,2671564.8987425407,0.0143170558936882,1.431705589368829e-06,False,False,True,unknown
88,m4_2025.03.20_mcl7_mcl8__MCL8_dev5/P 3,"(3, 21, 512, 512)",14019403.0,41761836.0,7479127.0,46395617.0,28119865.932258017,113855807.68587878,2182972.135482195,0.0243482026939777,2.4348202693977744e-06,False,False,True,unknown
90,m4_2025.03.20_mcl7_mcl8__Bead_dev6/P 1,"(3, 24, 512, 512)",10230214.0,53288788.0,7390892.0,55054890.0,34024691.039997414,129555976.389595,2560716.5749914576,0.0083717763587792,8.371776358779296e-07,True,False,True,unknown
91,m4_2025.03.20_mcl7_mcl8__Bead_dev6/P 2,"(3, 20, 512, 512)",8535218.0,55282582.0,6578475.0,60945297.0,37101793.8878387,98701024.35559651,2527124.3820736725,0.0039047423523264,3.904742352326469e-07,True,False,True,unknown
92,m4_2025.03.20_mcl7_mcl8__Bead_dev6/P 3,"(3, 18, 512, 512)",6008399.0,25971442.0,5142992.0,31084404.0,20628275.741770387,102828831.7522616,1795786.9700609844,0.0053062093127984,5.306209312798459e-07,True,False,True,unknown
93,m4_2025.03.20_mcl7_mcl8__Bead_dev6/P 4,"(3, 20, 512, 512)",7287121.0,32901842.0,4810828.0,30763793.0,21998626.840902008,113804191.4025332,2070961.7239909088,0.0145646057550744,1.4564605755074411e-06,True,False,True,unknown
95,m4_2025.03.20_mcl7_mcl8__rLN4_dev6/P 4,"(3, 12, 512, 512)",4123510.0,16269200.0,2054585.0,19031434.0,18737240.67487524,61509879.19624555,1429399.986400989,0.0145672059836775,1.4567205983677547e-06,False,True,True,unknown
96,m4_2025.03.20_mcl7_mcl8__rLN4_dev6/P 3,"(3, 16, 512, 512)",9252567.0,23017101.0,3676715.0,16381324.0,16826825.95415098,91198143.10312702,1705766.4379682452,0.0651799261242302,6.517992612423024e-06,False,True,True,unknown
97,m4_2025.03.20_mcl7_mcl8__rLN4_dev6/P 1,"(3, 21, 512, 512)",10063301.0,93845168.0,7776519.0,99305165.0,57734590.76391672,84241082.85422006,3132638.341660318,0.0018662890506424,1.866289050642425e-07,False,True,True,unknown
98,m4_2025.03.20_mcl7_mcl8__rLN4_dev6/P 2,"(3, 17, 512, 512)",7251694.0,37233516.0,5874043.0,50184822.0,30331642.51167609,83866181.92030351,2059332.3665052347,0.0035171245850677,3.517124585067777e-07,False,True,True,unknown
100,m4_2025.03.20_mcl7_mcl8__MCL7_dev6/P 1,"(3, 19, 512, 512)",9290946.0,35491289.0,6486001.0,41696259.0,27060157.65353838,95700532.58655363,2193032.121397368,0.0096565502253206,9.656550225320612e-07,False,False,True,unknown
101,m4_2025.03.20_mcl7_mcl8__MCL7_dev6/P 2,"(3, 17, 512, 512)",6290793.0,37622213.0,5135844.0,43245067.0,28860315.80318984,79625875.5717752,2050640.3011271383,0.0032688496433347,3.26884964333471e-07,False,False,True,unknown
102,m4_2025.03.20_mcl7_mcl8__MCL7_dev6/P 4,"(3, 22, 512, 512)",11360156.0,56077909.0,8315550.0,56751010.0,39232328.38189856,103512660.26937124,2790890.721969305,0.0064761337214675,6.476133721467593e-07,False,False,True,unknown
103,m4_2025.03.20_mcl7_mcl8__MCL7_dev6/P 3,"(3, 20, 512, 512)",12374752.0,49874566.0,8868904.0,55275868.0,37019569.78058374,91450920.00555909,2754789.98394662,0.0069663775596481,6.966377559648194e-07,False,False,True,unknown
105,m4_2025.03.20_mcl7_mcl8__MCL8_dev6/P 1,"(3, 23, 512, 512)",9174467.0,86431168.0,7618061.0,89812213.0,47146413.65930181,101308374.53801876,2786317.1421843385,0.001912468439016,1.9124684390160384e-07,False,False,True,unknown
106,m4_2025.03.20_mcl7_mcl8__MCL8_dev6/P 2,"(3, 21, 512, 512)",7325301.0,48341560.0,5774480.0,45295837.0,31864046.22005284,102316243.11214076,2389958.638997033,0.0046663952845097,4.666395284509773e-07,False,False,True,unknown
107,m4_2025.03.20_mcl7_mcl8__MCL8_dev6/P 4,"(3, 26, 512, 512)",7199344.0,41580466.0,7899655.0,52478329.0,37125393.53048641,131313693.07801196,3131668.187068427,-0.0018297660955998,-1.8297660955998187e-07,False,False,True,unknown
108,m4_2025.03.20_mcl7_mcl8__MCL8_dev6/P 3,"(3, 23, 512, 512)",8753377.0,67591640.0,5471636.0,53475117.0,42493043.77627041,105961744.42105016,3093991.180462535,0.0065036790101472,6.503679010147248e-07,False,False,True,unknown
0,m4_2025.06.27_fl41_fl43__Bead_dev1/P 1,"(3, 14, 512, 512)",3145582.0,11295879.0,1961308.0,9133629.0,19779326.81142512,75899931.49644968,2089458.7849025512,0.0166608651974339,1.666086519743397e-06,True,False,False,unknown
1,m4_2025.06.27_fl41_fl43__Bead_dev1/P 4,"(3, 16, 512, 512)",2648258.0,18101156.0,2632977.0,20698268.0,23467442.122884717,84557526.93439329,1838050.9943269196,0.0001080933632292,1.0809336322928135e-08,True,False,False,unknown
2,m4_2025.06.27_fl41_fl43__Bead_dev1/P 2,"(3, 17, 512, 512)",4025789.0,18911195.0,2475358.0,14607825.0,23021615.894517,91176208.5374626,2254322.307348389,0.0143570873871242,1.435708738712426e-06,True,False,False,unknown
3,m4_2025.06.27_fl41_fl43__Bead_dev1/P 3,"(3, 17, 512, 512)",2901257.0,27124750.0,2187321.0,26366699.0,30505506.028136928,83692318.40384267,1922415.1604450613,0.0035706729385648,3.570672938564829e-07,True,False,False,unknown
5,m4_2025.06.27_fl41_fl43__YK_dev1/P 3,"(3, 17, 512, 512)",5715602.0,30271437.0,3764617.0,33712717.0,37740003.80002642,76457820.63195318,2299622.356865502,0.0060165502385782,6.016550238578243e-07,False,False,False,unknown
6,m4_2025.06.27_fl41_fl43__YK_dev1/P 2,"(3, 19, 512, 512)",7615153.0,30686221.0,5812407.0,35863093.0,39119079.27551732,90510883.59321629,2603927.870418596,0.0057922794176379,5.792279417637928e-07,False,False,False,unknown
7,m4_2025.06.27_fl41_fl43__YK_dev1/P 4,"(3, 13, 512, 512)",4948980.0,19388186.0,2902792.0,18088002.0,25621868.58456183,63884534.34861137,2082925.382230699,0.0114800624795858,1.1480062479585808e-06,False,False,False,unknown
8,m4_2025.06.27_fl41_fl43__YK_dev1/P 1,"(3, 18, 512, 512)",6206540.0,18802773.0,3877900.0,19091105.0,27287494.494374108,96169612.99965788,2541155.434689304,0.0160911014535788,1.6091101453578842e-06,False,False,False,unknown
13,m4_2025.06.27_fl41_fl43__FL41_dev1/P 1,"(3, 19, 512, 512)",7923548.0,27593091.0,5124055.0,31392917.0,31426180.870466985,98203781.9982666,2520687.8402061285,0.0115330658923695,1.153306589236958e-06,False,False,False,unknown
14,m4_2025.06.27_fl41_fl43__FL41_dev1/P 2,"(3, 16, 512, 512)",6127242.0,15883326.0,3366677.0,15788979.0,17138254.400951654,90886714.65632634,1584085.5396438888,0.0354172770655789,3.541727706557896e-06,False,False,False,unknown
15,m4_2025.06.27_fl41_fl43__FL41_dev1/P 4,"(3, 12, 512, 512)",3862189.0,16045434.0,3141517.0,21369954.0,21878828.55553673,58368291.31558406,1723894.6080978569,0.003718364714146,3.718364714146028e-07,False,False,False,unknown
16,m4_2025.06.27_fl41_fl43__FL41_dev1/P 3,"(3, 20, 512, 512)",6986851.0,28746657.0,4288280.0,29508976.0,34944671.22887916,100858147.01455604,2900447.0850838246,0.0103352341212438,1.033523412124381e-06,False,False,False,unknown
18,m4_2025.06.27_fl41_fl43__FL43_dev1/P 1,"(3, 17, 512, 512)",4986492.0,20320953.0,3072752.0,26008270.0,27921383.4266376,86276441.005342,2208495.728450389,0.0090545639114463,9.054563911446304e-07,False,False,False,unknown
19,m4_2025.06.27_fl41_fl43__FL43_dev1/P 2,"(3, 20, 512, 512)",6979317.0,37072833.0,3794693.0,43635259.0,46998450.92318339,88804367.32025182,2995659.6888181493,0.0065822142204674,6.582214220467489e-07,False,False,False,unknown
20,m4_2025.06.27_fl41_fl43__FL43_dev1/P 3,"(3, 16, 512, 512)",4409887.0,16600341.0,2478311.0,20016988.0,23288268.62836985,84736700.42890814,1883549.3377829348,0.0137628069525537,1.3762806952553728e-06,False,False,False,unknown
21,m4_2025.06.27_fl41_fl43__FL43_dev1/P 4,"(3, 21, 512, 512)",7315949.0,20095952.0,4114634.0,21810035.0,27712398.702781714,114263274.91535509,3094599.960284817,0.0185552859571685,1.855528595716856e-06,False,False,False,unknown
23,m4_2025.06.27_fl41_fl43__Bead_dev2/P 3,"(3, 20, 512, 512)",7348219.0,38971462.0,5191753.0,46261947.0,36307946.281867824,99494871.96156736,2557174.569785394,0.0056748407771317,5.674840777131739e-07,True,False,False,unknown
24,m4_2025.06.27_fl41_fl43__Bead_dev2/P 2,"(3, 21, 512, 512)",8188832.0,30956655.0,6084279.0,38345232.0,32910443.361334138,109065230.25680263,2926549.277101365,0.0067532161980792,6.75321619807926e-07,True,False,False,unknown
25,m4_2025.06.27_fl41_fl43__Bead_dev2/P 4,"(3, 22, 512, 512)",8597560.0,42853792.0,6126548.0,46254902.0,40645962.876263805,107502566.1165746,3095344.009537385,0.0059406082801675,5.940608280167524e-07,True,False,False,unknown
26,m4_2025.06.27_fl41_fl43__Bead_dev2/P 1,"(3, 24, 512, 512)",14515353.0,49619528.0,9904152.0,52076325.0,49581125.34884981,113999542.0807426,4026372.22896482,0.0085995308340898,8.599530834089826e-07,True,False,False,unknown
28,m4_2025.06.27_fl41_fl43__YK_dev2/P 2,"(3, 24, 512, 512)",8264800.0,48826680.0,6731890.0,52731361.0,40350711.61315767,123229955.81643474,2809531.593305999,0.0040601650828505,4.06016508285057e-07,False,False,False,unknown
29,m4_2025.06.27_fl41_fl43__YK_dev2/P 1,"(3, 21, 512, 512)",10968192.0,22521564.0,6871867.0,23817426.0,24270343.771258127,117705329.84687866,2940263.7710139845,0.0268810260231672,2.688102602316726e-06,False,False,False,unknown
30,m4_2025.06.27_fl41_fl43__YK_dev2/P 3,"(3, 23, 512, 512)",22218846.0,53471316.0,12752470.0,51954948.0,36968856.05589184,120438955.99899894,2784471.5934361704,0.029012952067014,2.901295206701405e-06,False,False,False,unknown
31,m4_2025.06.27_fl41_fl43__YK_dev2/P 4,"(3, 22, 512, 512)",23064608.0,48124783.0,15162892.0,51366071.0,35390332.62422524,112758196.36861315,3026424.842382939,0.0225886582710042,2.2588658271004203e-06,False,False,False,unknown
33,m4_2025.06.27_fl41_fl43__YK+Bc_dev2/P 1,"(3, 24, 512, 512)",10182516.0,83898738.0,8339620.0,92350700.0,53911830.42135765,109668837.00823475,2962710.4457540177,0.0022555672913445,2.25556729134453e-07,False,False,False,unknown
34,m4_2025.06.27_fl41_fl43__YK+Bc_dev2/P 2,"(3, 19, 512, 512)",13481373.0,59212543.0,7818320.0,53361641.0,38613877.838000014,91016085.03073356,2431439.9976698235,0.0129293896402903,1.2929389640290353e-06,False,False,False,unknown
35,m4_2025.06.27_fl41_fl43__YK+Bc_dev2/P 3,"(3, 16, 512, 512)",15548482.0,49847515.0,11225779.0,52746739.0,31659749.262120675,76365219.79515731,1877154.9677509065,0.0117647035851368,1.176470358513685e-06,False,False,False,unknown
36,m4_2025.06.27_fl41_fl43__YK+Bc_dev2/P 4,"(3, 17, 512, 512)",8575872.0,56249726.0,6772158.0,63796782.0,40113010.622175895,74084813.8098037,2358471.9952357165,0.0027599500044377,2.759950004437748e-07,False,False,False,unknown
38,m4_2025.06.27_fl41_fl43__FL41_dev2/P 1,"(3, 25, 512, 512)",11838076.0,55771078.0,4667467.0,31448850.0,41741478.45939724,128012044.34489676,2957543.2780195866,0.0321914297306354,3.219142973063544e-06,False,False,False,unknown
39,m4_2025.06.27_fl41_fl43__FL41_dev2/P 2,"(3, 25, 512, 512)",19954187.0,45426751.0,14367154.0,49399366.0,37301112.33235454,132452410.47193944,2932167.491946994,0.0200116209086393,2.001162090863931e-06,False,False,False,unknown
40,m4_2025.06.27_fl41_fl43__FL41_dev2/P 4,"(3, 24, 512, 512)",10843744.0,62096761.0,7484678.0,64174802.0,44937378.82068674,118643288.60890566,2699834.4660881534,0.0072329367660259,7.232936766025961e-07,False,False,False,unknown
41,m4_2025.06.27_fl41_fl43__FL41_dev2/P 3,"(3, 26, 512, 512)",20948424.0,68746067.0,14588840.0,74468566.0,43305838.02499068,132620540.1540049,2488127.0161780785,0.0157247825470189,1.5724782547018952e-06,False,False,False,unknown
43,m4_2025.06.27_fl41_fl43__FL43_dev2/P 1,"(3, 28, 512, 512)",14662460.0,63601446.0,8620502.0,66969624.0,49250164.188985646,142108352.42676395,3462762.063257669,0.0118042345202043,1.1804234520204352e-06,False,False,False,unknown
44,m4_2025.06.27_fl41_fl43__FL43_dev2/P 2,"(3, 28, 512, 512)",20806492.0,55449182.0,14147895.0,59199142.0,42596938.294097,148761578.3216526,3410670.358530925,0.0179070664019507,1.7907066401950723e-06,False,False,False,unknown
45,m4_2025.06.27_fl41_fl43__FL43_dev2/P 3,"(3, 25, 512, 512)",27772448.0,47130700.0,17421974.0,46790419.0,35326318.54289541,134427204.26139858,3306818.692374803,0.0397972963009757,3.979729630097574e-06,False,False,False,unknown
46,m4_2025.06.27_fl41_fl43__FL43_dev2/P 4,"(3, 25, 512, 512)",10425718.0,53193518.0,9800768.0,59704470.0,40477103.219388254,129276419.58490574,3116754.287416232,0.0014428685175389,1.442868517538931e-07,False,False,False,unknown
48,m4_2025.06.27_fl41_fl43__Bead_dev3/P 2,"(3, 23, 512, 512)",7754314.0,87004053.0,7705530.0,103078990.0,54437977.42640957,102969834.6284812,2954096.57546689,4.952593620306847e-05,4.952593620306847e-09,True,False,False,unknown
49,m4_2025.06.27_fl41_fl43__Bead_dev3/P 3,"(3, 23, 512, 512)",5800518.0,52099300.0,5732748.0,55248471.0,34122825.55680523,123284986.49808556,2216499.447068261,0.0002114630173194,2.1146301731941257e-08,True,False,False,unknown
50,m4_2025.06.27_fl41_fl43__Bead_dev3/P 4,"(3, 26, 512, 512)",9042473.0,74730879.0,7705534.0,75069435.0,40901147.94132592,135025230.23766965,2331563.806239708,0.0031926365713318,3.192636571331862e-07,True,False,False,unknown
51,m4_2025.06.27_fl41_fl43__Bead_dev3/P 1,"(3, 23, 512, 512)",7329584.0,69479180.0,7205879.0,73892110.0,45701368.102167554,111706443.95272323,2994002.3423822164,0.0001922536843423,1.9225368434234752e-08,True,False,False,unknown
53,m4_2025.06.27_fl41_fl43__YK_dev3/P 2,"(3, 24, 512, 512)",12751672.0,71827395.0,7519486.0,75478339.0,51077514.84059423,112503152.58899815,3321430.0517748017,0.0072439295017193,7.243929501719314e-07,False,False,False,unknown
54,m4_2025.06.27_fl41_fl43__YK_dev3/P 1,"(3, 23, 512, 512)",15400022.0,78936257.0,9085003.0,87254101.0,59781616.73821281,97626195.31667796,3874278.294908376,0.0056547396063697,5.654739606369799e-07,False,False,False,unknown
55,m4_2025.06.27_fl41_fl43__YK_dev3/P 3,"(3, 23, 512, 512)",13325908.0,57844740.0,7294300.0,57446489.0,46810376.44550036,110597435.60939042,3407304.95575632,0.0108436319026678,1.0843631902667847e-06,False,False,False,unknown
56,m4_2025.06.27_fl41_fl43__YK_dev3/P 4,"(3, 23, 512, 512)",9772913.0,43907766.0,6204278.0,45416100.0,41999736.48293407,115408075.57195672,3364031.089255662,0.0086727895033528,8.672789503352862e-07,False,False,False,unknown
58,m4_2025.06.27_fl41_fl43__YK+Bc_dev3/P 1,"(3, 22, 512, 512)",6892562.0,60995849.0,6015951.0,72777183.0,47642889.16883138,100505639.824007,2864602.772174017,0.0012796938935008,1.279693893500881e-07,False,False,False,unknown
59,m4_2025.06.27_fl41_fl43__YK+Bc_dev3/P 4,"(3, 25, 512, 512)",9784806.0,86892745.0,7424526.0,91132919.0,58256287.27738456,111497235.52690944,3445789.1333033536,0.0025343548533856,2.5343548533856855e-07,False,False,False,unknown
60,m4_2025.06.27_fl41_fl43__YK+Bc_dev3/P 2,"(3, 27, 512, 512)",9748480.0,73788988.0,7335893.0,74362329.0,52116480.92352035,129982752.63017684,3354679.771165345,0.0038740838401445,3.874083840144522e-07,False,False,False,unknown
61,m4_2025.06.27_fl41_fl43__YK+Bc_dev3/P 3,"(3, 25, 512, 512)",9102881.0,79862393.0,4430971.0,50201907.0,49485934.27885686,120267588.52543712,2784625.358090684,0.0122457109145429,1.2245710914542993e-06,False,False,False,unknown
63,m4_2025.06.27_fl41_fl43__FL41_dev3/P 4,"(3, 26, 512, 512)",9876337.0,50849068.0,5935520.0,50919173.0,39141673.17326827,136784705.0057273,2923816.463336664,0.0113845659628105,1.1384565962810556e-06,False,False,False,unknown
64,m4_2025.06.27_fl41_fl43__FL41_dev3/P 1,"(3, 21, 512, 512)",7233839.0,41893473.0,5004252.0,47477354.0,31532227.37231318,110443446.24582362,2154925.093550224,0.0074733567347486,7.473356734748674e-07,False,False,False,unknown
65,m4_2025.06.27_fl41_fl43__FL41_dev3/P 3,"(3, 24, 512, 512)",9457297.0,57505669.0,7743999.0,64410390.0,41807482.31077392,121773185.11881848,2696126.4361530687,0.0037932919036932,3.793291903693237e-07,False,False,False,unknown
66,m4_2025.06.27_fl41_fl43__FL41_dev3/P 2,"(3, 20, 512, 512)",8972251.0,30982194.0,6451916.0,33919534.0,22547367.74370489,113255450.49973032,1787348.9451377643,0.0161504465363748,1.615044653637483e-06,False,False,False,unknown
68,m4_2025.06.27_fl41_fl43__FL43_dev3/P 3,"(3, 21, 512, 512)",10549980.0,78103276.0,7249663.0,81064711.0,45212237.884259455,96763435.73387732,2417677.41875388,0.0049707414626488,4.970741462648875e-07,False,False,False,unknown
69,m4_2025.06.27_fl41_fl43__FL43_dev3/P 4,"(3, 26, 512, 512)",11007557.0,66513576.0,8455560.0,67975412.0,44891932.001865126,131034446.17713046,2983035.845985276,0.0052316998680437,5.23169986804377e-07,False,False,False,unknown
70,m4_2025.06.27_fl41_fl43__FL43_dev3/P 2,"(3, 19, 512, 512)",7910642.0,61905575.0,6583666.0,73559513.0,41082028.63499341,88547934.23374018,2345636.3828241127,0.0020775912014737,2.077591201473793e-07,False,False,False,unknown
71,m4_2025.06.27_fl41_fl43__FL43_dev3/P 1,"(3, 20, 512, 512)",8741201.0,76188436.0,6572641.0,81946849.0,47980561.38743345,87822256.85600176,2520583.454857001,0.0027845158376993,2.7845158376993493e-07,False,False,False,unknown
73,m4_2025.06.27_fl41_fl43__Bead_dev4/P 4,"(3, 11, 512, 512)",7095177.0,30060551.0,1418816.0,11849299.0,18880998.617313568,55193265.87910563,1361161.320254786,0.0612970509218177,6.129705092181771e-06,True,False,False,unknown
74,m4_2025.06.27_fl41_fl43__Bead_dev4/P 2,"(3, 13, 512, 512)",2677684.0,13353996.0,1767334.0,22664076.0,23108270.968746822,66398131.96442637,1729469.7463622033,0.004645903735812,4.645903735812014e-07,True,False,False,unknown
75,m4_2025.06.27_fl41_fl43__Bead_dev4/P 3,"(3, 16, 512, 512)",4053359.0,25745908.0,2114285.0,21775216.0,24771860.01336321,83253109.04391478,2012459.1195852857,0.0113334255832592,1.1333425583259218e-06,True,False,False,unknown
76,m4_2025.06.27_fl41_fl43__Bead_dev4/P 1,"(3, 15, 512, 512)",3365951.0,19366419.0,2631094.0,21715961.0,19636546.09332933,82215567.58924706,1398292.5261750882,0.0062887918428756,6.28879184287563e-07,True,False,False,unknown
78,m4_2025.06.27_fl41_fl43__YK_dev4/P 1,"(3, 23, 512, 512)",11235281.0,46476555.0,7050609.0,51463182.0,42995057.13648927,114412754.91840152,3572425.5349787446,0.0083823201888199,8.382320188819946e-07,False,False,False,unknown
79,m4_2025.06.27_fl41_fl43__YK_dev4/P 2,"(3, 19, 512, 512)",7838830.0,48049476.0,5633945.0,46025383.0,36396143.72222864,93233819.14650494,2794043.146857432,0.0050598133127913,5.059813312791364e-07,False,False,False,unknown
80,m4_2025.06.27_fl41_fl43__YK_dev4/P 3,"(3, 24, 512, 512)",9175264.0,53476750.0,7154676.0,54812989.0,40714957.2696044,122865710.159988,2827109.951535813,0.0051182865841725,5.11828658417259e-07,False,False,False,unknown
81,m4_2025.06.27_fl41_fl43__YK_dev4/P 4,"(3, 24, 512, 512)",9559193.0,70766899.0,8518365.0,75472159.0,51875706.97406385,111704960.45552856,3199310.2220923896,0.0015077084885666,1.507708488566633e-07,False,False,False,unknown
83,m4_2025.06.27_fl41_fl43__YK+Bc_dev4/P 3,"(3, 17, 512, 512)",6816234.0,46208489.0,3068020.0,47366290.0,33418023.103877854,80779801.32810174,1771616.1098986273,0.0107168776293378,1.071687762933784e-06,False,False,False,unknown
84,m4_2025.06.27_fl41_fl43__YK+Bc_dev4/P 2,"(3, 19, 512, 512)",9019785.0,45191835.0,4050859.0,46029523.0,26283155.11977814,103346807.74895544,1544283.6244612797,0.0220039888227733,2.2003988822773327e-06,False,False,False,unknown
85,m4_2025.06.27_fl41_fl43__YK+Bc_dev4/P 4,"(3, 23, 512, 512)",13075480.0,92499934.0,7157236.0,95926505.0,49661128.233278014,107746683.82161278,2623518.848846556,0.0076058445668354,7.605844566835472e-07,False,False,False,unknown
86,m4_2025.06.27_fl41_fl43__YK+Bc_dev4/P 1,"(3, 24, 512, 512)",9529869.0,65081788.0,6051678.0,74027119.0,40949644.17104774,122631023.25854464,2448450.3573711454,0.0071188188454484,7.118818845448405e-07,False,False,False,unknown
88,m4_2025.06.27_fl41_fl43__FL41_dev4/P 2,"(3, 27, 512, 512)",12656391.0,56781600.0,8529204.0,46965384.0,38447443.58129992,143651789.97239727,2830567.717235721,0.0151373175020635,1.5137317502063516e-06,False,False,False,unknown
89,m4_2025.06.27_fl41_fl43__FL41_dev4/P 1,"(3, 30, 512, 512)",11615927.0,64745839.0,9270399.0,56382297.0,53900056.63409816,149804170.7310546,3705235.175961645,0.0055913367115325,5.591336711532559e-07,False,False,False,unknown
90,m4_2025.06.27_fl41_fl43__FL41_dev4/P 3,"(3, 29, 512, 512)",10525947.0,65428233.0,8243190.0,63046268.0,46069275.40645199,151462096.58399922,3230670.3331050966,0.0054245479413441,5.424547941344119e-07,False,False,False,unknown
91,m4_2025.06.27_fl41_fl43__FL41_dev4/P 4,"(3, 29, 512, 512)",10722538.0,54930255.0,7848278.0,53683700.0,41459814.14678855,156071557.84366265,3207466.1905186684,0.0084758642845586,8.47586428455863e-07,False,False,False,unknown
93,m4_2025.06.27_fl41_fl43__FL43_dev4/P 2,"(3, 21, 512, 512)",9710670.0,70193957.0,6727679.0,65734957.0,35899796.17273047,106075877.44540632,2137191.140404965,0.0069697488494789,6.969748849478973e-07,False,False,False,unknown
94,m4_2025.06.27_fl41_fl43__FL43_dev4/P 3,"(3, 19, 512, 512)",13221170.0,67135796.0,7472731.0,48920532.0,31627995.35788184,98001967.51085174,1935482.5940705272,0.0195070437056828,1.950704370568288e-06,False,False,False,unknown
95,m4_2025.06.27_fl41_fl43__FL43_dev4/P 1,"(3, 26, 512, 512)",10154132.0,74509670.0,8731287.0,80489971.0,52694114.70025801,123232263.47873756,3254432.732548775,0.0020855939195067,2.085593919506799e-07,False,False,False,unknown
96,m4_2025.06.27_fl41_fl43__FL43_dev4/P 4,"(3, 24, 512, 512)",15758698.0,72479653.0,11894087.0,72618754.0,53679721.97932413,109900945.45026828,3945478.239388548,0.0049242480219672,4.924248021967213e-07,False,False,False,unknown
98,m4_2025.06.27_fl41_fl43__Bead_dev5/P 1,"(3, 24, 512, 512)",8655228.0,59407101.0,8673982.0,67402856.0,39937851.98911652,123642815.44047588,2656032.6774526145,-4.129288326776314e-05,-4.129288326776314e-09,True,False,False,unknown
99,m4_2025.06.27_fl41_fl43__Bead_dev5/P 2,"(3, 31, 512, 512)",12183689.0,104821322.0,10365753.0,101184173.0,65287487.064664505,144589595.67518988,3987840.539623756,0.0020160504992149,2.016050499214946e-07,True,False,False,unknown
100,m4_2025.06.27_fl41_fl43__Bead_dev5/P 3,"(3, 29, 512, 512)",9971571.0,69773789.0,8835580.0,70983636.0,49595100.83432682,147936271.15612435,3496380.4449097225,0.0021483291767047,2.1483291767047384e-07,True,False,False,unknown
101,m4_2025.06.27_fl41_fl43__Bead_dev5/P 4,"(3, 30, 512, 512)",10296327.0,83837013.0,9440183.0,89327368.0,68201464.0900256,135502763.27512717,4497941.25747736,0.0008968123307938,8.968123307938246e-08,True,False,False,unknown
103,m4_2025.06.27_fl41_fl43__YK_dev5/P 1,"(3, 24, 512, 512)",8868152.0,76813621.0,5830352.0,74191898.0,44093904.70141714,119486762.72817524,2375134.923394086,0.0062097813784115,6.209781378411506e-07,False,False,False,unknown
104,m4_2025.06.27_fl41_fl43__YK_dev5/P 3,"(3, 24, 512, 512)",9323671.0,59245085.0,6750674.0,55735665.0,39818818.99992311,123761848.42966928,2748724.178163646,0.0065694554369195,6.569455436919516e-07,False,False,False,unknown
105,m4_2025.06.27_fl41_fl43__YK_dev5/P 2,"(3, 27, 512, 512)",9767817.0,52718857.0,7621023.0,54437710.0,37874142.55827375,144225090.99542344,2707578.7983444454,0.0067849540614701,6.784954061470115e-07,False,False,False,unknown
106,m4_2025.06.27_fl41_fl43__YK_dev5/P 4,"(3, 25, 512, 512)",9235642.0,43724148.0,8309647.0,50510671.0,33989875.951071106,135763646.85322288,2452146.662188302,0.0033745837080509,3.374583708050973e-07,False,False,False,unknown
108,m4_2025.06.27_fl41_fl43__YK+Bc_dev5/P 1,"(3, 20, 512, 512)",4701943.0,30991326.0,3773776.0,34738878.0,33524634.747512504,102278183.4959227,2674156.1615593163,0.0031845446978997,3.184544697899784e-07,False,False,False,unknown
109,m4_2025.06.27_fl41_fl43__YK+Bc_dev5/P 2,"(3, 21, 512, 512)",3637556.0,28994582.0,3570689.0,44050414.0,43676476.84791931,98299196.77021748,3007678.3817542787,0.0001499651546004,1.499651546004058e-08,False,False,False,unknown
110,m4_2025.06.27_fl41_fl43__YK+Bc_dev5/P 3,"(3, 27, 512, 512)",2730005.0,1508636.0,6020773.0,44832657.0,36776790.26432783,145322443.28936937,3110919.7213518983,-0.0110020579195331,-1.1002057919533172e-06,False,False,False,unknown
112,m4_2025.06.27_fl41_fl43__FL41_dev5/P 3,"(3, 25, 512, 512)",15549363.0,72906234.0,6330835.0,81154499.0,57066769.7767714,112686753.0275226,3254184.602249059,0.0118508850791873,1.185088507918737e-06,False,False,False,unknown
113,m4_2025.06.27_fl41_fl43__FL41_dev5/P 4,"(3, 25, 512, 512)",14600363.0,54174761.0,6362058.0,68787598.0,43148033.95435178,126605488.8499422,2786288.4775323505,0.0166571046163937,1.6657104616393766e-06,False,False,False,unknown
114,m4_2025.06.27_fl41_fl43__FL41_dev5/P 1,"(3, 22, 512, 512)",11033248.0,52435225.0,4200818.0,54009041.0,48768145.33858227,99380383.6542561,2888790.584324593,0.0131085981902884,1.31085981902884e-06,False,False,False,unknown
115,m4_2025.06.27_fl41_fl43__FL41_dev5/P 2,"(3, 21, 512, 512)",6882277.0,36684417.0,5617728.0,73533596.0,51129013.38606723,90846660.23206957,2833662.9837104897,0.0016581456474178,1.6581456474178133e-07,False,False,False,unknown
117,m4_2025.06.27_fl41_fl43__FL43_dev5/P 1,"(3, 21, 512, 512)",6822858.0,29454667.0,3991503.0,32075402.0,24475454.91910564,117500218.69903116,2083843.049977273,0.0157909439201613,1.579094392016134e-06,False,False,False,unknown
118,m4_2025.06.27_fl41_fl43__FL43_dev5/P 2,"(3, 22, 512, 512)",5076441.0,37801599.0,4582891.0,49510613.0,42077031.3962926,106071497.5965458,3070512.1609801464,0.0010541493261044,1.0541493261044333e-07,False,False,False,unknown
119,m4_2025.06.27_fl41_fl43__FL43_dev5/P 3,"(3, 24, 512, 512)",10151263.0,72736091.0,7178611.0,74681814.0,52513410.61339941,111067256.81619298,3100684.3246505074,0.0043817306883756,4.381730688375644e-07,False,False,False,unknown
120,m4_2025.06.27_fl41_fl43__FL43_dev5/P 4,"(3, 28, 512, 512)",12037103.0,61119602.0,8876223.0,65836048.0,53458033.33901526,137900483.27673435,4445775.275299923,0.0047814007286744,4.781400728674497e-07,False,False,False,unknown
0,m7_2025.10.02_fl33__Bead_dev1/P 1,"(3, 25, 512, 512)",5834330.0,20027704.0,3232997.0,17018267.0,15682366.737379864,154071156.06691414,1904568.63869438,0.0424036152621595,4.240361526215953e-06,True,False,False,unknown
1,m7_2025.10.02_fl33__Bead_dev1/P 2,"(3, 23, 512, 512)",5342751.0,29633947.0,3984849.0,29137856.0,24906304.89007929,132501507.16481148,2378370.9978567725,0.0083544378659434,8.354437865943428e-07,True,False,False,unknown
2,m7_2025.10.02_fl33__Bead_dev1/P 3,"(3, 27, 512, 512)",6524890.0,41796102.0,3862998.0,32852149.0,32750908.543968096,149348325.0097291,2982312.077849897,0.0127731997168203,1.2773199716820377e-06,True,False,False,unknown
3,m7_2025.10.02_fl33__Bead_dev1/P 4,"(3, 22, 512, 512)",5083653.0,37601307.0,3654898.0,33100162.0,23215494.849318963,124933034.14351942,1995129.5026034852,0.0084400691868403,8.440069186840382e-07,True,False,False,unknown
5,m7_2025.10.02_fl33__rLN1_dev1/P 1,"(3, 27, 512, 512)",9079619.0,27834278.0,4246910.0,35347733.0,29994617.851373296,152104615.7023239,2698452.226852597,0.0243301015744726,2.4330101574472606e-06,False,True,False,unknown
6,m7_2025.10.02_fl33__rLN1_dev1/P 2,"(3, 26, 512, 512)",11669856.0,49516656.0,3332552.0,45122290.0,37512357.62336425,138414020.55563134,2684131.86113079,0.0285778613502099,2.857786135020996e-06,False,True,False,unknown
7,m7_2025.10.02_fl33__rLN1_dev1/P 4,"(3, 20, 512, 512)",9058507.0,30973325.0,3015144.0,28728111.0,25966475.56385973,109836342.67957547,2424491.301672821,0.0295766799013891,2.957667990138911e-06,False,True,False,unknown
8,m7_2025.10.02_fl33__rLN1_dev1/P 3,"(3, 27, 512, 512)",6944778.0,18433826.0,4159021.0,27609713.0,25892889.393487945,156206344.16020924,2995350.390800937,0.0172082260595996,1.7208226059599622e-06,False,True,False,unknown
10,m7_2025.10.02_fl33__FL33_LNeg_dev1/P 3,"(3, 23, 512, 512)",4623290.0,20847514.0,3751158.0,23660717.0,30488410.489036158,126919401.56585462,2988581.705629788,0.0051675056798632,5.167505679863213e-07,False,False,False,False
11,m7_2025.10.02_fl33__FL33_LNeg_dev1/P 2,"(3, 22, 512, 512)",2261216.0,15511334.0,3004775.0,32660504.0,28207639.51627749,119940889.47656088,2502953.9068149715,-0.0033374805454748,-3.33748054547484e-07,False,False,False,False
12,m7_2025.10.02_fl33__FL33_LNeg_dev1/P 4,"(3, 21, 512, 512)",4817683.0,43434805.0,4185601.0,38987535.0,35471819.00584814,106503854.61228864,2644389.880361947,0.0020319236385416,2.031923638541651e-07,False,False,False,False
13,m7_2025.10.02_fl33__FL33_LNeg_dev1/P 1,"(3, 24, 512, 512)",6113112.0,63857832.0,4468314.0,59926369.0,45163694.55938859,118416972.8702038,2897640.432248492,0.0033667812221217,3.3667812221217734e-07,False,False,False,False
15,m7_2025.10.02_fl33__FL33_LPos_dev1/P 1,"(3, 23, 512, 512)",19682263.0,77142895.0,6252234.0,71505643.0,47964572.58433507,109443239.47055572,3032905.651279539,0.0206300976483899,2.063009764838997e-06,False,False,False,Positive
16,m7_2025.10.02_fl33__FL33_LPos_dev1/P 2,"(3, 9, 512, 512)",6771124.0,16241222.0,2038691.0,11104781.0,13529023.46413062,48199530.28288538,1316130.13294194,0.0531013938298593,5.31013938298593e-06,False,False,False,Positive
17,m7_2025.10.02_fl33__FL33_LPos_dev1/P 4,"(3, 19, 512, 512)",10330713.0,37061447.0,2360154.0,28335461.0,26889316.783045538,102740646.08568804,1898712.771481752,0.046122051011669,4.612205101166901e-06,False,False,False,Positive
18,m7_2025.10.02_fl33__FL33_LPos_dev1/P 3,"(3, 15, 512, 512)",6769650.0,31750784.0,2666508.0,30097767.0,27065852.94921428,74786260.73336211,2067055.1800962328,0.0150327368347975,1.5032736834797576e-06,False,False,False,Positive
20,m7_2025.10.02_fl33__Bead_dev2/P 1,"(3, 27, 512, 512)",5577058.0,25952471.0,3537477.0,21821366.0,22365286.123736933,159733947.42996025,2536934.6414581053,0.0195100250200292,1.951002502002929e-06,True,False,False,unknown
21,m7_2025.10.02_fl33__Bead_dev2/P 2,"(3, 31, 512, 512)",8147398.0,29049985.0,4635681.0,25972811.0,26187740.347827263,183689342.39202717,2695375.784975008,0.0311562832159453,3.115628321594535e-06,True,False,False,unknown
22,m7_2025.10.02_fl33__Bead_dev2/P 3,"(3, 15, 512, 512)",4562623.0,29369423.0,2184424.0,19566356.0,17919221.483660646,83932892.19891575,1517039.3477711107,0.021027274681876,2.102727468187609e-06,True,False,False,unknown
23,m7_2025.10.02_fl33__Bead_dev2/P 4,"(3, 25, 512, 512)",7343285.0,37683272.0,4159558.0,34658109.0,27041634.268821515,142711888.53547248,2592038.227695292,0.0159651448967653,1.5965144896765335e-06,True,False,False,unknown
25,m7_2025.10.02_fl33__rLN1_dev2/P 1,"(3, 26, 512, 512)",10462774.0,26299884.0,3926255.0,33168628.0,23308401.80458357,152617976.374412,2297742.687058826,0.0412416196728822,4.124161967288228e-06,False,True,False,unknown
26,m7_2025.10.02_fl33__rLN1_dev2/P 2,"(3, 21, 512, 512)",9260905.0,28907517.0,3180662.0,26732582.0,27835835.08841017,114139838.52972662,2670675.471790628,0.0306484315559835,3.064843155598356e-06,False,True,False,unknown
27,m7_2025.10.02_fl33__rLN1_dev2/P 3,"(3, 26, 512, 512)",7925888.0,50513983.0,3084437.0,50030104.0,36924186.307029344,139002191.87196624,2703769.528336594,0.014727516075154,1.4727516075154037e-06,False,True,False,unknown
28,m7_2025.10.02_fl33__rLN1_dev2/P 4,"(3, 23, 512, 512)",8139619.0,47496377.0,3629298.0,51056959.0,37204685.01469935,120203127.04019144,2600684.6655160384,0.0122095965331203,1.2209596533120324e-06,False,True,False,unknown
30,m7_2025.10.02_fl33__FL33_LNeg_dev2/P 1,"(3, 20, 512, 512)",7172113.0,49795346.0,3677863.0,50177928.0,33400845.148266263,102401973.09516896,2018439.0163100692,0.0105898694294198,1.0589869429419845e-06,False,False,False,False
31,m7_2025.10.02_fl33__FL33_LNeg_dev2/P 2,"(3, 23, 512, 512)",7175594.0,56204920.0,4146760.0,62719642.0,39354460.83040897,118053351.22448182,2804836.64833586,0.0060457073994163,6.045707399416377e-07,False,False,False,False
32,m7_2025.10.02_fl33__FL33_LNeg_dev2/P 3,"(3, 19, 512, 512)",4121885.0,17137526.0,2430540.0,18744299.0,18080663.654562723,111549299.21417086,1497033.4030402382,0.0214590759230419,2.145907592304195e-06,False,False,False,False
33,m7_2025.10.02_fl33__FL33_LNeg_dev2/P 4,"(3, 11, 512, 512)",2866155.0,5568484.0,1321000.0,5234157.0,7727148.352188176,66347116.14423101,1127940.5209657457,0.0645175890373094,6.451758903730945e-06,False,False,False,False
35,m7_2025.10.02_fl33__FL33_LPos_dev2/P 1,"(3, 19, 512, 512)",9044795.0,47969867.0,3113847.0,50693589.0,30068133.37902153,99561829.48971206,1796124.034613451,0.0191935839600674,1.9193583960067463e-06,False,False,False,Positive
36,m7_2025.10.02_fl33__FL33_LPos_dev2/P 2,"(3, 21, 512, 512)",8610202.0,65460603.0,3590656.0,70667337.0,42519160.65546084,99456512.96267596,2233735.1985638067,0.0092553301054224,9.255330105422432e-07,False,False,False,Positive
37,m7_2025.10.02_fl33__FL33_LPos_dev2/P 3,"(3, 23, 512, 512)",7746271.0,35991318.0,4314003.0,43746035.0,30262942.46301699,127144869.5918738,2347037.3714899374,0.0130981020198017,1.3098102019801768e-06,False,False,False,Positive
38,m7_2025.10.02_fl33__FL33_LPos_dev2/P 4,"(3, 24, 512, 512)",12987106.0,50790481.0,6683310.0,49183547.0,30333420.353552274,133247247.07604012,2400637.0446226723,0.022868624281356,2.2868624281356025e-06,False,False,False,Positive
40,m7_2025.10.02_fl33__Bead_dev3/P 1,"(3, 25, 512, 512)",9004876.0,58096815.0,4588185.0,62734883.0,36253516.06336722,133500006.74092676,2746540.8614257937,0.0102556851904692,1.0255685190469246e-06,True,False,False,unknown
41,m7_2025.10.02_fl33__Bead_dev3/P 2,"(3, 23, 512, 512)",5172026.0,26483180.0,3444524.0,29884736.0,23099817.38949451,134307994.66539627,2021120.619673232,0.0120603734785573,1.2060373478557333e-06,True,False,False,unknown
42,m7_2025.10.02_fl33__Bead_dev3/P 3,"(3, 20, 512, 512)",7914646.0,51621776.0,3199255.0,52587338.0,32748730.39332509,103054087.85011011,2339911.11403938,0.0116804319495409,1.168043194954094e-06,True,False,False,unknown
43,m7_2025.10.02_fl33__Bead_dev3/P 4,"(3, 16, 512, 512)",5858445.0,47559509.0,2741490.0,53397731.0,29797830.77111824,78227138.28615975,2058341.9342320147,0.0064958351269278,6.495835126927881e-07,True,False,False,unknown
45,m7_2025.10.02_fl33__rLN1_dev3/P 2,"(3, 21, 512, 512)",9567811.0,56634105.0,3987084.0,61048846.0,36867130.53396987,105108543.08416691,2274654.653182731,0.0125535236724564,1.2553523672456408e-06,False,True,False,unknown
46,m7_2025.10.02_fl33__rLN1_dev3/P 1,"(3, 23, 512, 512)",7870334.0,60701913.0,4079006.0,61378911.0,48271267.96865743,109136544.08623336,3367300.769603088,0.0059569402399786,5.956940239978601e-07,False,True,False,unknown
47,m7_2025.10.02_fl33__rLN1_dev3/P 3,"(3, 21, 512, 512)",5492003.0,20858180.0,2490213.0,19397913.0,14503233.71712956,127472439.90100724,1591380.7682854312,0.0395034899807819,3.950348998078192e-06,False,True,False,unknown
48,m7_2025.10.02_fl33__rLN1_dev3/P 4,"(3, 16, 512, 512)",3920893.0,17408020.0,2170083.0,17238957.0,13141159.59044136,94883809.46683665,1341374.5132544986,0.0228295724788105,2.282957247881053e-06,False,True,False,unknown
50,m7_2025.10.02_fl33__FL33_LNeg_dev3/P 1,"(3, 23, 512, 512)",11515808.0,55173631.0,3307934.0,55895768.0,40510705.60822683,116897106.44666396,3187298.732051155,0.0159009798789681,1.5900979878968144e-06,False,False,False,False
51,m7_2025.10.02_fl33__FL33_LNeg_dev3/P 2,"(3, 22, 512, 512)",11123931.0,75822934.0,3295304.0,81226547.0,49059393.51402019,99089135.4788182,2929706.126859228,0.0094378588381155,9.437858838115532e-07,False,False,False,False
52,m7_2025.10.02_fl33__FL33_LNeg_dev3/P 4,"(3, 30, 512, 512)",12173166.0,68134870.0,4915325.0,72510230.0,47480057.691032685,156224169.6741201,3185739.31402944,0.0146261147714045,1.4626114771404584e-06,False,False,False,False
53,m7_2025.10.02_fl33__FL33_LNeg_dev3/P 3,"(3, 25, 512, 512)",8878496.0,63043211.0,4057537.0,70216437.0,48500444.73766333,121253078.06663066,3328756.398062789,0.0073731559453277,7.37315594532776e-07,False,False,False,False
55,m7_2025.10.02_fl33__FL33_LPos_dev3/P 1,"(3, 25, 512, 512)",8716244.0,73995297.0,4967821.0,69849097.0,39566035.78746194,130187487.01683204,2727431.0452233385,0.0076602364486104,7.660236448610447e-07,False,False,False,Positive
56,m7_2025.10.02_fl33__FL33_LPos_dev3/P 2,"(3, 24, 512, 512)",7299259.0,61967360.0,4422952.0,58824061.0,36957023.39969605,126623644.02989636,2419280.5685586147,0.0076869411242178,7.68694112421783e-07,False,False,False,Positive
57,m7_2025.10.02_fl33__FL33_LPos_dev3/P 4,"(3, 26, 512, 512)",6563033.0,35705024.0,3559073.0,22032663.0,25281759.191997048,150644618.98699853,2481047.191944368,0.0274257771111052,2.7425777111105284e-06,False,False,False,Positive
58,m7_2025.10.02_fl33__FL33_LPos_dev3/P 3,"(3, 24, 512, 512)",6476629.0,30850032.0,4022904.0,31538421.0,23199682.65302947,140380984.77656293,2220327.697113847,0.0156616284898382,1.5661628489838297e-06,False,False,False,Positive
60,m7_2025.10.02_fl33__Bead_dev4/P 1,"(3, 24, 512, 512)",5951781.0,36323286.0,5073042.0,35275372.0,22393649.17724504,141187018.25234735,2174335.601921968,0.0052478950571418,5.247895057141894e-07,True,False,False,unknown
61,m7_2025.10.02_fl33__Bead_dev4/P 2,"(3, 10, 512, 512)",2310207.0,18506239.0,1504368.0,13506884.0,12447636.425708571,55453772.69600903,1034493.2539050052,0.0099971664413966,9.997166441396691e-07,True,False,False,unknown
62,m7_2025.10.02_fl33__Bead_dev4/P 4,"(3, 21, 512, 512)",7518880.0,51561745.0,5153319.0,45873584.0,28895770.28644543,113079903.33169135,2243491.2557892725,0.0081335867397847,8.133586739784763e-07,True,False,False,unknown
63,m7_2025.10.02_fl33__Bead_dev4/P 3,"(3, 21, 512, 512)",4257760.0,38485329.0,3811410.0,34058528.0,25238372.78594584,116737300.83219096,2171069.0128976554,0.0022040683406436,2.2040683406436289e-07,True,False,False,unknown
65,m7_2025.10.02_fl33__rLN1_dev4/P 2,"(3, 26, 512, 512)",9152069.0,46026513.0,5281540.0,46757127.0,30986924.415390067,144939453.7636055,2680521.4517244976,0.0140165979674923,1.4016597967492389e-06,False,True,False,unknown
66,m7_2025.10.02_fl33__rLN1_dev4/P 1,"(3, 25, 512, 512)",7484568.0,69230229.0,5129906.0,74544575.0,42645199.04807364,127108323.75622036,2944315.1211963305,0.0040678461524805,4.0678461524805673e-07,False,True,False,unknown
67,m7_2025.10.02_fl33__rLN1_dev4/P 3,"(3, 20, 512, 512)",4902248.0,28452131.0,2841661.0,22450626.0,20837743.19090391,114965075.0525313,1995371.460261348,0.0168180622028481,1.681806220284815e-06,False,True,False,unknown
68,m7_2025.10.02_fl33__rLN1_dev4/P 4,"(3, 17, 512, 512)",4827401.0,38415088.0,3361987.0,39931630.0,26011545.62148905,88186278.81049055,2032223.8789326143,0.0048302163301057,4.830216330105717e-07,False,True,False,unknown
70,m7_2025.10.02_fl33__FL33_LNeg_dev4/P 1,"(3, 21, 512, 512)",8290553.0,41706603.0,3502347.0,42333217.0,28295224.71970081,113680448.89843598,2104055.446236384,0.0185063940177,1.85063940177e-06,False,False,False,False
71,m7_2025.10.02_fl33__FL33_LNeg_dev4/P 2,"(3, 24, 512, 512)",9141617.0,61184980.0,3031374.0,50025286.0,39638008.94897918,123942658.48061325,2400119.189205723,0.0186510110821359,1.865101108213591e-06,False,False,False,False
72,m7_2025.10.02_fl33__FL33_LNeg_dev4/P 3,"(3, 17, 512, 512)",3712380.0,3630226.0,1851965.0,5315849.0,13614677.766443385,100583146.6655362,2080902.8517014205,0.0721136378596802,7.2113637859680286e-06,False,False,False,False
73,m7_2025.10.02_fl33__FL33_LNeg_dev4/P 4,"(3, 20, 512, 512)",6180409.0,22225768.0,3026530.0,31560567.0,31748429.42775913,104054388.81567608,2581592.0221646307,0.0123751963661827,1.2375196366182727e-06,False,False,False,False
75,m7_2025.10.02_fl33__FL33_LPos_dev4/P 1,"(3, 17, 512, 512)",7433008.0,44114040.0,3001165.0,45610784.0,29061921.972251303,85135902.4597283,1811478.9133056856,0.0135785587693161,1.3578558769316195e-06,False,False,False,Positive
76,m7_2025.10.02_fl33__FL33_LPos_dev4/P 2,"(3, 23, 512, 512)",8745557.0,53623484.0,5273078.0,63013771.0,34137660.528752185,123270151.5261386,2195560.0064590788,0.0093792422668761,9.379242266876174e-07,False,False,False,Positive
77,m7_2025.10.02_fl33__FL33_LPos_dev4/P 4,"(3, 28, 512, 512)",8616861.0,42054782.0,5830810.0,54793278.0,34887226.92084012,156471289.69490948,2708016.328527147,0.0091328567166872,9.132856716687208e-07,False,False,False,Positive
78,m7_2025.10.02_fl33__FL33_LPos_dev4/P 3,"(3, 28, 512, 512)",8443303.0,51082060.0,6206495.0,60415301.0,37399423.455971256,153959093.15977836,2953662.5445121,0.0059744899314541,5.974489931454197e-07,False,False,False,Positive
80,m7_2025.10.02_fl33__Bead_dev5/P 1,"(3, 26, 512, 512)",6469425.0,49436692.0,4921130.0,45273464.0,30038734.23223459,145887643.94676098,2404688.956738895,0.0064660960658512,6.466096065851223e-07,True,False,False,unknown
81,m7_2025.10.02_fl33__Bead_dev5/P 2,"(3, 24, 512, 512)",5549710.0,59258421.0,5191733.0,62860903.0,41436066.41788616,122144601.01170623,2868040.5170328235,0.0007343412346449,7.343412346449098e-08,True,False,False,unknown
82,m7_2025.10.02_fl33__Bead_dev5/P 4,"(3, 20, 512, 512)",3128891.0,19938699.0,3048591.0,22297230.0,19699594.72410388,116103223.51933132,1825109.130492353,0.0007371713649948,7.371713649948638e-08,True,False,False,unknown
83,m7_2025.10.02_fl33__Bead_dev5/P 3,"(3, 25, 512, 512)",5400737.0,33580293.0,6093748.0,42276321.0,25415379.90360496,144338142.90068904,2090454.9122410424,-0.0036734868424261,-3.673486842426114e-07,True,False,False,unknown
85,m7_2025.10.02_fl33__rLN1_dev5/P 2,"(3, 22, 512, 512)",8106605.0,30200294.0,3083027.0,36983114.0,28791795.971156903,119356733.02168147,2436212.919008792,0.0201670101746989,2.016701017469895e-06,False,True,False,unknown
86,m7_2025.10.02_fl33__rLN1_dev5/P 1,"(3, 19, 512, 512)",6873876.0,20707142.0,2684936.0,23765163.0,20353687.475304645,109276275.39342894,2190382.966638565,0.0275379867258373,2.7537986725837366e-06,False,True,False,unknown
87,m7_2025.10.02_fl33__rLN1_dev5/P 4,"(3, 24, 512, 512)",12742006.0,68366575.0,4736396.0,71040663.0,40325350.87540074,123255316.55419166,2557678.1796906926,0.0161625623501542,1.6162562350154252e-06,False,True,False,unknown
88,m7_2025.10.02_fl33__rLN1_dev5/P 3,"(3, 27, 512, 512)",12741485.0,65326669.0,5525474.0,70602838.0,43420055.53519496,138679178.01850224,2862938.5976172835,0.0149198328517316,1.491983285173166e-06,False,True,False,unknown
90,m7_2025.10.02_fl33__FL33_LNeg_dev5/P 2,"(3, 22, 512, 512)",8719085.0,44937272.0,6166388.0,45796241.0,26776359.068078022,121372169.92476036,1982306.1144161916,0.0109552603185458,1.0955260318545885e-06,False,False,False,False
91,m7_2025.10.02_fl33__FL33_LNeg_dev5/P 1,"(3, 21, 512, 512)",5149104.0,36552512.0,3873119.0,32197177.0,23156060.771233074,118819612.84690373,1971000.7643602984,0.0075437785919805,7.54377859198057e-07,False,False,False,False
92,m7_2025.10.02_fl33__FL33_LNeg_dev5/P 3,"(3, 26, 512, 512)",7982245.0,44806999.0,6001075.0,42189103.0,27757798.42645429,148168579.75254127,2388225.8913405817,0.0094348508771191,9.434850877119164e-07,False,False,False,False
93,m7_2025.10.02_fl33__FL33_LNeg_dev5/P 4,"(3, 19, 512, 512)",2852559.0,29249486.0,4329525.0,52340663.0,27567522.25055373,102062440.61817986,1853986.498359152,-0.0047041956865286,-4.704195686528647e-07,False,False,False,False
95,m7_2025.10.02_fl33__FL33_LPos_dev5/P 1,"(3, 23, 512, 512)",6087542.0,51740480.0,3876070.0,51901018.0,30262059.428972527,127145752.62591824,2082879.278766465,0.0078081796753309,7.808179675330993e-07,False,False,False,Positive
96,m7_2025.10.02_fl33__FL33_LPos_dev5/P 2,"(3, 15, 512, 512)",5223667.0,29933671.0,3173424.0,28590987.0,17236824.547888074,84615289.13468832,1436348.0534210932,0.0131995182550369,1.319951825503692e-06,False,False,False,Positive
97,m7_2025.10.02_fl33__FL33_LPos_dev5/P 3,"(3, 19, 512, 512)",5967239.0,26502063.0,3684060.0,25987106.0,15957108.063079976,113672854.8056536,1571926.4603001354,0.0205635372876252,2.056353728762525e-06,False,False,False,Positive
98,m7_2025.10.02_fl33__FL33_LPos_dev5/P 4,"(3, 23, 512, 512)",4818981.0,15892286.0,3519484.0,12722055.0,12334042.926229049,145073769.12866172,1623228.4917920337,0.0350568460198675,3.505684601986752e-06,False,False,False,Positive
0,m7_2025.10.22_fl12__FL12_LNeg_dev1/P 4,"(3, 31, 512, 512)",5699654.0,51620102.0,4880550.0,56370369.0,40803131.16239069,169073951.5774637,3180495.7859184965,0.0023490759545781,2.3490759545781558e-07,False,False,False,False
1,m7_2025.10.22_fl12__FL12_LNeg_dev1/P 1,"(3, 24, 512, 512)",5311070.0,48601131.0,3280725.0,47723208.0,31712966.78053356,131867700.64905883,2403171.740730076,0.0069634209490157,6.963420949015717e-07,False,False,False,False
2,m7_2025.10.22_fl12__FL12_LNeg_dev1/P 3,"(3, 32, 512, 512)",6244574.0,16938552.0,4236966.0,21847361.0,24909307.20583045,191140630.90872556,2709957.1525365696,0.0223356147656676,2.2335614765667647e-06,False,False,False,False
3,m7_2025.10.22_fl12__FL12_LNeg_dev1/P 2,"(3, 26, 512, 512)",2784324.0,27929220.0,1868708.0,20006019.0,37022885.96562562,138903492.21336997,3044021.1811388256,0.0063988726516426,6.398872651642671e-07,False,False,False,False
5,m7_2025.10.22_fl12__FL12_LNeg_dev2/P 2,"(3, 25, 512, 512)",4386398.0,52112953.0,3401567.0,53935685.0,34499469.0112362,135254053.7930578,2327825.869542865,0.0031453886838238,3.1453886838238146e-07,False,False,False,False
6,m7_2025.10.22_fl12__FL12_LNeg_dev2/P 1,"(3, 17, 512, 512)",1435767.0,20049068.0,1211566.0,20147291.0,30464921.78345348,83732902.64852612,1865485.137276068,0.0014762416700432,1.4762416700432362e-07,False,False,False,False
7,m7_2025.10.22_fl12__FL12_LNeg_dev2/P 4,"(3, 24, 512, 512)",4061821.0,32051419.0,3663069.0,32288431.0,25398790.63735634,138181876.79223606,2032452.6140727976,0.0026307528168148,2.630752816814834e-07,False,False,False,False
8,m7_2025.10.22_fl12__FL12_LNeg_dev2/P 3,"(3, 28, 512, 512)",6785401.0,62999611.0,4933803.0,57480624.0,48096733.346322805,143261783.2694268,3287235.73540928,0.0042657682604079,4.265768260407967e-07,False,False,False,False
16,m7_2025.10.22_fl12__Bead_dev1/P 4,"(3, 17, 512, 512)",2027670.0,9221102.0,1696453.0,13812502.0,21855210.338294204,92342614.0936854,2230722.170864189,0.0031434443657116,3.143444365711693e-07,True,False,False,unknown
17,m7_2025.10.22_fl12__Bead_dev1/P 3,"(3, 17, 512, 512)",3807395.0,20312422.0,3109971.0,23770044.0,21888659.667898405,92309164.7640812,2028301.985916073,0.0042675119058211,4.2675119058211414e-07,True,False,False,unknown
18,m7_2025.10.22_fl12__Bead_dev1/P 2,"(3, 21, 512, 512)",3904671.0,15539281.0,2668662.0,18424056.0,28420556.68507804,113555116.93305875,2794205.0685971724,0.0088560140496065,8.856014049606593e-07,True,False,False,unknown
19,m7_2025.10.22_fl12__Bead_dev1/P 1,"(3, 21, 512, 512)",4792089.0,57264143.0,3305643.0,60235402.0,46749435.32264525,95226238.29549156,3055865.769375218,0.0022601103582262,2.2601103582262235e-07,True,False,False,unknown
21,m7_2025.10.22_fl12__rLN4_LNeg_dev1/P 3,"(3, 18, 512, 512)",7120402.0,63141479.0,4607183.0,60142811.0,36760248.09322826,86696859.40080374,2124822.704732117,0.0051290485900049,5.129048590004948e-07,False,True,False,False
22,m7_2025.10.22_fl12__rLN4_LNeg_dev1/P 2,"(3, 21, 512, 512)",8230283.0,70535215.0,6677118.0,69432956.0,42574756.47890013,99400917.13923666,2658504.516102806,0.002570478350433,2.5704783504331e-07,False,True,False,False
23,m7_2025.10.22_fl12__rLN4_LNeg_dev1/P 1,"(3, 22, 512, 512)",12496775.0,80921120.0,10099242.0,83809165.0,48049308.53124159,100099220.4615968,2577101.7144913906,0.0035094193858933,3.509419385893333e-07,False,True,False,False
24,m7_2025.10.22_fl12__rLN4_LNeg_dev1/P 4,"(3, 21, 512, 512)",6390867.0,64429581.0,4320373.0,60396364.0,50530857.89813627,91444815.72000052,2533459.934883737,0.0037020268703307,3.70202687033078e-07,False,True,False,False
26,m7_2025.10.22_fl12__FL12_LPos_dev1/P 4,"(3, 20, 512, 512)",15494769.0,34612472.0,3288067.0,42222099.0,34014624.45189055,101788193.79154465,2395885.28969216,0.0369996696943318,3.699966969433182e-06,False,False,False,Positive
27,m7_2025.10.22_fl12__FL12_LPos_dev1/P 1,"(3, 18, 512, 512)",12948905.0,44199690.0,2155523.0,57272752.0,38401525.81098792,85055581.68304408,2116785.908886592,0.0218571511147763,2.18571511147764e-06,False,False,False,Positive
28,m7_2025.10.22_fl12__FL12_LPos_dev1/P 2,"(3, 20, 512, 512)",14856086.0,46575569.0,3999061.0,57271100.0,36814572.34764352,98988245.89579168,2628075.3081687465,0.0213233207572474,2.132332075724745e-06,False,False,False,Positive
29,m7_2025.10.22_fl12__FL12_LPos_dev1/P 3,"(3, 18, 512, 512)",12500198.0,36905055.0,2026359.0,39519280.0,35911569.95998996,87545537.53404203,2081058.940139264,0.0326440285763762,3.2644028576376232e-06,False,False,False,Positive
31,m7_2025.10.22_fl12__Bead_P7_dev1/P 1,"(3, 20, 512, 512)",5114088.0,39759795.0,2770156.0,42349347.0,41240421.39499528,94562396.84843992,2553829.584992036,0.0060911900815509,6.091190081550993e-07,True,False,False,unknown
32,m7_2025.10.22_fl12__Bead_P7_dev1/P 2,"(3, 27, 512, 512)",9214689.0,88762864.0,5954320.0,87735450.0,56447280.186326265,125651953.36737092,3328410.864105012,0.0041806466358987,4.18064663589878e-07,True,False,False,unknown
33,m7_2025.10.22_fl12__Bead_P7_dev1/P 4,"(3, 26, 512, 512)",9868086.0,120202143.0,5947012.0,119018750.0,69117464.73881365,106808913.44018193,3292735.133131522,0.003124634111233,3.124634111233058e-07,True,False,False,unknown
34,m7_2025.10.22_fl12__Bead_P7_dev1/P 3,"(3, 25, 512, 512)",7013234.0,91255485.0,5112470.0,93505766.0,57663406.44614587,112090116.35814811,3074166.7362330267,0.0021779417994574,2.1779417994574538e-07,True,False,False,unknown
36,m7_2025.10.22_fl12__Bead_dev2/P 2,"(3, 22, 512, 512)",6827604.0,56354416.0,4203356.0,64330457.0,39124153.77782615,109024375.21501222,2782467.3280667188,0.0047503503610672,4.750350361067267e-07,True,False,False,unknown
37,m7_2025.10.22_fl12__Bead_dev2/P 1,"(3, 21, 512, 512)",5032818.0,56317407.0,3955404.0,64309304.0,37033505.92173368,104942167.69640312,2486754.086896085,0.0020926276780894,2.092627678089454e-07,True,False,False,unknown
38,m7_2025.10.22_fl12__Bead_dev2/P 3,"(3, 23, 512, 512)",5273034.0,45647675.0,4644852.0,67406143.0,41387122.78424848,116020689.27064233,2796556.772618126,0.0011534610121696,1.1534610121696475e-07,True,False,False,unknown
39,m7_2025.10.22_fl12__Bead_dev2/P 4,"(3, 27, 512, 512)",6597580.0,66961522.0,4851004.0,63806442.0,40445467.05302201,141653766.5006752,2784099.662954636,0.0041870145114452,4.187014511445284e-07,True,False,False,unknown
41,m7_2025.10.22_fl12__rLN4_LNeg_dev2/P 2,"(3, 22, 512, 512)",2700206.0,17072338.0,2106732.0,19642028.0,25395870.73811599,122752658.2547224,1950652.392644604,0.0059161219313633,5.916121931363393e-07,False,True,False,False
42,m7_2025.10.22_fl12__rLN4_LNeg_dev2/P 1,"(3, 26, 512, 512)",5723186.0,63186429.0,5031628.0,67660088.0,42213630.87607716,133712747.30291842,2794936.0541749843,0.0014674229672485,1.4674229672485093e-07,False,True,False,False
43,m7_2025.10.22_fl12__rLN4_LNeg_dev2/P 3,"(3, 26, 512, 512)",9050222.0,59844662.0,6985749.0,60772475.0,38611334.69995197,137315043.4790436,2504906.9605339915,0.0058446447134523,5.844644713452365e-07,False,True,False,False
44,m7_2025.10.22_fl12__rLN4_LNeg_dev2/P 4,"(3, 24, 512, 512)",8812062.0,85214745.0,4560125.0,57262126.0,56513613.70374621,107067053.7258462,2893702.518184908,0.0082919979312408,8.291997931240845e-07,False,True,False,False
46,m7_2025.10.22_fl12__FL12_LPos_dev2/P 1,"(3, 21, 512, 512)",5027526.0,69674406.0,4694430.0,68927726.0,42306514.28376725,99669159.33436954,2324944.9666695567,0.0006175254020999,6.1752540209999e-08,False,False,False,Positive
47,m7_2025.10.22_fl12__FL12_LPos_dev2/P 2,"(3, 18, 512, 512)",3657186.0,53559717.0,4251789.0,60849517.0,32695136.11371991,90761971.38031209,2005748.0646748056,-0.0013205447900236,-1.3205447900236056e-07,False,False,False,Positive
48,m7_2025.10.22_fl12__FL12_LPos_dev2/P 3,"(3, 19, 512, 512)",3984792.0,70481668.0,3933547.0,71083241.0,43961708.61806762,85668254.25066596,2143668.4900016407,8.471635302120822e-05,8.471635302120823e-09,False,False,False,Positive
49,m7_2025.10.22_fl12__FL12_LPos_dev2/P 4,"(3, 18, 512, 512)",4088041.0,47503755.0,3553843.0,49825342.0,30974609.033916645,92482498.46011534,1956719.3865027176,0.0015157137625041,1.515713762504187e-07,False,False,False,Positive
51,m7_2025.10.22_fl12__Bead_P7_dev2/P 3,"(3, 22, 512, 512)",16803535.0,56474768.0,4299972.0,76584380.0,43677183.27515488,104471345.71768352,2507599.024253114,0.0200182336584356,2.0018233658435622e-06,True,False,False,unknown
52,m7_2025.10.22_fl12__Bead_P7_dev2/P 4,"(3, 26, 512, 512)",17443677.0,54955217.0,5278367.0,69031808.0,43334460.10181849,132591918.07717708,2982705.751797475,0.0235626260458491,2.356262604584912e-06,True,False,False,unknown
53,m7_2025.10.22_fl12__Bead_P7_dev2/P 1,"(3, 23, 512, 512)",9371522.0,59500016.0,2554341.0,63999478.0,62584366.79533354,94823445.25955725,3144862.8714695508,0.0092924198682633,9.292419868263344e-07,True,False,False,unknown
54,m7_2025.10.22_fl12__Bead_P7_dev2/P 2,"(3, 21, 512, 512)",11999047.0,79923278.0,3266856.0,83950431.0,57301480.22578926,84674193.39234754,3231658.5303175645,0.0078770063509978,7.877006350997815e-07,True,False,False,unknown
57,m7_2025.10.22_fl12__Bead_dev3/P 1,"(3, 11, 512, 512)",5217619.0,23223868.0,2994935.0,21766055.0,19809773.82527815,54264490.67114104,1689835.6332902885,0.0105622466200386,1.0562246620038676e-06,True,False,False,unknown
58,m7_2025.10.22_fl12__Bead_dev3/P 2,"(3, 17, 512, 512)",4215981.0,51728069.0,2390539.0,44724231.0,30950307.937013064,83247516.49496654,1907168.704956079,0.0052283128462391,5.228312846239145e-07,True,False,False,unknown
59,m7_2025.10.22_fl12__rLN4_LNeg_dev3/P 2,"(3, 17, 512, 512)",2757576.0,38321802.0,1884417.0,39210492.0,37860167.07279673,76337657.35918286,2105740.801309462,0.0023556590139184,2.3556590139184042e-07,False,True,False,False
60,m7_2025.10.22_fl12__rLN4_LNeg_dev3/P 1,"(3, 21, 512, 512)",5940888.0,96723333.0,4414395.0,100192164.0,52503826.750570185,89471846.86756662,2572333.252210321,0.0015398796157322,1.5398796157322238e-07,False,True,False,False
61,m7_2025.10.22_fl12__rLN4_LNeg_dev3/P 3,"(3, 18, 512, 512)",4422602.0,67454974.0,3025906.0,66624410.0,44713806.37441636,78743301.11961564,2160947.7577787843,0.0022229097894976,2.2229097894976482e-07,False,True,False,False
62,m7_2025.10.22_fl12__rLN4_LNeg_dev3/P 4,"(3, 19, 512, 512)",4149115.0,59251095.0,3307207.0,57100230.0,35052342.51336716,94577620.35536642,2011003.957625636,0.0020446154676153,2.044615467615335e-07,False,True,False,False
64,m7_2025.10.22_fl12__FL12_LNeg_dev3/P 1,"(3, 21, 512, 512)",7443892.0,67746168.0,4290127.0,71673309.0,35836865.27982852,106138808.33830827,2053882.0245909172,0.0067185263699553,6.718526369955325e-07,False,False,False,False
65,m7_2025.10.22_fl12__FL12_LNeg_dev3/P 2,"(3, 22, 512, 512)",5979950.0,71218273.0,4510741.0,82898834.0,41233757.43140641,106914771.56143196,2441989.9609969547,0.002279422433727,2.279422433727096e-07,False,False,False,False
66,m7_2025.10.22_fl12__FL12_LNeg_dev3/P 3,"(3, 20, 512, 512)",3158839.0,34324999.0,2005594.0,36439203.0,40099953.49210513,95702864.75133008,2336124.118394677,0.0038112335321522,3.811233532152228e-07,False,False,False,False
67,m7_2025.10.22_fl12__FL12_LNeg_dev3/P 4,"(3, 26, 512, 512)",4229306.0,48332342.0,3622607.0,57572391.0,51863638.84212288,124062739.3368727,2744705.8287206357,0.0014119737726572,1.4119737726572957e-07,False,False,False,False
69,m7_2025.10.22_fl12__FL12_LPos_dev3/P 1,"(3, 20, 512, 512)",10286884.0,51696167.0,2940605.0,91133822.0,53773994.69391084,82028823.54952437,2491078.557863814,0.0076191897994121,7.619189799412133e-07,False,False,False,Positive
70,m7_2025.10.22_fl12__FL12_LPos_dev3/P 2,"(3, 24, 512, 512)",11813378.0,57638724.0,3496273.0,65850239.0,56004055.964942895,107576611.4646495,2876982.666382144,0.0138543519735316,1.3854351973531695e-06,False,False,False,Positive
71,m7_2025.10.22_fl12__FL12_LPos_dev3/P 4,"(3, 31, 512, 512)",9614789.0,41066264.0,4668032.0,62305505.0,47973379.37720516,161903703.36264923,3264099.4660293814,0.0118251468547937,1.182514685479374e-06,False,False,False,Positive
72,m7_2025.10.22_fl12__FL12_LPos_dev3/P 3,"(3, 24, 512, 512)",10103749.0,54512277.0,3902480.0,57138739.0,35026722.75229052,128553944.67730188,2518998.657726242,0.0165130772299119,1.6513077229911952e-06,False,False,False,Positive
74,m7_2025.10.22_fl12__Bead_P7_dev3/P 1,"(3, 27, 512, 512)",5651990.0,49457647.0,4445976.0,45941036.0,49756142.69646207,132343090.85723512,3417471.8157316083,0.0031264377318714,3.1264377318714335e-07,True,False,False,unknown
75,m7_2025.10.22_fl12__Bead_P7_dev3/P 2,"(3, 24, 512, 512)",6154346.0,92289914.0,4361417.0,79106247.0,59314986.22775758,104265681.20183484,3351421.1754007023,0.0020729642300921,2.0729642300921138e-07,True,False,False,unknown
76,m7_2025.10.22_fl12__Bead_P7_dev3/P 4,"(3, 26, 512, 512)",7189660.0,77670935.0,6819616.0,82712358.0,47866708.864634216,128059669.31436136,3079029.4388422905,0.0005633121994425,5.6331219944253023e-08,True,False,False,unknown
77,m7_2025.10.22_fl12__Bead_P7_dev3/P 3,"(3, 26, 512, 512)",5444617.0,48957355.0,4551381.0,46894422.0,45237633.943378165,130688744.2356174,3119514.541318282,0.002454894556015,2.454894556015041e-07,True,False,False,unknown
79,m7_2025.10.22_fl12__Bead_dev4/P 2,"(3, 20, 512, 512)",5161439.0,43950456.0,3830455.0,41237865.0,23539850.914530557,112262967.32890466,1829804.945627181,0.0060637936582381,6.063793658238132e-07,True,False,False,unknown
80,m7_2025.10.22_fl12__Bead_dev4/P 3,"(3, 24, 512, 512)",4202416.0,46493341.0,2122409.0,22611724.0,29357137.913995665,134223529.51559675,2308666.8238256928,0.0163946537588233,1.6394653758823337e-06,True,False,False,unknown
81,m7_2025.10.22_fl12__Bead_dev4/P 4,"(3, 20, 512, 512)",3212796.0,36081915.0,3110999.0,34227611.0,24182240.52119539,111620577.72223982,1898234.075531496,0.0005343609026135,5.3436090261352524e-08,True,False,False,unknown
82,m7_2025.10.22_fl12__Bead_dev4/P 1,"(3, 18, 512, 512)",3964671.0,40680497.0,3569888.0,41241309.0,24197593.53978176,99259513.95425025,1730376.579257662,0.0016698422900077,1.6698422900077624e-07,True,False,False,unknown
84,m7_2025.10.22_fl12__rLN4_LNeg_dev4/P 1,"(3, 22, 512, 512)",8144198.0,86721646.0,5376120.0,81213836.0,48037028.47112995,100111500.52170844,2615125.7871319177,0.0038813424814184,3.881342481418486e-07,False,True,False,False
85,m7_2025.10.22_fl12__rLN4_LNeg_dev4/P 2,"(3, 21, 512, 512)",5715759.0,70128367.0,5097053.0,74545340.0,41601028.95117883,100374644.66695796,2326289.321514018,0.001067777051113,1.0677770511130045e-07,False,True,False,False
86,m7_2025.10.22_fl12__rLN4_LNeg_dev4/P 4,"(3, 25, 512, 512)",5983636.0,56515534.0,3948572.0,50163060.0,45113879.6654937,124639643.1388003,3138891.9002265395,0.0048571024330804,4.857102433080485e-07,False,True,False,False
87,m7_2025.10.22_fl12__rLN4_LNeg_dev4/P 3,"(3, 23, 512, 512)",7266377.0,73916994.0,5239124.0,70843612.0,43543892.22959023,113863919.82530054,2800208.6982971947,0.003490339167294,3.490339167294026e-07,False,True,False,False
89,m7_2025.10.22_fl12__FL12_LNeg_dev4/P 1,"(3, 13, 512, 512)",3293367.0,3505508.0,3119479.0,6471440.0,9046719.106869632,80459683.82630356,1390506.6062480188,0.0083382213473013,8.338221347301392e-07,False,False,False,False
90,m7_2025.10.22_fl12__FL12_LNeg_dev4/P 2,"(3, 15, 512, 512)",4017766.0,5395255.0,1462360.0,4809542.0,18391844.85183095,83460268.83074544,3064327.9640906327,0.0577593925110202,5.77593925110202e-06,False,False,False,False
92,m7_2025.10.22_fl12__FL12_LPos_dev4/P 1,"(3, 18, 512, 512)",5938925.0,49117525.0,2886985.0,51807661.0,48798309.78154108,74658797.71249092,2170352.2543578707,0.0059611741016495,5.961174101649562e-07,False,False,False,Positive
93,m7_2025.10.22_fl12__FL12_LPos_dev4/P 2,"(3, 21, 512, 512)",10356631.0,95333203.0,5232585.0,100495981.0,49745251.94324705,92230421.67488974,2358507.75108957,0.0058428043785934,5.842804378593433e-07,False,False,False,Positive
94,m7_2025.10.22_fl12__FL12_LPos_dev4/P 4,"(3, 29, 512, 512)",13574920.0,85216435.0,7794412.0,92902140.0,55969441.03040001,141561930.96005118,3265978.583774439,0.0081776337170382,8.177633717038201e-07,False,False,False,Positive
95,m7_2025.10.22_fl12__FL12_LPos_dev4/P 3,"(3, 23, 512, 512)",8449032.0,71414063.0,4983024.0,80268193.0,49915583.32353003,107492228.73136076,2784290.171732903,0.0049371941256544,4.937194125654498e-07,False,False,False,Positive
97,m7_2025.10.22_fl12__Bead_P7_dev4/P 1,"(3, 27, 512, 512)",8605345.0,87037751.0,6180994.0,85513735.0,46882302.51186856,135216931.04182863,2861447.173466136,0.0040113067957318,4.011306795731811e-07,True,False,False,unknown
98,m7_2025.10.22_fl12__Bead_P7_dev4/P 2,"(3, 23, 512, 512)",5045443.0,54512926.0,3513286.0,54591187.0,50444826.83463121,106962985.22025958,2803960.664882148,0.0031785520322856,3.178552032285669e-07,True,False,False,unknown
99,m7_2025.10.22_fl12__Bead_P7_dev4/P 3,"(3, 22, 512, 512)",7649388.0,68102049.0,4035102.0,64572465.0,37985675.64498286,110162853.34785552,2293295.8977580573,0.0079665740528651,7.966574052865174e-07,True,False,False,unknown
100,m7_2025.10.22_fl12__Bead_P7_dev4/P 4,"(3, 19, 512, 512)",3393217.0,37122165.0,2312581.0,36616889.0,41514479.84103434,88115483.02769925,2286320.4746436817,0.0033724334503937,3.372433450393728e-07,True,False,False,unknown
102,m7_2025.10.22_fl12__Bead_dev5/P 1,"(3, 18, 512, 512)",3728102.0,36219125.0,2590690.0,33009208.0,35841468.83064698,87615638.66338502,2337898.4342122846,0.0038925414401361,3.892541440136141e-07,True,False,False,unknown
103,m7_2025.10.22_fl12__Bead_dev5/P 2,"(3, 19, 512, 512)",4468480.0,42074068.0,3077667.0,38138229.0,29108781.64554406,100521181.22318952,1967939.8058290416,0.0056285060899081,5.628506089908126e-07,True,False,False,unknown
104,m7_2025.10.22_fl12__Bead_dev5/P 3,"(3, 19, 512, 512)",3818230.0,20721190.0,2919058.0,21125924.0,22474099.465589102,107155863.40314448,2086626.244172104,0.0070449246526645,7.04492465266453e-07,True,False,False,unknown
106,m7_2025.10.22_fl12__rLN4_LNeg_dev5/P 4,"(3, 28, 512, 512)",6883308.0,87629500.0,6666683.0,97842779.0,54713413.405558,136645103.2101916,3257762.0550481565,0.0002768214855232,2.7682148552328473e-08,False,True,False,False
107,m7_2025.10.22_fl12__rLN4_LNeg_dev5/P 3,"(3, 25, 512, 512)",3733408.0,51039323.0,3299194.0,50570752.0,52392187.69977574,117361335.10451823,3359108.3655249467,0.0008914611716199,8.91461171619983e-08,False,True,False,False
108,m7_2025.10.22_fl12__rLN4_LNeg_dev5/P 1,"(3, 29, 512, 512)",9682529.0,102298873.0,7599680.0,92404992.0,59918239.765571885,137613132.2248793,3619008.7812872,0.0025941941291295,2.594194129129594e-07,False,True,False,False
109,m7_2025.10.22_fl12__rLN4_LNeg_dev5/P 2,"(3, 23, 512, 512)",8345349.0,77879433.0,6375131.0,72863153.0,42185020.57303661,115222791.48185416,2586370.9853102686,0.003667042486324,3.6670424863240017e-07,False,True,False,False
111,m7_2025.10.22_fl12__FL12_LNeg_dev5/P 1,"(3, 29, 512, 512)",7105094.0,107678321.0,5737838.0,102246661.0,56501698.63103961,141029673.35941157,3100553.0662130592,0.0017899943053536,1.7899943053536746e-07,False,False,False,False
112,m7_2025.10.22_fl12__FL12_LNeg_dev5/P 2,"(3, 26, 512, 512)",4617491.0,60948483.0,3965731.0,60543882.0,48582896.56984151,127343481.60915408,2681563.565211544,0.0015195852710182,1.519585271018277e-07,False,False,False,False
113,m7_2025.10.22_fl12__FL12_LNeg_dev5/P 4,"(3, 27, 512, 512)",6339104.0,69269837.0,4669994.0,57568613.0,40233691.94158563,141865541.61211157,2642537.854041355,0.0047053705205606,4.705370520560651e-07,False,False,False,False
114,m7_2025.10.22_fl12__FL12_LNeg_dev5/P 3,"(3, 27, 512, 512)",6146904.0,81211680.0,5314678.0,78843920.0,44110211.39677153,137989022.15692568,2903954.236076037,0.0014939410441082,1.4939410441082424e-07,False,False,False,False
116,m7_2025.10.22_fl12__FL12_LPos_dev5/P 2,"(3, 24, 512, 512)",9348775.0,46894453.0,9038646.0,62514713.0,41866198.187836975,121714469.24175544,3373775.5138852457,0.00058117436128,5.81174361280082e-08,False,False,False,Positive
117,m7_2025.10.22_fl12__FL12_LPos_dev5/P 1,"(3, 19, 512, 512)",4438237.0,38312250.0,2995884.0,34279931.0,32813144.783421744,96816818.08531184,2336225.586670013,0.0053074041656222,5.307404165622258e-07,False,False,False,Positive
118,m7_2025.10.22_fl12__FL12_LPos_dev5/P 3,"(3, 18, 512, 512)",4309455.0,59632668.0,3561786.0,59845228.0,38219762.08327597,85237345.41075602,2308949.444074628,0.0013622026369035,1.362202636903503e-07,False,False,False,Positive
119,m7_2025.10.22_fl12__FL12_LPos_dev5/P 4,"(3, 20, 512, 512)",10390170.0,61037293.0,7794116.0,62462587.0,40543907.68829858,95258910.55513662,2992654.1960691474,0.0041987823929458,4.198782392945845e-07,False,False,False,Positive
121,m7_2025.10.22_fl12__Bead_P7_dev5/P 2,"(3, 24, 512, 512)",6751220.0,77202177.0,4732404.0,75027347.0,45596993.478112206,117983673.9514802,2903824.641962996,0.0032413183177158,3.2413183177158857e-07,True,False,False,unknown
122,m7_2025.10.22_fl12__Bead_P7_dev5/P 1,"(3, 21, 512, 512)",4818347.0,86214866.0,3842162.0,80837932.0,46183481.142869,95792192.4752678,2723042.7235718747,0.0012389061843414,1.2389061843414554e-07,True,False,False,unknown
123,m7_2025.10.22_fl12__Bead_P7_dev5/P 3,"(3, 24, 512, 512)",7657814.0,87340399.0,6091549.0,82491648.0,43513621.822546095,120067045.6070463,2905806.09119712,0.0023530221519043,2.3530221519043287e-07,True,False,False,unknown
124,m7_2025.10.22_fl12__Bead_P7_dev5/P 4,"(3, 24, 512, 512)",5449511.0,68594341.0,5169316.0,74549123.0,43827758.240416445,119752909.18917596,2917486.4651677944,0.0004604707155714,4.604707155714044e-08,True,False,False,unknown
0,m7_2025.11.12_fl43__Bead_dev1/P 1,"(3, 30, 512, 512)",13546528.0,152536626.0,7726809.0,156721541.0,73407267.67438203,130296959.69077076,3365862.1757353367,0.0042001669667846,4.200166966784634e-07,True,False,False,unknown
1,m7_2025.11.12_fl43__Bead_dev1/P 2,"(3, 24, 512, 512)",7534530.0,111658894.0,4661685.0,122508430.0,62172637.4548693,101408029.9747231,2639822.519826394,0.0026012956761731,2.60129567617312e-07,True,False,False,unknown
2,m7_2025.11.12_fl43__Bead_dev1/P 3,"(3, 27, 512, 512)",7666245.0,113651624.0,5276313.0,128119616.0,60371589.44399841,121727644.1096988,2903887.8162083887,0.0022653793667154,2.265379366715484e-07,True,False,False,unknown
3,m7_2025.11.12_fl43__Bead_dev1/P 4,"(3, 33, 512, 512)",6609955.0,112328334.0,5359383.0,114777879.0,66084407.6291101,159224813.5474983,3638866.6168567566,0.0013891849551023,1.3891849551023316e-07,True,False,False,unknown
5,m7_2025.11.12_fl43__rLN3_dev1/P 2,"(3, 27, 512, 512)",17917549.0,102521562.0,6970947.0,111762200.0,55060846.09379818,127038387.459899,3037936.8515487723,0.0121341127047772,1.2134112704777297e-06,False,True,False,unknown
6,m7_2025.11.12_fl43__rLN3_dev1/P 3,"(3, 27, 512, 512)",15281685.0,124801926.0,7134067.0,140569054.0,66756066.87090202,115343166.68279518,3230927.2413127925,0.0060551252793822,6.055125279382243e-07,False,True,False,unknown
7,m7_2025.11.12_fl43__rLN3_dev1/P 1,"(3, 30, 512, 512)",14222743.0,168458560.0,8723348.0,186112535.0,96409704.06945331,107294523.29569945,4287545.379003939,0.0021550338458832,2.1550338458832665e-07,False,True,False,unknown
8,m7_2025.11.12_fl43__rLN3_dev1/P 4,"(3, 24, 512, 512)",8776624.0,117930155.0,5712970.0,125639193.0,62958231.63597127,100622435.79362112,2943783.8210750176,0.0024255597152372,2.425559715237272e-07,False,True,False,unknown
10,m7_2025.11.12_fl43__FL43_LNeg_dev1/P 2,"(3, 28, 512, 512)",13569135.0,149715818.0,8654162.0,152359953.0,67738165.56136481,123620351.05438478,3228534.1590300384,0.0036377173625555,3.637717362555554e-07,False,False,False,False
11,m7_2025.11.12_fl43__FL43_LNeg_dev1/P 1,"(3, 26, 512, 512)",11623755.0,136978680.0,8444610.0,143316437.0,62393772.72717698,113532605.4518186,3194415.642189782,0.0023271039097909,2.3271039097909013e-07,False,False,False,False
12,m7_2025.11.12_fl43__FL43_LNeg_dev1/P 4,"(3, 24, 512, 512)",7813390.0,149412390.0,4937104.0,142516099.0,68778297.24922962,94802370.18036278,2818533.782894809,0.001953319945672,1.953319945672004e-07,False,False,False,False
13,m7_2025.11.12_fl43__FL43_LNeg_dev1/P 3,"(3, 26, 512, 512)",8289393.0,114466553.0,6121201.0,121472174.0,57266877.06503363,118659501.11396196,2832872.5610012924,0.0021870033833201,2.187003383320173e-07,False,False,False,False
15,m7_2025.11.12_fl43__FL43_LPos_dev1/P 1,"(3, 29, 512, 512)",11431158.0,106888506.0,5894371.0,105846945.0,60797400.234024994,136733971.7564262,3320103.2079477254,0.0063370360526212,6.33703605262123e-07,False,False,False,Positive
16,m7_2025.11.12_fl43__FL43_LPos_dev1/P 4,"(3, 28, 512, 512)",13542112.0,146456928.0,7532239.0,149111155.0,68877797.52535954,122480719.09039006,3252004.081388472,0.0044410008523269,4.441000852326929e-07,False,False,False,Positive
17,m7_2025.11.12_fl43__FL43_LPos_dev1/P 2,"(3, 28, 512, 512)",11600539.0,148566397.0,6419364.0,150874211.0,72128858.07995974,119229658.53578986,3024735.1567742303,0.0039272684431104,3.927268443110405e-07,False,False,False,Positive
18,m7_2025.11.12_fl43__FL43_LPos_dev1/P 3,"(3, 29, 512, 512)",11075503.0,157044961.0,7331284.0,159073446.0,77898814.45464171,119632557.53580949,3350551.906101078,0.0024472904272292,2.447290427229292e-07,False,False,False,Positive
20,m7_2025.11.12_fl43__Bead_dev2/P 1,"(3, 27, 512, 512)",19288080.0,88966915.0,5905066.0,110414956.0,53874071.88561648,128225161.66808072,3053893.1930571715,0.0149352828628406,1.493528286284066e-06,True,False,False,unknown
21,m7_2025.11.12_fl43__Bead_dev2/P 2,"(3, 28, 512, 512)",15817217.0,93991597.0,4483792.0,103750272.0,59050393.906675145,132308122.70907444,2943248.0795399407,0.0142565909908183,1.4256590990818362e-06,True,False,False,unknown
22,m7_2025.11.12_fl43__Bead_dev2/P 3,"(3, 28, 512, 512)",13351384.0,91062469.0,4699400.0,109925672.0,55012561.79224703,136345954.82350257,2758908.1395159177,0.011287403221984,1.128740322198408e-06,True,False,False,unknown
23,m7_2025.11.12_fl43__Bead_dev2/P 4,"(3, 26, 512, 512)",11564377.0,97919526.0,3414617.0,74465682.0,63363638.45267717,112562739.72631842,3290336.9264361947,0.010899987762085,1.0899987762085058e-06,True,False,False,unknown
25,m7_2025.11.12_fl43__rLN3_dev2/P 3,"(3, 26, 512, 512)",14691170.0,181305462.0,10052992.0,203523481.0,77729801.73853178,98196576.4404638,3317865.559780618,0.0019709143145754,1.970914314575452e-07,False,True,False,unknown
26,m7_2025.11.12_fl43__rLN3_dev2/P 2,"(3, 26, 512, 512)",10194272.0,187630262.0,6494221.0,178640944.0,81477315.80671549,94449062.37228008,3252882.1438478986,0.0017335476037112,1.7335476037112826e-07,False,True,False,unknown
27,m7_2025.11.12_fl43__rLN3_dev2/P 4,"(3, 27, 512, 512)",8076945.0,120831290.0,5978746.0,126619674.0,75222032.14741023,106877201.40628695,3270970.1281120367,0.0015785487582809,1.578548758280965e-07,False,True,False,unknown
28,m7_2025.11.12_fl43__rLN3_dev2/P 1,"(3, 20, 512, 512)",5067893.0,98653465.0,4017204.0,108447684.0,51931867.9392916,83870950.30414361,2127180.8469200158,0.001101923792707,1.101923792707004e-07,False,True,False,unknown
30,m7_2025.11.12_fl43__FL43_LNeg_dev2/P 3,"(3, 27, 512, 512)",22913540.0,150416646.0,9530948.0,173069642.0,64865961.93320037,117233271.62049682,2930028.021977007,0.0090948663789583,9.094866378958388e-07,False,False,False,False
31,m7_2025.11.12_fl43__FL43_LNeg_dev2/P 4,"(3, 24, 512, 512)",15921207.0,164306516.0,6283189.0,177856861.0,73520472.638882,90060194.7907104,2723808.5538758766,0.0051593012716272,5.159301271627206e-07,False,False,False,False
32,m7_2025.11.12_fl43__FL43_LNeg_dev2/P 1,"(3, 26, 512, 512)",7525052.0,70378525.0,3903840.0,66493436.0,46917706.29015783,129008671.88883775,2969613.145173641,0.0069818148742849,6.981814874284991e-07,False,False,False,False
33,m7_2025.11.12_fl43__FL43_LNeg_dev2/P 2,"(3, 26, 512, 512)",6770523.0,60438846.0,4155847.0,64507484.0,39255313.76789683,136671064.41109875,2636146.067940575,0.0062392649927547,6.239264992754788e-07,False,False,False,False
35,m7_2025.11.12_fl43__FL43_LPos_dev2/P 2,"(3, 24, 512, 512)",12457852.0,134243037.0,8541262.0,152201323.0,69189249.51973474,94391417.90985766,2814824.506181795,0.0025395148105598,2.539514810559875e-07,False,False,False,Positive
36,m7_2025.11.12_fl43__FL43_LPos_dev2/P 1,"(3, 20, 512, 512)",8365552.0,106797850.0,5712472.0,112824610.0,54617904.44330905,81184913.80012617,2494474.763361081,0.0022392644027882,2.239264402788287e-07,False,False,False,Positive
37,m7_2025.11.12_fl43__FL43_LPos_dev2/P 3,"(3, 21, 512, 512)",12727247.0,126645428.0,7525138.0,117764631.0,51544816.45692325,90430857.16121356,2459882.899293117,0.0048188338654186,4.818833865418659e-07,False,False,False,Positive
38,m7_2025.11.12_fl43__FL43_LPos_dev2/P 4,"(3, 27, 512, 512)",10968722.0,133808816.0,8322997.0,142741406.0,65183489.20180146,116915744.35189576,2857124.757385155,0.0022373155656195,2.237315565619572e-07,False,False,False,Positive
41,m7_2025.11.12_fl43__Bead_dev3/P 1,"(3, 28, 512, 512)",9099802.0,115642836.0,8402790.0,122044443.0,56869688.351834856,134488828.26391473,3155750.494025781,0.0007260788110736,7.2607881107365e-08,True,False,False,unknown
42,m7_2025.11.12_fl43__Bead_dev3/P 2,"(3, 27, 512, 512)",7938634.0,101679499.0,6233286.0,98375379.0,45505805.49578749,136593428.05790973,2364291.4093135176,0.0029701695594868,2.970169559486853e-07,True,False,False,unknown
43,m7_2025.11.12_fl43__Bead_dev3/P 3,"(3, 28, 512, 512)",8010233.0,117240770.0,5286993.0,92355474.0,57732506.8035718,133626009.8121778,3107103.465059094,0.0037364376008565,3.7364376008565227e-07,True,False,False,unknown
44,m7_2025.11.12_fl43__Bead_dev3/P 4,"(3, 23, 512, 512)",7167281.0,112056629.0,5682225.0,108256241.0,50202275.04329853,107205537.01159224,2376881.0739976102,0.0018138974681748,1.81389746817481e-07,True,False,False,unknown
45,m7_2025.11.12_fl43__rLN3_dev3/P 1,"(3, 29, 512, 512)",22738199.0,129270623.0,6238427.0,148972489.0,73139025.47924915,124392346.51120204,3702980.055708093,0.010786737355477,1.078673735547705e-06,False,True,False,unknown
46,m7_2025.11.12_fl43__rLN3_dev3/P 2,"(3, 27, 512, 512)",13005760.0,104806412.0,5172522.0,117805888.0,60655773.34708063,121443460.20661657,3111835.0499314875,0.0075392704544673,7.539270454467384e-07,False,True,False,unknown
47,m7_2025.11.12_fl43__rLN3_dev3/P 4,"(3, 26, 512, 512)",11502841.0,113881981.0,6953698.0,144024840.0,69200340.42733318,106726037.7516624,3406250.046923593,0.0028885169328546,2.888516932854642e-07,False,True,False,unknown
48,m7_2025.11.12_fl43__rLN3_dev3/P 3,"(3, 26, 512, 512)",8626601.0,123331297.0,4942954.0,129353676.0,68304920.35867472,107621457.82032086,3366295.523060928,0.0026294464186053,2.629446418605356e-07,False,True,False,unknown
50,m7_2025.11.12_fl43__FL43_LNeg_dev3/P 2,"(3, 23, 512, 512)",12435026.0,113350465.0,4478223.0,102037006.0,54944697.68248335,102463114.37240744,2615942.113697282,0.0088737901338705,8.873790133870597e-07,False,False,False,False
51,m7_2025.11.12_fl43__FL43_LNeg_dev3/P 1,"(3, 23, 512, 512)",10107884.0,130249312.0,4612445.0,142518457.0,61388668.05640914,96019143.99848165,2848494.3300221097,0.0037312913536891,3.7312913536891593e-07,False,False,False,False
52,m7_2025.11.12_fl43__FL43_LNeg_dev3/P 4,"(3, 25, 512, 512)",12381171.0,142779182.0,6590138.0,149189146.0,66454905.166591614,103298617.63770238,2879131.8639374115,0.0040473427888389,4.04734278883899e-07,False,False,False,False
53,m7_2025.11.12_fl43__FL43_LNeg_dev3/P 3,"(3, 24, 512, 512)",10672808.0,126860001.0,6523646.0,136174504.0,62083427.46880417,101497239.96078822,2834438.53385064,0.0031832422089689,3.183242208968984e-07,False,False,False,False
56,m7_2025.11.12_fl43__FL43_LPos_dev3/P 4,"(3, 24, 512, 512)",6410300.0,39099726.0,6554903.0,61274394.0,28773593.69605374,134807073.73353866,1833866.2659504225,-0.0005396072464711,-5.3960724647110375e-08,False,False,False,Positive
57,m7_2025.11.12_fl43__FL43_LPos_dev3/P 3,"(3, 22, 512, 512)",12456965.0,100926194.0,9536843.0,97976381.0,42038189.67212355,106110339.32071485,2303696.4302999726,0.0042245891982416,4.224589198241641e-07,False,False,False,Positive
58,m7_2025.11.12_fl43__FL43_LPos_dev3/P 2,"(3, 24, 512, 512)",13365427.0,126891553.0,11379334.0,126122566.0,58077219.74695504,105503447.68263736,2919620.687589079,0.0017374416211441,1.73744162114411e-07,False,False,False,Positive
59,m7_2025.11.12_fl43__FL43_LPos_dev3/P 1,"(3, 25, 512, 512)",11888075.0,118413714.0,9135990.0,108261780.0,60823985.44565692,118188820.42068946,3010466.647412288,0.003027716858971,3.027716858971049e-07,False,False,False,Positive
60,m7_2025.11.12_fl43__Bead_dev4/P 1,"(3, 26, 512, 512)",13679425.0,132631130.0,5075665.0,130215329.0,59152095.88102259,116774282.297973,2526556.8041074937,0.0088269149475113,8.826914947511337e-07,True,False,False,unknown
61,m7_2025.11.12_fl43__Bead_dev4/P 4,"(3, 20, 512, 512)",11575538.0,102324803.0,4578202.0,107079424.0,45330799.92196248,90472018.32147272,2056938.0886573368,0.0083405414223216,8.340541422321652e-07,True,False,False,unknown
62,m7_2025.11.12_fl43__Bead_dev4/P 3,"(3, 23, 512, 512)",7489526.0,81148658.0,4575016.0,91797105.0,44322834.22089059,113084977.8340002,2565084.9197667604,0.0040920387233014,4.092038723301424e-07,True,False,False,unknown
63,m7_2025.11.12_fl43__Bead_dev4/P 2,"(3, 19, 512, 512)",4184407.0,64720560.0,2357349.0,68806931.0,48143251.57978504,81486711.28894855,2306918.081915325,0.0026978152019243,2.697815201924351e-07,True,False,False,unknown
66,m7_2025.11.12_fl43__rLN4_dev4/P 2,"(3, 32, 512, 512)",15873030.0,196105444.0,11629230.0,224611120.0,100316305.55108722,115733632.56346875,4039433.790554728,0.0015858014901349,1.58580149013494e-07,False,True,False,unknown
67,m7_2025.11.12_fl43__rLN4_dev4/P 1,"(3, 22, 512, 512)",7081497.0,126760014.0,4433888.0,121142226.0,65664895.81526734,82483633.17757104,2827443.845402464,0.0018383290802422,1.8383290802422373e-07,False,True,False,unknown
68,m7_2025.11.12_fl43__rLN4_dev4/P 3,"(3, 29, 512, 512)",12354666.0,104579449.0,10099281.0,116520299.0,70721619.70534416,126809752.28510705,3804975.431601553,0.0019619664439557,1.961966443955745e-07,False,True,False,unknown
69,m7_2025.11.12_fl43__rLN4_dev4/P 4,"(3, 31, 512, 512)",12327755.0,114487322.0,9833547.0,112392813.0,66083654.10672549,143793428.6331289,4029801.228834521,0.0024105196568819,2.410519656881981e-07,False,True,False,unknown
70,m7_2025.11.12_fl43__FL43_LNeg_dev4/P 1,"(3, 26, 512, 512)",16803490.0,123853448.0,4858205.0,141474698.0,71676980.12494065,104249398.05405492,2937960.3575266083,0.0086182384711731,8.618238471173157e-07,False,False,False,False
71,m7_2025.11.12_fl43__FL43_LNeg_dev4/P 2,"(3, 26, 512, 512)",12997792.0,100961869.0,4912697.0,112831482.0,58805440.26274153,117120937.91625404,3096020.254484,0.0078725663154684,7.872566315468403e-07,False,False,False,False
72,m7_2025.11.12_fl43__FL43_LNeg_dev4/P 3,"(3, 23, 512, 512)",14073415.0,146577767.0,5099458.0,150710462.0,75712398.61298057,81695413.4419102,3224844.6462999256,0.0043368676048677,4.336867604867711e-07,False,False,False,False
73,m7_2025.11.12_fl43__FL43_LNeg_dev4/P 4,"(3, 25, 512, 512)",15640085.0,133189055.0,6973541.0,138191745.0,67869148.9446266,101884373.8596674,3139024.657639008,0.0059547318573848,5.954731857384871e-07,False,False,False,False
76,m7_2025.11.12_fl43__FL43_LPos_dev4/P 1,"(3, 24, 512, 512)",5259977.0,61512846.0,6807426.0,107407558.0,53146840.367959775,110433827.06163263,2573091.2370759584,-0.0018338433316044,-1.8338433316044446e-07,False,False,False,Positive
77,m7_2025.11.12_fl43__FL43_LPos_dev4/P 2,"(3, 23, 512, 512)",11258204.0,164190191.0,9923026.0,165945151.0,75466220.49517198,81941591.5597188,2971898.9438322475,0.0006554217296942,6.554217296942077e-08,False,False,False,Positive
78,m7_2025.11.12_fl43__FL43_LPos_dev4/P 3,"(3, 25, 512, 512)",9255206.0,122740169.0,8217448.0,123211553.0,64645544.86191553,105107977.94237846,2872255.3349344004,0.0009173406700229,9.173406700229973e-08,False,False,False,Positive
79,m7_2025.11.12_fl43__FL43_LPos_dev4/P 4,"(3, 27, 512, 512)",14897100.0,154597837.0,14922303.0,168329181.0,64989233.4858072,117110000.06789,2935513.465897519,-1.8206011440798333e-05,-1.820601144079833e-09,False,False,False,Positive
80,m7_2025.11.12_fl43__Bead_dev5/P 1,"(3, 23, 512, 512)",18329425.0,159515722.0,5252572.0,189350802.0,82350506.96502803,75057305.08986275,2876600.393027953,0.0051483084595324,5.148308459532498e-07,True,False,False,unknown
81,m7_2025.11.12_fl43__Bead_dev5/P 2,"(3, 27, 512, 512)",16232505.0,128763045.0,4925024.0,123793262.0,67334772.0622803,114764461.4914169,2927592.267340965,0.0103584404238069,1.0358440423806905e-06,True,False,False,unknown
82,m7_2025.11.12_fl43__Bead_dev5/P 4,"(3, 27, 512, 512)",12124468.0,133758246.0,5319995.0,141336164.0,67523423.45553905,114575810.09815817,2828031.5868983315,0.0056300225795632,5.630022579563233e-07,True,False,False,unknown
83,m7_2025.11.12_fl43__Bead_dev5/P 3,"(3, 29, 512, 512)",10176953.0,123691195.0,5501879.0,132582296.0,60450108.83123193,137081263.15921926,2920037.2913750447,0.0047973019816949,4.79730198169491e-07,True,False,False,unknown
85,m7_2025.11.12_fl43__rLN3_dev5/P 3,"(3, 22, 512, 512)",6575023.0,97475469.0,5734851.0,102929483.0,44585095.33209565,103563433.66074272,2210277.448484736,0.0011250791383196,1.1250791383196545e-07,False,True,False,unknown
86,m7_2025.11.12_fl43__rLN3_dev5/P 2,"(3, 24, 512, 512)",6752401.0,107911307.0,5163577.0,103597708.0,51804310.72812232,111776356.70147008,2527111.6866685348,0.001983138714368,1.983138714368e-07,False,True,False,unknown
87,m7_2025.11.12_fl43__rLN3_dev5/P 4,"(3, 22, 512, 512)",8278392.0,206981723.0,6295316.0,209198510.0,85249566.60193138,62898962.390907004,2507804.001424233,0.0006809227813754,6.809227813754812e-08,False,True,False,unknown
88,m7_2025.11.12_fl43__rLN3_dev5/P 1,"(3, 25, 512, 512)",7953570.0,160733323.0,7797902.0,195641475.0,84184015.30737333,85569507.49692066,2945890.593529674,6.686562728456066e-05,6.686562728456066e-09,False,True,False,unknown
90,m7_2025.11.12_fl43__FL43_LNeg_dev5/P 1,"(3, 26, 512, 512)",5734813.0,84120410.0,5188756.0,81630172.0,43758540.14511793,132167838.03387764,2764645.9937904626,0.0009486216055862,9.486216055862345e-08,False,False,False,False
91,m7_2025.11.12_fl43__FL43_LNeg_dev5/P 2,"(3, 21, 512, 512)",4538651.0,65269977.0,4791671.0,70090611.0,33767410.240803115,108208263.37733369,1954504.8276450376,-0.0005958952161009,-5.9589521610094316e-08,False,False,False,False
92,m7_2025.11.12_fl43__FL43_LNeg_dev5/P 3,"(3, 22, 512, 512)",5924874.0,90781863.0,4760625.0,76873023.0,48262837.93697964,99885691.05585876,2362353.222328174,0.001896233781566,1.8962337815660728e-07,False,False,False,False
93,m7_2025.11.12_fl43__FL43_LNeg_dev5/P 4,"(3, 23, 512, 512)",4975462.0,68094082.0,5128695.0,81951509.0,47340620.72851858,110067191.3263722,2483356.0397460675,-0.0002455717966905,-2.455717966905809e-08,False,False,False,False
95,m7_2025.11.12_fl43__FL43_LPos_dev5/P 1,"(3, 27, 512, 512)",10124114.0,169112957.0,9069352.0,165460787.0,72234068.64291051,109865164.91078667,3311424.7798791006,0.0006215615302732,6.21561530273214e-08,False,False,False,Positive
96,m7_2025.11.12_fl43__FL43_LPos_dev5/P 2,"(3, 30, 512, 512)",8940250.0,162448311.0,9111945.0,181890299.0,72623333.59728365,131080893.76786911,2748752.908670885,-0.0001316344329687,-1.3163443296871716e-08,False,False,False,Positive
97,m7_2025.11.12_fl43__FL43_LPos_dev5/P 4,"(3, 27, 512, 512)",9698302.0,148615691.0,8866989.0,147706732.0,70824240.03509784,111274993.51859936,3049095.868502318,0.0006069805408889,6.069805408889579e-08,False,False,False,Positive
98,m7_2025.11.12_fl43__FL43_LPos_dev5/P 3,"(3, 28, 512, 512)",14248084.0,140660724.0,13384906.0,141516001.0,68350378.95128359,123008137.664466,3509027.954089927,0.0006559796093722,6.559796093722965e-08,False,False,False,Positive
101,m7_2025.11.12_fl43__Bead_dev6/P 3,"(3, 23, 512, 512)",6592180.0,124493901.0,4704705.0,123583919.0,61196837.740590334,96210974.31430043,2499455.875228319,0.0016976647093934,1.6976647093934458e-07,True,False,False,unknown
102,m7_2025.11.12_fl43__Bead_dev6/P 4,"(3, 21, 512, 512)",7360401.0,131232315.0,5683354.0,140743992.0,63081797.53325959,78893876.08487721,2545232.978509012,0.0010691279621047,1.0691279621047747e-07,True,False,False,unknown
103,m7_2025.11.12_fl43__Bead_dev6/P 1,"(3, 20, 512, 512)",5259297.0,81300871.0,3932920.0,83580677.0,44554295.10462484,91248523.13881037,2197729.3168482147,0.0019206249853201,1.920624985320192e-07,True,False,False,unknown
104,m7_2025.11.12_fl43__Bead_dev6/P 2,"(3, 22, 512, 512)",5476446.0,74458501.0,4330030.0,79754262.0,43749721.578460574,104398807.4143778,2354663.9976092465,0.0018719551324169,1.871955132416917e-07,True,False,False,unknown
105,m7_2025.11.12_fl43__rLN3_dev6/P 1,"(3, 34, 512, 512)",12528642.0,124123907.0,8463129.0,132154446.0,91795698.12790772,139686378.42340225,4466568.086384097,0.0028553131066477,2.855313106647791e-07,False,True,False,unknown
106,m7_2025.11.12_fl43__rLN3_dev6/P 2,"(3, 29, 512, 512)",15119829.0,160385964.0,9242078.0,170621609.0,74510035.91046731,123021336.07998388,3350022.4947760343,0.0037152919829959,3.7152919829959714e-07,False,True,False,unknown
107,m7_2025.11.12_fl43__rLN3_dev6/P 3,"(3, 19, 512, 512)",4154791.0,41811664.0,2533798.0,47290922.0,46277918.69047734,83352044.17825624,2494008.4351846008,0.0033622871743785,3.362287174378596e-07,False,True,False,unknown
108,m7_2025.11.12_fl43__rLN3_dev6/P 4,"(3, 23, 512, 512)",7180228.0,81534233.0,4079896.0,81408802.0,61480668.43005477,95927143.624836,3267879.9547842247,0.0032691831702995,3.269183170299577e-07,False,True,False,unknown
110,m7_2025.11.12_fl43__FL43_LNeg_dev6/P 2,"(3, 26, 512, 512)",14071330.0,174760304.0,11060965.0,185435965.0,73104257.48547189,102822120.69352368,3203927.8492647745,0.001538991652005,1.538991652005029e-07,False,False,False,False
111,m7_2025.11.12_fl43__FL43_LNeg_dev6/P 3,"(3, 30, 512, 512)",16061970.0,201425376.0,13562475.0,207665601.0,88922623.23948608,114781604.1256667,3695525.80514613,0.0011109980394874,1.110998039487446e-07,False,False,False,False
112,m7_2025.11.12_fl43__FL43_LNeg_dev6/P 4,"(3, 32, 512, 512)",9633852.0,116015156.0,9061969.0,140231790.0,60591429.59970754,155458508.51484844,3244563.971261956,0.0005802683931851,5.802683931851045e-08,False,False,False,False
113,m7_2025.11.12_fl43__FL43_LNeg_dev6/P 1,"(3, 27, 512, 512)",8794346.0,97023589.0,7175279.0,105174540.0,52392152.37841396,129707081.17528324,2992690.9718948435,0.0019890299951273,1.9890299951273346e-07,False,False,False,False
116,m7_2025.11.12_fl43__FL43_LPos_dev6/P 3,"(3, 24, 512, 512)",12377744.0,129729840.0,6589089.0,124113456.0,59735322.206708506,103845345.2228839,2922209.6142003555,0.0048620891128085,4.862089112808558e-07,False,False,False,Positive
117,m7_2025.11.12_fl43__FL43_LPos_dev6/P 2,"(3, 25, 512, 512)",11010785.0,122393575.0,7988472.0,121952672.0,59292992.79315686,110460530.01113711,3002336.386902623,0.0027102931359927,2.710293135992758e-07,False,False,False,Positive
118,m7_2025.11.12_fl43__FL43_LPos_dev6/P 4,"(3, 25, 512, 512)",12015793.0,126746163.0,8526351.0,125200894.0,59412743.9833731,110340778.82092088,3166083.735061088,0.0028952830187593,2.895283018759356e-07,False,False,False,Positive
119,m7_2025.11.12_fl43__FL43_LPos_dev6/P 1,"(3, 26, 512, 512)",11221238.0,172619779.0,8489326.0,173975129.0,79064419.39333087,96861958.7856647,2886156.7825046964,0.0015389935207109,1.5389935207109134e-07,False,False,False,Positive
0,m7_2025.12.04_fl39__Bead_dev1/P 2,"(3, 18, 512, 512)",8120281.0,85153016.0,4119169.0,77771232.0,38057248.49773328,85399858.99629872,1986084.2037536963,0.0064886266810729,6.488626681072998e-07,True,False,False,unknown
1,m7_2025.12.04_fl39__Bead_dev1/P 1,"(3, 20, 512, 512)",8476133.0,135311286.0,5084971.0,145522237.0,61045721.18111482,74757097.06232038,2358828.112261228,0.0021257872789229,2.125787278922959e-07,True,False,False,unknown
2,m7_2025.12.04_fl39__Bead_dev1/P 3,"(3, 17, 512, 512)",7436759.0,107875331.0,3813471.0,95429997.0,49155667.77244101,65042156.65953859,2392492.705077172,0.002986557261835,2.986557261835013e-07,True,False,False,unknown
3,m7_2025.12.04_fl39__Bead_dev1/P 4,"(3, 19, 512, 512)",7610212.0,90025469.0,4783204.0,89469667.0,47109159.84478434,82520803.02394924,2346194.3432978718,0.003261444588236,3.261444588236008e-07,True,False,False,unknown
5,m7_2025.12.04_fl39__rLN2_dev1/P 2,"(3, 21, 512, 512)",7989100.0,83484594.0,4725994.0,93384266.0,44100851.23590024,97874822.38223656,1898438.990564241,0.005270887666911,5.270887666911099e-07,False,True,False,unknown
6,m7_2025.12.04_fl39__rLN2_dev1/P 1,"(3, 20, 512, 512)",8246977.0,75051349.0,4414010.0,75697881.0,39801170.09282114,96001648.15061404,2152559.611129221,0.006661389154227,6.661389154227036e-07,False,True,False,unknown
7,m7_2025.12.04_fl39__rLN2_dev1/P 3,"(3, 19, 512, 512)",8794641.0,105099687.0,5257953.0,104715030.0,53983744.713938594,75646218.15479499,2454997.9351239773,0.003043649554853,3.043649554853083e-07,False,True,False,unknown
8,m7_2025.12.04_fl39__rLN2_dev1/P 4,"(3, 23, 512, 512)",12870321.0,148669686.0,7500830.0,149812784.0,65990205.55724695,91417606.49764384,2671672.742753942,0.0035862108732402,3.586210873240213e-07,False,True,False,unknown
10,m7_2025.12.04_fl39__FL39_LigNeg_dev1/P 4,"(3, 20, 512, 512)",12746169.0,98200030.0,4688411.0,98721659.0,51228313.50781373,84574504.73562148,2325142.463434777,0.0086580517548826,8.658051754882659e-07,False,False,False,False
11,m7_2025.12.04_fl39__FL39_LigNeg_dev1/P 3,"(3, 21, 512, 512)",8546649.0,85489394.0,4871704.0,95967598.0,50588855.574176505,91386818.04396027,2418565.62864717,0.0042342375587171,4.234237558717194e-07,False,False,False,False
12,m7_2025.12.04_fl39__FL39_LigNeg_dev1/P 1,"(3, 23, 512, 512)",13656176.0,129404439.0,8147941.0,132546522.0,59264747.47752135,98143064.57736942,2665370.010778156,0.0045289407728681,4.528940772868134e-07,False,False,False,False
13,m7_2025.12.04_fl39__FL39_LigNeg_dev1/P 2,"(3, 23, 512, 512)",11101237.0,112779065.0,7136226.0,123333027.0,59326477.44412284,98081334.61076792,2809546.6174870003,0.0033090082369668,3.309008236966819e-07,False,False,False,False
15,m7_2025.12.04_fl39__FL39_LigPos_dev1/P 1,"(3, 18, 512, 512)",9110229.0,50739722.0,3883570.0,51029831.0,29000545.2192676,94456562.2747644,2008640.8318499413,0.0144811902214391,1.4481190221439123e-06,False,False,False,Positive
16,m7_2025.12.04_fl39__FL39_LigPos_dev1/P 2,"(3, 19, 512, 512)",8801257.0,55782455.0,4618275.0,54108390.0,33413266.493825026,96216696.37490857,2444807.836538897,0.0092399738948366,9.23997389483665e-07,False,False,False,Positive
17,m7_2025.12.04_fl39__FL39_LigPos_dev1/P 4,"(3, 19, 512, 512)",8656718.0,68153374.0,3651298.0,61090233.0,37641645.581260666,91988317.28747292,2392445.608197838,0.0093072685793801,9.307268579380188e-07,False,False,False,Positive
18,m7_2025.12.04_fl39__FL39_LigPos_dev1/P 3,"(3, 20, 512, 512)",10610664.0,91658237.0,5106744.0,82993063.0,47580994.36920826,88221823.87422694,2550326.987270752,0.0067902943129006,6.790294312900672e-07,False,False,False,Positive
20,m7_2025.12.04_fl39__Bead_dev2/P 1,"(3, 21, 512, 512)",10297897.0,67300062.0,4369902.0,71032780.0,37917493.64296317,104058179.97517362,2239907.222832935,0.0114753902574886,1.147539025748867e-06,True,False,False,unknown
21,m7_2025.12.04_fl39__Bead_dev2/P 2,"(3, 21, 512, 512)",10131941.0,76317250.0,5257650.0,71499488.0,39895960.85404727,102079712.76408952,2622323.875550447,0.0079566396320734,7.95663963207348e-07,True,False,False,unknown
22,m7_2025.12.04_fl39__Bead_dev2/P 3,"(3, 22, 512, 512)",8763054.0,94548916.0,4507384.0,91166426.0,46459081.95503906,101689447.03779931,2453920.6310426965,0.0056528431241363,5.652843124136366e-07,True,False,False,unknown
23,m7_2025.12.04_fl39__Bead_dev2/P 4,"(3, 23, 512, 512)",8113658.0,102996968.0,4885196.0,105811130.0,48440139.39932024,108967672.65557054,2220871.027244329,0.0043597816369268,4.359781636926854e-07,True,False,False,unknown
25,m7_2025.12.04_fl39__rLN2_dev2/P 1,"(3, 19, 512, 512)",10535882.0,87360037.0,5715928.0,104563709.0,43560081.18707202,86069881.68166156,2300466.664531813,0.0050676747072713,5.067674707271347e-07,False,True,False,unknown
26,m7_2025.12.04_fl39__rLN2_dev2/P 2,"(3, 17, 512, 512)",10235741.0,92923261.0,3879615.0,90774191.0,45291911.1026444,68905913.3293352,1882264.0460315093,0.0074382928964021,7.438292896402142e-07,False,True,False,unknown
27,m7_2025.12.04_fl39__rLN2_dev2/P 4,"(3, 19, 512, 512)",10598356.0,120155341.0,5535465.0,126972041.0,57488035.88491582,72141926.98381776,2641106.0702072354,0.0031633588323676,3.163358832367633e-07,False,True,False,unknown
28,m7_2025.12.04_fl39__rLN2_dev2/P 3,"(3, 17, 512, 512)",9418431.0,112553741.0,5014971.0,125207396.0,48520295.34298282,65677529.088996775,2003593.2922377656,0.0033359665993803,3.335966599380317e-07,False,True,False,unknown
30,m7_2025.12.04_fl39__FL39_LigNeg_dev2/P 1,"(3, 22, 512, 512)",14420212.0,134874859.0,7181392.0,168351635.0,64329030.13901875,83819498.85381964,2409486.6915459805,0.0043401120721155,4.340112072115582e-07,False,False,False,False
31,m7_2025.12.04_fl39__FL39_LigNeg_dev2/P 2,"(3, 22, 512, 512)",15847934.0,172409464.0,7646207.0,176852083.0,68142265.4876849,80006263.50515348,2383572.65753766,0.004519422686037,4.5194226860370725e-07,False,False,False,False
32,m7_2025.12.04_fl39__FL39_LigNeg_dev2/P 3,"(3, 21, 512, 512)",14728653.0,135031839.0,7397510.0,143505743.0,60513310.521240845,81462363.09689595,2430125.060784796,0.0050154877524388,5.015487752438893e-07,False,False,False,False
33,m7_2025.12.04_fl39__FL39_LigNeg_dev2/P 4,"(3, 21, 512, 512)",11230803.0,150502076.0,5814102.0,152346547.0,64447238.963104,77528434.6550328,2167011.979877264,0.0036736541633878,3.6736541633878876e-07,False,False,False,False
35,m7_2025.12.04_fl39__FL39_LigPos_dev2/P 1,"(3, 14, 512, 512)",10511816.0,24420806.0,2194470.0,20802260.0,23920980.18190739,71758278.12596741,2129969.158478354,0.0418298363583387,4.182983635833879e-06,False,False,False,Positive
36,m7_2025.12.04_fl39__FL39_LigPos_dev2/P 2,"(3, 16, 512, 512)",15592924.0,46608929.0,2947105.0,36512556.0,29150213.60291019,78874755.4543678,1835110.7744190712,0.0449808558432246,4.498085584322467e-06,False,False,False,Positive
37,m7_2025.12.04_fl39__FL39_LigPos_dev2/P 4,"(3, 11, 512, 512)",9376588.0,61668526.0,1426080.0,31672094.0,34046460.7726402,40027803.72377899,1809251.4805659,0.0161542594669238,1.6154259466923807e-06,False,False,False,Positive
38,m7_2025.12.04_fl39__FL39_LigPos_dev2/P 3,"(3, 17, 512, 512)",12123470.0,53116641.0,4596859.0,71547785.0,33289476.89457878,80908347.53740081,1939365.8652489795,0.0130278864881531,1.3027886488153128e-06,False,False,False,Positive
45,m7_2025.12.04_fl39__rLN2_dev3/P 2,"(3, 14, 512, 512)",7450355.0,76922414.0,3281652.0,63359192.0,36592059.54222649,59087198.76564831,1909128.2188089225,0.0059654693274025,5.965469327402544e-07,False,True,False,unknown
46,m7_2025.12.04_fl39__rLN2_dev3/P 1,"(3, 17, 512, 512)",6077537.0,86000762.0,3537028.0,92926210.0,41282230.11355371,72915594.3184259,1749256.831451777,0.0032907895935291,3.2907895935291534e-07,False,True,False,unknown
47,m7_2025.12.04_fl39__rLN2_dev3/P 3,"(3, 20, 512, 512)",7603427.0,120018721.0,5110868.0,122417497.0,53367728.390735,82435089.8527002,2220453.7127857627,0.0021912442160994,2.1912442160994333e-07,False,True,False,unknown
48,m7_2025.12.04_fl39__rLN2_dev3/P 4,"(3, 21, 512, 512)",9845876.0,102266700.0,6641191.0,102507573.0,43572384.794758186,98403288.8233786,2212599.1405170592,0.0041297464040206,4.129746404020655e-07,False,True,False,unknown
50,m7_2025.12.04_fl39__FL39_LigNeg_dev3/P 2,"(3, 20, 512, 512)",8556204.0,119248528.0,6893155.0,131035196.0,53602120.94749686,82200697.29593834,2488775.878787956,0.0012290608245645,1.2290608245645606e-07,False,False,False,False
51,m7_2025.12.04_fl39__FL39_LigNeg_dev3/P 1,"(3, 16, 512, 512)",8032639.0,94998134.0,4251927.0,77200373.0,39293590.350277424,68731378.70700057,1955404.2319538137,0.0050602684289688,5.060268428968823e-07,False,False,False,False
52,m7_2025.12.04_fl39__FL39_LigNeg_dev3/P 4,"(3, 15, 512, 512)",5794429.0,70173123.0,2849658.0,52653773.0,37995553.85249357,63856559.83008282,2135351.7378182337,0.0049115649857741,4.91156498577418e-07,False,False,False,False
53,m7_2025.12.04_fl39__FL39_LigNeg_dev3/P 3,"(3, 16, 512, 512)",7994680.0,78294236.0,4902928.0,71042754.0,37383281.593638495,70641687.4636395,2100260.6131341606,0.0043674403140084,4.367440314008415e-07,False,False,False,False
55,m7_2025.12.04_fl39__FL39_LigPos_dev3/P 1,"(3, 21, 512, 512)",16888149.0,142476597.0,4153454.0,141962421.0,68675052.90875119,73300620.7093856,1786639.2805257058,0.0105312359727994,1.0531235972799402e-06,False,False,False,Positive
56,m7_2025.12.04_fl39__FL39_LigPos_dev3/P 2,"(3, 18, 512, 512)",35942025.0,97985013.0,9467280.0,80689285.0,48073138.67665479,75383968.81737721,3359152.847642282,0.0231720428241978,2.3172042824197807e-06,False,False,False,Positive
57,m7_2025.12.04_fl39__FL39_LigPos_dev3/P 3,"(3, 11, 512, 512)",6321610.0,25431283.0,1724593.0,22956393.0,22951455.89623772,51122808.60018148,1680311.1549516234,0.0182983440547812,1.829834405478123e-06,False,False,False,Positive
58,m7_2025.12.04_fl39__FL39_LigPos_dev3/P 4,"(3, 11, 512, 512)",9456710.0,38264934.0,2174492.0,32409128.0,22500178.404368863,51574086.09205033,1262402.3149620695,0.0273331817534941,2.733318175349412e-06,False,False,False,Positive
61,m7_2025.12.04_fl39__Bead_dev4/P 2,"(3, 14, 512, 512)",3911792.0,66401757.0,3431466.0,67156233.0,34642343.919630066,61036914.38824473,2067206.6091688927,0.000618207150909,6.182071509090337e-08,True,False,False,unknown
62,m7_2025.12.04_fl39__Bead_dev4/P 3,"(3, 16, 512, 512)",4768341.0,58153305.0,3822557.0,50719891.0,27525478.056250107,80499491.00102788,1977100.5939988764,0.0022808970045219,2.2808970045219285e-07,True,False,False,unknown
63,m7_2025.12.04_fl39__Bead_dev4/P 4,"(3, 22, 512, 512)",5612979.0,80706445.0,5312622.0,81689821.0,43481173.26485895,104667355.72797944,2851899.9837325774,0.000400911479261,4.00911479261048e-08,True,False,False,unknown
64,m7_2025.12.04_fl39__Bead_dev4/P 1,"(3, 16, 512, 512)",3152810.0,68118045.0,3201602.0,71650111.0,39457905.32527082,68567063.73200718,2128251.115420742,-6.379326192930197e-05,-6.379326192930197e-09,True,False,False,unknown
65,m7_2025.12.04_fl39__rLN2_dev4/P 2,"(3, 17, 512, 512)",16849736.0,91785056.0,3695351.0,117416552.0,52864257.69994485,61333566.73203475,1925561.6996498764,0.0102345179523049,1.0234517952304922e-06,False,True,False,unknown
66,m7_2025.12.04_fl39__rLN2_dev4/P 1,"(3, 15, 512, 512)",8971571.0,70934854.0,2971635.0,90774351.0,48473741.78815881,53378371.89441758,2006619.7227666276,0.0050493609096968,5.049360909696841e-07,False,True,False,unknown
67,m7_2025.12.04_fl39__rLN2_dev4/P 3,"(3, 19, 512, 512)",12681975.0,82428194.0,4685895.0,108472328.0,54589164.62860864,75040798.24012494,2231464.1182583347,0.0071968355831462,7.196835583146264e-07,False,True,False,unknown
68,m7_2025.12.04_fl39__rLN2_dev4/P 4,"(3, 21, 512, 512)",11478002.0,79880382.0,3959107.0,79502831.0,55125531.2810018,86850142.33713499,2668754.76782548,0.0089973578839961,8.997357883996159e-07,False,True,False,unknown
70,m7_2025.12.04_fl39__FL39_LigNeg_dev4/P 1,"(3, 20, 512, 512)",16430009.0,138390976.0,6766751.0,155943913.0,59438269.55415167,76364548.68928353,2389366.9140167003,0.0057507922296902,5.750792229690234e-07,False,False,False,False
71,m7_2025.12.04_fl39__FL39_LigNeg_dev4/P 2,"(3, 22, 512, 512)",14809279.0,112245139.0,7013405.0,122530207.0,51538552.8021012,96609976.1907372,2650195.172775887,0.0068337843474286,6.833784347428645e-07,False,False,False,False
72,m7_2025.12.04_fl39__FL39_LigNeg_dev4/P 4,"(3, 21, 512, 512)",11795931.0,76794625.0,5165112.0,90419141.0,43528421.47313127,98447252.14500552,2427299.501596256,0.0087625395668343,8.762539566834366e-07,False,False,False,False
73,m7_2025.12.04_fl39__FL39_LigNeg_dev4/P 3,"(3, 23, 512, 512)",12022753.0,88270496.0,5861290.0,103786441.0,52510255.23841387,104897556.81647693,2942208.211606513,0.0062313057907095,6.231305790709548e-07,False,False,False,False
76,m7_2025.12.04_fl39__Bead_dev5/P 2,"(3, 16, 512, 512)",4352159.0,57198769.0,3905484.0,60953926.0,29535404.82689155,78489564.23038644,1795194.7789842857,0.0009509237589488,9.5092375894882e-08,True,False,False,unknown
77,m7_2025.12.04_fl39__Bead_dev5/P 3,"(3, 13, 512, 512)",5225834.0,55123136.0,2606160.0,42101373.0,29802304.810276844,59704098.12289635,1893282.937828525,0.0058101709413108,5.81017094131083e-07,True,False,False,unknown
78,m7_2025.12.04_fl39__Bead_dev5/P 1,"(3, 15, 512, 512)",2454762.0,41811126.0,1961592.0,38021308.0,37830520.67647735,64021593.00609904,1942264.950786425,0.001252246569086,1.2522465690860913e-07,True,False,False,unknown
80,m7_2025.12.04_fl39__rLN2_dev5/P 2,"(3, 29, 512, 512)",12487999.0,95551776.0,7593825.0,86925437.0,46826188.641789846,150705183.34866133,2890028.2271129754,0.0089362792324522,8.936279232452284e-07,False,True,False,unknown
81,m7_2025.12.04_fl39__rLN2_dev5/P 3,"(3, 24, 512, 512)",9818614.0,74824825.0,6041586.0,69583375.0,33270509.32330375,130310158.10628864,2108710.652914782,0.0102035088425999,1.020350884259991e-06,False,True,False,unknown
82,m7_2025.12.04_fl39__rLN2_dev5/P 4,"(3, 19, 512, 512)",7579967.0,70550299.0,5192374.0,68802897.0,32407396.526885323,97222566.34184824,2028588.8037628983,0.0049969141313395,4.996914131339578e-07,False,True,False,unknown
83,m7_2025.12.04_fl39__rLN2_dev5/P 1,"(3, 23, 512, 512)",6748903.0,54278976.0,4840383.0,50976377.0,26975359.620337863,130432452.43455292,1737003.7968703816,0.0086285779148815,8.628577914881571e-07,False,True,False,unknown
85,m7_2025.12.04_fl39__FL39_LigNeg_dev5/P 1,"(3, 18, 512, 512)",5467042.0,111694983.0,4423169.0,116135245.0,54939423.0257911,68517684.46824089,2219844.6577546364,0.0008011708416155,8.011708416155203e-08,False,False,False,False
86,m7_2025.12.04_fl39__FL39_LigNeg_dev5/P 2,"(3, 19, 512, 512)",9078638.0,121382976.0,6616925.0,111899133.0,51804652.16795285,77825310.70078073,2245787.699580632,0.0022507750805942,2.2507750805942538e-07,False,False,False,False
87,m7_2025.12.04_fl39__FL39_LigNeg_dev5/P 3,"(3, 22, 512, 512)",4993636.0,93041062.0,5781937.0,138965282.0,66248192.78367681,81900336.20916158,2447267.1923759314,-0.0005502296062664,-5.502296062664455e-08,False,False,False,False
88,m7_2025.12.04_fl39__FL39_LigNeg_dev5/P 4,"(3, 20, 512, 512)",7016368.0,146071142.0,5765127.0,143705936.0,69573651.89996971,66229166.34346549,2602572.452264435,0.0006411979970577,6.411979970577069e-08,False,False,False,False
90,m7_2025.12.04_fl39__FL39_LigPos_dev5/P 2,"(3, 23, 512, 512)",8385938.0,106623866.0,8104438.0,110937835.0,46571109.54081307,110836702.51407772,2386196.4534475324,0.0003531987164688,3.531987164688826e-08,False,False,False,Positive
91,m7_2025.12.04_fl39__FL39_LigPos_dev5/P 1,"(3, 19, 512, 512)",5593729.0,102497503.0,6319424.0,115857136.0,46923546.08863854,82706416.78009504,2235241.0988249937,-0.0006809305140217,-6.809305140217328e-08,False,False,False,Positive
92,m7_2025.12.04_fl39__FL39_LigPos_dev5/P 3,"(3, 21, 512, 512)",5844341.0,87827050.0,5539680.0,83732982.0,42198925.41579007,99776748.20234673,2331959.092840216,0.0004630770173546,4.6307701735462754e-08,False,False,False,Positive
93,m7_2025.12.04_fl39__FL39_LigPos_dev5/P 4,"(3, 20, 512, 512)",6397628.0,99982752.0,5686270.0,95049401.0,48119339.017861016,87683479.2255742,2502583.0011916524,0.0007747411542021,7.747411542021788e-08,False,False,False,Positive
95,m7_2025.12.04_fl39__Bead_dev6/P 1,"(3, 16, 512, 512)",4361242.0,36772415.0,2812036.0,32577123.0,23706673.70621021,84318295.35106778,1730322.44593045,0.007045215625337,7.04521562533701e-07,True,False,False,unknown
96,m7_2025.12.04_fl39__Bead_dev6/P 2,"(3, 20, 512, 512)",6163581.0,54322428.0,4638869.0,49016949.0,28219978.44532543,107582839.79810975,1928056.4938129864,0.0053252506957932,5.325250695793261e-07,True,False,False,unknown
97,m7_2025.12.04_fl39__Bead_dev6/P 4,"(3, 14, 512, 512)",2600137.0,53995534.0,1693799.0,44714161.0,45221303.70044926,50457954.60742554,2114750.0579100084,0.0013963176379874,1.3963176379874474e-07,True,False,False,unknown
98,m7_2025.12.04_fl39__Bead_dev6/P 3,"(3, 12, 512, 512)",4361977.0,37998623.0,3134604.0,37087620.0,19540460.21550466,60706659.65561613,1235713.6228814851,0.0049330351355422,4.933035135542219e-07,True,False,False,unknown
100,m7_2025.12.04_fl39__rLN2_dev6/P 1,"(3, 16, 512, 512)",3993232.0,43286818.0,3079228.0,45933221.0,27656343.7016393,80368625.3556387,1614218.9512476707,0.0029497037455894,2.949703745589498e-07,False,True,False,unknown
101,m7_2025.12.04_fl39__rLN2_dev6/P 2,"(3, 16, 512, 512)",3897081.0,49137329.0,2535787.0,42148692.0,36363024.0586677,71661944.99861029,2116389.9228141736,0.0032322552049984,3.232255204998431e-07,False,True,False,unknown
102,m7_2025.12.04_fl39__rLN2_dev6/P 4,"(3, 19, 512, 512)",5255147.0,49903396.0,4765078.0,60142319.0,40897757.09059519,88732205.7781384,2546596.9925572686,0.0008565337339158,8.56533733915874e-08,False,True,False,unknown
103,m7_2025.12.04_fl39__rLN2_dev6/P 3,"(3, 18, 512, 512)",4947316.0,49101915.0,3542112.0,42968037.0,37023156.76273259,86433950.7312994,2453290.891842949,0.0034881110496391,3.488111049639151e-07,False,True,False,unknown
105,m7_2025.12.04_fl39__FL39_LigNeg_dev6/P 1,"(3, 19, 512, 512)",7161714.0,94104458.0,6718437.0,91448836.0,50035534.66812968,79594428.2006039,2271588.5293332003,0.0005091977146587,5.09197714658724e-08,False,False,False,False
106,m7_2025.12.04_fl39__FL39_LigNeg_dev6/P 2,"(3, 21, 512, 512)",7034154.0,110519700.0,6660385.0,110664944.0,50587042.41093855,91388631.20719825,2285840.7865776727,0.0003991118255851,3.991118255851095e-08,False,False,False,False
107,m7_2025.12.04_fl39__FL39_LigNeg_dev6/P 3,"(3, 23, 512, 512)",4267082.0,37288975.0,3404380.0,34095623.0,25943893.43989604,131463918.61499472,2258008.352231492,0.0045459521037736,4.545952103773652e-07,False,False,False,False
109,m7_2025.12.04_fl39__FL39_LigPos_dev6/P 1,"(3, 23, 512, 512)",9094160.0,93709625.0,7980687.0,92497613.0,41160171.261034615,116247640.79385616,2473139.2597844014,0.0017201609053409,1.720160905340984e-07,False,False,False,Positive
110,m7_2025.12.04_fl39__FL39_LigPos_dev6/P 2,"(3, 23, 512, 512)",7043379.0,91546997.0,9198311.0,125115270.0,55417744.90699499,101990067.14789578,2661020.53427866,-0.0019792185021855,-1.979218502185516e-07,False,False,False,Positive
111,m7_2025.12.04_fl39__FL39_LigPos_dev6/P 4,"(3, 16, 512, 512)",5217697.0,88274753.0,5180061.0,91979020.0,38453789.65263278,69571179.4046452,1769766.8037844035,4.734779555246193e-05,4.7347795552461944e-09,False,False,False,Positive
112,m7_2025.12.04_fl39__FL39_LigPos_dev6/P 3,"(3, 19, 512, 512)",7532016.0,90973144.0,7049469.0,95886614.0,38671404.56254987,90958558.30618373,1915490.43719922,0.0007164833560996,7.164833560996934e-08,False,False,False,Positive
