gene_ID,n_cells,n_states,pct_cells_covered
000000000000000000,7516,1,35.76663176929666
100000000000000000,1151,2,41.243932616351
000100000000000000,594,3,44.07061958694204
000000100000000000,584,4,46.84971923479585
000010000000000000,359,5,48.55810412106215
200000000000000000,311,6,50.03806985818978
100100000000000000,255,7,51.25154658798896
100010000000000000,185,8,52.131912058627584
000000010000000000,175,9,52.96469020652898
100000100000000000,156,10,53.707052441229656
010000000000000000,149,11,54.41610355001428
000001000000000000,140,12,55.0823260683354
000000000010000000,135,13,55.724754925287904
000000200000000000,130,14,56.3433901208718
100000010000000000,115,15,56.890644332349865
200100000000000000,113,16,57.42838107928048
000100100000000000,108,17,57.94232416484249
100001000000000000,97,18,58.40392119539355
001000000000000000,92,19,58.841724564576
000000000000010000,91,20,59.27476920148472
000200000000000000,88,21,59.693537641572284
000000000000100000,78,22,60.06471875892262
100100100000000000,76,23,60.42638241172552
200010000000000000,72,24,60.76901113543352
000110000000000000,71,25,61.106881126867805
300000000000000000,70,26,61.439992386028365
100200000000000000,69,27,61.7683449129152
100110000000000000,68,28,62.091938707528314
000000000000000010,66,29,62.40601503759399
200000100000000000,65,30,62.715332635385934
000101000000000000,59,31,62.99609783953555
000000000000000001,56,32,63.262586846864
200000010000000000,51,33,63.505282192823834
100101000000000000,51,34,63.747977538783665
000000000100000000,51,35,63.9906728847435
200100100000000000,50,36,64.22860949842962
000000000000000100,50,37,64.46654611211574
000020000000000000,47,38,64.69020652898068
000010100000000000,45,39,64.90434948129818
200001000000000000,43,40,65.10897496906824
110000000000000000,42,41,65.30884172456457
000000000001000000,40,42,65.49919101551346
100100010000000000,39,43,65.68478157418863
001000100000000000,36,44,65.85609593604264
200110000000000000,36,45,66.02741029789664
100000000000100000,35,46,66.19396592747692
100000000100000000,35,47,66.3605215570572
010000100000000000,35,48,66.52707718663748
100000200000000000,35,49,66.69363281621776
001000000000010000,34,50,66.85542971352432
000200100000000000,31,51,67.0029504140097
000000100000010000,30,52,67.14571238222138
100010100000000000,30,53,67.28847435043305
100020000000000000,29,54,67.42647758637099
100000000001000000,29,55,67.56448082230894
000100010000000000,29,56,67.70248405824688
000000000000020000,28,57,67.83572856191111
300100000000000000,28,58,67.96897306557533
000011000000000000,28,59,68.10221756923956
100200100000000000,27,60,68.23070334063006
100000000010000000,27,61,68.35918911202056
001000100000010000,27,62,68.48767488341106
000000001000000000,27,63,68.61616065480156
000000000000001000,26,64,68.73988769391833
300000100000000000,26,65,68.86361473303512
000010010000000000,26,66,68.9873417721519
100010010000000000,25,67,69.10631007899495
200000200000000000,23,68,69.21576092129057
100001100000000000,23,69,69.32521176358618
100011000000000000,23,70,69.4346626058818
010100000000000000,23,71,69.5441134481774
100000020000000000,23,72,69.65356429047301
001000000000020000,23,73,69.76301513276863
200101000000000000,23,74,69.87246597506424
100000000000000010,23,75,69.98191681735986
000000100100000000,22,76,70.08660892738175
200200000000000000,22,77,70.19130103740363
100000000000000001,22,78,70.29599314742552
002000000000010000,22,79,70.40068525744742
100100200000000000,21,80,70.50061863519558
000000110000000000,21,81,70.60055201294375
000001100000000000,21,82,70.70048539069192
000000020000000000,21,83,70.80041876844008
200010100000000000,21,84,70.90035214618825
001000200000000000,20,85,70.9955267916627
002000000000020000,20,86,71.09070143713714
000110100000000000,19,87,71.18111735033787
000000100010000000,19,88,71.27153326353859
100210000000000000,19,89,71.36194917673932
100000000000000100,18,90,71.44760635766632
000100000000100000,18,91,71.53326353859332
000000100000100000,18,92,71.61892071952032
000100200000000000,18,93,71.70457790044732
000100000010000000,18,94,71.79023508137432
100110100000000000,17,95,71.8711335300276
100120000000000000,17,96,71.95203197868088
210000000000000000,17,97,72.03293042733416
100111000000000000,17,98,72.11382887598744
000201000000000000,17,99,72.19472732464071
200020000000000000,16,100,72.27086704102027
100201000000000000,16,101,72.34700675739983
200000000100000000,16,102,72.42314647377938
000000300000000000,16,103,72.49928619015894
300010000000000000,16,104,72.5754259065385
200010010000000000,16,105,72.65156562291806
002000000000000000,15,106,72.72294660702389
101000000000000000,15,107,72.79432759112973
300001000000000000,15,108,72.86570857523556
300101000000000000,15,109,72.93708955934139
200100010000000000,15,110,73.00847054344723
000000100000000100,14,111,73.07509279527933
200000020000000000,14,112,73.14171504711145
300010100000000000,14,113,73.20833729894356
020000000000000000,14,114,73.27495955077568
000100000000000010,14,115,73.34158180260779
000100000100000000,14,116,73.40820405443989
000101010000000000,13,117,73.47006757399829
000010000000100000,13,118,73.53193109355668
000000010001000000,13,119,73.59379461311507
200011000000000000,13,120,73.65565813267345
000000100000000010,13,121,73.71752165223185
200000000010000000,13,122,73.77938517179024
110000100000000000,13,123,73.84124869134862
100000010001000000,13,124,73.90311221090701
200000000000100000,13,125,73.9649757304654
010010000000000000,12,126,74.02208051775007
100000110000000000,12,127,74.07918530503474
100000001000000000,12,128,74.1362900923194
010000010000000000,12,129,74.19339487960407
200000000000000010,12,130,74.25049966688874
000000100000000001,12,131,74.30760445417341
002000100000010000,12,132,74.36470924145807
000200200000000000,12,133,74.42181402874274
200110100000000000,12,134,74.47891881602742
100100110000000000,11,135,74.53126487103836
200010000000100000,11,136,74.5836109260493
100101010000000000,11,137,74.63595698106025
000200000000000010,11,138,74.68830303607119
100100000000000010,11,139,74.74064909108213
100101100000000000,11,140,74.79299514609308
100010000100000000,11,141,74.84534120110402
100100000001000000,11,142,74.89768725611498
000000000000000200,11,143,74.95003331112592
000010000100000000,11,144,75.00237936613686
000100001000000000,11,145,75.05472542114781
300000200000000000,11,146,75.10707147615875
300100100000000000,11,147,75.1594175311697
100200010000000000,10,148,75.20700485390692
000210000000000000,10,149,75.25459217664414
200100200000000000,10,150,75.30217949938137
000000200000010000,10,151,75.34976682211858
001000000000000100,10,152,75.39735414485581
300110000000000000,10,153,75.44494146759304
002000200000000000,10,154,75.49252879033025
100100000010000000,10,155,75.54011611306748
100010000000100000,10,156,75.5877034358047
000110010000000000,10,157,75.63529075854193
000111000000000000,10,158,75.68287808127914
110000010000000000,9,159,75.72570667174264
000100000001000000,9,160,75.76853526220614
100000100010000000,9,161,75.81136385266964
200200100000000000,9,162,75.85419244313314
100100001000000000,9,163,75.89702103359664
001000100010000000,9,164,75.93984962406014
100021000000000000,9,165,75.98267821452365
110001000000000000,9,166,76.02550680498715
200000000001000000,9,167,76.06833539545065
000200010000000000,9,168,76.11116398591415
000000100001000000,9,169,76.15399257637765
000100000000000001,9,170,76.19682116684115
200111000000000000,9,171,76.23964975730465
210100000000000000,8,172,76.27771961549443
010100100000000000,8,173,76.3157894736842
100000100000100000,8,174,76.35385933187399
010000000001000000,8,175,76.39192919006376
100100000000000001,8,176,76.42999904825355
011000000000000000,8,177,76.46806890644332
300000010000000000,8,178,76.5061387646331
000100110000000000,8,179,76.54420862282288
000101100000000000,8,180,76.58227848101266
001000100000020000,8,181,76.62034833920244
210100100000000000,8,182,76.65841819739221
100011100000000000,8,183,76.696488055582
200201000000000000,8,184,76.73455791377177
010000200000000000,8,185,76.77262777196155
200100000001000000,8,186,76.81069763015132
200210000000000000,8,187,76.84876748834111
000001000001000000,8,188,76.88683734653088
000001010000000000,8,189,76.92490720472067
100110010000000000,8,190,76.96297706291044
000010000000000010,8,191,77.00104692110023
100000100100000000,8,192,77.03911677929
010101000000000000,8,193,77.07718663747977
200120000000000000,8,194,77.11525649566956
400000000000000000,8,195,77.15332635385933
000000000000000002,8,196,77.19139621204911
000000200010000000,8,197,77.22946607023889
100010000001000000,7,198,77.26277719615494
100102000000000000,7,199,77.296088322071
000000000010000010,7,200,77.32939944798706
100001000000100000,7,201,77.36271057390312
000002000000000000,7,202,77.39602169981917
100110200000000000,7,203,77.42933282573523
200001100000000000,7,204,77.46264395165127
100110000000100000,7,205,77.49595507756733
200100000000100000,7,206,77.52926620348339
100100100000000010,7,207,77.56257732939945
000100020000000000,7,208,77.5958884553155
100200200000000000,7,209,77.62919958123156
400100100000000000,7,210,77.66251070714762
000000000200000000,7,211,77.69582183306368
110100100000000000,7,212,77.72913295897973
200002000000000000,7,213,77.76244408489579
100100000100000000,7,214,77.79575521081183
110100000000000000,7,215,77.82906633672789
200100000000000010,7,216,77.86237746264395
000000000010010000,7,217,77.89568858856
200001010000000000,7,218,77.92899971447606
100010000000000010,7,219,77.96231084039212
100000000000001000,7,220,77.99562196630818
100100000000100000,7,221,78.02893309222424
002000100000000000,7,222,78.0622442181403
100000000000000002,7,223,78.09555534405634
100100000000001000,7,224,78.1288664699724
000001000100000000,6,225,78.15741886361474
010000000100000000,6,226,78.18597125725707
300000000100000000,6,227,78.2145236508994
000000010010000000,6,228,78.24307604454174
300100010000000000,6,229,78.27162843818407
000000101000000000,6,230,78.3001808318264
200000100100000000,6,231,78.32873322546874
000100010000000010,6,232,78.35728561911107
000000000000200000,6,233,78.3858380127534
000000010000000001,6,234,78.41439040639574
100010000000000100,6,235,78.44294280003807
010000110000000000,6,236,78.4714951936804
000120000000000000,6,237,78.50004758732274
200211000000000000,6,238,78.52859998096507
100000120000000000,6,239,78.5571523746074
000001000000000010,6,240,78.58570476824974
100100300000000000,6,241,78.61425716189207
200102000000000000,6,242,78.6428095555344
300200000000000000,6,243,78.67136194917674
300111000000000000,6,244,78.69991434281907
100100100010000000,6,245,78.72846673646141
200000110000000000,6,246,78.75701913010374
002000000010020000,6,247,78.78557152374607
000000100010010000,6,248,78.81412391738841
000010000001000000,6,249,78.84267631103074
100002000000000000,6,250,78.87122870467307
200000120000000000,6,251,78.89978109831542
000001000000100000,6,252,78.92833349195774
000010000000000100,6,253,78.95688588560007
100020010000000000,6,254,78.98543827924242
100001000100000000,6,255,79.01399067288474
200200010000000000,6,256,79.04254306652707
000010000000001000,6,257,79.07109546016942
000100100010000000,5,258,79.09488912153802
110001100000000000,5,259,79.11868278290663
110000000010000000,5,260,79.14247644427525
100001000001000000,5,261,79.16627010564386
100111100000000000,5,262,79.19006376701246
200110010000000000,5,263,79.21385742838108
300010010000000000,5,264,79.23765108974969
110100010000000000,5,265,79.2614447511183
100100101000000000,5,266,79.28523841248692
000110200000000000,5,267,79.30903207385552
300011000000000000,5,268,79.33282573522413
000000000000010100,5,269,79.35661939659275
100220000000000000,5,270,79.38041305796136
100010000000000001,5,271,79.40420671932998
100010110000000000,5,272,79.42800038069858
400100000000000000,5,273,79.45179404206719
000100000000000100,5,274,79.4755877034358
200010000000000010,5,275,79.49938136480442
200210100000000000,5,276,79.52317502617302
200100000100000000,5,277,79.54696868754164
400000100000000000,5,278,79.57076234891025
000001000010000000,5,279,79.59455601027886
000100000000001000,5,280,79.61834967164748
300101100000000000,5,281,79.64214333301608
000102000000000000,5,282,79.6659369943847
200010000100000000,5,283,79.68973065575331
100100100100000000,5,284,79.71352431712192
200100100001000000,5,285,79.73731797849052
010200000000000000,5,286,79.76111163985914
110000200000000000,5,287,79.78490530122775
000000000000010010,5,288,79.80869896259637
100100010000000010,5,289,79.83249262396498
000010000000000001,5,290,79.85628628533358
300100200000000000,5,291,79.8800799467022
300000020000000000,5,292,79.90387360807081
300000000001000000,5,293,79.92766726943943
200020100000000000,5,294,79.95146093080804
110101000000000000,5,295,79.97525459217664
000110000100000000,5,296,79.99904825354525
300200100000000000,5,297,80.02284191491387
000100100000000010,5,298,80.04663557628248
100000010100000000,5,299,80.07042923765108
100000300000000000,5,300,80.0942228990197
110000001000000000,5,301,80.11801656038831
000100100000100000,5,302,80.14181022175693
001000000010000000,5,303,80.16560388312554
100001000000000010,5,304,80.18939754449414
000101000000000010,4,305,80.20843247358904
100001010000000000,4,306,80.22746740268393
100112000000000000,4,307,80.24650233177881
100000100001000000,4,308,80.2655372608737
000221000000000000,4,309,80.28457218996859
100000000002000000,4,310,80.30360711906349
200010100000100000,4,311,80.32264204815837
120000000000000000,4,312,80.34167697725326
210010000000000000,4,313,80.36071190634814
200101100000000000,4,314,80.37974683544304
000000100000001000,4,315,80.39878176453793
210000100000000000,4,316,80.41781669363282
200010200000000000,4,317,80.4368516227277
010100200000000000,4,318,80.4558865518226
200001000010000000,4,319,80.47492148091749
100200000100000000,4,320,80.49395641001237
000000011000000000,4,321,80.51299133910726
100000000000010000,4,322,80.53202626820215
000000000000100010,4,323,80.55106119729705
110010000000000000,4,324,80.57009612639193
100211000000000000,4,325,80.58913105548682
000200110000000000,4,326,80.6081659845817
200201100000000000,4,327,80.6272009136766
400100200000000000,4,328,80.64623584277149
002000000010010000,4,329,80.66527077186637
010000000000010000,4,330,80.68430570096126
200001000000000010,4,331,80.70334063005615
000200000100000000,4,332,80.72237555915105
200100020000000000,4,333,80.74141048824593
000000000010020000,4,334,80.76044541734082
100000010000000010,4,335,80.7794803464357
001000100000000100,4,336,80.7985152755306
200100110000000000,4,337,80.81755020462549
100100000002000000,4,338,80.83658513372038
200000000000000001,4,339,80.85562006281526
100010000000001000,4,340,80.87465499191015
100100100001000000,4,341,80.89368992100505
200200200000000000,4,342,80.91272485009993
000010000010000000,4,343,80.93175977919482
000200000010000000,4,344,80.9507947082897
010001000000000000,4,345,80.9698296373846
000000000000100001,4,346,80.98886456647949
002000200000000100,4,347,81.00789949557438
000100010010000000,4,348,81.02693442466926
000020000000100000,4,349,81.04596935376416
000000010000000010,4,350,81.06500428285905
110200000000000000,4,351,81.08403921195394
000110000010000000,4,352,81.10307414104882
000110100000100000,4,353,81.12210907014371
000000000010100000,4,354,81.14114399923861
000100010001000000,4,355,81.1601789283335
100200000000100000,4,356,81.17921385742838
000111000000100000,4,357,81.19824878652327
300000110000000000,4,358,81.21728371561817
100010010001000000,4,359,81.23631864471305
200001001000000000,4,360,81.25535357380794
110001010000000000,4,361,81.27438850290282
000000000020000000,4,362,81.29342343199771
400010000000000000,4,363,81.31245836109261
100101000000000010,4,364,81.3314932901875
000000400000000000,4,365,81.35052821928238
100010100100000000,4,366,81.36956314837727
100200000001000000,4,367,81.38859807747217
100010000000200000,4,368,81.40763300656705
000000200000000100,4,369,81.42666793566194
100121000000000000,4,370,81.44570286475683
100110110000000000,4,371,81.46473779385171
200012000000000000,4,372,81.48377272294661
100000101000000000,4,373,81.5028076520415
200112000000000000,4,374,81.52184258113638
000010100000100000,4,375,81.54087751023127
000000200100000000,3,376,81.55515370705244
300000100000100000,3,377,81.56942990387361
200200110000000000,3,378,81.58370610069477
200100000000000001,3,379,81.59798229751594
200020200000000000,3,380,81.61225849433711
010000000010000000,3,381,81.62653469115827
000100020010000000,3,382,81.64081088797944
100000000000100001,3,383,81.65508708480061
000010101000000000,3,384,81.66936328162177
100100010000001000,3,385,81.68363947844294
200210010000000000,3,386,81.69791567526411
100000010010000000,3,387,81.71219187208527
000100000000200000,3,388,81.72646806890644
100000020001000000,3,389,81.74074426572761
200100120000000000,3,390,81.75502046254877
000110000001000000,3,391,81.76929665936994
200001110100000000,3,392,81.78357285619111
100000000000200000,3,393,81.79784905301227
200000100000000010,3,394,81.81212524983344
100000100000001000,3,395,81.82640144665461
010001100000000000,3,396,81.84067764347577
100020100000000000,3,397,81.85495384029694
100021100000000000,3,398,81.86923003711811
000000010000000100,3,399,81.88350623393927
400200000000000000,3,400,81.89778243076044
002000000000000100,3,401,81.91205862758162
100010100010000000,3,402,81.92633482440277
002000200000010000,3,403,81.94061102122394
000101000010000000,3,404,81.95488721804512
100100010001000000,3,405,81.96916341486627
500000200000000000,3,406,81.98343961168744
100100000000000100,3,407,81.99771580850862
000000100000010100,3,408,82.01199200532977
000000020001000000,3,409,82.02626820215094
210110000000000000,3,410,82.04054439897212
100000100000000010,3,411,82.05482059579327
010000100000010000,3,412,82.06909679261445
100000100000000002,3,413,82.08337298943562
001000000000010100,3,414,82.09764918625677
000010001000000000,3,415,82.11192538307795
200300100000000000,3,416,82.12620157989912
100011000100000000,3,417,82.14047777672029
200020000000100000,3,418,82.15475397354145
100020000001000000,3,419,82.16903017036262
200100100000100000,3,420,82.18330636718379
200011100000000000,3,421,82.19758256400495
200110200000000000,3,422,82.21185876082612
200000100000100000,3,423,82.22613495764729
000010100001000000,3,424,82.24041115446845
200010100100000000,3,425,82.25468735128962
100000210000000000,3,426,82.26896354811079
200000001000000000,3,427,82.28323974493195
020000100100000000,3,428,82.29751594175312
100210010000000000,3,429,82.31179213857429
000110000000100000,3,430,82.32606833539545
200110020000000000,3,431,82.34034453221662
200001020000000000,3,432,82.35462072903779
100300000000000000,3,433,82.36889692585895
000100100000010000,3,434,82.38317312268012
000000000100010000,3,435,82.39744931950129
002000100000010100,3,436,82.41172551632245
310200000000000000,3,437,82.42600171314362
002000100020010000,3,438,82.44027790996479
300120000000000000,3,439,82.45455410678595
010000000000000010,3,440,82.46883030360712
100120100000000000,3,441,82.48310650042829
000001200000000000,3,442,82.49738269724945
000010200000000000,3,443,82.51165889407062
010110100000000000,3,444,82.52593509089179
010100110000000000,3,445,82.54021128771295
100110100000100000,3,446,82.55448748453412
000010100100000000,3,447,82.56876368135529
500000100000000000,3,448,82.58303987817645
400000010000000000,3,449,82.59731607499762
200101000001000000,3,450,82.6115922718188
100000010000100000,3,451,82.62586846863995
000300000000000000,3,452,82.64014466546112
200000100000100010,3,453,82.6544208622823
001000000010010000,3,454,82.66869705910345
100200000000000010,3,455,82.68297325592462
000100300000000000,3,456,82.6972494527458
000000100020000000,3,457,82.71152564956695
200000210000000000,3,458,82.72580184638812
100011000001000000,3,459,82.7400780432093
000011000010000000,3,460,82.75435424003045
210200000000000000,3,461,82.76863043685162
200000000000001000,3,462,82.7829066336728
300000000000001000,3,463,82.79718283049395
110011010000000000,3,464,82.81145902731512
000100000000010000,3,465,82.8257352241363
200000100001000000,3,466,82.84001142095745
100000010000001000,3,467,82.85428761777862
100001010001000000,3,468,82.8685638145998
002000100020000000,3,469,82.88284001142095
300201000000000000,3,470,82.89711620824212
000100200010000000,3,471,82.9113924050633
200000300000000000,3,472,82.92566860188445
001000300010000000,3,473,82.93994479870562
210011000100000000,3,474,82.9542209955268
000000000002000000,3,475,82.96849719234795
000012000000000000,3,476,82.98277338916913
000000100101000000,3,477,82.9970495859903
500000000000000000,3,478,83.01132578281145
200202000000000000,3,479,83.02560197963263
300211010000000000,3,480,83.0398781764538
000110000000001000,3,481,83.05415437327495
400001000000000000,3,482,83.06843057009613
000000000100100000,3,483,83.0827067669173
100000000000100010,3,484,83.09698296373845
001000200010000000,3,485,83.11125916055963
300100000000000010,3,486,83.1255353573808
001000100010010000,3,487,83.13981155420196
100201000000000010,3,488,83.15408775102313
200111010000000000,3,489,83.1683639478443
100112000001000000,3,490,83.18264014466546
100020000000100000,3,491,83.19691634148663
300011000000000010,3,492,83.2111925383078
300001100000000000,3,493,83.22546873512896
300010200000000000,3,494,83.23974493195013
200011010000000000,3,495,83.2540211287713
000211000000000000,3,496,83.26829732559246
210101000000000000,3,497,83.28257352241363
200022000000000000,3,498,83.2968497192348
100122000000000000,3,499,83.31112591605596
100000010000000001,3,500,83.32540211287713
200000000000010000,3,501,83.3396783096983
000001001000000000,3,502,83.35395450651946
002000000000020100,3,503,83.36823070334063
100012000000000000,3,504,83.3825069001618
300120010000000000,3,505,83.39678309698296
200101010000000000,3,506,83.41105929380413
010200100000000000,2,507,83.42057675835157
100000010101000000,2,508,83.43009422289902
000000000001000010,2,509,83.43961168744646
300101100000100000,2,510,83.44912915199392
010100000100000000,2,511,83.45864661654136
000012000000100000,2,512,83.4681640810888
200100100000000001,2,513,83.47768154563624
100000100011000000,2,514,83.48719901018369
000011100100000000,2,515,83.49671647473113
100100100000100000,2,516,83.50623393927857
000000000100000001,2,517,83.51575140382602
000000210000000000,2,518,83.52526886837346
000010100000000001,2,519,83.53478633292092
110000200100000000,2,520,83.54430379746836
000000010000100000,2,521,83.5538212620158
100000100000200000,2,522,83.56333872656325
000030000000000000,2,523,83.57285619111069
200110000000100000,2,524,83.58237365565813
200020100000001000,2,525,83.59189112020557
000220000000000100,2,526,83.60140858475302
200111010001000000,2,527,83.61092604930046
100100000000000020,2,528,83.62044351384792
002000100010010000,2,529,83.62996097839536
110020010201000000,2,530,83.6394784429428
200111100000000000,2,531,83.64899590749025
200001010002000000,2,532,83.65851337203769
000100200000100000,2,533,83.66803083658513
200100000010000000,2,534,83.67754830113257
000110110000000000,2,535,83.68706576568002
000110010000001000,2,536,83.69658323022746
001000200000010000,2,537,83.70610069477492
210100010000000000,2,538,83.71561815932236
000110001000000000,2,539,83.7251356238698
000111100000000000,2,540,83.73465308841725
100101000000100000,2,541,83.74417055296469
000010010100000000,2,542,83.75368801751213
100200010010000000,2,543,83.76320548205958
200110000100000000,2,544,83.77272294660702
100102010000000000,2,545,83.78224041115446
000210010000000000,2,546,83.79175787570192
100010001000000000,2,547,83.80127534024936
200010000001000000,2,548,83.8107928047968
000001100000100000,2,549,83.82031026934425
000000100000020000,2,550,83.82982773389169
110000100010000001,2,551,83.83934519843913
020000200000000000,2,552,83.84886266298658
010000300000000000,2,553,83.85838012753402
100200000101000000,2,554,83.86789759208148
300000000000000010,2,555,83.87741505662892
100001110000000000,2,556,83.88693252117636
300000000010000000,2,557,83.8964499857238
000001100001000000,2,558,83.90596745027125
200111020001000000,2,559,83.91548491481869
000020000100000000,2,560,83.92500237936613
100301000000000000,2,561,83.93451984391358
200100220000000000,2,562,83.94403730846102
110201010001000000,2,563,83.95355477300848
100100200000100000,2,564,83.96307223755592
300210100000000000,2,565,83.97258970210336
200000100010000000,2,566,83.9821071666508
310000000010000000,2,567,83.99162463119825
100010000101000000,2,568,84.00114209574569
000200010000000001,2,569,84.01065956029313
110000010001000000,2,570,84.02017702484058
001010000000000000,2,571,84.02969448938802
000000120000000000,2,572,84.03921195393548
300100020000000000,2,573,84.04872941848292
000011100000100000,2,574,84.05824688303036
100010100000000010,2,575,84.0677643475778
000201010000000000,2,576,84.07728181212525
300002000000000000,2,577,84.08679927667269
310000100000000000,2,578,84.09631674122014
000100000000000020,2,579,84.10583420576758
100201100100000000,2,580,84.11535167031502
100100020000000000,2,581,84.12486913486248
000020010000000000,2,582,84.13438659940992
410010000000000000,2,583,84.14390406395736
102000000000010000,2,584,84.15342152850481
200111000000100000,2,585,84.16293899305225
400000100001000000,2,586,84.1724564575997
000210000000100000,2,587,84.18197392214714
000110100100000000,2,588,84.19149138669458
100100201000000000,2,589,84.20100885124202
020100000000000000,2,590,84.21052631578948
000200000000000100,2,591,84.22004378033692
101000100000000000,2,592,84.22956124488437
100000110001000000,2,593,84.23907870943181
100101200000000000,2,594,84.24859617397925
400000200000000000,2,595,84.2581136385267
100010010100000000,2,596,84.26763110307414
200012010000000000,2,597,84.27714856762158
310000010000000000,2,598,84.28666603216902
200000010000100000,2,599,84.29618349671648
000210100000000000,2,600,84.30570096126392
110210100000000000,2,601,84.31521842581137
012000000000020000,2,602,84.32473589035881
020000010000000000,2,603,84.33425335490625
010000100100000000,2,604,84.3437708194537
200001110001000000,2,605,84.35328828400114
110000000200000000,2,606,84.36280574854858
100010011010000000,2,607,84.37232321309602
100110000000010100,2,608,84.38184067764348
010010100000000000,2,609,84.39135814219092
000000200000000001,2,610,84.40087560673837
300010201000000000,2,611,84.41039307128581
200000200000100000,2,612,84.41991053583325
100000000100100000,2,613,84.4294280003807
000010000000200000,2,614,84.43894546492814
100200020000000000,2,615,84.44846292947558
500111000000000000,2,616,84.45798039402304
100120010000000000,2,617,84.46749785857048
100000020010000000,2,618,84.47701532311793
200200100000100000,2,619,84.48653278766537
000100100000001000,2,620,84.49605025221281
010000100010000000,2,621,84.50556771676025
100200100100000000,2,622,84.5150851813077
300020000000000000,2,623,84.52460264585514
000000201000000000,2,624,84.53412011040258
100201001000000000,2,625,84.54363757495004
000111010000000000,2,626,84.55315503949748
010100000010000000,2,627,84.56267250404493
100101000000001000,2,628,84.57218996859237
000200001000000000,2,629,84.58170743313981
000101000100000000,2,630,84.59122489768725
200212000000000000,2,631,84.6007423622347
200010020000000000,2,632,84.61025982678214
001010100000000000,2,633,84.61977729132958
000010110000000000,2,634,84.62929475587704
110000020000000000,2,635,84.63881222042448
100010020000000000,2,636,84.64832968497193
200000000101000000,2,637,84.65784714951937
101000000000100000,2,638,84.66736461406681
201000000000000000,2,639,84.67688207861426
100100100200000000,2,640,84.6863995431617
000001100000000001,2,641,84.69591700770914
000100100001000000,2,642,84.70543447225658
200010200100100000,2,643,84.71495193680404
000100000010001000,2,644,84.72446940135148
000100010100000000,2,645,84.73398686589893
000011100000000000,2,646,84.74350433044637
200010020010000000,2,647,84.75302179499381
000000001010000000,2,648,84.76253925954126
010000000101000000,2,649,84.7720567240887
001000100000000010,2,650,84.78157418863614
300110200000000000,2,651,84.79109165318359
011000100000010000,2,652,84.80060911773104
300001001000000000,2,653,84.81012658227849
100000000000000011,2,654,84.81964404682593
300000100000001000,2,655,84.82916151137337
300000001000000000,2,656,84.83867897592081
200000200001000000,2,657,84.84819644046826
100200000000000001,2,658,84.8577139050157
100000201000000000,2,659,84.86723136956314
000220000000000000,2,660,84.87674883411059
200100101000000000,2,661,84.88626629865804
000001010100000000,2,662,84.89578376320549
010100120000000000,2,663,84.90530122775293
100000000110000000,2,664,84.91481869230037
200100210000000000,2,665,84.92433615684782
100010000000000002,2,666,84.93385362139526
000000120001000000,2,667,84.9433710859427
100100030000000000,2,668,84.95288855049014
200200000000100000,2,669,84.9624060150376
000100100020000000,2,670,84.97192347958504
100000020002000000,2,671,84.98144094413249
310010200000000000,2,672,84.99095840867993
000001000000010000,2,673,85.00047587322737
200200000000000010,2,674,85.00999333777482
110110010000000000,2,675,85.01951080232226
100200110000000000,2,676,85.0290282668697
000000021000000000,2,677,85.03854573141714
000000000012000000,2,678,85.0480631959646
100001100000000001,2,679,85.05758066051204
200000000000200000,2,680,85.06709812505949
100011000000100000,2,681,85.07661558960693
000000011100000000,2,682,85.08613305415437
000110020000000000,2,683,85.09565051870182
100220000000100000,2,684,85.10516798324926
000010020000100000,2,685,85.1146854477967
000100011000000000,2,686,85.12420291234415
000100100000000001,2,687,85.1337203768916
100210100000000000,2,688,85.14323784143905
003000000000010000,2,689,85.15275530598649
000201100000000000,2,690,85.16227277053393
210000000200000000,2,691,85.17179023508137
000010000020000000,2,692,85.18130769962882
100000110100000000,2,693,85.19082516417626
000000000000000011,2,694,85.2003426287237
000101000000010000,2,695,85.20986009327115
210200100000000000,2,696,85.2193775578186
300100200000001000,2,697,85.22889502236605
000200200000100000,2,698,85.23841248691349
300101200000000000,2,699,85.24792995146093
110000100100000000,2,700,85.25744741600838
100110020000000000,2,701,85.26696488055582
100000000200000000,2,702,85.27648234510326
100100010100000000,2,703,85.2859998096507
100200000000000100,2,704,85.29551727419815
200010000010000000,2,705,85.3050347387456
100111010000000000,2,706,85.31455220329305
100000021000000000,2,707,85.32406966784049
100300010000000000,2,708,85.33358713238793
200101000000000100,2,709,85.34310459693538
100000000000101000,2,710,85.35262206148282
110010100000000000,2,711,85.36213952603026
310000000000000000,2,712,85.3716569905777
600100100000000000,2,713,85.38117445512515
200001011000000000,2,714,85.3906919196726
200001000000000002,2,715,85.40020938422005
200110000000000010,2,716,85.40972684876749
300100000001000000,2,717,85.41924431331493
300100110000000000,2,718,85.42876177786238
300000100100000000,2,719,85.43827924240982
010010200000000000,2,720,85.44779670695726
110110000000000000,2,721,85.4573141715047
210010200000000000,2,722,85.46683163605215
000010100000200000,2,723,85.4763491005996
100000000000002000,2,724,85.48586656514705
220100200000000000,2,725,85.49538402969449
000000000100000010,2,726,85.50490149424193
000000000010000001,2,727,85.51441895878938
000200100000100000,2,728,85.52393642333682
000110200001000000,2,729,85.53345388788426
100021010000000000,2,730,85.5429713524317
200001000000001000,2,731,85.55248881697916
100000000001100000,2,732,85.5620062815266
001000200000000200,2,733,85.57152374607405
010200010000000000,2,734,85.58104121062149
000010100000000010,2,735,85.59055867516894
110000100001000000,2,736,85.60007613971638
000100101000000000,2,737,85.60959360426382
110010110000000000,2,738,85.61911106881126
100020000100000000,2,739,85.62862853335871
100110000000000001,2,740,85.63814599790616
200020000200000000,2,741,85.64766346245361
000000000000010001,2,742,85.65718092700105
100001010000100000,2,743,85.6666983915485
310010200110000000,2,744,85.67621585609594
100201000000000020,2,745,85.68573332064338
000000000110000000,2,746,85.69525078519082
400110000000000000,2,747,85.70476824973827
100010100000100000,2,748,85.71428571428571
010010100000100000,2,749,85.72380317883317
011000200000000000,2,750,85.73332064338061
200300300000000000,2,751,85.74283810792805
200000020100000000,2,752,85.7523555724755
200100100100000000,2,753,85.76187303702294
000000001100000000,2,754,85.77139050157038
110201000000000000,2,755,85.78090796611782
000000200000100000,2,756,85.79042543066527
200001110000000000,2,757,85.79994289521271
000000000001000001,2,758,85.80946035976017
001000000001000000,2,759,85.81897782430761
100010010101000000,2,760,85.82849528885505
000200010001000000,2,761,85.8380127534025
003000100000000000,2,762,85.84753021794994
500010000000000000,2,763,85.85704768249738
100202000000000000,2,764,85.86656514704482
100110001000000000,2,765,85.87608261159227
000102000000000010,2,766,85.88560007613971
000001010001000000,2,767,85.89511754068717
200021000000000000,2,768,85.90463500523461
100002010000000000,2,769,85.91415246978205
020000100000000000,2,770,85.9236699343295
120000100000000000,2,771,85.93318739887694
100211100000000000,2,772,85.94270486342438
002000200010000000,2,773,85.95222232797182
110200010000000000,2,774,85.96173979251927
000200010000000010,2,775,85.97125725706671
000110000000000010,2,776,85.98077472161417
200110000000001000,2,777,85.99029218616161
200110000001000000,2,778,85.99980965070905
000000200000000010,2,779,86.0093271152565
300001000001000000,2,780,86.01884457980394
100120000000100000,2,781,86.02836204435138
000200200000000010,2,782,86.03787950889883
100201000010000000,2,783,86.04739697344627
120100100000000000,2,784,86.05691443799371
002000400000010000,2,785,86.06643190254117
200101000000100000,2,786,86.07594936708861
000200300000000000,2,787,86.08546683163605
200000210000000010,2,788,86.0949842961835
100000011000000000,2,789,86.10450176073094
100001000010000000,2,790,86.11401922527838
110000000020000000,2,791,86.12353668982583
110120000000000000,2,792,86.13305415437327
210100020000000000,2,793,86.14257161892073
210000100100000000,2,794,86.15208908346817
200010100001000000,2,795,86.16160654801561
001000300000000000,2,796,86.17112401256306
410000000000000000,2,797,86.1806414771105
100030000000100000,2,798,86.19015894165794
000001000000000001,2,799,86.19967640620538
200101110000000000,2,800,86.20919387075283
000000100000010010,2,801,86.21871133530027
001100000000000000,2,802,86.22822879984773
210110000001000000,2,803,86.23774626439517
400111000000000000,2,804,86.24726372894261
200211000000000010,2,805,86.25678119349006
100010110100000000,2,806,86.2662986580375
000101100000100000,2,807,86.27581612258494
100100020001000000,2,808,86.28533358713238
300010000000001000,2,809,86.29485105167983
300210000000000000,2,810,86.30436851622727
101000200000000000,2,811,86.31388598077473
000000000000020100,2,812,86.32340344532217
200100100000000010,2,813,86.33292090986961
100010120000000000,2,814,86.34243837441706
100100100000001000,2,815,86.3519558389645
200110010001000000,2,816,86.36147330351194
020000000100000000,2,817,86.37099076805939
002000000020010200,2,818,86.38050823260683
001000000000010010,2,819,86.39002569715427
200201010000000000,2,820,86.39954316170173
100110100010000000,2,821,86.40906062624917
100211000000001000,2,822,86.41857809079661
310100000000000000,2,823,86.42809555534406
001000000000020200,2,824,86.4376130198915
100002000000000010,2,825,86.44713048443894
200100000002000000,2,826,86.45664794898639
200000010100000000,2,827,86.46616541353383
000121000000000000,2,828,86.47568287808127
000020000001000000,2,829,86.48520034262873
100001000101000000,2,830,86.49471780717617
000011001000000000,2,831,86.50423527172362
002000000010010100,2,832,86.51375273627106
200121000001000000,2,833,86.5232702008185
000110000010000010,2,834,86.53278766536594
001000000010020000,2,835,86.54230512991339
100110000010000000,2,836,86.55182259446083
100020000000001100,2,837,86.56134005900827
000101000000000001,2,838,86.57085752355573
010000000000000100,2,839,86.58037498810317
300111100000000000,2,840,86.58989245265062
100000200010000000,2,841,86.59940991719806
100001000001001000,2,842,86.6089273817455
000020000000001000,2,843,86.61844484629295
100200000000001000,2,844,86.62796231084039
200000010001000000,2,845,86.63747977538783
300001010000000000,2,846,86.64699723993527
000101100000000001,2,847,86.65651470448273
400010000100000000,2,848,86.66603216903017
200210020000000000,2,849,86.67554963357762
200000220000000000,2,850,86.68506709812506
200202010000000000,2,851,86.6945845626725
002000100000020000,2,852,86.70410202721995
100200010100000000,2,853,86.71361949176739
300000000000000002,2,854,86.72313695631483
100000100020000000,2,855,86.73265442086229
010102010000000000,2,856,86.74217188540973
000011010000000010,2,857,86.75168934995718
300011010000000000,2,858,86.76120681450462
500001000001000000,2,859,86.77072427905206
000000000020010000,2,860,86.7802417435995
100011001000000000,2,861,86.78975920814695
220000010000000000,2,862,86.79927667269439
210010000000000001,2,863,86.80879413724183
000210000001000000,2,864,86.81831160178929
310010000000000000,2,865,86.82782906633673
100110000000001000,2,866,86.83734653088418
200102000000001000,2,867,86.84686399543162
000020100000000000,2,868,86.85638145997906
000211100000000000,2,869,86.8658989245265
110210000000000000,2,870,86.87541638907395
001000200000000100,2,871,86.88493385362139
300001000000001000,2,872,86.89445131816883
102000000000000000,2,873,86.90396878271629
300000000002000000,2,874,86.91348624726373
200121000000000000,2,875,86.92300371181118
000101001000000000,2,876,86.93252117635862
400002000000000000,2,877,86.94203864090606
100000000101000000,2,878,86.9515561054535
002000000000010200,2,879,86.96107357000095
210000000000000010,2,880,86.97059103454839
300202000000000000,2,881,86.98010849909583
200100000000001000,2,882,86.98962596364329
110000000001000000,2,883,86.99914342819073
100010001000000010,2,884,87.00866089273818
310101000000000000,2,885,87.01817835728562
000021000000000000,2,886,87.02769582183306
200021000001000000,2,887,87.0372132863805
110010020000000000,2,888,87.04673075092795
200201020000000000,2,889,87.05624821547539
100010000000100010,2,890,87.06576568002284
100210000001000000,2,891,87.07528314457029
110010000000000010,2,892,87.08480060911774
300010010100100000,2,893,87.09431807366518
000011000000000010,2,894,87.10383553821262
100000000001000001,2,895,87.11335300276006
001000000100000000,2,896,87.12287046730751
001000000000020100,2,897,87.13238793185495
000000110010000000,2,898,87.1419053964024
100200021000000000,2,899,87.15142286094984
110000000100000000,2,900,87.1609403254973
100022000000000000,2,901,87.17045779004474
000100210000000000,2,902,87.17997525459218
400100010000000000,2,903,87.18949271913962
000100010000001000,2,904,87.19901018368707
000101000000001000,2,905,87.20852764823451
210000001000000000,2,906,87.21804511278195
100000000102000000,2,907,87.2275625773294
000000000101000000,2,908,87.23708004187685
200000000010100000,2,909,87.2465975064243
100200101000000000,2,910,87.25611497097174
110000110000000000,2,911,87.26563243551918
000200000000100000,2,912,87.27514990006662
001000100010000100,2,913,87.28466736461407
200001100100000000,2,914,87.29418482916151
100101001000000000,2,915,87.30370229370895
200010010100000000,2,916,87.3132197582564
110000300000000000,2,917,87.32273722280385
000200100010000000,2,918,87.3322546873513
100011000000100010,2,919,87.34177215189874
100110000001000000,2,920,87.35128961644618
000011000001000000,2,921,87.36080708099362
000001000000200000,1,922,87.36556581326735
100000000020000000,1,923,87.37032454554107
100020000110000010,1,924,87.3750832778148
200000110000100000,1,925,87.37984201008851
410000100000000000,1,926,87.38460074236224
600410000000010100,1,927,87.38935947463595
600614521000110002,1,928,87.39411820690968
1400200001100000000,1,929,87.3988769391834
410011440001000010,1,930,87.40363567145712
1200100300100000000,1,931,87.40839440373085
500200300100010010,1,932,87.41315313600457
710310304200000000,1,933,87.4179118682783
520010501100000000,1,934,87.42267060055201
500000200010000100,1,935,87.42742933282574
400100300000000100,1,936,87.43218806509945
5120010180011000100,1,937,87.43694679737318
300100000100000000,1,938,87.4417055296469
300102000000000000,1,939,87.44646426192062
000101000001000000,1,940,87.45122299419435
101000100020020100,1,941,87.45598172646807
200011010001000000,1,942,87.4607404587418
300211000100000000,1,943,87.46549919101551
210000010001000000,1,944,87.47025792328924
300011100000001000,1,945,87.47501665556295
100110010000000010,1,946,87.47977538783668
000120100000000000,1,947,87.4845341201104
400120000000000000,1,948,87.48929285238412
300120100000000000,1,949,87.49405158465785
010020100000000000,1,950,87.49881031693157
100010101001000000,1,951,87.5035690492053
100201000000001000,1,952,87.50832778147901
200100000000000100,1,953,87.51308651375274
213000200000000000,1,954,87.51784524602645
200000000000001010,1,955,87.52260397830018
100000000000020000,1,956,87.5273627105739
001000100010020110,1,957,87.53212144284763
000111000002000010,1,958,87.53688017512135
510000000000000000,1,959,87.54163890739507
210021010000000000,1,960,87.5463976396688
000200020000000010,1,961,87.55115637194251
220002000000000000,1,962,87.55591510421624
100001000000100010,1,963,87.56067383648995
100102010000000001,1,964,87.56543256876368
100031000000000000,1,965,87.5701913010374
000100000000000200,1,966,87.57495003331113
000221000000000001,1,967,87.57970876558485
000201000000000010,1,968,87.58446749785857
200220010000000010,1,969,87.5892262301323
302110000001020000,1,970,87.59398496240601
001000000110010100,1,971,87.59874369467974
100200000000001010,1,972,87.60350242695345
200011001000000010,1,973,87.60826115922718
100010000010001010,1,974,87.6130198915009
100000000001000010,1,975,87.61777862377463
200011000000000010,1,976,87.62253735604835
200200000001000000,1,977,87.62729608832207
200110020001000010,1,978,87.6320548205958
200212000001000000,1,979,87.63681355286951
610000000000000000,1,980,87.64157228514324
000001000001000010,1,981,87.64633101741695
200201030101000000,1,982,87.65108974969068
100000200010000100,1,983,87.6558484819644
110100030000000000,1,984,87.66060721423813
200210000000000001,1,985,87.66536594651186
000000000000110200,1,986,87.67012467878557
200001000001001020,1,987,87.6748834110593
000000000000020001,1,988,87.67964214333301
200201021001000000,1,989,87.68440087560674
100230000000000000,1,990,87.68915960788046
300102000000000010,1,991,87.69391834015418
200200000002000000,1,992,87.6986770724279
100001000000001000,1,993,87.70343580470163
200011100002000010,1,994,87.70819453697536
200101010002000020,1,995,87.71295326924907
200001010001000000,1,996,87.7177120015228
200011010000000001,1,997,87.72247073379651
000000000010000100,1,998,87.72722946607024
000020000000000001,1,999,87.73198819834396
100001000000001010,1,1000,87.73674693061768
020000000000000100,1,1001,87.7415056628914
200012000000001000,1,1002,87.74626439516513
200001000001000000,1,1003,87.75102312743886
000002000100000000,1,1004,87.75578185971257
100211100000001100,1,1005,87.7605405919863
100020000000000101,1,1006,87.76529932426001
200111000020000000,1,1007,87.77005805653374
210000010000000000,1,1008,87.77481678880746
400010000002001000,1,1009,87.77957552108118
300103020000000000,1,1010,87.78433425335491
100130000000000000,1,1011,87.78909298562863
120010000000000000,1,1012,87.79385171790236
002000100000000010,1,1013,87.79861045017607
200001011001000000,1,1014,87.8033691824498
000001010011000000,1,1015,87.80812791472351
000022000000000000,1,1016,87.81288664699724
400101020000000000,1,1017,87.81764537927096
110121001000000010,1,1018,87.82240411154469
100121010000000000,1,1019,87.82716284381841
320000000000001010,1,1020,87.83192157609213
210010020010000000,1,1021,87.83668030836586
010210100001000000,1,1022,87.84143904063957
200010000011000000,1,1023,87.8461977729133
110111000010000000,1,1024,87.85095650518701
200102000000000010,1,1025,87.85571523746074
300421000000000010,1,1026,87.86047396973446
000100000000020000,1,1027,87.86523270200819
400321000000000000,1,1028,87.86999143428191
000102010000000010,1,1029,87.87475016655563
102000000000020100,1,1030,87.87950889882936
200020110000000000,1,1031,87.88426763110307
210011020000000000,1,1032,87.8890263633768
310010010001000000,1,1033,87.89378509565051
000000000010010100,1,1034,87.89854382792424
100122011000000000,1,1035,87.90330256019796
300001010000000010,1,1036,87.90806129247169
200021000000001010,1,1037,87.91282002474541
000011100002001010,1,1038,87.91757875701913
000010000000001010,1,1039,87.92233748929286
200000000000101020,1,1040,87.92709622156657
100000000011000100,1,1041,87.9318549538403
100020000002000000,1,1042,87.93661368611401
200120020001000010,1,1043,87.94137241838774
100110000100100000,1,1044,87.94613115066146
200001000000000020,1,1045,87.95088988293519
000112000000101000,1,1046,87.95564861520891
400131010000001000,1,1047,87.96040734748263
200100010000001000,1,1048,87.96516607975636
300101020000000000,1,1049,87.96992481203007
200002000000001000,1,1050,87.9746835443038
400100030000000010,1,1051,87.97944227657752
200211010001001000,1,1052,87.98420100885124
200001010001101000,1,1053,87.98895974112496
200111000000000002,1,1054,87.99371847339869
200010000010001000,1,1055,87.99847720567242
100101000000000001,1,1056,88.00323593794613
100101120000000000,1,1057,88.00799467021986
400311000000000000,1,1058,88.01275340249357
200103010000000000,1,1059,88.0175121347673
400220010001000010,1,1060,88.02227086704102
100000000002000010,1,1061,88.02702959931474
100101020000000010,1,1062,88.03178833158846
101100100000000000,1,1063,88.03654706386219
200210000001000000,1,1064,88.04130579613592
300011000001000000,1,1065,88.04606452840963
010000000000000001,1,1066,88.05082326068336
210012000000000000,1,1067,88.05558199295707
400211000000000000,1,1068,88.0603407252308
210011010001000000,1,1069,88.06509945750452
200021010000000000,1,1070,88.06985818977824
100010000010020000,1,1071,88.07461692205196
300112000000000000,1,1072,88.07937565432569
500211010000000000,1,1073,88.08413438659942
300012000000001000,1,1074,88.08889311887313
100210010000000020,1,1075,88.09365185114686
300011020000000000,1,1076,88.09841058342057
200110001000000010,1,1077,88.1031693156943
100001110000010010,1,1078,88.10792804796802
200021001000000000,1,1079,88.11268678024175
400021000000000000,1,1080,88.11744551251546
100012010000000000,1,1081,88.12220424478919
300040000000000000,1,1082,88.12696297706292
300001100010000000,1,1083,88.13172170933663
010112010000000000,1,1084,88.13648044161036
300102011001001010,1,1085,88.14123917388407
200000000030000000,1,1086,88.1459979061578
100112001000000000,1,1087,88.15075663843152
100010000010000000,1,1088,88.15551537070525
600103000000000000,1,1089,88.16027410297896
400022000000000000,1,1090,88.16503283525269
200101010001000000,1,1091,88.16979156752642
011000000000020000,1,1092,88.17455029980013
200020010000000011,1,1093,88.17930903207386
000101010001000000,1,1094,88.18406776434757
001101110000000200,1,1095,88.1888264966213
210001010000000000,1,1096,88.19358522889502
200110000100000010,1,1097,88.19834396116875
200012000000000020,1,1098,88.20310269344246
200101021000000010,1,1099,88.20786142571619
200201100010000000,1,1100,88.21262015798992
300201010000000000,1,1101,88.21737889026363
600201001000000000,1,1102,88.22213762253736
200211010000000000,1,1103,88.22689635481107
100111010001000000,1,1104,88.2316550870848
300022100000000000,1,1105,88.23641381935852
300110010000000000,1,1106,88.24117255163225
000121010001000000,1,1107,88.24593128390596
400001000001000000,1,1108,88.25069001617969
100131000000001000,1,1109,88.25544874845342
200021010000000010,1,1110,88.26020748072713
200111000000001000,1,1111,88.26496621300086
300200000001000000,1,1112,88.26972494527458
200200000000000020,1,1113,88.2744836775483
100011020000000000,1,1114,88.27924240982202
100101000002000020,1,1115,88.28400114209575
200120001000000010,1,1116,88.28875987436946
102000000020020000,1,1117,88.29351860664319
203000000010000400,1,1118,88.29827733891692
102000100000000000,1,1119,88.30303607119063
410000120000000000,1,1120,88.30779480346436
200211000010000010,1,1121,88.31255353573808
200101110001000010,1,1122,88.3173122680118
300000000001000020,1,1123,88.32207100028552
201110000000040020,1,1124,88.32682973255925
300001002000000000,1,1125,88.33158846483296
101000000000020000,1,1126,88.33634719710669
100110000000000020,1,1127,88.34110592938042
100210000010000000,1,1128,88.34586466165413
100121000002000000,1,1129,88.35062339392786
200002000001000000,1,1130,88.35538212620158
200011000001000000,1,1131,88.3601408584753
100110020000000010,1,1132,88.36489959074902
201000000000000100,1,1133,88.36965832302275
300110000000001000,1,1134,88.37441705529648
210000010001000020,1,1135,88.37917578757019
300000010000001000,1,1136,88.38393451984392
410012000000000000,1,1137,88.38869325211763
101000100100000000,1,1138,88.39345198439136
200001000000000001,1,1139,88.39821071666508
100022000000000010,1,1140,88.4029694489388
200100000001000010,1,1141,88.40772818121252
000121010000000000,1,1142,88.41248691348625
000100000100000020,1,1143,88.41724564575998
002000000001000110,1,1144,88.42200437803369
200101010000000020,1,1145,88.42676311030742
100101002000000010,1,1146,88.43152184258113
100112100000000000,1,1147,88.43628057485486
200012000001000000,1,1148,88.44103930712858
101000100010000110,1,1149,88.4457980394023
400010011000000000,1,1150,88.45055677167602
000011000001000010,1,1151,88.45531550394975
200021101101000000,1,1152,88.46007423622348
100020001000000010,1,1153,88.46483296849719
100201010000000000,1,1154,88.46959170077092
300000000010100010,1,1155,88.47435043304463
001000000020000000,1,1156,88.47910916531836
300020000002001000,1,1157,88.48386789759208
101000000000000100,1,1158,88.4886266298658
110201000000000010,1,1159,88.49338536213952
600130000001001000,1,1160,88.49814409441325
400101010000000010,1,1161,88.50290282668698
100121000001000010,1,1162,88.50766155896069
200021100000000010,1,1163,88.51242029123442
300221020001000000,1,1164,88.51717902350813
001000000010020200,1,1165,88.52193775578186
100120010001000000,1,1166,88.52669648805558
200011010000000020,1,1167,88.5314552203293
300020000100001000,1,1168,88.53621395260302
002000300000000000,1,1169,88.54097268487675
200211011000000000,1,1170,88.54573141715048
100011010000001000,1,1171,88.55049014942419
210000000000200000,1,1172,88.55524888169792
200010010000000010,1,1173,88.56000761397164
100001010002000000,1,1174,88.56476634624536
200101000000000010,1,1175,88.56952507851908
102000000000010100,1,1176,88.5742838107928
100101010001000020,1,1177,88.57904254306652
200200010001000000,1,1178,88.58380127534025
300020000001000000,1,1179,88.58856000761398
400001000001000010,1,1180,88.59331873988769
000010010000000010,1,1181,88.59807747216142
200000200000000010,1,1182,88.60283620443514
002000100010010100,1,1183,88.60759493670886
200000010102000000,1,1184,88.61235366898258
100221000000000000,1,1185,88.6171124012563
400004101001000020,1,1186,88.62187113353002
001000200000020100,1,1187,88.62662986580375
000221011001000010,1,1188,88.63138859807748
100102100000000000,1,1189,88.63614733035119
400002011000000000,1,1190,88.64090606262492
410010001000000000,1,1191,88.64566479489864
310010110000000000,1,1192,88.65042352717236
300010000000000020,1,1193,88.65518225944608
100000000000000200,1,1194,88.65994099171981
300102200000000000,1,1195,88.66469972399352
200102010001000000,1,1196,88.66945845626725
400331011011000000,1,1197,88.67421718854098
400010010010000000,1,1198,88.6789759208147
100102000000000021,1,1199,88.68373465308842
300001100000000040,1,1200,88.68849338536214
200211010000000010,1,1201,88.69325211763586
100010320020001001,1,1202,88.69801084990958
100100020010000000,1,1203,88.70276958218331
200010010020000000,1,1204,88.70752831445702
000000030000000000,1,1205,88.71228704673075
020000100000010000,1,1206,88.71704577900448
000000010001000100,1,1207,88.7218045112782
100000020000000010,1,1208,88.72656324355192
100030020000000000,1,1209,88.73132197582564
200200020000000000,1,1210,88.73608070809937
000201000010100000,1,1211,88.74083944037308
110100310000000000,1,1212,88.74559817264681
400131210010000000,1,1213,88.75035690492052
220100110010000000,1,1214,88.75511563719425
200100000010100000,1,1215,88.75987436946798
000012010020100000,1,1216,88.7646331017417
200100100000010000,1,1217,88.76939183401542
002100200010000100,1,1218,88.77415056628914
101200010000000000,1,1219,88.77890929856287
200101110031000000,1,1220,88.78366803083658
120501200012000000,1,1221,88.78842676311031
110001000010000000,1,1222,88.79318549538402
410512200100000000,1,1223,88.79794422765775
100000300010100000,1,1224,88.80270295993148
300120010001110000,1,1225,88.8074616922052
200300010000010000,1,1226,88.81222042447892
100101000001200000,1,1227,88.81697915675264
200100100000001000,1,1228,88.82173788902637
300111200100000000,1,1229,88.82649662130008
220130010010000000,1,1230,88.83125535357381
100040200000000000,1,1231,88.83601408584752
010210000000000010,1,1232,88.84077281812125
200301000000000000,1,1233,88.84553155039498
100101010001000000,1,1234,88.8502902826687
300100000000002000,1,1235,88.85504901494242
100200010000000010,1,1236,88.85980774721614
100110010100000000,1,1237,88.86456647948987
200010010001000000,1,1238,88.86932521176358
001000030000000000,1,1239,88.87408394403731
300000010010000000,1,1240,88.87884267631102
200100020100000000,1,1241,88.88360140858475
300110100011000000,1,1242,88.88836014085848
100200100000010000,1,1243,88.8931188731322
100200110010000000,1,1244,88.89787760540592
000110010000010000,1,1245,88.90263633767964
200210100000010000,1,1246,88.90739506995337
100400200000000000,1,1247,88.91215380222708
100010020101000000,1,1248,88.91691253450081
102000000000020000,1,1249,88.92167126677454
200210020000100000,1,1250,88.92642999904825
010010100120101000,1,1251,88.93118873132198
300302000000000000,1,1252,88.9359474635957
100000010112000001,1,1253,88.94070619586942
000002000001000010,1,1254,88.94546492814314
300101010000000000,1,1255,88.95022366041687
100000000110000010,1,1256,88.95498239269058
021000200000000000,1,1257,88.95974112496431
300330200100100000,1,1258,88.96449985723804
001000100020000001,1,1259,88.96925858951175
300000200000000010,1,1260,88.97401732178548
410010200000001000,1,1261,88.9787760540592
010000211000000100,1,1262,88.98353478633292
300102000010000000,1,1263,88.98829351860664
110010120001000000,1,1264,88.99305225088037
100010110000000001,1,1265,88.99781098315408
200110010000000010,1,1266,89.00256971542781
010010010001000000,1,1267,89.00732844770154
100010000001000010,1,1268,89.01208717997525
000010000000100001,1,1269,89.01684591224898
110100100001100010,1,1270,89.0216046445227
200110110000010000,1,1271,89.02636337679643
100104000000000000,1,1272,89.03112210907014
110110000010200000,1,1273,89.03588084134387
110202000000100000,1,1274,89.04063957361758
400010100000100000,1,1275,89.04539830589131
100010020001000010,1,1276,89.05015703816504
310110110100000010,1,1277,89.05491577043875
400201110000000000,1,1278,89.05967450271248
212000000010100000,1,1279,89.0644332349862
000010010000000100,1,1280,89.06919196725993
200100010001010000,1,1281,89.07395069953364
100000000100000100,1,1282,89.07870943180737
200310000000000000,1,1283,89.08346816408108
110120000001000000,1,1284,89.08822689635481
000220020000000000,1,1285,89.09298562862854
110221000000000000,1,1286,89.09774436090225
400210300000000000,1,1287,89.10250309317598
100010001000000100,1,1288,89.1072618254497
200300200001010000,1,1289,89.11202055772343
000110210000000000,1,1290,89.11677928999714
000104000000001000,1,1291,89.12153802227087
100011110000000010,1,1292,89.12629675454458
100021100000200000,1,1293,89.13105548681831
100100310001000000,1,1294,89.13581421909204
320211200200000000,1,1295,89.14057295136575
202102100021000000,1,1296,89.14533168363948
220010000000000000,1,1297,89.1500904159132
100121101000100000,1,1298,89.15484914818693
020100110100000000,1,1299,89.15960788046064
310310200000001000,1,1300,89.16436661273437
120100200000000000,1,1301,89.16912534500808
000100100010000100,1,1302,89.17388407728181
310100100000000000,1,1303,89.17864280955554
230100110000000000,1,1304,89.18340154182926
210000210000000000,1,1305,89.18816027410298
100000210100002000,1,1306,89.1929190063767
400010000000000001,1,1307,89.19767773865043
300100001000010000,1,1308,89.20243647092414
300201100000000000,1,1309,89.20719520319787
220010201000000000,1,1310,89.21195393547158
100111020000000000,1,1311,89.21671266774531
000000010000001000,1,1312,89.22147140001904
300200010001000010,1,1313,89.22623013229276
100210001000000000,1,1314,89.23098886456648
200000020000000010,1,1315,89.2357475968402
200100110000000010,1,1316,89.24050632911393
110200000000001100,1,1317,89.24526506138764
110100110000000000,1,1318,89.25002379366137
210101110000000000,1,1319,89.25478252593508
012000000000000000,1,1320,89.25954125820881
200210200000000000,1,1321,89.26429999048254
020011100000000000,1,1322,89.26905872275626
010200000100100000,1,1323,89.27381745502998
500100200000000000,1,1324,89.2785761873037
300010010001000010,1,1325,89.28333491957743
201110020000000000,1,1326,89.28809365185114
300200000000100000,1,1327,89.29285238412487
101410000000000010,1,1328,89.29761111639858
400200020000000000,1,1329,89.30236984867231
000210011000001000,1,1330,89.30712858094604
100100200200000000,1,1331,89.31188731321976
000020100000101000,1,1332,89.31664604549348
100110110000100000,1,1333,89.3214047777672
001010000000100010,1,1334,89.32616351004093
110000010000001000,1,1335,89.33092224231464
200000000100200000,1,1336,89.33568097458837
320100100000001000,1,1337,89.34043970686209
000000020100000000,1,1338,89.34519843913581
300020010000000000,1,1339,89.34995717140954
100000111000000000,1,1340,89.35471590368326
400400020000100000,1,1341,89.35947463595699
100200011100001000,1,1342,89.3642333682307
100010000000000011,1,1343,89.36899210050443
100000001000100000,1,1344,89.37375083277814
100110000000000110,1,1345,89.37850956505187
310000020000000000,1,1346,89.38326829732559
010000011000000000,1,1347,89.38802702959931
100010210000000000,1,1348,89.39278576187304
200000110001000100,1,1349,89.39754449414676
001001000000100000,1,1350,89.40230322642049
210010200010000000,1,1351,89.4070619586942
210100210000000000,1,1352,89.41182069096793
200100110010100000,1,1353,89.41657942324164
101010100000000000,1,1354,89.42133815551537
200100300000000000,1,1355,89.42609688778909
100210200000000000,1,1356,89.43085562006281
100130100100000000,1,1357,89.43561435233654
000100001001000000,1,1358,89.44037308461026
100221210000101000,1,1359,89.44513181688399
310000000001000000,1,1360,89.4498905491577
010100000010001000,1,1361,89.45464928143143
200000200000001000,1,1362,89.45940801370514
310110100000000000,1,1363,89.46416674597887
020000120010010000,1,1364,89.46892547825259
100000000000000101,1,1365,89.47368421052632
100000000010000010,1,1366,89.47844294280004
100110100000000100,1,1367,89.48320167507376
010001200000000000,1,1368,89.48796040734749
300000000010010010,1,1369,89.4927191396212
000020100200000000,1,1370,89.49747787189493
010200100000001000,1,1371,89.50223660416864
100130200000000000,1,1372,89.50699533644237
010221000000000000,1,1373,89.5117540687161
001421200000010000,1,1374,89.51651280098982
200110310000000000,1,1375,89.52127153326354
100200300010001000,1,1376,89.52603026553726
000101010000000001,1,1377,89.53078899781099
010000101000000000,1,1378,89.5355477300847
210000021100000000,1,1379,89.54030646235843
200010120000000000,1,1380,89.54506519463214
200000000000101000,1,1381,89.54982392690587
200120001000001000,1,1382,89.5545826591796
230010010000000000,1,1383,89.55934139145332
100102100000100000,1,1384,89.56410012372704
010000100000000100,1,1385,89.56885885600076
000031110120101000,1,1386,89.57361758827449
200000010030100000,1,1387,89.5783763205482
010110000000000001,1,1388,89.58313505282193
000020100000000010,1,1389,89.58789378509564
000130100000000000,1,1390,89.59265251736937
000100100101000000,1,1391,89.5974112496431
100112011100000000,1,1392,89.60216998191682
000101000100000010,1,1393,89.60692871419054
000011100000001000,1,1394,89.61168744646426
010011010000000000,1,1395,89.61644617873799
100230100100001000,1,1396,89.6212049110117
001000100011000000,1,1397,89.62596364328543
100201020000101000,1,1398,89.63072237555915
110010100100001000,1,1399,89.63548110783287
001000000020020000,1,1400,89.6402398401066
100122010000000000,1,1401,89.64499857238032
000010100000010000,1,1402,89.64975730465405
100210110100000000,1,1403,89.65451603692776
110211000100000000,1,1404,89.65927476920149
110010300010000001,1,1405,89.6640335014752
002010000010120000,1,1406,89.66879223374893
101110100010100000,1,1407,89.67355096602265
200000011000000000,1,1408,89.67830969829637
100000030001000000,1,1409,89.6830684305701
100000000100000111,1,1410,89.68782716284382
300010000002101000,1,1411,89.69258589511755
300000000000100000,1,1412,89.69734462739126
200000120001000000,1,1413,89.70210335966499
100011010000000000,1,1414,89.7068620919387
000020000000000100,1,1415,89.71162082421243
000000020000010000,1,1416,89.71637955648615
000010000100000100,1,1417,89.72113828875987
200101100010000000,1,1418,89.7258970210336
200000000000000011,1,1419,89.73065575330732
000110000010000001,1,1420,89.73541448558105
000001100001000001,1,1421,89.74017321785476
000010000010001000,1,1422,89.74493195012849
100202010001000000,1,1423,89.7496906824022
102000200000000000,1,1424,89.75444941467593
100100110200000000,1,1425,89.75920814694965
002000100010000000,1,1426,89.76396687922337
020000001011000000,1,1427,89.7687256114971
210202001000000000,1,1428,89.77348434377082
010100000000001010,1,1429,89.77824307604455
100011110000100000,1,1430,89.78300180831826
400111220010000000,1,1431,89.78776054059199
000100200000000100,1,1432,89.7925192728657
010102001000000000,1,1433,89.79727800513943
110200000000001000,1,1434,89.80203673741315
000010010200001000,1,1435,89.80679546968688
110010000010000000,1,1436,89.8115542019606
201000200000000000,1,1437,89.81631293423432
100011000000000100,1,1438,89.82107166650805
000010010000000001,1,1439,89.82583039878176
100110021100000000,1,1440,89.83058913105549
200100020001000010,1,1441,89.8353478633292
200100110010000001,1,1442,89.84010659560293
202000200000000000,1,1443,89.84486532787665
400100020000100000,1,1444,89.84962406015038
200100011000000000,1,1445,89.8543827924241
100000020000000100,1,1446,89.85914152469782
200000010000000010,1,1447,89.86390025697155
200000010101001000,1,1448,89.86865898924526
000101000002000000,1,1449,89.87341772151899
000202000000000000,1,1450,89.8781764537927
210100300010000000,1,1451,89.88293518606643
001021100020001000,1,1452,89.88769391834015
000001100100000000,1,1453,89.89245265061388
020100000001000000,1,1454,89.8972113828876
110221100001001000,1,1455,89.90197011516132
210102000000000000,1,1456,89.90672884743505
000110010001000020,1,1457,89.91148757970876
000100000010000002,1,1458,89.91624631198249
000102000100000000,1,1459,89.9210050442562
101000300000010000,1,1460,89.92576377652993
110100100010000000,1,1461,89.93052250880365
010010100001001000,1,1462,89.93528124107738
110011000000001000,1,1463,89.9400399733511
000010000100000010,1,1464,89.94479870562482
100021110001000000,1,1465,89.94955743789855
400000030000000000,1,1466,89.95431617017226
200000000011000000,1,1467,89.95907490244599
600110100000000000,1,1468,89.9638336347197
010100010000000000,1,1469,89.96859236699343
010002000000000000,1,1470,89.97335109926715
300301000000000000,1,1471,89.97810983154088
110120000000000010,1,1472,89.9828685638146
210120100000000000,1,1473,89.98762729608832
000020200000000000,1,1474,89.99238602836205
310010100000000010,1,1475,89.99714476063576
300101100000001000,1,1476,90.00190349290949
110001000100000000,1,1477,90.0066622251832
000100111020000000,1,1478,90.01142095745693
101211011000000000,1,1479,90.01617968973065
110000010010000000,1,1480,90.02093842200438
000000200010000100,1,1481,90.0256971542781
100200010001100010,1,1482,90.03045588655182
100100200001000000,1,1483,90.03521461882555
200210210000100000,1,1484,90.03997335109926
600210111000000000,1,1485,90.04473208337299
100100110100000000,1,1486,90.0494908156467
300201110010100000,1,1487,90.05424954792043
300111101000000000,1,1488,90.05900828019416
200002000000100000,1,1489,90.06376701246788
000100130000000021,1,1490,90.0685257447416
102000100000010100,1,1491,90.07328447701532
000200020000000000,1,1492,90.07804320928905
200010001000000000,1,1493,90.08280194156276
200100010010000001,1,1494,90.08756067383649
200010111000000000,1,1495,90.0923194061102
000110020000100000,1,1496,90.09707813838394
320100000000000000,1,1497,90.10183687065766
100201210100200000,1,1498,90.10659560293138
110001030000000010,1,1499,90.1113543352051
200110100000001000,1,1500,90.11611306747882
300000001010000000,1,1501,90.12087179975255
001000000010020010,1,1502,90.12563053202626
100100000010200000,1,1503,90.13038926429999
101010200000000000,1,1504,90.1351479965737
110000200000010000,1,1505,90.13990672884744
300000020100000000,1,1506,90.14466546112116
100221010000000000,1,1507,90.14942419339488
100000011000100000,1,1508,90.15418292566861
301112000000000000,1,1509,90.15894165794232
300000110000001000,1,1510,90.16370039021605
200110010000200000,1,1511,90.16845912248976
000201000000000011,1,1512,90.1732178547635
000120200010001000,1,1513,90.17797658703721
210201110000100010,1,1514,90.18273531931094
400410300000001000,1,1515,90.18749405158466
700010200000001000,1,1516,90.19225278385838
400100400000000000,1,1517,90.19701151613211
200111010101000000,1,1518,90.20177024840582
300102001000000010,1,1519,90.20652898067955
200402000000000000,1,1520,90.21128771295326
110101020100100010,1,1521,90.216046445227
300000200000010000,1,1522,90.22080517750071
000110100101000000,1,1523,90.22556390977444
000011100000000010,1,1524,90.23032264204816
300110310000000000,1,1525,90.23508137432188
001000300000010000,1,1526,90.23984010659561
600010320100100000,1,1527,90.24459883886932
102000000000000100,1,1528,90.24935757114305
200300200000000001,1,1529,90.25411630341677
010210010000000000,1,1530,90.2588750356905
001000200020000200,1,1531,90.26363376796421
200100010000000002,1,1532,90.26839250023794
300110200000100000,1,1533,90.27315123251167
200100100010000000,1,1534,90.27790996478538
200100200100000000,1,1535,90.28266869705911
200000100020200000,1,1536,90.28742742933282
000111000010000000,1,1537,90.29218616160655
000210101000000000,1,1538,90.29694489388027
210001120000000000,1,1539,90.301703626154
210102001000000000,1,1540,90.30646235842771
400300200000000000,1,1541,90.31122109070144
210220200000000000,1,1542,90.31597982297517
100200300000000000,1,1543,90.32073855524888
200100200000000001,1,1544,90.32549728752261
300220100000000000,1,1545,90.33025601979632
500111210002000000,1,1546,90.33501475207005
300200101000000000,1,1547,90.33977348434377
100100200000000010,1,1548,90.3445322166175
100112000000100000,1,1549,90.34929094889121
200000000100001000,1,1550,90.35404968116494
310100100000000010,1,1551,90.35880841343867
500201100020200110,1,1552,90.36356714571238
300001310100000000,1,1553,90.36832587798611
210010110100000000,1,1554,90.37308461025982
200020000000000010,1,1555,90.37784334253355
000000020000000001,1,1556,90.38260207480727
000000301000000000,1,1557,90.387360807081
100010000000000020,1,1558,90.39211953935471
310100000001000010,1,1559,90.39687827162844
210110110000000000,1,1560,90.40163700390217
300001020000000000,1,1561,90.40639573617588
400102000000000000,1,1562,90.41115446844961
110100020000000000,1,1563,90.41591320072332
010111010000000000,1,1564,90.42067193299705
110210010000000000,1,1565,90.42543066527077
210300300000000000,1,1566,90.4301893975445
300200300000000000,1,1567,90.43494812981821
300111001000000020,1,1568,90.43970686209194
200201120102000000,1,1569,90.44446559436567
010000020000000010,1,1570,90.44922432663938
400000300010001000,1,1571,90.45398305891311
210100000100002000,1,1572,90.45874179118682
700210200000000000,1,1573,90.46350052346055
200020200000001010,1,1574,90.46825925573427
200200000100000000,1,1575,90.473017988008
200101100000000010,1,1576,90.47777672028171
600201100001000000,1,1577,90.48253545255544
310200020100000000,1,1578,90.48729418482917
100011000000001000,1,1579,90.49205291710288
100121200000100000,1,1580,90.49681164937661
200101201000000000,1,1581,90.50157038165032
1010101311000200020,1,1582,90.50632911392405
200100200000100100,1,1583,90.51108784619777
000000100000200000,1,1584,90.5158465784715
100100010000101020,1,1585,90.52060531074521
103000300000010000,1,1586,90.52536404301894
110020020000000000,1,1587,90.53012277529267
310000010001000000,1,1588,90.53488150756638
400301001000000000,1,1589,90.53964023984011
500000010000000000,1,1590,90.54439897211383
200000110000000001,1,1591,90.54915770438755
200112010000001000,1,1592,90.55391643666127
200110220000000001,1,1593,90.558675168935
300001101000000110,1,1594,90.56343390120871
200100200000100000,1,1595,90.56819263348244
200100200000000100,1,1596,90.57295136575617
100001100000002000,1,1597,90.57771009802988
200101001000000000,1,1598,90.58246883030361
100000000010100010,1,1599,90.58722756257733
400210100001000000,1,1600,90.59198629485105
300300200000000000,1,1601,90.59674502712477
210001300000000000,1,1602,90.6015037593985
300110000000101000,1,1603,90.60626249167221
010010000000000100,1,1604,90.61102122394594
300100201000000000,1,1605,90.61577995621967
400110100001000000,1,1606,90.62053868849338
300100100100000000,1,1607,90.62529742076711
200101010000000100,1,1608,90.63005615304083
200000100101001000,1,1609,90.63481488531455
000000200010100100,1,1610,90.63957361758827
110100111001000000,1,1611,90.644332349862
200210210000100020,1,1612,90.64909108213573
400110201000000001,1,1613,90.65384981440944
300001110000000000,1,1614,90.65860854668317
300300110000000000,1,1615,90.66336727895688
400111000001100000,1,1616,90.66812601123061
300000110101000001,1,1617,90.67288474350433
110102010100000000,1,1618,90.67764347577805
100110010000000100,1,1619,90.68240220805177
100020020000000000,1,1620,90.6871609403255
010000010010000000,1,1621,90.69191967259923
000000201000000100,1,1622,90.69667840487294
000000010002000000,1,1623,90.70143713714667
000110100010100000,1,1624,90.70619586942038
010210200100000000,1,1625,90.71095460169411
000200001000000100,1,1626,90.71571333396783
000010010101000000,1,1627,90.72047206624156
000221101000000000,1,1628,90.72523079851527
000111100000000020,1,1629,90.729989530789
210110110001100000,1,1630,90.73474826306273
400100100001100000,1,1631,90.73950699533644
100102001000100000,1,1632,90.74426572761017
310001101000000000,1,1633,90.74902445988388
000100020002000000,1,1634,90.75378319215761
300101100000000001,1,1635,90.75854192443133
100201010000100000,1,1636,90.76330065670506
400200300000000000,1,1637,90.76805938897877
000000020100001000,1,1638,90.7728181212525
100200100011000010,1,1639,90.77757685352623
100000210000100000,1,1640,90.78233558579994
200000200000200000,1,1641,90.78709431807367
320000101000000000,1,1642,90.79185305034738
120001200000000000,1,1643,90.79661178262111
100101000100000000,1,1644,90.80137051489483
210201000100000000,1,1645,90.80612924716856
200120100100000000,1,1646,90.81088797944227
100100000000000002,1,1647,90.815646711716
400101000001000000,1,1648,90.82040544398973
000000000100020000,1,1649,90.82516417626344
200000010011000000,1,1650,90.82992290853717
210011010000000000,1,1651,90.83468164081089
310020020000000000,1,1652,90.83944037308461
300100000000100000,1,1653,90.84419910535833
200200010000000111,1,1654,90.84895783763206
200010010000100000,1,1655,90.85371656990577
002000000100000000,1,1656,90.8584753021795
101000000000010100,1,1657,90.86323403445323
200101100002000000,1,1658,90.86799276672694
110012020100000000,1,1659,90.87275149900067
400300300000000000,1,1660,90.87751023127439
110100000000000100,1,1661,90.88226896354811
400301000000000000,1,1662,90.88702769582183
300000101000000000,1,1663,90.89178642809556
200131001000000000,1,1664,90.89654516036927
000210300000000000,1,1665,90.901303892643
100200010011000000,1,1666,90.90606262491673
200001000002000000,1,1667,90.91082135719044
110110110000000000,1,1668,90.91558008946417
100110100001000000,1,1669,90.92033882173789
000000002000000001,1,1670,90.92509755401161
100111110001000000,1,1671,90.92985628628533
300000100001000000,1,1672,90.93461501855906
000201000000100010,1,1673,90.93937375083277
300000110000100000,1,1674,90.9441324831065
300300100000100100,1,1675,90.94889121538023
300101000100000000,1,1676,90.95364994765394
100011100101000010,1,1677,90.95840867992767
100020001000000000,1,1678,90.96316741220139
000100020001000020,1,1679,90.96792614447511
000201300000000000,1,1680,90.97268487674883
100101200001000010,1,1681,90.97744360902256
310211110000000000,1,1682,90.98220234129627
200111110100000000,1,1683,90.98696107357
200201010001000000,1,1684,90.99171980584373
000000310000000000,1,1685,90.99647853811744
400210200000000000,1,1686,91.00123727039117
110100100100000000,1,1687,91.00599600266489
300010111000100000,1,1688,91.01075473493862
110110100100000000,1,1689,91.01551346721233
100020100000000200,1,1690,91.02027219948606
300211110000000000,1,1691,91.02503093175977
000300110000000000,1,1692,91.0297896640335
100102000100000100,1,1693,91.03454839630723
110201000100000000,1,1694,91.03930712858094
100210310000000000,1,1695,91.04406586085467
000100100000100010,1,1696,91.04882459312839
100201000100000000,1,1697,91.05358332540212
200001100102000000,1,1698,91.05834205767583
010200220000000000,1,1699,91.06310078994956
400010220201000000,1,1700,91.06785952222327
300100101000000000,1,1701,91.072618254497
110201200000000000,1,1702,91.07737698677073
100100210101000000,1,1703,91.08213571904444
300001100000000010,1,1704,91.08689445131817
500200030000000000,1,1705,91.09165318359189
000102010000000000,1,1706,91.09641191586562
100101000000000100,1,1707,91.10117064813933
200120000101000001,1,1708,91.10592938041306
300000111000000010,1,1709,91.11068811268677
200110100001000000,1,1710,91.1154468449605
100200210001000000,1,1711,91.12020557723423
100110001010000010,1,1712,91.12496430950794
100200000010000010,1,1713,91.12972304178167
200110110000100000,1,1714,91.13448177405539
300021000000000000,1,1715,91.13924050632912
210000020001000000,1,1716,91.14399923860283
300101000000100010,1,1717,91.14875797087656
000000100020010000,1,1718,91.15351670315027
101000000010000000,1,1719,91.158275435424
010010010000000000,1,1720,91.16303416769773
100021000000000001,1,1721,91.16779289997145
100100020000000010,1,1722,91.17255163224517
400101100000000000,1,1723,91.17731036451889
000101000001000010,1,1724,91.18206909679262
310110000000000000,1,1725,91.18682782906633
401113110000000000,1,1726,91.19158656134006
200001100002000000,1,1727,91.19634529361379
100021100000100001,1,1728,91.2011040258875
300001200010100000,1,1729,91.20586275816123
000101020000000000,1,1730,91.21062149043495
110301110010100000,1,1731,91.21538022270867
000211000000200000,1,1732,91.22013895498239
100100000001001020,1,1733,91.22489768725612
120110200100000000,1,1734,91.22965641952983
110110000000001000,1,1735,91.23441515180356
011000100010000000,1,1736,91.23917388407729
400001010000000000,1,1737,91.243932616351
100120100000000020,1,1738,91.24869134862473
010101100000000000,1,1739,91.25345008089845
200000010000001010,1,1740,91.25820881317217
200021020000000000,1,1741,91.26296754544589
000000110202000000,1,1742,91.26772627771962
100200100000100000,1,1743,91.27248500999333
030000000000000000,1,1744,91.27724374226706
000111001000000000,1,1745,91.28200247454079
100010020100000000,1,1746,91.2867612068145
110100010000000100,1,1747,91.29151993908823
100211000001000010,1,1748,91.29627867136195
000001020010000000,1,1749,91.30103740363568
004000100000020000,1,1750,91.30579613590939
000110000000000100,1,1751,91.31055486818312
000010010001000000,1,1752,91.31531360045683
210100000000100000,1,1753,91.32007233273056
100010020000100000,1,1754,91.32483106500429
100000010010000010,1,1755,91.329589797278
010111000000000000,1,1756,91.33434852955173
100000000000200010,1,1757,91.33910726182545
110010000000000001,1,1758,91.34386599409918
100202010000100010,1,1759,91.34862472637289
100001210100100001,1,1760,91.35338345864662
210001310000001000,1,1761,91.35814219092033
110001010000200010,1,1762,91.36290092319406
003000000000020000,1,1763,91.36765965546779
400120100000301000,1,1764,91.3724183877415
200111000100000000,1,1765,91.37717712001523
200001000010000010,1,1766,91.38193585228895
010000010000000010,1,1767,91.38669458456268
010200010100000020,1,1768,91.39145331683639
100010200001000000,1,1769,91.39621204911012
000000100001000010,1,1770,91.40097078138383
100200200000000010,1,1771,91.40572951365756
200200010000100000,1,1772,91.41048824593129
220200010000000000,1,1773,91.415246978205
100020000000000100,1,1774,91.42000571047873
200100010000000010,1,1775,91.42476444275245
100210000000100000,1,1776,91.42952317502618
200200000000300000,1,1777,91.43428190729989
400201000000000000,1,1778,91.43904063957362
300000010000000002,1,1779,91.44379937184733
200000020011010000,1,1780,91.44855810412106
000000020001010000,1,1781,91.45331683639479
000210000000000110,1,1782,91.4580755686685
000000000001001000,1,1783,91.46283430094223
300100311000000000,1,1784,91.46759303321595
100100000001000020,1,1785,91.47235176548968
100000100001100000,1,1786,91.47711049776339
000000100010000100,1,1787,91.48186923003712
100100010000100110,1,1788,91.48662796231083
300101100000001010,1,1789,91.49138669458456
000310000000000000,1,1790,91.49614542685829
000100110000000110,1,1791,91.500904159132
000011100010000000,1,1792,91.50566289140573
110200110000000000,1,1793,91.51042162367945
100002100000000000,1,1794,91.51518035595318
110000000000000010,1,1795,91.51993908822689
210000100001100000,1,1796,91.52469782050062
100121000000000020,1,1797,91.52945655277433
200401200000000000,1,1798,91.53421528504806
100220000100000001,1,1799,91.53897401732179
100010000001100000,1,1800,91.5437327495955
100200000000100100,1,1801,91.54849148186923
120101040011000000,1,1802,91.55325021414295
000000110002000000,1,1803,91.55800894641668
110110000100000000,1,1804,91.56276767869039
100010001000100000,1,1805,91.56752641096412
200011200010100000,1,1806,91.57228514323783
210210000000000000,1,1807,91.57704387551156
400202100000100000,1,1808,91.58180260778529
100100101101000000,1,1809,91.586561340059
010211000000100000,1,1810,91.59132007233273
000001010100000101,1,1811,91.59607880460645
210101100001000000,1,1812,91.60083753688018
010101120000000000,1,1813,91.60559626915389
100030110200100200,1,1814,91.61035500142762
110010000001000020,1,1815,91.61511373370134
120000020000000100,1,1816,91.61987246597506
101000000000020100,1,1817,91.62463119824879
110111020000000000,1,1818,91.6293899305225
300030100000000000,1,1819,91.63414866279624
010210010000100000,1,1820,91.63890739506995
100101021001000000,1,1821,91.64366612734368
100001011000000000,1,1822,91.64842485961739
200100030000000000,1,1823,91.65318359189112
100200010000100000,1,1824,91.65794232416484
100010010000100000,1,1825,91.66270105643856
100120000000100100,1,1826,91.66745978871229
101000000020010000,1,1827,91.67221852098601
110100010001001000,1,1828,91.67697725325974
500100000100100001,1,1829,91.68173598553345
200110100000100010,1,1830,91.68649471780718
010000000000000003,1,1831,91.6912534500809
000110000000000020,1,1832,91.69601218235462
100211100000100001,1,1833,91.70077091462834
000000010020100000,1,1834,91.70552964690206
300012100000000000,1,1835,91.7102883791758
200000000000100010,1,1836,91.71504711144951
000301010001000010,1,1837,91.71980584372324
200201020201000000,1,1838,91.72456457599695
120100200001000002,1,1839,91.72932330827068
300111010000000000,1,1840,91.7340820405444
210113020000000000,1,1841,91.73884077281812
100010100200000100,1,1842,91.74359950509184
000102100001000010,1,1843,91.74835823736557
000010010000100010,1,1844,91.7531169696393
000201100000100000,1,1845,91.75787570191301
200000320010000001,1,1846,91.76263443418674
100100110000000010,1,1847,91.76739316646045
000110010102000000,1,1848,91.77215189873418
200001100000100000,1,1849,91.7769106310079
000011010102000000,1,1850,91.78166936328162
000200001000000010,1,1851,91.78642809555535
210110200000001010,1,1852,91.79118682782907
100002000010000000,1,1853,91.7959455601028
100022000010100000,1,1854,91.80070429237651
100102010002000000,1,1855,91.80546302465024
200110110000001000,1,1856,91.81022175692395
020102000000000000,1,1857,91.81498048919768
000010101000000010,1,1858,91.8197392214714
200131000000000000,1,1859,91.82449795374512
200001100000000020,1,1860,91.82925668601885
000011020000000000,1,1861,91.83401541829257
300311010102000000,1,1862,91.8387741505663
310400100000000000,1,1863,91.84353288284001
100020000010000000,1,1864,91.84829161511374
200102020201000002,1,1865,91.85305034738745
200000010002000000,1,1866,91.85780907966118
002000100010020000,1,1867,91.8625678119349
100120100000000100,1,1868,91.86732654420862
000310000000210010,1,1869,91.87208527648235
100112010000000000,1,1870,91.87684400875607
200111101000100010,1,1871,91.8816027410298
300210020000100000,1,1872,91.88636147330351
200000030001000000,1,1873,91.89112020557724
102000100000010000,1,1874,91.89587893785095
100010010000000001,1,1875,91.90063767012468
000000111000000000,1,1876,91.9053964023984
000101010000200000,1,1877,91.91015513467212
010010000010000020,1,1878,91.91491386694585
000000020001000001,1,1879,91.91967259921957
400200021100000000,1,1880,91.9244313314933
000003000000000000,1,1881,91.92919006376701
200011010102000000,1,1882,91.93394879604074
000110001020000000,1,1883,91.93870752831445
100510200000000000,1,1884,91.94346626058818
100001010101000000,1,1885,91.9482249928619
110100120001000000,1,1886,91.95298372513562
200201000010000000,1,1887,91.95774245740935
100002000101000101,1,1888,91.96250118968307
000010000000000020,1,1889,91.9672599219568
200201100002000000,1,1890,91.97201865423051
210002010001000000,1,1891,91.97677738650424
100001000102000000,1,1892,91.98153611877795
010001010001000000,1,1893,91.98629485105168
000001010000000100,1,1894,91.9910535833254
000101100001000000,1,1895,91.99581231559912
200101011001000000,1,1896,92.00057104787285
100000100010010100,1,1897,92.00532978014657
100000010001100000,1,1898,92.0100885124203
001000000010000100,1,1899,92.01484724469401
100030100000000000,1,1900,92.01960597696774
100002000100000000,1,1901,92.02436470924145
010000100000010010,1,1902,92.02912344151518
010110210000000000,1,1903,92.0338821737889
310010000011000000,1,1904,92.03864090606262
000010000000000101,1,1905,92.04339963833635
300001000000000020,1,1906,92.04815837061007
100110111000000010,1,1907,92.0529171028838
010100100000000010,1,1908,92.05767583515751
210000020100000000,1,1909,92.06243456743124
200202010001000000,1,1910,92.06719329970495
400111000000001000,1,1911,92.07195203197868
200010100000001101,1,1912,92.0767107642524
400202200000000000,1,1913,92.08146949652613
200011020000000000,1,1914,92.08622822879985
003000000030040000,1,1915,92.09098696107357
001010100000031000,1,1916,92.0957456933473
110011000010000000,1,1917,92.10050442562101
000020100000010000,1,1918,92.10526315789474
101101001000000000,1,1919,92.11002189016845
100031000012001000,1,1920,92.11478062244218
000010011000000000,1,1921,92.1195393547159
010000020000000000,1,1922,92.12429808698963
201020000000100000,1,1923,92.12905681926335
110101010000000000,1,1924,92.13381555153707
301000010001000000,1,1925,92.1385742838108
000100120001000000,1,1926,92.14333301608451
300000021000010100,1,1927,92.14809174835824
200000000000100002,1,1928,92.15285048063195
100000010000000100,1,1929,92.15760921290568
300021001100000001,1,1930,92.1623679451794
310200100000000000,1,1931,92.16712667745313
102010000000010200,1,1932,92.17188540972685
002000000000020200,1,1933,92.17664414200057
100000100000010000,1,1934,92.1814028742743
100010101000000000,1,1935,92.18616160654801
500011110000000010,1,1936,92.19092033882174
300010000000000011,1,1937,92.19567907109546
200020001000000000,1,1938,92.20043780336918
210111000000001000,1,1939,92.2051965356429
000000200020000000,1,1940,92.20995526791663
110200010100000000,1,1941,92.21471400019036
110112000000000000,1,1942,92.21947273246407
002000000010020200,1,1943,92.2242314647378
100021100020000000,1,1944,92.22899019701151
000103000000000000,1,1945,92.23374892928524
101000200110000100,1,1946,92.23850766155896
131001410300000001,1,1947,92.24326639383268
300131010001000000,1,1948,92.2480251261064
101000000010000100,1,1949,92.25278385838013
200110000000200000,1,1950,92.25754259065386
100020010000010000,1,1951,92.26230132292757
001000000010000300,1,1952,92.2670600552013
100011000000101000,1,1953,92.27181878747501
003000100200020000,1,1954,92.27657751974874
100120000000000010,1,1955,92.28133625202246
110100000101000000,1,1956,92.28609498429618
200021000000000001,1,1957,92.2908537165699
101000200120000100,1,1958,92.29561244884363
100010000010001000,1,1959,92.30037118111736
310001000000001000,1,1960,92.30512991339107
020000200200000000,1,1961,92.3098886456648
200201000000000100,1,1962,92.31464737793851
010100120001000000,1,1963,92.31940611021224
100120020000000000,1,1964,92.32416484248596
500021010000000000,1,1965,92.32892357475968
010130000000000100,1,1966,92.33368230703341
310120000000000010,1,1967,92.33844103930713
001000100020010100,1,1968,92.34319977158086
100001100000001000,1,1969,92.34795850385457
200000100010000010,1,1970,92.3527172361283
110010120100000010,1,1971,92.35747596840201
000020000001101000,1,1972,92.36223470067574
210002100000001000,1,1973,92.36699343294946
330100000000000000,1,1974,92.37175216522319
000101120000000000,1,1975,92.37651089749691
200010100000000010,1,1976,92.38126962977063
210010010100000010,1,1977,92.38602836204436
200010101000000000,1,1978,92.39078709431807
000211200100000000,1,1979,92.3955458265918
100231100000000010,1,1980,92.40030455886551
200420132000000000,1,1981,92.40506329113924
001000100010000110,1,1982,92.40982202341296
200010000000001000,1,1983,92.41458075568669
002000100010000100,1,1984,92.41933948796041
500103010000000000,1,1985,92.42409822023413
000300010011000010,1,1986,92.42885695250786
000001010000000010,1,1987,92.43361568478157
200000020002000000,1,1988,92.4383744170553
300301120000000001,1,1989,92.44313314932901
100000010001001000,1,1990,92.44789188160274
110002000020000000,1,1991,92.45265061387646
010110030001000000,1,1992,92.45740934615019
000100021001000000,1,1993,92.46216807842391
210000100000100000,1,1994,92.46692681069763
110000000000201010,1,1995,92.47168554297136
120000100100000001,1,1996,92.47644427524507
001000100010020000,1,1997,92.4812030075188
020000000000200000,1,1998,92.48596173979251
210000000100000000,1,1999,92.49072047206624
300001110100000002,1,2000,92.49547920433996
300010200000000002,1,2001,92.50023793661369
300000010000000010,1,2002,92.50499666888742
000000200000000200,1,2003,92.50975540116113
000010011000000010,1,2004,92.51451413343486
300020100000000000,1,2005,92.51927286570857
200020010000000000,1,2006,92.5240315979823
210002010000000000,1,2007,92.52879033025602
010040010111000000,1,2008,92.53354906252974
010000000002001000,1,2009,92.53830779480346
210020210101000000,1,2010,92.54306652707719
110011000000000000,1,2011,92.54782525935092
000001020000000020,1,2012,92.55258399162463
100000100000100001,1,2013,92.55734272389836
000000110000100000,1,2014,92.56210145617207
000010100200000000,1,2015,92.5668601884458
110100000010000000,1,2016,92.57161892071952
100110011000000000,1,2017,92.57637765299324
400120010100000000,1,2018,92.58113638526696
320110020000000000,1,2019,92.58589511754069
210000020000000000,1,2020,92.59065384981442
300000120010000000,1,2021,92.59541258208813
100000001000000100,1,2022,92.60017131436186
300020000000100100,1,2023,92.60493004663557
001100010000000000,1,2024,92.6096887789093
100020200000100000,1,2025,92.61444751118302
000120000000100000,1,2026,92.61920624345674
200010000010100000,1,2027,92.62396497573046
000000000100200000,1,2028,92.62872370800419
510010100000000000,1,2029,92.63348244027792
110010300000000000,1,2030,92.63824117255163
100220100100000000,1,2031,92.64299990482536
310201000200000000,1,2032,92.64775863709907
220110200100200002,1,2033,92.6525173693728
000002100002000010,1,2034,92.65727610164652
100010200100000000,1,2035,92.66203483392025
100010100000000020,1,2036,92.66679356619396
000101100100000001,1,2037,92.67155229846769
110121100100000000,1,2038,92.67631103074142
100000100010000001,1,2039,92.68106976301513
100121010101200000,1,2040,92.68582849528886
200100110200200000,1,2041,92.69058722756257
100011100001200000,1,2042,92.6953459598363
100110000100000000,1,2043,92.70010469211002
000010300000000002,1,2044,92.70486342438375
000000000000100020,1,2045,92.70962215665746
000100100002000000,1,2046,92.71438088893119
100020100100100000,1,2047,92.71913962120492
110020100001000000,1,2048,92.72389835347863
000010001000100000,1,2049,92.72865708575236
100000000010001000,1,2050,92.73341581802607
100001020000000000,1,2051,92.7381745502998
200100010000000001,1,2052,92.74293328257352
200100200000100010,1,2053,92.74769201484725
220000010001000000,1,2054,92.75245074712096
100000000200100001,1,2055,92.75720947939469
000000100001100010,1,2056,92.76196821166842
310000300001000000,1,2057,92.76672694394213
000010000100200000,1,2058,92.77148567621586
010100000000100101,1,2059,92.77624440848957
100000010100100000,1,2060,92.7810031407633
110001210000000000,1,2061,92.78576187303702
001000200000010100,1,2062,92.79052060531075
100100000001100000,1,2063,92.79527933758446
200020100000010100,1,2064,92.80003806985819
100021110100000000,1,2065,92.80479680213192
200011201100100000,1,2066,92.80955553440563
400002000100000000,1,2067,92.81431426667936
110001000001100000,1,2068,92.81907299895308
200400200000100000,1,2069,92.8238317312268
100010000000100001,1,2070,92.82859046350052
210000100100100000,1,2071,92.83334919577425
100010100100200000,1,2072,92.83810792804796
100001120200000000,1,2073,92.84286666032169
200000100000100001,1,2074,92.84762539259542
120000021200100001,1,2075,92.85238412486913
300021000001000010,1,2076,92.85714285714286
000200000000000001,1,2077,92.86190158941658
410100110000000000,1,2078,92.8666603216903
200000200000000002,1,2079,92.87141905396402
200100001010000000,1,2080,92.87617778623775
300000010000100100,1,2081,92.88093651851146
100100010000100000,1,2082,92.88569525078519
010010000000001000,1,2083,92.89045398305892
300210030000000200,1,2084,92.89521271533263
200000000100100000,1,2085,92.89997144760636
110000200000100010,1,2086,92.90473017988008
100010110100000001,1,2087,92.9094889121538
000012100000000000,1,2088,92.91424764442752
110111000000000000,1,2089,92.91900637670125
010000101200000002,1,2090,92.92376510897498
200010320000000000,1,2091,92.92852384124869
210100120000000000,1,2092,92.93328257352242
000000000000000110,1,2093,92.93804130579613
210200010000100000,1,2094,92.94280003806986
002100100000010000,1,2095,92.94755877034358
400100010000100000,1,2096,92.9523175026173
000020001010000000,1,2097,92.95707623489102
001000000010011100,1,2098,92.96183496716475
020110000000110000,1,2099,92.96659369943848
110010000001000000,1,2100,92.97135243171219
100000000002000021,1,2101,92.97611116398592
120021300201000000,1,2102,92.98086989625963
210111100100000001,1,2103,92.98562862853336
000001010000000002,1,2104,92.99038736080708
000000110201000000,1,2105,92.9951460930808
400010100000000000,1,2106,92.99990482535452
001000000000000010,1,2107,93.00466355762825
110210100000100000,1,2108,93.00942228990198
100000000010100000,1,2109,93.01418102217569
000011000000100000,1,2110,93.01893975444942
000020110000201000,1,2111,93.02369848672313
210103000000000100,1,2112,93.02845721899686
200011100000100000,1,2113,93.03321595127058
010001000000000001,1,2114,93.0379746835443
300001000000010000,1,2115,93.04273341581802
100001000100100000,1,2116,93.04749214809175
001000100000010010,1,2117,93.05225088036548
110000010000000002,1,2118,93.05700961263919
011000000000020010,1,2119,93.06176834491292
000000200201000000,1,2120,93.06652707718663
110000100000100000,1,2121,93.07128580946036
110100210010100001,1,2122,93.07604454173408
200101000000000001,1,2123,93.0808032740078
200012100000100000,1,2124,93.08556200628152
500100100000000000,1,2125,93.09032073855525
020100110000001000,1,2126,93.09507947082898
110020000000000000,1,2127,93.09983820310269
000010200100100010,1,2128,93.10459693537642
110000000000100000,1,2129,93.10935566765014
000100000001000010,1,2130,93.11411439992386
200011000100000010,1,2131,93.11887313219758
200100000000200000,1,2132,93.1236318644713
000100100000200000,1,2133,93.12839059674502
102100000010000000,1,2134,93.13314932901875
200200000100100000,1,2135,93.13790806129248
000000210000010000,1,2136,93.14266679356619
120011000000000000,1,2137,93.14742552583992
000000000000110000,1,2138,93.15218425811364
000021100100000000,1,2139,93.15694299038736
200010000000200010,1,2140,93.16170172266108
000010200000100100,1,2141,93.1664604549348
000110000000200000,1,2142,93.17121918720852
110011000010100001,1,2143,93.17597791948225
100000000100000001,1,2144,93.18073665175598
400110000100000000,1,2145,93.1854953840297
000000000101100000,1,2146,93.19025411630342
010020010000000001,1,2147,93.19501284857714
000020000200000000,1,2148,93.19977158085086
000020210000000000,1,2149,93.20453031312458
010011000000000002,1,2150,93.20928904539831
100100100101000000,1,2151,93.21404777767202
000110000211000000,1,2152,93.21880650994575
100001000001000100,1,2153,93.22356524221948
200110200000110000,1,2154,93.2283239744932
000001000010010000,1,2155,93.23308270676692
200000100100200000,1,2156,93.23784143904064
110111100000000000,1,2157,93.24260017131436
020000000000001001,1,2158,93.24735890358808
001010010001000000,1,2159,93.25211763586181
000000210001000000,1,2160,93.25687636813552
010200001100100000,1,2161,93.26163510040925
000110120000000000,1,2162,93.26639383268298
200010010010001000,1,2163,93.2711525649567
100100020000100000,1,2164,93.27591129723042
010110020000000000,1,2165,93.28067002950414
000000000000000101,1,2166,93.28542876177787
102000030010000000,1,2167,93.29018749405158
000020010000001000,1,2168,93.29494622632531
090200001000000000,1,2169,93.29970495859902
010200110001000012,1,2170,93.30446369087275
000000200100001000,1,2171,93.30922242314648
000021020000000000,1,2172,93.3139811554202
000111020000000000,1,2173,93.31873988769392
500100020000000000,1,2174,93.32349861996764
100210010101000000,1,2175,93.32825735224137
021000100000010000,1,2176,93.33301608451508
100210000100100001,1,2177,93.33777481678881
100101020000000000,1,2178,93.34253354906252
000100000110000000,1,2179,93.34729228133625
300200000000010000,1,2180,93.35205101360998
201101100000000000,1,2181,93.3568097458837
110000000010100000,1,2182,93.36156847815742
000210000000000001,1,2183,93.36632721043114
300011100000100000,1,2184,93.37108594270487
300000010100000000,1,2185,93.37584467497858
020000000000010010,1,2186,93.38060340725231
000001110000000000,1,2187,93.38536213952602
000001010200000000,1,2188,93.39012087179975
000110110001000000,1,2189,93.39487960407348
000021000200000000,1,2190,93.3996383363472
110011100100000000,1,2191,93.40439706862092
000220000000100000,1,2192,93.40915580089464
100210011000200000,1,2193,93.41391453316837
071101110000020000,1,2194,93.41867326544208
210321010000000000,1,2195,93.42343199771581
110000010300000010,1,2196,93.42819072998952
100001000200001000,1,2197,93.43294946226325
300000110000000002,1,2198,93.43770819453698
100202100000000001,1,2199,93.4424669268107
200010000200200000,1,2200,93.44722565908442
100000100010100000,1,2201,93.45198439135814
440120100300000000,1,2202,93.45674312363187
220111210000000000,1,2203,93.46150185590558
110001000002000000,1,2204,93.46626058817931
000112000000100000,1,2205,93.47101932045304
110000110000100000,1,2206,93.47577805272675
100120100001000000,1,2207,93.48053678500048
000000110000000010,1,2208,93.4852955172742
310002000100000000,1,2209,93.49005424954792
100031000000200000,1,2210,93.49481298182164
200000101100000000,1,2211,93.49957171409537
100010000201000001,1,2212,93.50433044636908
200021110300200000,1,2213,93.50908917864281
100001100001100000,1,2214,93.51384791091654
410102000001000000,1,2215,93.51860664319025
010001100100000000,1,2216,93.52336537546398
001121000000100000,1,2217,93.5281241077377
200001020101000000,1,2218,93.53288284001142
300000210100000000,1,2219,93.53764157228514
110001100000100000,1,2220,93.54240030455887
100131000100100000,1,2221,93.54715903683258
110002000000000010,1,2222,93.55191776910631
000000000001100000,1,2223,93.55667650138004
000000001000200000,1,2224,93.56143523365375
600010300000000000,1,2225,93.56619396592748
010000010100000000,1,2226,93.5709526982012
210232000300000000,1,2227,93.57571143047493
000000000110000020,1,2228,93.58047016274864
020002110100000000,1,2229,93.58522889502237
100102000101000000,1,2230,93.58998762729608
210011000000000000,1,2231,93.59474635956981
400011220300000000,1,2232,93.59950509184354
101000100000010000,1,2233,93.60426382411725
500101120000001000,1,2234,93.60902255639098
000100000100000001,1,2235,93.6137812886647
010000101400000000,1,2236,93.61854002093843
200000020001000000,1,2237,93.62329875321214
130110000000000000,1,2238,93.62805748548587
200010020100000000,1,2239,93.63281621775958
220010120103000000,1,2240,93.63757495003331
200010000000000101,1,2241,93.64233368230704
300211000000000000,1,2242,93.64709241458075
400110010000000100,1,2243,93.65185114685448
500000000000001001,1,2244,93.6566098791282
300200100000000010,1,2245,93.66136861140193
100020010001001000,1,2246,93.66612734367564
300001100000100000,1,2247,93.67088607594937
100201100000000000,1,2248,93.67564480822308
000000100101100000,1,2249,93.68040354049681
000000310100000000,1,2250,93.68516227277054
000100000200100000,1,2251,93.68992100504425
100100200101000000,1,2252,93.69467973731798
400000000000000001,1,2253,93.6994384695917
200000200010000000,1,2254,93.70419720186543
002000100010010040,1,2255,93.70895593413914
100100120001100000,1,2256,93.71371466641287
000100000001000100,1,2257,93.71847339868658
101100000000000000,1,2258,93.72323213096031
002000000100010000,1,2259,93.72799086323404
100201010000000100,1,2260,93.73274959550776
310120010000000000,1,2261,93.73750832778148
110000020101100000,1,2262,93.7422670600552
210000100100200000,1,2263,93.74702579232893
100000000000300000,1,2264,93.75178452460264
200100020200000000,1,2265,93.75654325687637
110100210010000000,1,2266,93.76130198915008
200000110200000000,1,2267,93.76606072142381
300001000101000000,1,2268,93.77081945369754
100000300200000000,1,2269,93.77557818597126
000011000200200000,1,2270,93.78033691824498
100000100110100001,1,2271,93.7850956505187
000000010000200000,1,2272,93.78985438279243
000001100200000000,1,2273,93.79461311506614
004000200000020000,1,2274,93.79937184733987
200002100000100000,1,2275,93.80413057961358
001000010000000000,1,2276,93.80888931188731
400000100100100000,1,2277,93.81364804416104
000000300100000000,1,2278,93.81840677643476
100011200200000000,1,2279,93.82316550870848
000000100110000000,1,2280,93.8279242409822
000011010000000000,1,2281,93.83268297325593
110000100101000001,1,2282,93.83744170552964
100001010000000010,1,2283,93.84220043780337
000000100100000001,1,2284,93.84695917007708
210001000000000000,1,2285,93.85171790235081
500100100000100000,1,2286,93.85647663462454
000021100000000000,1,2287,93.86123536689826
110010010100000000,1,2288,93.86599409917198
001000200100000000,1,2289,93.8707528314457
001000100010010110,1,2290,93.87551156371943
520010000002000000,1,2291,93.88027029599314
100000000100000010,1,2292,93.88502902826687
102000100100000000,1,2293,93.88978776054059
320001000100000000,1,2294,93.89454649281431
000000001000001002,1,2295,93.89930522508804
000001000000000002,1,2296,93.90406395736176
110010100000200000,1,2297,93.90882268963549
200011000100100000,1,2298,93.9135814219092
040000000000000000,1,2299,93.91834015418293
010210000000000000,1,2300,93.92309888645664
500211200000000000,1,2301,93.92785761873037
110000020200000000,1,2302,93.93261635100409
400000210401000000,1,2303,93.93737508327781
400100030000000000,1,2304,93.94213381555154
000110000000000001,1,2305,93.94689254782526
100200000000200000,1,2306,93.95165128009899
300210010000000000,1,2307,93.9564100123727
000101000000101000,1,2308,93.96116874464643
100100020100000000,1,2309,93.96592747692014
110010020000000100,1,2310,93.97068620919387
100000010002000000,1,2311,93.97544494146759
000010010020000000,1,2312,93.98020367374131
001000200000000010,1,2313,93.98496240601504
400000211100000000,1,2314,93.98972113828876
400000100000100000,1,2315,93.99447987056249
300020200210000001,1,2316,93.9992386028362
010010110100000000,1,2317,94.00399733510993
000000000000200010,1,2318,94.00875606738364
100110210000010000,1,2319,94.01351479965737
100000120100000001,1,2320,94.01827353193109
100000010000200000,1,2321,94.02303226420482
200020000000100010,1,2322,94.02779099647854
500020310000000000,1,2323,94.03254972875226
100010020200000000,1,2324,94.03730846102599
000000100100000100,1,2325,94.0420671932997
200010000100100000,1,2326,94.04682592557343
100010200000000000,1,2327,94.05158465784714
000101000000100001,1,2328,94.05634339012087
000000000200000001,1,2329,94.0611021223946
010020000000000000,1,2330,94.06586085466832
310111310100000000,1,2331,94.07061958694204
000000100000200010,1,2332,94.07537831921576
200011000200000000,1,2333,94.08013705148949
100000200300000000,1,2334,94.0848957837632
002000100000000100,1,2335,94.08965451603693
100000010000100011,1,2336,94.09441324831064
100001310000000000,1,2337,94.09917198058437
230010000300000000,1,2338,94.1039307128581
130000010200000000,1,2339,94.10868944513182
100000400000000000,1,2340,94.11344817740554
100101000000100002,1,2341,94.11820690967926
200020100100000000,1,2342,94.12296564195299
100000100100100000,1,2343,94.1277243742267
111000100000000100,1,2344,94.13248310650043
100101100000000001,1,2345,94.13724183877414
000010010000100000,1,2346,94.14200057104787
000011200001000000,1,2347,94.1467593033216
100000000000110002,1,2348,94.15151803559532
101010100000100000,1,2349,94.15627676786904
100000100110000000,1,2350,94.16103550014276
200010000000110000,1,2351,94.16579423241649
200000210101000002,1,2352,94.1705529646902
310000000000000001,1,2353,94.17531169696393
200110000200000000,1,2354,94.18007042923765
020000020000100000,1,2355,94.18482916151137
100000110000001000,1,2356,94.1895878937851
000000000000011000,1,2357,94.19434662605882
000000200000200000,1,2358,94.19910535833255
120300000000000000,1,2359,94.20386409060626
200300000101000000,1,2360,94.20862282287999
030001000000000000,1,2361,94.2133815551537
200120200000000000,1,2362,94.21814028742743
300201100000200000,1,2363,94.22289901970115
200100000000000012,1,2364,94.22765775197487
300020000000101021,1,2365,94.2324164842486
100102000100000000,1,2366,94.23717521652232
200000010000000001,1,2367,94.24193394879605
100001000000000001,1,2368,94.24669268106976
100010200100100000,1,2369,94.25145141334349
110020100000000000,1,2370,94.2562101456172
010000200000000001,1,2371,94.26096887789093
100221100000000000,1,2372,94.26572761016465
010000001000000000,1,2373,94.27048634243837
001000100000000001,1,2374,94.2752450747121
300000100400000000,1,2375,94.28000380698582
200001010000200000,1,2376,94.28476253925955
200010010200000000,1,2377,94.28952127153326
000000010001000002,1,2378,94.29428000380699
000100100000000002,1,2379,94.2990387360807
110002000200000000,1,2380,94.30379746835443
210020210300100000,1,2381,94.30855620062815
100002020000100000,1,2382,94.31331493290187
200000100000201000,1,2383,94.3180736651756
200021000000100000,1,2384,94.32283239744932
300010000100100000,1,2385,94.32759112972305
100000010401000000,1,2386,94.33234986199676
200001020100100010,1,2387,94.33710859427049
500202100300000000,1,2388,94.3418673265442
100110000000101000,1,2389,94.34662605881793
200100100001200000,1,2390,94.35138479109165
000001010101200000,1,2391,94.35614352336538
020001100100000000,1,2392,94.3609022556391
010000010101000001,1,2393,94.36566098791282
000001000101100000,1,2394,94.37041972018655
000100120000100000,1,2395,94.37517845246026
100000101000100001,1,2396,94.37993718473399
100001200000000001,1,2397,94.3846959170077
000002000100001000,1,2398,94.38945464928143
200102100100010000,1,2399,94.39421338155515
000000110000200000,1,2400,94.39897211382888
410110200010000011,1,2401,94.4037308461026
001000010000100000,1,2402,94.40848957837632
100000020001100000,1,2403,94.41324831065005
100111001000000000,1,2404,94.41800704292376
200000030002000000,1,2405,94.42276577519749
100200010002001000,1,2406,94.4275245074712
100100011000000010,1,2407,94.43228323974493
300020010000000100,1,2408,94.43704197201865
300030010001000000,1,2409,94.44180070429238
201000000000100000,1,2410,94.4465594365661
400000110000000000,1,2411,94.45131816883982
010000100100100000,1,2412,94.45607690111355
300010100000101000,1,2413,94.46083563338726
120000020400000000,1,2414,94.46559436566099
100012000100000000,1,2415,94.4703530979347
000001000000100001,1,2416,94.47511183020843
100110110201000000,1,2417,94.47987056248215
000100100201100002,1,2418,94.48462929475588
000000000000000020,1,2419,94.4893880270296
200000020100100000,1,2420,94.49414675930332
100010100001000000,1,2421,94.49890549157705
000020100000100000,1,2422,94.50366422385076
100010000201001000,1,2423,94.50842295612449
010100200000000001,1,2424,94.5131816883982
100001300300000000,1,2425,94.51794042067193
200010200000100000,1,2426,94.52269915294565
100011100000100000,1,2427,94.52745788521938
200000000200100000,1,2428,94.5322166174931
110000300000100000,1,2429,94.53697534976682
100000300010200000,1,2430,94.54173408204055
100010100300300000,1,2431,94.54649281431426
100000010202000000,1,2432,94.55125154658799
200110100000100000,1,2433,94.5560102788617
300000010110000000,1,2434,94.56076901113543
010000000100000100,1,2435,94.56552774340915
210000210201100003,1,2436,94.57028647568288
000000100200000002,1,2437,94.5750452079566
100000100000200001,1,2438,94.57980394023032
000000200000010010,1,2439,94.58456267250405
000010000200000000,1,2440,94.58932140477776
100000010102000001,1,2441,94.59408013705149
310000010000000002,1,2442,94.5988388693252
300121000000000000,1,2443,94.60359760159893
200001000000100000,1,2444,94.60835633387266
200010220100000000,1,2445,94.61311506614638
100010000000101000,1,2446,94.6178737984201
100000200001000000,1,2447,94.62263253069382
200120000100000000,1,2448,94.62739126296755
000120100101200000,1,2449,94.63214999524126
000020000101000000,1,2450,94.63690872751499
001010000000001000,1,2451,94.6416674597887
100101010000000100,1,2452,94.64642619206244
000000010101000000,1,2453,94.65118492433616
100212100000000000,1,2454,94.65594365660988
000111000000000001,1,2455,94.6607023888836
310020100000100000,1,2456,94.66546112115732
210000110100000001,1,2457,94.67021985343105
200020100000100000,1,2458,94.67497858570476
000120010000000000,1,2459,94.67973731797849
000200201000000000,1,2460,94.6844960502522
210010000201000000,1,2461,94.68925478252594
100100010002000020,1,2462,94.69401351479966
000211010010000000,1,2463,94.69877224707338
000000120100000000,1,2464,94.70353097934711
000200100010100000,1,2465,94.70828971162082
100100110100100100,1,2466,94.71304844389455
000000030010000000,1,2467,94.71780717616826
000000100010100000,1,2468,94.722565908442
200100200001000000,1,2469,94.72732464071571
010010000000100000,1,2470,94.73208337298944
000011300000000000,1,2471,94.73684210526316
200000000000001001,1,2472,94.74160083753688
300110400100000000,1,2473,94.74635956981061
100200200000100000,1,2474,94.75111830208432
200010110110100000,1,2475,94.75587703435805
400000101000000000,1,2476,94.76063576663176
100210010002000100,1,2477,94.7653944989055
100000110010000011,1,2478,94.77015323117921
100100000020000000,1,2479,94.77491196345294
000000001102000000,1,2480,94.77967069572667
010000010000000020,1,2481,94.78442942800038
100000101000000010,1,2482,94.78918816027411
100100400000000000,1,2483,94.79394689254782
210120010000000000,1,2484,94.79870562482155
100010200010000000,1,2485,94.80346435709527
110310000000000000,1,2486,94.808223089369
210301000001000000,1,2487,94.81298182164271
210110000100000000,1,2488,94.81774055391644
000201000001000000,1,2489,94.82249928619017
001000300010010000,1,2490,94.82725801846388
110020200101000001,1,2491,94.83201675073761
100110000000100010,1,2492,94.83677548301132
100110100000100100,1,2493,94.84153421528505
100300200000100000,1,2494,94.84629294755877
100110000000200000,1,2495,94.8510516798325
200100010010000000,1,2496,94.85581041210621
000000300010000100,1,2497,94.86056914437994
200000000000100001,1,2498,94.86532787665367
210023000000000000,1,2499,94.87008660892738
400023100000100000,1,2500,94.87484534120111
200113100000000000,1,2501,94.87960407347482
000100020001000000,1,2502,94.88436280574855
200101020001000000,1,2503,94.88912153802227
100300100000100000,1,2504,94.893880270296
200100000000100010,1,2505,94.89863900256971
110010100000100000,1,2506,94.90339773484344
000210200000000000,1,2507,94.90815646711717
300310000000100000,1,2508,94.91291519939088
100100200000100002,1,2509,94.91767393166461
000210200000100020,1,2510,94.92243266393832
010010100010000001,1,2511,94.92719139621205
000100200000000010,1,2512,94.93195012848577
300322000000000000,1,2513,94.9367088607595
200120200000000100,1,2514,94.94146759303321
600110110000000000,1,2515,94.94622632530694
100010100000200000,1,2516,94.95098505758067
110010110000000002,1,2517,94.95574378985438
100201210000000000,1,2518,94.96050252212811
110200200000000000,1,2519,94.96526125440182
100200100200000000,1,2520,94.97001998667555
200110300000101010,1,2521,94.97477871894927
000100210100000000,1,2522,94.979537451223
120100001100000000,1,2523,94.98429618349671
020100100000000000,1,2524,94.98905491577044
000110000010100000,1,2525,94.99381364804417
001100200000010000,1,2526,94.99857238031788
120000001000100000,1,2527,95.00333111259161
010120200000100000,1,2528,95.00808984486532
100100210001000000,1,2529,95.01284857713905
100111100000100001,1,2530,95.01760730941277
100021000001100000,1,2531,95.0223660416865
001010010000000000,1,2532,95.02712477396021
002000000000100000,1,2533,95.03188350623394
101000210000200001,1,2534,95.03664223850767
010201100000000000,1,2535,95.04140097078138
020201000000000000,1,2536,95.04615970305511
000001110010000000,1,2537,95.05091843532882
300410010000000010,1,2538,95.05567716760255
100120210000000000,1,2539,95.06043589987627
510110000000000000,1,2540,95.06519463215
010000300100000000,1,2541,95.06995336442371
200000210000100000,1,2542,95.07471209669744
100110000001000001,1,2543,95.07947082897117
500101120000000000,1,2544,95.08422956124488
210001020001000000,1,2545,95.08898829351861
100101110100000000,1,2546,95.09374702579233
100011110100000000,1,2547,95.09850575806605
000101200000100000,1,2548,95.10326449033977
220100120000000000,1,2549,95.1080232226135
000100110000000001,1,2550,95.11278195488721
000000420202000001,1,2551,95.11754068716094
200000100100000001,1,2552,95.12229941943467
200000210100000000,1,2553,95.12705815170838
100100001101001000,1,2554,95.13181688398211
310010010000000000,1,2555,95.13657561625583
100102210100000000,1,2556,95.14133434852955
000110300000000000,1,2557,95.14609308080327
120001020000000000,1,2558,95.150851813077
001101200000000000,1,2559,95.15561054535071
100210000100000000,1,2560,95.16036927762444
200000002000000000,1,2561,95.16512800989817
200321100200000010,1,2562,95.16988674217188
002000000020020000,1,2563,95.17464547444561
100100200002000000,1,2564,95.17940420671933
010100001000000000,1,2565,95.18416293899305
010110000100000000,1,2566,95.18892167126677
010200310001000000,1,2567,95.1936804035405
020100110010000002,1,2568,95.19843913581423
000100120000000000,1,2569,95.20319786808794
100000110000000001,1,2570,95.20795660036167
000301000000000000,1,2571,95.21271533263538
300110000000100000,1,2572,95.21747406490911
210100000001000000,1,2573,95.22223279718283
100110100200000000,1,2574,95.22699152945655
002000100000010010,1,2575,95.23175026173027
010100120110000000,1,2576,95.236508994004
300100000110000000,1,2577,95.24126772627773
200020100000000001,1,2578,95.24602645855144
002000000000010100,1,2579,95.25078519082517
200020000001000000,1,2580,95.25554392309888
000010010011000000,1,2581,95.26030265537261
100130000001000000,1,2582,95.26506138764633
100011000010300000,1,2583,95.26982011992006
100001000000200010,1,2584,95.27457885219377
001000000010020100,1,2585,95.2793375844675
000100000010100000,1,2586,95.28409631674123
200100221000100000,1,2587,95.28885504901494
010100100001000100,1,2588,95.29361378128867
200200000010000000,1,2589,95.29837251356238
000100200010000001,1,2590,95.30313124583611
100001010200000000,1,2591,95.30788997810983
101030010000000000,1,2592,95.31264871038356
000120000000010010,1,2593,95.31740744265727
000030010001000000,1,2594,95.322166174931
300012100010000000,1,2595,95.32692490720473
001000200010000200,1,2596,95.33168363947844
100100100000000001,1,2597,95.33644237175217
100000100020100000,1,2598,95.34120110402588
001000100000020100,1,2599,95.34595983629961
010010000001000000,1,2600,95.35071856857333
000010000110000001,1,2601,95.35547730084706
000000010110000000,1,2602,95.36023603312077
110102010010000000,1,2603,95.3649947653945
010201100020000001,1,2604,95.36975349766823
000010110010000000,1,2605,95.37451222994194
400200100000000000,1,2606,95.37927096221567
100110201010000000,1,2607,95.38402969448939
110210310000000000,1,2608,95.38878842676311
000001010020000000,1,2609,95.39354715903683
110000100000000001,1,2610,95.39830589131056
100200200100000000,1,2611,95.40306462358427
100201100000000010,1,2612,95.407823355858
110100100001000000,1,2613,95.41258208813173
010100020000100000,1,2614,95.41734082040544
200001110000100000,1,2615,95.42209955267917
400211200000202010,1,2616,95.42685828495289
000100000201000000,1,2617,95.43161701722661
300101000000100000,1,2618,95.43637574950033
000100200000000002,1,2619,95.44113448177406
100100100202000000,1,2620,95.44589321404777
000110100000200000,1,2621,95.4506519463215
000200000000000002,1,2622,95.45541067859523
101000000100000000,1,2623,95.46016941086894
100120000100000000,1,2624,95.46492814314267
001000100010000010,1,2625,95.46968687541639
110000100000100001,1,2626,95.47444560769011
100220100000000100,1,2627,95.47920433996383
000100200010100000,1,2628,95.48396307223756
111000000000000000,1,2629,95.48872180451127
100000100010100001,1,2630,95.493480536785
000110000000100010,1,2631,95.49823926905873
000100000010000010,1,2632,95.50299800133244
200302110000000000,1,2633,95.50775673360617
200101210000000000,1,2634,95.51251546587989
300100120000000000,1,2635,95.51727419815361
000200200010000000,1,2636,95.52203293042733
000010000100000001,1,2637,95.52679166270106
210100110000000000,1,2638,95.53155039497477
210201200002000000,1,2639,95.5363091272485
500201000000000000,1,2640,95.54106785952223
100111000000200000,1,2641,95.54582659179594
200002210000000000,1,2642,95.55058532406967
000010020000000000,1,2643,95.55534405634339
100000020000000002,1,2644,95.56010278861712
000101210000000000,1,2645,95.56486152089083
300220020000000010,1,2646,95.56962025316456
110200111010100000,1,2647,95.57437898543827
200101100000100000,1,2648,95.579137717712
210100100001000000,1,2649,95.58389644998573
010100110001000000,1,2650,95.58865518225944
210010210101000000,1,2651,95.59341391453317
010200100000100000,1,2652,95.59817264680689
110212010001000000,1,2653,95.60293137908062
010000110100000001,1,2654,95.60769011135433
010201000010000000,1,2655,95.61244884362806
000000200020010000,1,2656,95.61720757590177
000000200101000000,1,2657,95.6219663081755
000001220000000001,1,2658,95.62672504044923
000002000000200000,1,2659,95.63148377272294
100210000101000000,1,2660,95.63624250499667
000100201000000000,1,2661,95.64100123727039
110000110000000001,1,2662,95.64575996954412
100011000010000000,1,2663,95.65051870181783
400100000100000000,1,2664,95.65527743409156
200101120000000000,1,2665,95.66003616636527
351110310200000000,1,2666,95.664794898639
100100000001000001,1,2667,95.66955363091273
200100020010000000,1,2668,95.67431236318644
000000100000100010,1,2669,95.67907109546017
110000010001100001,1,2670,95.68382982773389
300010000001100000,1,2671,95.68858856000762
200221000000000000,1,2672,95.69334729228133
300201200000000000,1,2673,95.69810602455506
200200120000000102,1,2674,95.70286475682877
100200001000000010,1,2675,95.7076234891025
200011110000000000,1,2676,95.71238222137623
200000300000100000,1,2677,95.71714095364995
210001000000100000,1,2678,95.72189968592367
210201000100100000,1,2679,95.72665841819739
100100010010000001,1,2680,95.73141715047112
000000100201000001,1,2681,95.73617588274483
100100010010000000,1,2682,95.74093461501856
100201011000000000,1,2683,95.74569334729229
000100110001000000,1,2684,95.750452079566
200100210010000000,1,2685,95.75521081183973
100010110201000000,1,2686,95.75996954411345
010200000100000000,1,2687,95.76472827638717
000200200100000000,1,2688,95.76948700866089
100100100000100001,1,2689,95.77424574093462
200000020000000001,1,2690,95.77900447320833
300010100010000001,1,2691,95.78376320548206
200100010011100000,1,2692,95.78852193775579
100100120000000000,1,2693,95.7932806700295
110010120000000000,1,2694,95.79803940230323
210202100000000000,1,2695,95.80279813457695
010201200000000020,1,2696,95.80755686685067
010101110000000100,1,2697,95.81231559912439
300201010100100000,1,2698,95.81707433139812
002000000000020001,1,2699,95.82183306367183
000000020000000100,1,2700,95.82659179594556
010100000000100000,1,2701,95.83135052821929
210111000000000000,1,2702,95.836109260493
000100002000000000,1,2703,95.84086799276673
200301000100100001,1,2704,95.84562672504045
200000100000000001,1,2705,95.85038545731418
100000000000102000,1,2706,95.85514418958789
010011000004000001,1,2707,95.85990292186162
100000100000000001,1,2708,95.86466165413533
010010010002000000,1,2709,95.86942038640906
000031000000000000,1,2710,95.87417911868279
200010200010000000,1,2711,95.8789378509565
200501200000100000,1,2712,95.88369658323023
100101100001000002,1,2713,95.88845531550395
100000000111000000,1,2714,95.89321404777768
210200000000100000,1,2715,95.89797278005139
200001010100000000,1,2716,95.90273151232512
000100200000000001,1,2717,95.90749024459883
000200000001000000,1,2718,95.91224897687256
010100210010000000,1,2719,95.91700770914629
010000010001000000,1,2720,95.92176644142
100101100000000010,1,2721,95.92652517369373
100001000101000001,1,2722,95.93128390596745
100100010020000000,1,2723,95.93604263824118
300110010010000000,1,2724,95.94080137051489
200210000100000000,1,2725,95.94556010278862
210110000200000000,1,2726,95.95031883506233
100102000000100001,1,2727,95.95507756733606
000000001000000010,1,2728,95.95983629960979
100010000001001000,1,2729,95.9645950318835
001001000000000000,1,2730,95.96935376415723
120000010000000000,1,2731,95.97411249643095
000000110001000000,1,2732,95.97887122870468
200100000101000000,1,2733,95.98362996097839
110000110002000000,1,2734,95.98838869325212
000000000020000100,1,2735,95.99314742552583
200100010000100000,1,2736,95.99790615779956
010000010101000000,1,2737,96.00266489007329
500201000100000000,1,2738,96.007423622347
300400100000100000,1,2739,96.01218235462073
120000100101000000,1,2740,96.01694108689445
000011100000200000,1,2741,96.02169981916818
000101000000200000,1,2742,96.02645855144189
000301010000000000,1,2743,96.03121728371562
000100100100000000,1,2744,96.03597601598933
000000010000020000,1,2745,96.04073474826306
200201001000000000,1,2746,96.04549348053679
210001100000000000,1,2747,96.0502522128105
201200010000000000,1,2748,96.05501094508423
000210010100000000,1,2749,96.05976967735795
100100000010001000,1,2750,96.06452840963168
000201000010000000,1,2751,96.06928714190539
300001000000000010,1,2752,96.07404587417912
101000000000001000,1,2753,96.07880460645283
200010100000200011,1,2754,96.08356333872656
100000100010010000,1,2755,96.08832207100029
200001000010100000,1,2756,96.093080803274
002000000010000000,1,2757,96.09783953554773
003000200000000000,1,2758,96.10259826782145
100020000000000001,1,2759,96.10735700009518
000000200010010000,1,2760,96.11211573236889
200101101000000000,1,2761,96.11687446464262
030110000000001000,1,2762,96.12163319691633
301500100000000000,1,2763,96.12639192919006
000030200100000000,1,2764,96.13115066146379
000231200000001000,1,2765,96.1359093937375
300000120201000000,1,2766,96.14066812601124
200100000010000010,1,2767,96.14542685828495
200101110100000000,1,2768,96.15018559055868
000210100100000000,1,2769,96.15494432283239
000021000000100000,1,2770,96.15970305510612
100110110001000000,1,2771,96.16446178737984
100200000010000000,1,2772,96.16922051965356
100210101000100000,1,2773,96.17397925192729
000220000100000000,1,2774,96.178737984201
200000000102000000,1,2775,96.18349671647474
020000110170000000,1,2776,96.18825544874845
101110100000001000,1,2777,96.19301418102218
300001100000001011,1,2778,96.19777291329589
210001100001001000,1,2779,96.20253164556962
300000210000000000,1,2780,96.20729037784334
003000000000000000,1,2781,96.21204911011706
001000100020000000,1,2782,96.21680784239079
310101110000000000,1,2783,96.22156657466451
200100001000001000,1,2784,96.22632530693824
400100100200000000,1,2785,96.23108403921195
001010000000100100,1,2786,96.23584277148568
200020001000000010,1,2787,96.2406015037594
100000200200000000,1,2788,96.24536023603312
200030110000000000,1,2789,96.25011896830684
100101000001000000,1,2790,96.25487770058056
200011000000011000,1,2791,96.2596364328543
510111100000000000,1,2792,96.26439516512801
000000100020000001,1,2793,96.26915389740174
001110000000000000,1,2794,96.27391262967545
200110300010000000,1,2795,96.27867136194918
800100200000000000,1,2796,96.2834300942229
100101000010000000,1,2797,96.28818882649662
200011110000000100,1,2798,96.29294755877034
100100000200000000,1,2799,96.29770629104407
210100200000000000,1,2800,96.3024650233178
200102000100000000,1,2801,96.30722375559151
300311100100000000,1,2802,96.31198248786524
330000010140000010,1,2803,96.31674122013895
210000110000000000,1,2804,96.32149995241268
200220104101000000,1,2805,96.3262586846864
200000000000000100,1,2806,96.33101741696012
200000100000001000,1,2807,96.33577614923385
100030200000000000,1,2808,96.34053488150757
200010210000000000,1,2809,96.3452936137813
300100200100000000,1,2810,96.35005234605501
000000000000030000,1,2811,96.35481107832874
300000200200000000,1,2812,96.35956981060245
020100110000000000,1,2813,96.36432854287618
110001000000001010,1,2814,96.3690872751499
600000000000000000,1,2815,96.37384600742362
400101010100000000,1,2816,96.37860473969735
311120300100200000,1,2817,96.38336347197107
300000110100000000,1,2818,96.3881222042448
220100310300100000,1,2819,96.39288093651851
110100110001000000,1,2820,96.39763966879224
000200211000000000,1,2821,96.40239840106595
200100000020001000,1,2822,96.40715713333968
110020200001000000,1,2823,96.4119158656134
200200300000000010,1,2824,96.41667459788712
000001010000101000,1,2825,96.42143333016085
200001101000000000,1,2826,96.42619206243457
310100600000000000,1,2827,96.4309507947083
000000010202000000,1,2828,96.43570952698201
000100110000101000,1,2829,96.44046825925574
100100110001000000,1,2830,96.44522699152945
020000101110000010,1,2831,96.44998572380318
320000300000000000,1,2832,96.4547444560769
110010100010000010,1,2833,96.45950318835062
120100100100000000,1,2834,96.46426192062435
220000110010000000,1,2835,96.46902065289807
120000200100000000,1,2836,96.4737793851718
000000200110000000,1,2837,96.47853811744551
301320200000000000,1,2838,96.48329684971924
010100000000001000,1,2839,96.48805558199295
120000110000001000,1,2840,96.49281431426668
200100110010000000,1,2841,96.4975730465404
100200001000000000,1,2842,96.50233177881412
000100000000100020,1,2843,96.50709051108785
000000100000000011,1,2844,96.51184924336157
700100101010000000,1,2845,96.5166079756353
000400100000000000,1,2846,96.52136670790901
200010100000000100,1,2847,96.52612544018274
210100200001000000,1,2848,96.53088417245645
200000000112000000,1,2849,96.53564290473018
100110000000002000,1,2850,96.5404016370039
100320000000001000,1,2851,96.54516036927762
000000110000001000,1,2852,96.54991910155135
200220000000000000,1,2853,96.55467783382507
400001101000000010,1,2854,96.5594365660988
100300210000000010,1,2855,96.56419529837251
100000200100000000,1,2856,96.56895403064624
110010100210000000,1,2857,96.57371276291995
300200000100100000,1,2858,96.57847149519368
000211100010000100,1,2859,96.5832302274674
002000200000020000,1,2860,96.58798895974112
310200110000000000,1,2861,96.59274769201485
510200100000000000,1,2862,96.59750642428857
200301300000000000,1,2863,96.6022651565623
000301100000000000,1,2864,96.60702388883601
000010100010000000,1,2865,96.61178262110974
000020001100000000,1,2866,96.61654135338345
600211110100000000,1,2867,96.62130008565718
100211000001000000,1,2868,96.6260588179309
310100300002000000,1,2869,96.63081755020463
200101100100000000,1,2870,96.63557628247835
000210000100000000,1,2871,96.64033501475207
100001100010100000,1,2872,96.6450937470258
100000010010000001,1,2873,96.64985247929951
200010010101000000,1,2874,96.65461121157324
300000220000000000,1,2875,96.65936994384695
400410200000000000,1,2876,96.66412867612068
000201010001000000,1,2877,96.6688874083944
100001111000000000,1,2878,96.67364614066813
300200020000000000,1,2879,96.67840487294185
200300200000000000,1,2880,96.68316360521557
000010000000100100,1,2881,96.6879223374893
000122000000000010,1,2882,96.69268106976301
200001000102000000,1,2883,96.69743980203674
000000100010000001,1,2884,96.70219853431045
303000700000010000,1,2885,96.70695726658418
000300100000000000,1,2886,96.7117159988579
200100220100000000,1,2887,96.71647473113163
100200100001000000,1,2888,96.72123346340535
000100000020100000,1,2889,96.72599219567907
000000100000000002,1,2890,96.7307509279528
110100210001000000,1,2891,96.73550966022651
300021200000000000,1,2892,96.74026839250024
200300000000000000,1,2893,96.74502712477396
200200200000000010,1,2894,96.74978585704768
100311100000000000,1,2895,96.7545445893214
210001000001000000,1,2896,96.75930332159513
500200200000003000,1,2897,96.76406205386886
011000100000000000,1,2898,96.76882078614257
100100100110000000,1,2899,96.7735795184163
100001000000011000,1,2900,96.77833825069001
210010000001000000,1,2901,96.78309698296374
400001200000001000,1,2902,96.78785571523746
120000010100000010,1,2903,96.79261444751118
200400100000000000,1,2904,96.7973731797849
400120300000000000,1,2905,96.80213191205863
000200101000000000,1,2906,96.80689064433236
001100100000000000,1,2907,96.81164937660607
110100110100000000,1,2908,96.8164081088798
000030200000000000,1,2909,96.82116684115351
000100110000100000,1,2910,96.82592557342724
200200000000001000,1,2911,96.83068430570096
100100100000010000,1,2912,96.83544303797468
110011010100000000,1,2913,96.8402017702484
000101000000100000,1,2914,96.84496050252213
120120100000000000,1,2915,96.84971923479586
000200100000000010,1,2916,96.85447796706957
200010200000001000,1,2917,96.8592366993433
600000510000000000,1,2918,96.86399543161701
000102000000000001,1,2919,96.86875416389074
010101000000000001,1,2920,96.87351289616446
100110210000000000,1,2921,96.87827162843818
100100200010001000,1,2922,96.88303036071191
000000100010000200,1,2923,96.88778909298563
300230200000000000,1,2924,96.89254782525936
100101001000000010,1,2925,96.89730655753307
300110100001000000,1,2926,96.9020652898068
010110110001000000,1,2927,96.90682402208051
000010000011000010,1,2928,96.91158275435424
010001110100000000,1,2929,96.91634148662796
310001120101011000,1,2930,96.92110021890169
100010100110000000,1,2931,96.92585895117541
200130000000000000,1,2932,96.93061768344913
200102001000000000,1,2933,96.93537641572286
300101101000000000,1,2934,96.94013514799657
001000100020010000,1,2935,96.9448938802703
210000200101000010,1,2936,96.94965261254401
110000100010000000,1,2937,96.95441134481774
100000101100000000,1,2938,96.95917007709146
100000300000000012,1,2939,96.96392880936519
000000210010000000,1,2940,96.96868754163891
000000110101000000,1,2941,96.97344627391263
000000200010000001,1,2942,96.97820500618636
000401100000000000,1,2943,96.98296373846007
010410000100000000,1,2944,96.9877224707338
000112110100000000,1,2945,96.99248120300751
220111010000002000,1,2946,96.99723993528124
100100200040000000,1,2947,97.00199866755496
210110100000000000,1,2948,97.00675739982869
000001100000000100,1,2949,97.01151613210241
100100010001000010,1,2950,97.01627486437613
000000100030000000,1,2951,97.02103359664986
400101000010000000,1,2952,97.02579232892357
200210211100002020,1,2953,97.0305510611973
100000100010000010,1,2954,97.03530979347101
100010100111000000,1,2955,97.04006852574474
000100000002000000,1,2956,97.04482725801846
220010100100000000,1,2957,97.04958599029219
200001001001000000,1,2958,97.05434472256592
400000200010000000,1,2959,97.05910345483963
110310100000001000,1,2960,97.06386218711336
000000010020000000,1,2961,97.06862091938707
200200100010000000,1,2962,97.0733796516608
200010000101000001,1,2963,97.07813838393452
120000000221000000,1,2964,97.08289711620824
200022000010000000,1,2965,97.08765584848196
000020120201000000,1,2966,97.09241458075569
210000000001000000,1,2967,97.09717331302942
000510200000000000,1,2968,97.10193204530313
010000020000000001,1,2969,97.10669077757686
010000010000001000,1,2970,97.11144950985057
000000220000000000,1,2971,97.1162082421243
600000100000001000,1,2972,97.12096697439802
100010100000000001,1,2973,97.12572570667174
110000000040000100,1,2974,97.13048443894546
310000210000000000,1,2975,97.13524317121919
400210100000000000,1,2976,97.14000190349292
200000220001000000,1,2977,97.14476063576663
300011100000000000,1,2978,97.14951936804036
000000000040001000,1,2979,97.15427810031407
300100300000000000,1,2980,97.1590368325878
300110200010000000,1,2981,97.16379556486152
130000300000000000,1,2982,97.16855429713524
000000100200000000,1,2983,97.17331302940896
200100200010000000,1,2984,97.17807176168269
220100000000000010,1,2985,97.18283049395642
610510211010110100,1,2986,97.18758922623013
500100310000000000,1,2987,97.19234795850386
2410110532100000200,1,2988,97.19710669077757
3210011240000001000,1,2989,97.2018654230513
540010040011000000,1,2990,97.20662415532502
1430101480140000011,1,2991,97.21138288759875
170000400000000000,1,2992,97.21614161987246
1120100201000000200,1,2993,97.22090035214619
1410310524000010001,1,2994,97.22565908441992
610231240000000112,1,2995,97.23041781669363
1250300101030000100,1,2996,97.23517654896736
7102012412100000000,1,2997,97.23993528124107
1111810801200110000,1,2998,97.2446940135148
9201211240000200011,1,2999,97.24945274578852
320101220102100000,1,3000,97.25421147806225
010010100100000000,1,3001,97.25897021033596
000010111000000000,1,3002,97.26372894260969
1310220420110000000,1,3003,97.26848767488342
610010710000010000,1,3004,97.27324640715713
621303810000000010,1,3005,97.27800513943086
1301014111110000000,1,3006,97.28276387170457
740000720000000000,1,3007,97.2875226039783
330112940020000000,1,3008,97.29228133625202
1100311630020001102,1,3009,97.29704006852575
2001011530000000000,1,3010,97.30179880079946
4200101210001000100,1,3011,97.30655753307319
350001700100000000,1,3012,97.31131626534692
930000501100000000,1,3013,97.31607499762063
730200700001000000,1,3014,97.32083372989436
8300001020000000000,1,3015,97.32559246216807
230001830010000120,1,3016,97.3303511944418
1320510522211000110,1,3017,97.33510992671552
630000270010000000,1,3018,97.33986865898925
940001310002000000,1,3019,97.34462739126296
320021300101000101,1,3020,97.34938612353669
700011630001101000,1,3021,97.35414485581042
1150010415102001100,1,3022,97.35890358808413
040000510000000000,1,3023,97.36366232035786
10200011010100010000,1,3024,97.36842105263158
2100001100000000000,1,3025,97.3731797849053
440300912200000010,1,3026,97.37793851717902
040000400100000000,1,3027,97.38269724945275
1181020251000200000,1,3028,97.38745598172646
340000700100000000,1,3029,97.39221471400019
610000310000000000,1,3030,97.39697344627392
240000121000000000,1,3031,97.40173217854763
000000700100000000,1,3032,97.40649091082136
170010600000000000,1,3033,97.41124964309508
1313030051010102002,1,3034,97.4160083753688
420100811010000101,1,3035,97.42076710764252
920101410000000000,1,3036,97.42552583991625
520250414100000001,1,3037,97.43028457218996
2010030120000000000,1,3038,97.43504330446369
660000700000000000,1,3039,97.43980203673742
850001150010000000,1,3040,97.44456076901113
820020100000000000,1,3041,97.44931950128486
2251120302000000100,1,3042,97.45407823355858
710000101000000000,1,3043,97.4588369658323
150000610100000000,1,3044,97.46359569810602
440010110000000001,1,3045,97.46835443037975
1740410510100000020,1,3046,97.47311316265348
360000320100000000,1,3047,97.47787189492719
730100500000000000,1,3048,97.48263062720092
531030130000000000,1,3049,97.48738935947463
000101500000002020,1,3050,97.49214809174836
220000000000000000,1,3051,97.49690682402208
620000800000000100,1,3052,97.5016655562958
1000020130000000101,1,3053,97.50642428856952
5300001001102100000,1,3054,97.51118302084325
360000410100000000,1,3055,97.51594175311698
1600101220000000100,1,3056,97.52070048539069
1110231021000204100,1,3057,97.52545921766442
870000200000000000,1,3058,97.53021794993813
1443301314100001000,1,3059,97.53497668221186
530100430000000000,1,3060,97.53973541448558
020200200001000000,1,3061,97.5444941467593
1220030043013301202,1,3062,97.54925287903302
950010604000000100,1,3063,97.55401161130675
3201011001100001111,1,3064,97.55877034358048
510200921300000010,1,3065,97.56352907585419
100520310000200001,1,3066,97.56828780812792
700010210000000000,1,3067,97.57304654040163
720000310000000000,1,3068,97.57780527267536
210020000001000100,1,3069,97.58256400494908
000000001001000000,1,3070,97.5873227372228
5300021520000010000,1,3071,97.59208146949652
920000200000000000,1,3072,97.59684020177025
2003001221100000010,1,3073,97.60159893404398
250011010000000000,1,3074,97.60635766631769
512112031000002000,1,3075,97.61111639859142
410100511000000000,1,3076,97.61587513086513
1110100213100000000,1,3077,97.62063386313886
1440200200000000100,1,3078,97.62539259541258
310001110000000000,1,3079,97.6301513276863
010310320100000000,1,3080,97.63491005996002
421221203011000101,1,3081,97.63966879223375
550002120000000100,1,3082,97.64442752450748
2032210210000010102,1,3083,97.64918625678119
2101021010000000010,1,3084,97.65394498905492
120000510000000000,1,3085,97.65870372132864
1001010230100010001,1,3086,97.66346245360236
760000210000000000,1,3087,97.66822118587608
710000201000000100,1,3088,97.6729799181498
460000000001000000,1,3089,97.67773865042352
921200221100101110,1,3090,97.68249738269725
900011120000000000,1,3091,97.68725611497098
2160030022001200000,1,3092,97.69201484724469
330000100600000000,1,3093,97.69677357951842
1310140032000001010,1,3094,97.70153231179214
240000911000000000,1,3095,97.70629104406586
530100931000000000,1,3096,97.71104977633958
420002631001000000,1,3097,97.7158085086133
020101200100000000,1,3098,97.72056724088702
290021131003000000,1,3099,97.72532597316075
420001100000000000,1,3100,97.73008470543448
430111631000000000,1,3101,97.7348434377082
100200700100000000,1,3102,97.73960216998192
322000610000001000,1,3103,97.74436090225564
220000211000100000,1,3104,97.74911963452936
520000200000000000,1,3105,97.75387836680308
420100812110000010,1,3106,97.75863709907681
140001700000000000,1,3107,97.76339583135052
711100761110000010,1,3108,97.76815456362425
510020100100000000,1,3109,97.77291329589798
200210300000000000,1,3110,97.7776720281717
14113101462030100000,1,3111,97.78243076044542
100000001100000000,1,3112,97.78718949271914
150000010001000000,1,3113,97.79194822499286
2422161100000100000,1,3114,97.79670695726658
2550050051000000102,1,3115,97.80146568954031
140000230100000000,1,3116,97.80622442181402
430010210000000000,1,3117,97.81098315408775
3601001201200000001,1,3118,97.81574188636148
510030215001301101,1,3119,97.8205006186352
330000460000000010,1,3120,97.82525935090892
610100030000000000,1,3121,97.83001808318264
430000011000000100,1,3122,97.83477681545637
700111020000001101,1,3123,97.83953554773008
210000600000000000,1,3124,97.84429428000381
020000210100000000,1,3125,97.84905301227752
210000200000000000,1,3126,97.85381174455125
450000000100000000,1,3127,97.85857047682498
201000400020001000,1,3128,97.8633292090987
110000000000000001,1,3129,97.86808794137242
1510011721020100110,1,3130,97.87284667364614
500000610000000000,1,3131,97.87760540591987
611141211002111100,1,3132,97.88236413819358
200010600000000000,1,3133,97.88712287046731
300000300000000000,1,3134,97.89188160274102
920010121000000100,1,3135,97.89664033501475
510101113000000100,1,3136,97.90139906728848
700222301200000010,1,3137,97.9061577995622
8300221410000011010,1,3138,97.91091653183592
1610161321000000111,1,3139,97.91567526410964
330011030000000000,1,3140,97.92043399638337
611100960000010000,1,3141,97.92519272865708
510000210100000000,1,3142,97.92995146093081
040000311003000000,1,3143,97.93471019320452
710010501000000001,1,3144,97.93946892547825
700010201001000000,1,3145,97.94422765775198
1020000100000000000,1,3146,97.9489863900257
120000400000000000,1,3147,97.95374512229942
820311213303000000,1,3148,97.95850385457314
11301001303300120100,1,3149,97.96326258684687
2500220310001002000,1,3150,97.96802131912058
1710102300000200000,1,3151,97.97278005139431
710110132011000000,1,3152,97.97753878366802
430010520001100002,1,3153,97.98229751594175
330000000000000000,1,3154,97.98705624821548
620101400000000010,1,3155,97.9918149804892
100110101000000000,1,3156,97.99657371276292
6000021200000000000,1,3157,98.00133244503664
800000101100000000,1,3158,98.00609117731037
630000710000000100,1,3159,98.01084990958408
950010101000000000,1,3160,98.01560864185781
210000130000000000,1,3161,98.02036737413154
100100200000001001,1,3162,98.02512610640525
150020100100000000,1,3163,98.02988483867898
460100102100000000,1,3164,98.0346435709527
800211410000000000,1,3165,98.03940230322642
1050000110000000000,1,3166,98.04416103550014
1220060011010000602,1,3167,98.04891976777387
610000220000000000,1,3168,98.05367850004758
3200001200000000000,1,3169,98.05843723232131
1500201810010000101,1,3170,98.06319596459504
340100500000000001,1,3171,98.06795469686875
210001220001000000,1,3172,98.07271342914248
010000310000000000,1,3173,98.0774721614162
1211321820000100110,1,3174,98.08223089368992
310101100001000020,1,3175,98.08698962596364
7203011800000010120,1,3176,98.09174835823737
000300000100000000,1,3177,98.09650709051108
9001001010000130000,1,3178,98.10126582278481
000000002000000000,1,3179,98.10602455505854
810100111000000001,1,3180,98.11078328733225
540000421000000000,1,3181,98.11554201960598
460000300000000000,1,3182,98.1203007518797
150000101003000000,1,3183,98.12505948415343
1210100401000000000,1,3184,98.12981821642714
310101210200000000,1,3185,98.13457694870087
521210111100000000,1,3186,98.13933568097458
400111100000000100,1,3187,98.14409441324831
530000121000000000,1,3188,98.14885314552204
691000110021000000,1,3189,98.15361187779575
070000900000000000,1,3190,98.15837061006948
110000200200000010,1,3191,98.1631293423432
1220060011000001402,1,3192,98.16788807461693
3560330640110301100,1,3193,98.17264680689064
700010400000000000,1,3194,98.17740553916437
810301300100000000,1,3195,98.18216427143808
540100410000000100,1,3196,98.18692300371181
600100300200000000,1,3197,98.19168173598554
2000021200000000000,1,3198,98.19644046825925
6206221021301000110,1,3199,98.20119920053298
510060001001001100,1,3200,98.2059579328067
000001710000000010,1,3201,98.21071666508043
360000400000000000,1,3202,98.21547539735414
2110000411000000000,1,3203,98.22023412962787
2300130480121100210,1,3204,98.22499286190158
200000300100000000,1,3205,98.22975159417531
720110210000000000,1,3206,98.23451032644904
1340000503000100300,1,3207,98.23926905872275
220011701000000000,1,3208,98.24402779099648
200100500101000000,1,3209,98.2487865232702
700710201000010020,1,3210,98.25354525554393
590000320000000000,1,3211,98.25830398781764
1710421720000101300,1,3212,98.26306272009137
1010000211000000000,1,3213,98.26782145236508
1412131610000300000,1,3214,98.27258018463881
130100900000000000,1,3215,98.27733891691254
1510100202100000000,1,3216,98.28209764918626
350200300001000000,1,3217,98.28685638145998
630000411100000000,1,3218,98.2916151137337
440000700000000000,1,3219,98.29637384600743
730101700001000000,1,3220,98.30113257828114
370000000000000000,1,3221,98.30589131055487
300000500000000000,1,3222,98.31065004282858
330112620100000000,1,3223,98.31540877510231
320200300100000000,1,3224,98.32016750737604
520000601000000000,1,3225,98.32492623964976
010000500000000000,1,3226,98.32968497192348
200101201100010000,1,3227,98.3344437041972
310100500000010000,1,3228,98.33920243647093
312206780000010001,1,3229,98.34396116874464
6004101300011130102,1,3230,98.34871990101837
741200223120010001,1,3231,98.35347863329208
230000300000000000,1,3232,98.35823736556581
120000610100000000,1,3233,98.36299609783954
3311001830031000020,1,3234,98.36775483011326
651001931100020000,1,3235,98.37251356238698
6210211021002111000,1,3236,98.3772722946607
3100111020000001010,1,3237,98.38203102693443
320000230000000000,1,3238,98.38678975920814
1030001210000000001,1,3239,98.39154849148187
810000330000000000,1,3240,98.39630722375558
400000500000000000,1,3241,98.40106595602931
1464020642010100200,1,3242,98.40582468830304
1130000620001000020,1,3243,98.41058342057676
1400230902000000200,1,3244,98.41534215285049
700100013000100000,1,3245,98.4201008851242
13015111830201021010,1,3246,98.42485961739793
1130000410000000100,1,3247,98.42961834967164
300101300000000000,1,3248,98.43437708194537
1220030052013300000,1,3249,98.43913581421909
300510410000000000,1,3250,98.44389454649281
420000420000000000,1,3251,98.44865327876654
880000120000000000,1,3252,98.45341201104026
350200410010000000,1,3253,98.45817074331399
410010321000001000,1,3254,98.4629294755877
520002231000000000,1,3255,98.46768820786143
1600311301000430101,1,3256,98.47244694013514
2010030400001000000,1,3257,98.47720567240887
1541030092002001000,1,3258,98.48196440468259
650210532101000001,1,3259,98.48672313695631
310205720100001020,1,3260,98.49148186923004
330000010000000000,1,3261,98.49624060150376
340000621000000100,1,3262,98.50099933377749
310120221010000100,1,3263,98.5057580660512
700000001000000100,1,3264,98.51051679832493
510100101100000010,1,3265,98.51527553059864
1220200321100000000,1,3266,98.52003426287237
320000201000000000,1,3267,98.52479299514609
1020000110000000000,1,3268,98.52955172741981
1250110152001000000,1,3269,98.53431045969354
1730170003000102100,1,3270,98.53906919196726
920100510000000100,1,3271,98.54382792424099
700501900000000200,1,3272,98.5485866565147
1310010112000000000,1,3273,98.55334538878843
500000410000000000,1,3274,98.55810412106214
430000400000000000,1,3275,98.56286285333587
250000600200000000,1,3276,98.56762158560959
510111720000000000,1,3277,98.57238031788332
510000700100000000,1,3278,98.57713905015704
610110221010000000,1,3279,98.58189778243076
710010220000000002,1,3280,98.58665651470449
6201011240120000000,1,3281,98.5914152469782
620000200100000000,1,3282,98.59617397925193
030000410000000000,1,3283,98.60093271152564
1620000202000000000,1,3284,98.60569144379937
9300111170010000000,1,3285,98.6104501760731
620000501000000000,1,3286,98.61520890834682
550000600000000000,1,3287,98.61996764062054
110000201000000000,1,3288,98.62472637289426
1020000202000000000,1,3289,98.62948510516799
600110200000000000,1,3290,98.6342438374417
1030010012001000000,1,3291,98.63900256971543
410000020000000000,1,3292,98.64376130198914
1110060121001201200,1,3293,98.64852003426287
710200400200000000,1,3294,98.6532787665366
810211225103000000,1,3295,98.65803749881032
201001131001000000,1,3296,98.66279623108404
411000520010001000,1,3297,98.66755496335776
100100800000000000,1,3298,98.67231369563149
810000231010100001,1,3299,98.6770724279052
160000130003002002,1,3300,98.68183116017893
510301900100010100,1,3301,98.68658989245264
1620240235000001001,1,3302,98.69134862472637
000100410000000001,1,3303,98.6961073570001
3000011100000000000,1,3304,98.70086608927382
570212420102010012,1,3305,98.70562482154754
6101001400000000000,1,3306,98.71038355382126
022000350000010010,1,3307,98.71514228609499
220001410000000000,1,3308,98.7199010183687
802210701002110110,1,3309,98.72465975064243
0310022300100010021,1,3310,98.72941848291615
270000410200000000,1,3311,98.73417721518987
2600103111011002000,1,3312,98.7389359474636
0100001200000000000,1,3313,98.74369467973732
530201900400000000,1,3314,98.74845341201105
310001000000000000,1,3315,98.75321214428476
400000401201000000,1,3316,98.75797087655849
740210221000000000,1,3317,98.7627296088322
711000430010000010,1,3318,98.76748834110593
1220200801000000000,1,3319,98.77224707337965
410000210000000000,1,3320,98.77700580565337
630130021001000303,1,3321,98.7817645379271
1300000801000000000,1,3322,98.78652327020082
1130100301100000000,1,3323,98.79128200247455
520311801000020011,1,3324,98.79604073474826
530020123001102002,1,3325,98.80079946702199
500000203000000000,1,3326,98.8055581992957
120001300010000010,1,3327,98.81031693156943
210010700000100000,1,3328,98.81507566384315
1040021062000101000,1,3329,98.81983439611687
330100300101000000,1,3330,98.8245931283906
1110300114100000000,1,3331,98.82935186066432
420100820311000101,1,3332,98.83411059293805
271000210000000110,1,3333,98.83886932521176
5630100140012000100,1,3334,98.84362805748549
2500011060100000000,1,3335,98.8483867897592
610000003000000000,1,3336,98.85314552203293
420000100000000000,1,3337,98.85790425430665
1000110010000000000,1,3338,98.86266298658037
4301101122001000000,1,3339,98.8674217188541
1302310410100110210,1,3340,98.87218045112782
0311032310100020010,1,3341,98.87693918340155
410010100000000000,1,3342,98.88169791567526
300000000100100100,1,3343,98.88645664794899
1541120020002103000,1,3344,98.8912153802227
1531240002001000101,1,3345,98.89597411249643
1411200003001110100,1,3346,98.90073284477015
940110620200000001,1,3347,98.90549157704388
930100330110000100,1,3348,98.9102503093176
1211011010130000010,1,3349,98.91500904159132
210000410300000000,1,3350,98.91976777386505
260000200000000000,1,3351,98.92452650613876
320211802100010032,1,3352,98.92928523841249
510000200000000000,1,3353,98.9340439706862
300110100110000000,1,3354,98.93880270295993
802000240000000000,1,3355,98.94356143523365
5002031000001010011,1,3356,98.94832016750738
100202720110120121,1,3357,98.9530788997811
120000200001000000,1,3358,98.95783763205482
1010021210010000000,1,3359,98.96259636432855
1300300200000000000,1,3360,98.96735509660226
1440630741000010100,1,3361,98.97211382887599
940130104110100101,1,3362,98.9768725611497
2340002110110100000,1,3363,98.98163129342343
640111511302001111,1,3364,98.98639002569715
220100500001000000,1,3365,98.99114875797088
130222100101000000,1,3366,98.9959074902446
910520600400010000,1,3367,99.00066622251832
720010011000000300,1,3368,99.00542495479205
111000420010000000,1,3369,99.01018368706576
210000430110001001,1,3370,99.01494241933949
410120031021000201,1,3371,99.0197011516132
210301600020100030,1,3372,99.02445988388693
830010750100001000,1,3373,99.02921861616065
230000301000000000,1,3374,99.03397734843438
210001500000000000,1,3375,99.0387360807081
940020006002001200,1,3376,99.04349481298182
541000271001000000,1,3377,99.04825354525555
310011120000000000,1,3378,99.05301227752926
310101400000100020,1,3379,99.05777100980299
1110200400000000000,1,3380,99.0625297420767
2200110200000000000,1,3381,99.06728847435043
630100511001000000,1,3382,99.07204720662415
411102161000000012,1,3383,99.07680593889788
511110250010000211,1,3384,99.0815646711716
920190003001000300,1,3385,99.08632340344532
630210112200100110,1,3386,99.09108213571905
1520320131111022001,1,3387,99.09584086799276
1630110420000200100,1,3388,99.10059960026649
210000020002000000,1,3389,99.1053583325402
240000400100000000,1,3390,99.11011706481393
510620811001000100,1,3391,99.11487579708765
210000400000000000,1,3392,99.11963452936138
710000000000000000,1,3393,99.1243932616351
940000102000100000,1,3394,99.12915199390882
720001410000000000,1,3395,99.13391072618255
200210301000000000,1,3396,99.13866945845626
720012741010100100,1,3397,99.14342819072999
610100601001000010,1,3398,99.1481869230037
600200311200000220,1,3399,99.15294565527743
910211640200000000,1,3400,99.15770438755116
440000540000000000,1,3401,99.16246311982488
711110220010100200,1,3402,99.1672218520986
1310401501000000000,1,3403,99.17198058437232
1220013902111110001,1,3404,99.17673931664605
1220401802200100000,1,3405,99.18149804891976
331000920101000011,1,3406,99.18625678119349
720331720111000000,1,3407,99.1910155134672
710400400000000000,1,3408,99.19577424574094
010540830000210120,1,3409,99.20053297801466
280001110121000000,1,3410,99.20529171028838
210210412210000021,1,3411,99.2100504425621
130102410200000101,1,3412,99.21480917483582
4303131424001120010,1,3413,99.21956790710955
2000011110000000000,1,3414,99.22432663938326
010000911302000000,1,3415,99.22908537165699
250000503110000000,1,3416,99.2338441039307
510000800100000000,1,3417,99.23860283620444
700000112012000000,1,3418,99.24336156847816
4102001120000000100,1,3419,99.24812030075188
1832180151000100000,1,3420,99.25287903302561
310111400000000000,1,3421,99.25763776529932
1050000200000000000,1,3422,99.26239649757305
500200200100010010,1,3423,99.26715522984676
410020160121100000,1,3424,99.2719139621205
100100501100000000,1,3425,99.27667269439421
200000200100000000,1,3426,99.28143142666794
921000421000000001,1,3427,99.28619015894166
700121500100000101,1,3428,99.29094889121538
330020102000100101,1,3429,99.29570762348911
910000300000000000,1,3430,99.30046635576282
952030191110100101,1,3431,99.30522508803655
120001400000000000,1,3432,99.30998382031026
420103322311020001,1,3433,99.314742552584
1912080146012000000,1,3434,99.31950128485771
2010080234000100100,1,3435,99.32426001713144
030000142002000101,1,3436,99.32901874940517
2200021650010110020,1,3437,99.33377748167888
150000401000000000,1,3438,99.33853621395261
1250020111000000100,1,3439,99.34329494622632
600110100100000100,1,3440,99.34805367850005
030000210201000000,1,3441,99.35281241077377
710300611210000010,1,3442,99.3575711430475
2551040041012000202,1,3443,99.36232987532121
1211322120010101101,1,3444,99.36708860759494
420000500000000000,1,3445,99.37184733986867
120000000101000000,1,3446,99.37660607214238
110010000100000000,1,3447,99.38136480441611
150020141011001001,1,3448,99.38612353668982
540010230100000002,1,3449,99.39088226896355
230032950113010000,1,3450,99.39564100123727
1200010310000000002,1,3451,99.400399733511
1041010130010002101,1,3452,99.40515846578471
141000200011001010,1,3453,99.40991719805844
1650240250031000000,1,3454,99.41467593033217
442010320001003002,1,3455,99.41943466260588
340100801200010041,1,3456,99.42419339487961
2100120311000100000,1,3457,99.42895212715332
200010000000000011,1,3458,99.43371085942705
103011000000000000,1,3459,99.43846959170077
000020000001200000,1,3460,99.4432283239745
300020000000100000,1,3461,99.44798705624821
200010000010200000,1,3462,99.45274578852194
100100110110000001,1,3463,99.45750452079567
610260311100000000,1,3464,99.46226325306938
230001200000000000,1,3465,99.46702198534311
3100021220102011010,1,3466,99.47178071761682
3200011220000000010,1,3467,99.47653944989055
1810300203000000000,1,3468,99.48129818216427
1130170214000201021,1,3469,99.486056914438
120000340010010010,1,3470,99.49081564671171
320100800100000000,1,3471,99.49557437898544
1120223201101020110,1,3472,99.50033311125917
800100101000000000,1,3473,99.50509184353288
110001500100000000,1,3474,99.50985057580661
13102011610100010010,1,3475,99.51460930808032
2120000421000100000,1,3476,99.51936804035405
420000210001000010,1,3477,99.52412677262777
502101281003000003,1,3478,99.5288855049015
620001410100000100,1,3479,99.53364423717521
210000500000000000,1,3480,99.53840296944894
1420110352001100201,1,3481,99.54316170172267
210020830100000000,1,3482,99.54792043399638
360000000000000000,1,3483,99.55267916627011
1951010270020100100,1,3484,99.55743789854382
830622932200010000,1,3485,99.56219663081755
510202800200011011,1,3486,99.56695536309127
220101800000000000,1,3487,99.571714095365
200100300000000100,1,3488,99.57647282763871
310120201000000000,1,3489,99.58123155991244
1200120301000000100,1,3490,99.58599029218617
610300501110000000,1,3491,99.59074902445988
8305131133110110200,1,3492,99.59550775673361
630100120002300000,1,3493,99.60026648900732
510000510000000000,1,3494,99.60502522128105
500000001000000000,1,3495,99.60978395355477
310000112000000001,1,3496,99.6145426858285
0201021830010000020,1,3497,99.61930141810221
100200400000000000,1,3498,99.62406015037594
1420331530000000100,1,3499,99.62881888264967
900100521100000110,1,3500,99.63357761492338
1500001020000000000,1,3501,99.63833634719711
2600300410000000000,1,3502,99.64309507947083
1410141680033000000,1,3503,99.64785381174455
520601911201110121,1,3504,99.65261254401827
8200002120010000001,1,3505,99.657371276292
220010210001000000,1,3506,99.66213000856571
200410311100000011,1,3507,99.66688874083944
8300011021101100111,1,3508,99.67164747311317
910010010010000110,1,3509,99.67640620538688
220000810000110000,1,3510,99.68116493766061
430000402100001100,1,3511,99.68592366993433
321210700000000120,1,3512,99.69068240220805
610000100000000000,1,3513,99.69544113448177
130010310000010001,1,3514,99.7001998667555
740010340000000012,1,3515,99.70495859902921
3201101010100002001,1,3516,99.70971733130294
400000310201001002,1,3517,99.71447606357667
811411501000110101,1,3518,99.71923479585038
410100400000000000,1,3519,99.72399352812411
200000311110000000,1,3520,99.72875226039783
210001311021012000,1,3521,99.73351099267155
6002021300100100000,1,3522,99.73826972494527
010001620010000000,1,3523,99.743028457219
010000210301000000,1,3524,99.74778718949273
1510111401000100300,1,3525,99.75254592176644
4311061310000001031,1,3526,99.75730465404017
1330100931000001000,1,3527,99.76206338631388
610441320100100301,1,3528,99.76682211858761
2103022040120000121,1,3529,99.77158085086133
200400200000000010,1,3530,99.77633958313506
760101100000000000,1,3531,99.78109831540877
910100501000000000,1,3532,99.7858570476825
200001402100000000,1,3533,99.79061577995623
220001100001000000,1,3534,99.79537451222994
1000220311000000110,1,3535,99.80013324450367
1620010110000000100,1,3536,99.80489197677738
800430202000000000,1,3537,99.80965070905111
0100001000200000000,1,3538,99.81440944132483
430000300001000000,1,3539,99.81916817359856
700000000000000000,1,3540,99.82392690587227
1730240141001000301,1,3541,99.828685638146
911342351000001000,1,3542,99.83344437041973
300242411120110101,1,3543,99.83820310269344
1030000131000000000,1,3544,99.84296183496717
410100110100010000,1,3545,99.84772056724088
200001020001000000,1,3546,99.85247929951461
010010000010000000,1,3547,99.85723803178833
300000200010000000,1,3548,99.86199676406206
000200000000001000,1,3549,99.86675549633577
000020101000000000,1,3550,99.8715142286095
100100100000000100,1,3551,99.87627296088323
110000000110000000,1,3552,99.88103169315694
011020411021000000,1,3553,99.88579042543067
120110000010000000,1,3554,99.89054915770438
310220230110000000,1,3555,99.89530788997811
200000201020001010,1,3556,99.90006662225183
110010232100001001,1,3557,99.90482535452556
300010100000001000,1,3558,99.90958408679927
000010210000000000,1,3559,99.914342819073
100102001000000000,1,3560,99.91910155134673
110000100020000000,1,3561,99.92386028362044
310000110000000000,1,3562,99.92861901589417
100000001010001000,1,3563,99.93337774816789
010000120110000000,1,3564,99.93813648044161
100000100010001000,1,3565,99.94289521271533
200001000010001000,1,3566,99.94765394498906
400010100110000000,1,3567,99.95241267726277
100000310000000000,1,3568,99.9571714095365
100111000000100000,1,3569,99.96193014181023
000110111000000000,1,3570,99.96668887408394
200011200000000001,1,3571,99.97144760635767
100100000100101000,1,3572,99.97620633863139
011000000100000000,1,3573,99.98096507090511
200030000100100000,1,3574,99.98572380317883
302121000000000000,1,3575,99.99048253545256
100111010100100100,1,3576,99.99524126772627
000020000002100000,1,3577,100.0
