gene_ID,n_cells,n_states,pct_cells_covered
000000000000000000,7516,1,35.76663176929666
100000000000000000,1462,2,42.72389835347863
000000100000000000,714,3,46.12163319691634
000100000000000000,682,4,49.36708860759494
100100000000000000,459,5,51.551346721233465
000010000000000000,406,6,53.48339202436471
100010000000000000,302,7,54.92052917102884
100000100000000000,279,8,56.24821547539735
100100100000000000,204,9,57.2189968592367
100000010000000000,203,10,58.18501951080232
000000010000000000,196,11,59.117731036451886
000100100000000000,169,12,59.92195679071096
010000000000000000,163,13,60.69763015132769
100110000000000000,162,14,61.468544779670694
100001000000000000,153,15,62.19663081755021
000001000000000000,147,16,62.89616446178738
000000000010000000,139,17,63.55762824783478
000000000000010000,119,18,64.12391738840773
100101000000000000,116,19,64.67593033215951
001000000000000000,107,20,65.1851146854478
001000000000010000,99,21,65.6562291805463
000110000000000000,89,22,66.07975635290758
000000000000100000,84,23,66.47948986390026
000101000000000000,82,24,66.86970591034549
100100010000000000,79,25,67.24564575996955
001000100000000000,73,26,67.59303321595127
300000000000000000,70,27,67.92614447511183
100010100000000000,67,28,68.24497953745123
000000000000000010,67,29,68.56381459979062
000000000000000001,64,30,68.86837346530884
110000000000000000,64,31,69.17293233082707
000000000000000100,61,32,69.46321499952413
100011000000000000,59,33,69.74398020367374
000000000100000000,58,34,70.01998667554963
100111000000000000,57,35,70.2912344151518
001000100000010000,55,36,70.55296469020652
100000000000100000,53,37,70.80517750071381
100010010000000000,53,38,71.05739031122108
100000000100000000,53,39,71.30960312172837
100110100000000000,52,40,71.55705719996193
000010100000000000,51,41,71.79975254592176
010000100000000000,47,42,72.02341296278671
000100010000000000,46,43,72.24231464737794
000000000001000000,43,44,72.446940135148
000000100000010000,42,45,72.64680689064433
100000000001000000,42,46,72.84667364614067
100000000010000000,41,47,73.04178166936329
100000110000000000,38,48,73.22261349576473
300000100000000000,37,49,73.39868658989245
100000000000000010,35,50,73.56524221947274
000011000000000000,34,51,73.7270391167793
300100000000000000,34,52,73.88883601408585
100000000000000001,33,53,74.04587417911868
100100000001000000,31,54,74.19339487960407
100010000000100000,31,55,74.34091558008946
100001100000000000,31,56,74.48843628057486
000000100010000000,31,57,74.63595698106025
010100000000000000,30,58,74.77871894927192
000010010000000000,29,59,74.91672218520986
100110010000000000,29,60,75.05472542114781
000000001000000000,28,61,75.18796992481202
000110100000000000,28,62,75.32121442847625
100100110000000000,28,63,75.45445893214048
000100000000000010,27,64,75.58294470353098
000000000000001000,26,65,75.70667174264776
100100000000000010,26,66,75.83039878176454
000000110000000000,26,67,75.95412582088132
000000100100000000,26,68,76.0778528599981
110000100000000000,25,69,76.19682116684115
100000010001000000,24,70,76.31103074141049
110100100000000000,24,71,76.42524031597982
100101010000000000,24,72,76.53944989054916
000001100000000000,24,73,76.6536594651185
000100000000100000,23,74,76.76311030741411
100101100000000000,23,75,76.87256114970971
000100000010000000,22,76,76.97725325973161
110100000000000000,22,77,77.0819453697535
000000100000100000,22,78,77.18663747977538
100100000000100000,22,79,77.29132958979727
300101000000000000,21,80,77.39126296754544
300100100000000000,21,81,77.49119634529362
100000000000000100,20,82,77.58637099076806
100010000100000000,20,83,77.6815456362425
000000100000000100,19,84,77.77196154944323
101000000000000000,19,85,77.86237746264395
000111000000000000,19,86,77.95279337584468
001000100010000000,19,87,78.0432092890454
000010000000100000,19,88,78.13362520224612
300010100000000000,18,89,78.21928238317312
300010000000000000,18,90,78.30493956410012
100100000100000000,18,91,78.39059674502712
000100000100000000,18,92,78.47625392595413
000101010000000000,17,93,78.5571523746074
001000000010010000,17,94,78.63805082326068
000000010001000000,17,95,78.71894927191396
100001010000000000,17,96,78.79984772056724
100000100100000000,17,97,78.88074616922052
300001000000000000,17,98,78.9616446178738
100110000000100000,16,99,79.03778433425336
000000300000000000,16,100,79.11392405063292
100000100000100000,16,101,79.19006376701246
100000100010000000,16,102,79.26620348339202
100000001000000000,16,103,79.34234319977158
000110010000000000,16,104,79.41848291615113
110000010000000000,16,105,79.49462263253069
010000010000000000,15,106,79.56600361663652
010100100000000000,15,107,79.63738460074237
300110000000000000,15,108,79.7087655848482
100100000010000000,15,109,79.78014656895402
000000100000000001,15,110,79.85152755305987
000010000100000000,15,111,79.9229085371657
000000100000000010,15,112,79.99428952127154
000100110000000000,15,113,80.06567050537737
100100100100000000,15,114,80.1370514894832
100100000000000001,14,115,80.20367374131531
100010000001000000,14,116,80.27029599314743
100010000000000010,14,117,80.33691824497954
000100001000000000,14,118,80.40354049681164
100011100000000000,14,119,80.47016274864376
001000000000010100,14,120,80.53678500047587
001000000000000100,13,121,80.59864852003426
001000100000000100,13,122,80.66051203959265
100100100001000000,13,123,80.72237555915105
000000000010010000,13,124,80.78423907870943
110100010000000000,13,125,80.84610259826782
300000010000000000,13,126,80.9079661178262
010010000000000000,13,127,80.9698296373846
000100100010000000,13,128,81.03169315694299
100011010000000000,13,129,81.09355667650138
100001000000000010,12,130,81.15066146378605
000100100000100000,12,131,81.20776625107071
100100000000001000,12,132,81.26487103835538
100000000000001000,12,133,81.32197582564005
100100100000000010,12,134,81.37908061292471
100100100000100000,12,135,81.43618540020938
400100100000000000,12,136,81.49329018749405
100111100000000000,12,137,81.55039497477873
100010110000000000,11,138,81.60274102978967
000100000001000000,11,139,81.65508708480061
100111010000000000,11,140,81.70743313981156
110001000000000000,11,141,81.7597791948225
110101000000000000,11,142,81.81212524983344
100101000000000010,11,143,81.86447130484439
100100101000000000,11,144,81.91681735985533
001000100010010000,11,145,81.96916341486627
110010000000000000,11,146,82.02150946987723
000100000000000001,11,147,82.07385552488817
100100001000000000,10,148,82.12144284762539
100010100000100000,10,149,82.16903017036262
110110000000000000,10,150,82.21661749309983
000101100000000000,10,151,82.26420481583706
010101000000000000,10,152,82.31179213857429
300101100000000000,10,153,82.3593794613115
100000100001000000,10,154,82.40696678404873
000000100010010000,9,155,82.44979537451223
100001000000100000,9,156,82.49262396497573
000100010000000010,9,157,82.53545255543924
000010000000000010,9,158,82.57828114590274
300111000000000000,9,159,82.62110973636624
300100010000000000,9,160,82.66393832682974
000000100001000000,9,161,82.70676691729324
100100100010000000,9,162,82.74959550775674
000100100000000010,9,163,82.79242409822024
011000000000000000,9,164,82.83525268868374
100010100100000000,9,165,82.87808127914724
100000010100000000,9,166,82.92090986961074
100000300000000000,8,167,82.95897972780051
000001000001000000,8,168,82.9970495859903
100101001000000000,8,169,83.03511944418007
100000000000010000,8,170,83.07318930236985
000001010000000000,8,171,83.11125916055963
000001000000100000,8,172,83.1493290187494
000010000000001000,8,173,83.18739887693918
100010010100000000,8,174,83.22546873512896
000110000000100000,8,175,83.26353859331874
100010000000000001,8,176,83.30160845150851
010000000100000000,8,177,83.3396783096983
101000100000000000,8,178,83.37774816788807
100111000001000000,8,179,83.41581802607786
100100010000000010,8,180,83.45388788426763
100110000100000000,8,181,83.49195774245742
010000000001000000,8,182,83.53002760064719
000010000001000000,8,183,83.56809745883696
100001000001000000,8,184,83.60616731702675
000100010001000000,8,185,83.64423717521652
000000101000000000,8,186,83.6823070334063
400100000000000000,8,187,83.72037689159608
100100300000000000,8,188,83.75844674978586
100101010001000000,8,189,83.79651660797563
400000000000000000,8,190,83.83458646616542
100001010001000000,8,191,83.87265632435519
000100000000000100,8,192,83.91072618254498
000101000000000010,7,193,83.94403730846102
100000000101000000,7,194,83.97734843437708
100110000001000000,7,195,84.01065956029313
001000000010000000,7,196,84.04397068620919
110000100100000000,7,197,84.07728181212525
300000000001000000,7,198,84.11059293804131
100011000001000000,7,199,84.14390406395736
100000010000000010,7,200,84.17721518987342
100100010010000000,7,201,84.21052631578948
000110000100000000,7,202,84.24383744170552
100001000010000000,7,203,84.27714856762158
110000000100000000,7,204,84.31045969353764
100001000100000000,7,205,84.3437708194537
000010000000000100,7,206,84.37708194536975
000000000000010100,7,207,84.41039307128581
000010100000100000,7,208,84.44370419720187
110000000010000000,7,209,84.47701532311793
100010000000000100,7,210,84.51032644903398
000001000100000000,7,211,84.54363757495004
110001100000000000,7,212,84.57694870086608
110001010000000000,7,213,84.61025982678214
001000000010010100,7,214,84.6435709526982
100000100000000010,7,215,84.67688207861426
000000000010000010,7,216,84.71019320453031
010100110000000000,7,217,84.74350433044637
400000100000000000,7,218,84.77681545636243
000000010010000000,7,219,84.81012658227849
100100010100000000,7,220,84.84343770819454
110000001000000000,7,221,84.87674883411059
000000010000000001,7,222,84.91005996002664
000100010010000000,7,223,84.9433710859427
100000101000000000,6,224,84.97192347958504
010000100100000000,6,225,85.00047587322737
300010010000000000,6,226,85.0290282668697
110110100000000000,6,227,85.05758066051204
110000010001000000,6,228,85.08613305415437
100100000000000100,6,229,85.1146854477967
000010000010000000,6,230,85.14323784143905
000111000000100000,6,231,85.17179023508137
300000110000000000,6,232,85.2003426287237
100110110000000000,6,233,85.22889502236605
000100000000001000,6,234,85.25744741600838
310100000000000000,6,235,85.2859998096507
100000010000000001,6,236,85.31455220329305
500000100000000000,6,237,85.34310459693538
000001000000000010,6,238,85.3716569905777
000000011000000000,6,239,85.40020938422005
110100110000000000,6,240,85.42876177786238
110011010000000000,6,241,85.4573141715047
300110100000000000,6,242,85.48586656514705
100101110000000000,6,243,85.51441895878938
300011000000000000,6,244,85.5429713524317
000000000000100010,6,245,85.57152374607405
001000100000010100,6,246,85.60007613971638
100000010000100000,6,247,85.62862853335871
100100010001000000,6,248,85.65718092700105
100000100000000001,6,249,85.68573332064338
010000110000000000,6,250,85.71428571428571
000010000000000001,6,251,85.74283810792805
300000000100000000,6,252,85.77139050157038
100000000000100001,5,253,85.795184162939
100010100100100000,5,254,85.81897782430761
100010000000001000,5,255,85.84277148567621
000000100101000000,5,256,85.86656514704482
100011000100000000,5,257,85.89035880841344
100000000000100010,5,258,85.91415246978205
100110000000001000,5,259,85.93794613115067
000100300000000000,5,260,85.96173979251927
400001000000000000,5,261,85.98553345388788
000110100000100000,5,262,86.0093271152565
001000100010000100,5,263,86.03312077662511
300110010000000000,5,264,86.05691443799371
000001000010000000,5,265,86.08070809936233
000110000001000000,5,266,86.10450176073094
000000110001000000,5,267,86.12829542209955
100000011000000000,5,268,86.15208908346817
100100010000100000,5,269,86.17588274483677
100000000100100000,5,270,86.19967640620538
110010100000000000,5,271,86.223470067574
000010100100000000,5,272,86.24726372894261
010001000000000000,5,273,86.27105739031123
100000100000001000,5,274,86.29485105167983
100111000000100000,5,275,86.31864471304844
100010001000000000,5,276,86.34243837441706
100000010010000000,5,277,86.36623203578567
100110010000000010,5,278,86.39002569715427
000100100000000001,5,279,86.41381935852289
100001110000000000,5,280,86.4376130198915
100010100010000000,5,281,86.46140668126012
100101000000001000,5,282,86.48520034262873
100010010001000000,5,283,86.50899400399733
000000000000010010,5,284,86.53278766536594
100111010001000000,5,285,86.55658132673456
000100101000000000,5,286,86.58037498810317
010010100000000000,5,287,86.60416864947177
000000000100010000,4,288,86.62320357856667
100001001000000000,4,289,86.64223850766156
000110000010000000,4,290,86.66127343675645
300011100000000000,4,291,86.68030836585133
100000000000101000,4,292,86.69934329494623
101000000000010100,4,293,86.71837822404112
000000000010100000,4,294,86.737413153136
100101000001000000,4,295,86.75644808223089
000000400000000000,4,296,86.77548301132579
100001010000100000,4,297,86.79451794042068
100010001000000010,4,298,86.81355286951556
000000000100100000,4,299,86.83258779861045
101000000000010000,4,300,86.85162272770533
100001000000000001,4,301,86.87065765680023
100000110100000000,4,302,86.88969258589512
010000100000010000,4,303,86.90872751499
100100010000001000,4,304,86.92776244408489
100010010101000000,4,305,86.94679737317979
300111010000000000,4,306,86.96583230227468
000101000010000000,4,307,86.98486723136956
000010110000000000,4,308,87.00390216046445
100001000000001000,4,309,87.02293708955933
100101000000000100,4,310,87.04197201865423
100300000000000000,4,311,87.06100694774912
100101000000100000,4,312,87.080041876844
000010101000000000,4,313,87.09907680593889
110111000000000000,4,314,87.11811173503379
100011100000100000,4,315,87.13714666412868
100101000100000000,4,316,87.15618159322356
010001100000000000,4,317,87.17521652231845
100010100001000000,4,318,87.19425145141334
400010000000000000,4,319,87.21328638050824
000101100000100000,4,320,87.23232130960312
100101000010000000,4,321,87.25135623869801
110011000000000000,4,322,87.2703911677929
100010100000000010,4,323,87.2894260968878
100000010101000000,4,324,87.30846102598268
110000110000000000,4,325,87.32749595507757
000000010000000100,4,326,87.34653088417245
100110100000000100,4,327,87.36556581326735
100110100000100000,4,328,87.38460074236224
000110110000000000,4,329,87.40363567145712
010000000000010000,4,330,87.42267060055201
000011100000000000,4,331,87.4417055296469
011000100000000000,4,332,87.4607404587418
100010000010000000,4,333,87.47977538783668
000000100000001000,4,334,87.49881031693157
000111010000000000,4,335,87.51784524602645
100100100000000001,4,336,87.53688017512135
100001110100000000,4,337,87.55591510421624
100300100000000000,4,338,87.57495003331113
000000000000100001,4,339,87.59398496240601
110110010000000000,4,340,87.6130198915009
100010000000100010,4,341,87.6320548205958
100110000000000010,4,342,87.65108974969068
000111100000000000,4,343,87.67012467878557
000011000000100000,4,344,87.68915960788046
001000100000000010,4,345,87.70819453697536
000100000000010000,4,346,87.72722946607024
100000110001000000,4,347,87.74626439516513
100001000101000000,4,348,87.76529932426001
000000010000000010,4,349,87.78433425335491
400111000000000000,3,350,87.79861045017607
110110000100000000,3,351,87.81288664699724
110100110001000000,3,352,87.82716284381841
300000100000100000,3,353,87.84143904063957
110010000000000001,3,354,87.85571523746074
300001100000000000,3,355,87.86999143428191
100101010000000100,3,356,87.88426763110307
000000100000010100,3,357,87.89854382792424
100000030001000000,3,358,87.91282002474541
300000100100000000,3,359,87.92709622156657
100110100100000000,3,360,87.94137241838774
000000000000010001,3,361,87.95564861520891
000010010000100000,3,362,87.96992481203007
100110100001000000,3,363,87.98420100885124
100000110000100000,3,364,87.99847720567242
100100110001000000,3,365,88.01275340249357
100110000000000001,3,366,88.02702959931474
003000100000000000,3,367,88.04130579613592
100301000000000000,3,368,88.05558199295707
100100100000010000,3,369,88.06985818977824
100100100000001000,3,370,88.08413438659942
100111000000000010,3,371,88.09841058342057
000101000000000001,3,372,88.11268678024175
100110000010000000,3,373,88.12696297706292
100000000000000011,3,374,88.14123917388407
100100110100000000,3,375,88.15551537070525
000000100010000100,3,376,88.16979156752642
000101000100000000,3,377,88.18406776434757
000001010100000000,3,378,88.19834396116875
000010100000000010,3,379,88.21262015798992
011000100000010000,3,380,88.22689635481107
400000010000000000,3,381,88.24117255163225
000300000000000000,3,382,88.25544874845342
400100010000000000,3,383,88.26972494527458
100100030000000000,3,384,88.28400114209575
100101110100000000,3,385,88.29827733891692
110100100001000000,3,386,88.31255353573808
000000100010000001,3,387,88.32682973255925
000011010000000000,3,388,88.34110592938042
100010100000001000,3,389,88.35538212620158
010100010000000000,3,390,88.36965832302275
000100100000010000,3,391,88.38393451984392
000010001000000000,3,392,88.39821071666508
000110100100000000,3,393,88.41248691348625
100101100100000000,3,394,88.42676311030742
010000010000000010,3,395,88.44103930712858
100000100010100000,3,396,88.45531550394975
010110100000000000,3,397,88.46959170077092
100101100000000010,3,398,88.48386789759208
100100110010000000,3,399,88.49814409441325
300100110000000000,3,400,88.51242029123442
100110001000000000,3,401,88.52669648805558
000000110101000000,3,402,88.54097268487675
003000000000010000,3,403,88.55524888169792
100100000101000000,3,404,88.56952507851908
300100101000000000,3,405,88.58380127534025
100110010001000000,3,406,88.59807747216142
000001000000000001,3,407,88.61235366898258
100111000000001000,3,408,88.62662986580375
000011000010000000,3,409,88.64090606262492
110110000001000000,3,410,88.65518225944608
300100000000000010,3,411,88.66945845626725
010000000000000100,3,412,88.68373465308842
300011010000000000,3,413,88.69801084990958
001000300010000000,3,414,88.71228704673075
100000000010100000,3,415,88.72656324355192
100110110000100000,3,416,88.74083944037308
300011000000000010,3,417,88.75511563719425
000011100100000000,3,418,88.76939183401542
100100100101000000,3,419,88.78366803083658
010100000100000000,3,420,88.79794422765775
300101100000100000,3,421,88.81222042447892
100011000000000010,3,422,88.82649662130008
100010110100000000,3,423,88.84077281812125
100000100000100001,3,424,88.85504901494242
110011000100000000,3,425,88.86932521176358
500000000000000000,3,426,88.88360140858475
100101011001000000,3,427,88.89787760540592
110000000000000010,3,428,88.91215380222708
300101010000000000,3,429,88.92642999904825
100010010000100000,3,430,88.94070619586942
300001001000000000,3,431,88.95498239269058
000101000001000000,3,432,88.96925858951175
000001001000000000,3,433,88.98353478633292
100130000000000000,3,434,88.99781098315408
110010010000000000,3,435,89.01208717997525
100011001000000000,3,436,89.02636337679643
000100100001000000,3,437,89.04063957361758
110000000001000000,3,438,89.05491577043875
100100011000000000,3,439,89.06919196725993
010000000000000010,3,440,89.08346816408108
000010100001000000,3,441,89.09774436090225
001000000100000000,3,442,89.11202055772343
001000300000000000,3,443,89.12629675454458
100010010010000000,3,444,89.14057295136575
400110000000000000,3,445,89.15484914818693
310000010000000000,3,446,89.16912534500808
300001010000000000,3,447,89.18340154182926
000110000000001000,3,448,89.19767773865043
101000000000000100,3,449,89.21195393547158
000000000100000001,3,450,89.22623013229276
300000000000001000,3,451,89.24050632911393
011000000000010000,3,452,89.25478252593508
000000010000100000,3,453,89.26905872275626
010000000010000000,3,454,89.28333491957743
101000000000100000,3,455,89.29761111639858
000011100000100000,3,456,89.31188731321976
100001100000000001,3,457,89.32616351004093
300100000001000000,3,458,89.34043970686209
000110000000000100,3,459,89.35471590368326
000110000000000010,3,460,89.36899210050443
100000010000001000,3,461,89.38326829732559
000000100000010010,3,462,89.39754449414676
110010110000000000,3,463,89.41182069096793
110000100001000000,3,464,89.42609688778909
100000100000100010,3,465,89.44037308461026
100001011000000000,3,466,89.45464928143143
100100010001000010,3,467,89.46892547825259
100011000000100000,3,468,89.48320167507376
000000110010000000,3,469,89.49747787189493
300000001000000000,2,470,89.50699533644237
410000100000000000,2,471,89.51651280098982
110000400000000000,2,472,89.52603026553726
510000100000000000,2,473,89.5355477300847
310000110000000000,2,474,89.54506519463214
130000300000000000,2,475,89.5545826591796
310000000000000000,2,476,89.56410012372704
110000100010000000,2,477,89.57361758827449
300100100000001000,2,478,89.58313505282193
300010010100100000,2,479,89.59265251736937
100010000000000011,2,480,89.60216998191682
100010000010100000,2,481,89.61168744646426
100100000010001000,2,482,89.6212049110117
000101000000100000,2,483,89.63072237555915
100000000111000000,2,484,89.6402398401066
000100100100000000,2,485,89.64975730465405
100011000010000000,2,486,89.65927476920149
100100110000000010,2,487,89.66879223374893
100300010000000000,2,488,89.67830969829637
000100000010100000,2,489,89.68782716284382
000101100000000001,2,490,89.69734462739126
100000110000000010,2,491,89.7068620919387
000011000000000010,2,492,89.71637955648615
100100100000100001,2,493,89.7258970210336
100300100000100000,2,494,89.73541448558105
000110100001000000,2,495,89.74493195012849
100100400000000000,2,496,89.75444941467593
000100100010100000,2,497,89.76396687922337
000000000010000001,2,498,89.77348434377082
000000000000000011,2,499,89.78300180831826
600100100000000000,2,500,89.7925192728657
000100110000100000,2,501,89.80203673741315
300000100000001000,2,502,89.8115542019606
000001000001000010,2,503,89.82107166650805
110010110001000000,2,504,89.83058913105549
000000010000010000,2,505,89.84010659560293
000000000100000010,2,506,89.84962406015038
000000001100000000,2,507,89.85914152469782
000000100000100010,2,508,89.86865898924526
100101000000100001,2,509,89.8781764537927
000000000101000000,2,510,89.88769391834015
010010010001000000,2,511,89.8972113828876
001100000000000000,2,512,89.90672884743505
000000100100000001,2,513,89.91624631198249
000001100000000001,2,514,89.92576377652993
110010100000100000,2,515,89.93528124107738
100000300100000000,2,516,89.94479870562482
000000100110000000,2,517,89.95431617017226
300000110100000000,2,518,89.9638336347197
000000000001000001,2,519,89.97335109926715
100100010010000001,2,520,89.9828685638146
300301000000000000,2,521,89.99238602836205
010001110100000000,2,522,90.00190349290949
100001110001000000,2,523,90.01142095745693
110001000001000000,2,524,90.02093842200438
310001000100000000,2,525,90.03045588655182
100000101100000000,2,526,90.03997335109926
100010000101000001,2,527,90.0494908156467
010001100100000000,2,528,90.05900828019416
100010000101000000,2,529,90.0685257447416
100101100000000001,2,530,90.07804320928905
100010000100100000,2,531,90.08756067383649
010000300000000000,2,532,90.09707813838394
110000100010000001,2,533,90.10659560293138
000000000011000000,2,534,90.11611306747882
000030000000000000,2,535,90.12563053202626
000010100000000001,2,536,90.1351479965737
000001100000100000,2,537,90.14466546112116
100000100100100000,2,538,90.15418292566861
001010100000000000,2,539,90.16370039021605
300000010100000000,2,540,90.1732178547635
100110010000100000,2,541,90.18273531931094
110110110000000000,2,542,90.19225278385838
000000000110000000,2,543,90.20177024840582
100001010100000000,2,544,90.21128771295326
400010000100000000,2,545,90.22080517750071
100000100011000000,2,546,90.23032264204816
001000100000010010,2,547,90.23984010659561
000000000001000010,2,548,90.24935757114305
100010100000000001,2,549,90.2588750356905
100001000000100010,2,550,90.26839250023794
110010000001000000,2,551,90.27790996478538
100000110000000001,2,552,90.28742742933282
410010000000000000,2,553,90.29694489388027
100011010000000010,2,554,90.30646235842771
500010000000000000,2,555,90.31597982297517
100111011000000000,2,556,90.32549728752261
110000000000100000,2,557,90.33501475207005
100000010100100000,2,558,90.3445322166175
310010100110000000,2,559,90.35404968116494
100011110100000000,2,560,90.36356714571238
110000100100100000,2,561,90.37308461025982
110010100001000000,2,562,90.38260207480727
010010100000100000,2,563,90.39211953935471
100111100000100001,2,564,90.40163700390217
110010110101000000,2,565,90.41115446844961
000000110000100000,2,566,90.42067193299705
110000100000100000,2,567,90.4301893975445
100030000000100000,2,568,90.43970686209194
300111100000000000,2,569,90.44922432663938
100110001000000010,2,570,90.45874179118682
001000000000010010,2,571,90.46825925573427
410000000000000000,2,572,90.47777672028171
000000010101000000,2,573,90.48729418482917
000111000000000001,2,574,90.49681164937661
000000011100000000,2,575,90.50632911392405
100000000001100000,2,576,90.5158465784715
100000100010000010,2,577,90.52536404301894
000101110000000000,2,578,90.53488150756638
100001000001001000,2,579,90.54439897211383
101000100110000100,2,580,90.55391643666127
100010101000000000,2,581,90.56343390120871
100030100000000000,2,582,90.57295136575617
300001000000000010,2,583,90.58246883030361
100000000001000010,2,584,90.59198629485105
310000000010000000,2,585,90.6015037593985
000001100001000000,2,586,90.61102122394594
310010010000000000,2,587,90.62053868849338
300100000000100000,2,588,90.63005615304083
100101010000000010,2,589,90.63957361758827
110000010100000000,2,590,90.64909108213573
100001100100000000,2,591,90.65860854668317
100001010101000000,2,592,90.66812601123061
110001010001000000,2,593,90.67764347577805
000100010000001000,2,594,90.6871609403255
100001100000100000,2,595,90.69667840487294
100000010001100000,2,596,90.70619586942038
100111001000000000,2,597,90.71571333396783
000000010001000001,2,598,90.72523079851527
110101100001000000,2,599,90.73474826306273
100110010001000010,2,600,90.74426572761017
500001000001000000,2,601,90.75378319215761
100101010001000010,2,602,90.76330065670506
100011000000100010,2,603,90.7728181212525
400311000000000000,2,604,90.78233558579994
000110001000000000,2,605,90.79185305034738
010101100000000000,2,606,90.80137051489483
400101100000000000,2,607,90.81088797944227
110010010101000000,2,608,90.82040544398973
300000000000000010,2,609,90.82992290853717
100100000010000010,2,610,90.83944037308461
100010100000000100,2,611,90.84895783763206
000110000000000001,2,612,90.8584753021795
000100011000000000,2,613,90.86799276672694
110101100000000000,2,614,90.87751023127439
100011000000000001,2,615,90.88702769582183
100111000001000010,2,616,90.89654516036927
000001010010000000,2,617,90.90606262491673
004000100000010000,2,618,90.91558008946417
000110010000001000,2,619,90.92509755401161
000011000001000000,2,620,90.93461501855906
110010000000000010,2,621,90.9441324831065
110101010001000000,2,622,90.95364994765394
400110100000000000,2,623,90.96316741220139
110100100100000000,2,624,90.97268487674883
110110100100000000,2,625,90.98220234129627
100101100001000000,2,626,90.99171980584373
110011010100000000,2,627,91.00123727039117
000110300000000000,2,628,91.01075473493862
310000101000000000,2,629,91.02027219948606
110101000100000000,2,630,91.0297896640335
000101001000000000,2,631,91.03930712858094
110000300000000000,2,632,91.04882459312839
001000100010010110,2,633,91.05834205767583
100010000000000101,2,634,91.06785952222327
100010011010000000,2,635,91.07737698677073
310110010000000000,2,636,91.08689445131817
310000100000000000,2,637,91.09641191586562
100100100000000100,2,638,91.10592938041306
100001100000001000,2,639,91.1154468449605
400110100001000000,2,640,91.12496430950794
400000100001000000,2,641,91.13448177405539
300100100100000000,2,642,91.14399923860283
100101101000000000,2,643,91.15351670315027
300000000010000000,2,644,91.16303416769773
300100300000000000,2,645,91.17255163224517
500111000000000000,2,646,91.18206909679262
000100010000000001,2,647,91.19158656134006
110001110000000000,2,648,91.2011040258875
110100000000100000,2,649,91.21062149043495
100000000001000001,2,650,91.22013895498239
400101000000000000,2,651,91.22965641952983
000010010100000000,2,652,91.23917388407729
000000000010000100,2,653,91.24869134862473
300010101000000000,2,654,91.25820881317217
010000100010000000,2,655,91.26772627771962
000100100000001000,2,656,91.27724374226706
600110100000000000,2,657,91.2867612068145
110001000100000000,2,658,91.29627867136195
100110000000010100,2,659,91.30579613590939
000001100100000000,2,660,91.31531360045683
010100000010000000,2,661,91.32483106500429
010000000101000000,2,662,91.33434852955173
000000001010000000,2,663,91.34386599409918
300001000000001000,2,664,91.35338345864662
100011000000001000,2,665,91.36290092319406
000101000000001000,2,666,91.3724183877415
110101001000000000,2,667,91.38193585228895
010110010000000000,2,668,91.39145331683639
001010000000000000,2,669,91.40097078138383
000010100000010000,2,670,91.41048824593129
000100010100000000,2,671,91.42000571047873
000100000010001000,2,672,91.42952317502618
010111000000000000,2,673,91.43904063957362
100110310000000000,2,674,91.44855810412106
100101100000100000,2,675,91.4580755686685
101010100000000000,2,676,91.46759303321595
400100010000100000,2,677,91.47711049776339
001000400000010000,2,678,91.48662796231083
000001000000010000,2,679,91.49614542685829
310010100000000000,2,680,91.50566289140573
000011001000000000,2,681,91.51518035595318
000011010000000010,2,682,91.52469782050062
101000000010010000,2,683,91.53421528504806
101000100000010000,2,684,91.5437327495955
310101000000000000,2,685,91.55325021414295
100000000110000000,2,686,91.56276767869039
000101000000010000,2,687,91.57228514323783
500100100000000000,2,688,91.58180260778529
001100100000010000,2,689,91.59132007233273
310100100000000000,2,690,91.60083753688018
100100010000000001,2,691,91.61035500142762
001000000001000000,2,692,91.61987246597506
400110300000000000,2,693,91.6293899305225
100110110000010000,2,694,91.63890739506995
100300300000000000,2,695,91.64842485961739
300000000000000001,2,696,91.65794232416484
000101010001000000,2,697,91.66745978871229
400011000000000000,2,698,91.67697725325974
310010000000000000,2,699,91.68649471780718
100010000010001000,2,700,91.69601218235462
100101000000000001,2,701,91.70552964690206
100400100000000000,2,702,91.71504711144951
110001000010000000,2,703,91.72456457599695
010100110001000000,2,704,91.7340820405444
110100110010000000,2,705,91.74359950509184
100100000010100000,2,706,91.7531169696393
101100010000000000,2,707,91.76263443418674
100000300010100000,2,708,91.77215189873418
300001000001000000,2,709,91.78166936328162
001000100010010100,2,710,91.79118682782907
000001010001000000,2,711,91.80070429237651
410000110000000000,2,712,91.81022175692395
000110000010000010,2,713,91.8197392214714
100101100010000000,2,714,91.82925668601885
010101010000000000,2,715,91.8387741505663
010111010000000000,2,716,91.84829161511374
100110100010000000,2,717,91.85780907966118
000100110001000000,2,718,91.86732654420862
100000010000000100,2,719,91.87684400875607
000001010000000010,2,720,91.88636147330351
100101001000000010,2,721,91.89587893785095
300010000000001000,2,722,91.9053964023984
101000100100000000,2,723,91.91491386694585
100010000000001100,2,724,91.9244313314933
100100000001000010,2,725,91.93394879604074
301111000000000000,2,726,91.94346626058818
000010000001100000,2,727,91.95298372513562
010010000010000000,1,728,91.95774245740935
100111010100100100,1,729,91.96250118968307
100030000100100000,1,730,91.9672599219568
100100110110000001,1,731,91.97201865423051
100000101010001010,1,732,91.97677738650424
310110130110000000,1,733,91.98153611877795
011000000100000000,1,734,91.98629485105168
100100000100101000,1,735,91.9910535833254
100011100000000001,1,736,91.99581231559912
000110111000000000,1,737,92.00057104787285
100000310000000000,1,738,92.00532978014657
130010310000010001,1,739,92.0100885124203
740010340000000011,1,740,92.01484724469401
3101101010100001001,1,741,92.01960597696774
400000310101001001,1,742,92.02436470924145
811411501000110101,1,743,92.02912344151518
410100400000000000,1,744,92.0338821737889
100000311110000000,1,745,92.03864090606262
110001311011011000,1,746,92.04339963833635
6001011300100100000,1,747,92.04815837061007
010001610010000000,1,748,92.0529171028838
010000110301000000,1,749,92.05767583515751
1510111401000100300,1,750,92.06243456743124
4311061310000001031,1,751,92.06719329970495
1330100931000001000,1,752,92.07195203197868
610441310100100301,1,753,92.0767107642524
1103012040110000111,1,754,92.08146949652613
300301110000000001,1,755,92.08622822879985
300111010001000000,1,756,92.09098696107357
100010010000000010,1,757,92.0957456933473
101000100010000110,1,758,92.10050442562101
400010011000000000,1,759,92.10526315789474
000011000001000010,1,760,92.11002189016845
300110000000001000,1,761,92.11478062244218
110000010001000010,1,762,92.1195393547159
300000010000001000,1,763,92.12429808698963
410011000000000000,1,764,92.12905681926335
000100000100000010,1,765,92.13381555153707
001000000001000110,1,766,92.1385742838108
100101000001000010,1,767,92.14333301608451
500000100010000100,1,768,92.14809174835824
400100300000000100,1,769,92.15285048063195
5120010180011000100,1,770,92.15760921290568
100101011000000010,1,771,92.1623679451794
600101001000000000,1,772,92.16712667745313
300040000000000000,1,773,92.17188540972685
300001100010000000,1,774,92.17664414200057
300101011001001010,1,775,92.1814028742743
100000000030000000,1,776,92.18616160654801
100011100000000010,1,777,92.19092033882174
000101010000100000,1,778,92.19567907109546
010010000010000010,1,779,92.20043780336918
400100011100000000,1,780,92.2051965356429
101010000000100000,1,781,92.20995526791663
110101010000000000,1,782,92.21471400019036
301000010001000000,1,783,92.21947273246407
300000011000010100,1,784,92.2242314647378
500103010000000000,1,785,92.22899019701151
000300010011000010,1,786,92.23374892928524
300001100000000040,1,787,92.23850766155896
100111010000000010,1,788,92.24326639383268
300010000001000000,1,789,92.2480251261064
400001000001000010,1,790,92.25278385838013
000010010000000010,1,791,92.25754259065386
400004101001000010,1,792,92.26230132292757
000111011001000010,1,793,92.2670600552013
400001011000000000,1,794,92.27181878747501
410010001000000000,1,795,92.27657751974874
310010110000000000,1,796,92.28133625202246
300010000000000010,1,797,92.28609498429618
103000000010000400,1,798,92.2908537165699
100111000010000010,1,799,92.29561244884363
100101110001000010,1,800,92.30037118111736
300000000001000010,1,801,92.30512991339107
101110000000040010,1,802,92.3098886456648
300111100100000000,1,803,92.31464737793851
110130010010000000,1,804,92.31940611021224
100040100000000000,1,805,92.32416484248596
010110000000000010,1,806,92.32892357475968
000101000010100000,1,807,92.33368230703341
110100310000000000,1,808,92.33844103930713
400131110010000000,1,809,92.34319977158086
000011010010100000,1,810,92.34795850385457
001100100010000100,1,811,92.3527172361283
100101110031000000,1,812,92.35747596840201
110501100011000000,1,813,92.36223470067574
410511100100000000,1,814,92.36699343294946
300110010001110000,1,815,92.37175216522319
400331011011000000,1,816,92.37651089749691
400010010010000000,1,817,92.38126962977063
100101000000000011,1,818,92.38602836204436
110011010001000000,1,819,92.39078709431807
400100030000000010,1,820,92.3955458265918
100111010001001000,1,821,92.40030455886551
100001010001101000,1,822,92.40506329113924
100111000000000001,1,823,92.40982202341296
100000000110000010,1,824,92.41458075568669
100000010001001000,1,825,92.41933948796041
010110030001000000,1,826,92.42409822023413
000100011001000000,1,827,92.42885695250786
110100000010000000,1,828,92.43361568478157
100110011000000000,1,829,92.4383744170553
400110010100000000,1,830,92.44313314932901
300000110010000000,1,831,92.44789188160274
100000001000000100,1,832,92.45265061387646
100300010000010000,1,833,92.45740934615019
100101000001100000,1,834,92.46216807842391
001000100010000001,1,835,92.46692681069763
300000100000000010,1,836,92.47168554297136
410010100000001000,1,837,92.47644427524507
010000111000000100,1,838,92.4812030075188
300101000010000000,1,839,92.48596173979251
110100100001100010,1,840,92.49072047206624
100104000000000000,1,841,92.49547920433996
110110000010100000,1,842,92.50023793661369
300110100011000000,1,843,92.50499666888742
000110010000010000,1,844,92.50975540116113
100110100000010000,1,845,92.51451413343486
600103000000000000,1,846,92.51927286570857
100010010000000011,1,847,92.5240315979823
001101110000000100,1,848,92.52879033025602
100110000100000010,1,849,92.53354906252974
010000000000000001,1,850,92.53830779480346
310310100000001000,1,851,92.54306652707719
000100100010000100,1,852,92.54782525935092
300010000000100100,1,853,92.55258399162463
001100010000000000,1,854,92.55734272389836
000010001000100000,1,855,92.56210145617207
100000000010001000,1,856,92.5668601884458
100100001010000000,1,857,92.57161892071952
130100110000000000,1,858,92.57637765299324
110101000000100000,1,859,92.58113638526696
400010100000100000,1,860,92.58589511754069
100010010001000010,1,861,92.59065384981442
310110110100000010,1,862,92.59541258208813
400101110000000000,1,863,92.60017131436186
100010001000000100,1,864,92.60493004663557
100300100001010000,1,865,92.6096887789093
300330100100100000,1,866,92.61444751118302
100000110100001000,1,867,92.61920624345674
400010000000000001,1,868,92.62396497573046
300100001000010000,1,869,92.62872370800419
110010101000000000,1,870,92.63348244027792
300000010000100100,1,871,92.63824117255163
010010000000001000,1,872,92.64299990482536
300110030000000100,1,873,92.64775863709907
000000000000000110,1,874,92.6525173693728
110100010000100000,1,875,92.65727610164652
000104000000001000,1,876,92.66203483392025
100011110000000010,1,877,92.66679356619396
100100310001000000,1,878,92.67155229846769
310111100100000000,1,879,92.67631103074142
101101100011000000,1,880,92.68106976301513
100111101000100000,1,881,92.68582849528886
010100110100000000,1,882,92.69058722756257
100011000000001010,1,883,92.6953459598363
000011100001001010,1,884,92.70010469211002
000010000000001010,1,885,92.70486342438375
100000000000101010,1,886,92.70962215665746
100000000011000100,1,887,92.71438088893119
100000000010000010,1,888,92.71913962120492
100000110001000100,1,889,92.72389835347863
001001000000100000,1,890,92.72865708575236
110010100010000000,1,891,92.73341581802607
100100110010100000,1,892,92.7381745502998
010011100000000000,1,893,92.74293328257352
010100000100100000,1,894,92.74769201484725
000010100000101000,1,895,92.75245074712096
001010000000100010,1,896,92.75720947939469
110000010000001000,1,897,92.76196821166842
310100100000001000,1,898,92.76672694394213
000010001010000000,1,899,92.77148567621586
001000000010011100,1,900,92.77624440848957
010110000000110000,1,901,92.7810031407633
010000000000001001,1,902,92.78576187303702
001010010001000000,1,903,92.79052060531075
010100001100100000,1,904,92.79527933758446
100010010010001000,1,905,92.80003806985819
310110100000000000,1,906,92.80479680213192
010000110010010000,1,907,92.80955553440563
100000000000000101,1,908,92.81431426667936
300001010000000010,1,909,92.81907299895308
100110000000100100,1,910,92.8238317312268
110100010001001000,1,911,92.82859046350052
300110010000100000,1,912,92.83334919577425
100010010000000001,1,913,92.83810792804796
000000111000000000,1,914,92.84286666032169
000011100000001000,1,915,92.84762539259542
010011010000000000,1,916,92.85238412486913
100130100100001000,1,917,92.85714285714286
001000100011000000,1,918,92.86190158941658
100101010000101000,1,919,92.8666603216903
110010100100001000,1,920,92.87141905396402
010100100000001000,1,921,92.87617778623775
100130100000000000,1,922,92.88093651851146
001411100000010000,1,923,92.88569525078519
100100300010001000,1,924,92.89045398305892
010000100000000100,1,925,92.89521271533263
100130100100000000,1,926,92.89997144760636
000100001001000000,1,927,92.90473017988008
100111110000101000,1,928,92.9094889121538
310000000001000000,1,929,92.91424764442752
010100000010001000,1,930,92.91900637670125
100011110000100000,1,931,92.92376510897498
400111110010000000,1,932,92.92852384124869
000100100000000100,1,933,92.93328257352242
010101001000000000,1,934,92.93804130579613
100110110100000000,1,935,92.94280003806986
110111000100000000,1,936,92.94755877034358
110010300010000001,1,937,92.9523175026173
001010000010110000,1,938,92.95707623489102
101110100010100000,1,939,92.96183496716475
000031110110101000,1,940,92.96659369943848
100000010030100000,1,941,92.97135243171219
010110000000000001,1,942,92.97611116398592
000130100000000000,1,943,92.98086989625963
000100100101000000,1,944,92.98562862853336
100111011100000000,1,945,92.99038736080708
000101000100000010,1,946,92.9951460930808
110010010010000000,1,947,92.99990482535452
310010010001000000,1,948,93.00466355762825
100111100000001100,1,949,93.00942228990198
100111000010000000,1,950,93.01418102217569
400010000001001000,1,951,93.01893975444942
300103010000000000,1,952,93.02369848672313
100001011001000000,1,953,93.02845721899686
000001010011000000,1,954,93.03321595127058
010100000000001010,1,955,93.0379746835443
000000000000000101,1,956,93.04273341581802
101000030010000000,1,957,93.04749214809175
000010010000001000,1,958,93.05225088036548
090100001000000000,1,959,93.05700961263919
100110000100100001,1,960,93.06176834491292
000100000110000000,1,961,93.06652707718663
300100000000010000,1,962,93.07128580946036
010010100001001000,1,963,93.07604454173408
110011000000001000,1,964,93.0808032740078
000010000100000010,1,965,93.08556200628152
100011110001000000,1,966,93.09032073855525
110100000000001000,1,967,93.09507947082898
000010010100001000,1,968,93.09983820310269
110010000010000000,1,969,93.10459693537642
000110000010000001,1,970,93.10935566765014
000001100001000001,1,971,93.11411439992386
000010000010001000,1,972,93.11887313219758
010000001011000000,1,973,93.1236318644713
100110000100100000,1,974,93.12839059674502
000111000000101000,1,975,93.13314932901875
400131010000001000,1,976,93.13790806129248
110111001000000010,1,977,93.14266679356619
310000000000001010,1,978,93.14742552583992
300101100000001000,1,979,93.15218425811364
000100111010000000,1,980,93.15694299038736
101111011000000000,1,981,93.16170172266108
101101100000000000,1,982,93.1664604549348
110000000010100000,1,983,93.17121918720852
500100010000000000,1,984,93.17597791948225
100110010101000000,1,985,93.18073665175598
110000010010000000,1,986,93.1854953840297
110100300010000000,1,987,93.19025411630342
001011100010001000,1,988,93.19501284857714
010100000001000000,1,989,93.19977158085086
110111100001001000,1,990,93.20453031312458
000110010001000010,1,991,93.20928904539831
000100000010000001,1,992,93.21404777767202
101000300000010000,1,993,93.21880650994575
110100100010000000,1,994,93.22356524221948
001000300000010000,1,995,93.2283239744932
600010310100100000,1,996,93.23308270676692
100300100000000001,1,997,93.23784143904064
100101110100100000,1,998,93.24260017131436
110001030000000010,1,999,93.24735890358808
100110100000001000,1,1000,93.25211763586181
300000001010000000,1,1001,93.25687636813552
001000000010010010,1,1002,93.26163510040925
000101000000000011,1,1003,93.26639383268298
000110100010001000,1,1004,93.2711525649567
100100010001100010,1,1005,93.27591129723042
600110111000000000,1,1006,93.28067002950414
300101110010100000,1,1007,93.28542876177787
300111101000000000,1,1008,93.29018749405158
110110000000000010,1,1009,93.29494622632531
310010100000000010,1,1010,93.29970495859902
100000010011010000,1,1011,93.30446369087275
000000010001010000,1,1012,93.30922242314648
000110000000000110,1,1013,93.3139811554202
000000000001001000,1,1014,93.31873988769392
100011010000000001,1,1015,93.32349861996764
400410300000001000,1,1016,93.32825735224137
700010100000001000,1,1017,93.33301608451508
400100400000000000,1,1018,93.33777481678881
100111010101000000,1,1019,93.34253354906252
300101001000000010,1,1020,93.34729228133625
100401000000000000,1,1021,93.35205101360998
110101010100100010,1,1022,93.3568097458837
300000100000010000,1,1023,93.36156847815742
000110100101000000,1,1024,93.36632721043114
000011100000000010,1,1025,93.37108594270487
300110310000000000,1,1026,93.37584467497858
300110100000100000,1,1027,93.38060340725231
100110011000100000,1,1028,93.38536213952602
071101110000010000,1,1029,93.39012087179975
110311010000000000,1,1030,93.39487960407348
130110000000000000,1,1031,93.3996383363472
110010110103000000,1,1032,93.40439706862092
000111000010000000,1,1033,93.40915580089464
000110101000000000,1,1034,93.41391453316837
400300100000000000,1,1035,93.41867326544208
110101110000100010,1,1036,93.42343199771581
400101010000000000,1,1037,93.42819072998952
000000000000110100,1,1038,93.43294946226325
100001000001001010,1,1039,93.43770819453698
000010010001000000,1,1040,93.4424669268107
100100000000300000,1,1041,93.44722565908442
300000010000000001,1,1042,93.45198439135814
1010101311000100010,1,1043,93.45674312363187
100100100000100100,1,1044,93.46150185590558
100100010000101010,1,1045,93.46626058817931
110300300000000000,1,1046,93.47101932045304
300111001000000010,1,1047,93.47577805272675
100101110101000000,1,1048,93.48053678500048
400000300010001000,1,1049,93.4852955172742
110100000100001000,1,1050,93.49005424954792
700110100000000000,1,1051,93.49481298182164
100010100000001010,1,1052,93.49957171409537
600101100001000000,1,1053,93.50433044636908
500111110001000000,1,1054,93.50908917864281
100000000100001000,1,1055,93.51384791091654
310100100000000010,1,1056,93.51860664319025
500101100010100110,1,1057,93.52336537546398
300001310100000000,1,1058,93.5281241077377
100100110001100000,1,1059,93.53288284001142
000100000001000100,1,1060,93.53764157228514
101100000000000000,1,1061,93.54240030455887
001000000100010000,1,1062,93.54715903683258
400111000001100000,1,1063,93.55191776910631
000110100010100000,1,1064,93.55667650138004
010110100100000000,1,1065,93.56143523365375
300001101000000110,1,1066,93.56619396592748
100000000010100010,1,1067,93.5709526982012
300300100000000000,1,1068,93.57571143047493
110001300000000000,1,1069,93.58047016274864
300110000000101000,1,1070,93.58522889502237
010010000000000100,1,1071,93.58998762729608
100000100101001000,1,1072,93.59474635956981
310100010100000000,1,1073,93.59950509184354
100111100000100000,1,1074,93.60426382411725
310001101000000000,1,1075,93.60902255639098
300101100000000001,1,1076,93.6137812886647
100101010000100000,1,1077,93.61854002093843
400100300000000000,1,1078,93.62329875321214
000000010100001000,1,1079,93.62805748548587
100100100011000010,1,1080,93.63281621775958
000000100010100100,1,1081,93.63757495003331
110100111001000000,1,1082,93.64233368230704
100110110000100010,1,1083,93.64709241458075
400110101000000001,1,1084,93.65185114685448
300001110000000000,1,1085,93.6566098791282
300300110000000000,1,1086,93.66136861140193
400110010000000100,1,1087,93.66612734367564
500000000000001001,1,1088,93.67088607594937
300100100000000010,1,1089,93.67564480822308
100010010001001000,1,1090,93.68040354049681
100011001000000010,1,1091,93.68516227277054
100010000010001010,1,1092,93.68992100504425
113000100000000000,1,1093,93.69467973731798
100000000000001010,1,1094,93.6994384695917
000111000001000010,1,1095,93.70419720186543
510000000000000000,1,1096,93.70895593413914
100101010000000001,1,1097,93.71371466641287
100031000000000000,1,1098,93.71847339868658
300100000100000000,1,1099,93.72323213096031
000100001000000100,1,1100,93.72799086323404
000010010101000000,1,1101,93.73274959550776
000111101000000000,1,1102,93.73750832778148
000111100000000010,1,1103,93.7422670600552
110110110001100000,1,1104,93.74702579232893
400100100001100000,1,1105,93.75178452460264
100101001000100000,1,1106,93.75654325687637
300010111000100000,1,1107,93.76130198915008
400300300000000000,1,1108,93.76606072142381
110100000000000100,1,1109,93.77081945369754
400301000000000000,1,1110,93.77557818597126
300000101000000000,1,1111,93.78033691824498
100131001000000000,1,1112,93.7850956505187
100100010011000000,1,1113,93.78985438279243
000000001000000001,1,1114,93.79461311506614
100111110001000000,1,1115,93.79937184733987
300000100001000000,1,1116,93.80413057961358
000101000000100010,1,1117,93.80888931188731
400101000001000000,1,1118,93.81364804416104
100001000000001010,1,1119,93.81840677643476
301110000001010000,1,1120,93.82316550870848
001000000110010100,1,1121,93.8279242409822
100100000000001010,1,1122,93.83268297325593
101000000010000000,1,1123,93.83744170552964
010010010000000000,1,1124,93.84220043780337
000111001000000000,1,1125,93.84695917007708
110100010000000100,1,1126,93.85171790235081
300011100000001000,1,1127,93.85647663462454
500100030000000000,1,1128,93.86123536689826
300000110000100000,1,1129,93.86599409917198
300300100000100100,1,1130,93.8707528314457
300101000100000000,1,1131,93.87551156371943
100011100101000010,1,1132,93.88027029599314
000100010001000010,1,1133,93.88502902826687
000101300000000000,1,1134,93.88978776054059
100101100001000010,1,1135,93.89454649281431
310111110000000000,1,1136,93.89930522508804
100111110100000000,1,1137,93.90406395736176
000000310000000000,1,1138,93.90882268963549
000300110000000000,1,1139,93.9135814219092
400100030000000000,1,1140,93.91834015418293
000101000000101000,1,1141,93.92309888645664
110010010000000100,1,1142,93.92785761873037
000010010010000000,1,1143,93.93261635100409
001000010000100000,1,1144,93.93737508327781
100101000100000100,1,1145,93.94213381555154
000100100000100010,1,1146,93.94689254782526
100001100101000000,1,1147,93.95165128009899
400010110101000000,1,1148,93.9564100123727
100100110101000000,1,1149,93.96116874464643
300001100000000010,1,1150,93.96592747692014
101000100010010100,1,1151,93.97068620919387
100011010001000000,1,1152,93.97544494146759
300111000100000000,1,1153,93.98020367374131
300101000000100010,1,1154,93.98496240601504
030000000000000000,1,1155,93.98972113828876
000101000001000010,1,1156,93.99447987056249
310110000000000000,1,1157,93.9992386028362
401113110000000000,1,1158,94.00399733510993
100001100001000000,1,1159,94.00875606738364
100011100000100001,1,1160,94.01351479965737
300001100010100000,1,1161,94.01827353193109
110301110010100000,1,1162,94.02303226420482
100100000001001010,1,1163,94.02779099647854
110110000000001000,1,1164,94.03254972875226
011000100010000000,1,1165,94.03730846102599
400001010000000000,1,1166,94.0420671932997
100110000101000001,1,1167,94.04682592557343
300000111000000010,1,1168,94.05158465784714
100110001010000010,1,1169,94.05634339012087
300111110000000000,1,1170,94.0611021223946
100110000100000001,1,1171,94.06586085466832
100010000001100000,1,1172,94.07061958694204
100100000000100100,1,1173,94.07537831921576
000000100001000010,1,1174,94.08013705148949
300100311000000000,1,1175,94.0848957837632
100000010010000010,1,1176,94.08965451603693
100101010000100010,1,1177,94.09441324831064
100001110100100001,1,1178,94.09917198058437
110001310000001000,1,1179,94.1039307128581
110001010000100010,1,1180,94.10868944513182
400110100000301000,1,1181,94.11344817740554
100111000100000000,1,1182,94.11820690967926
100001000010000010,1,1183,94.12296564195299
010100010100000010,1,1184,94.1277243742267
100110100000000010,1,1185,94.13248310650043
100000010000001010,1,1186,94.13724183877414
100011100001000010,1,1187,94.14200057104787
010110100001000000,1,1188,94.1467593033216
100010000011000000,1,1189,94.15151803559532
110111000010000000,1,1190,94.15627676786904
300411000000000010,1,1191,94.16103550014276
000101010000000010,1,1192,94.16579423241649
110010000001000010,1,1193,94.1705529646902
110000010000000100,1,1194,94.17531169696393
100000100001100000,1,1195,94.18007042923765
100100010000100110,1,1196,94.18482916151137
300101100000001010,1,1197,94.1895878937851
000310000000000000,1,1198,94.19434662605882
000100110000000110,1,1199,94.19910535833255
000011100010000000,1,1200,94.20386409060626
110000100001100000,1,1201,94.20862282287999
100401100000000000,1,1202,94.2133815551537
400101100000100000,1,1203,94.21814028742743
100100101101000000,1,1204,94.22289901970115
100100010001001000,1,1205,94.22765775197487
100100011000000010,1,1206,94.2324164842486
300010010000000100,1,1207,94.23717521652232
300030010001000000,1,1208,94.24193394879605
000010000101000000,1,1209,94.24669268106976
010111000000100000,1,1210,94.25145141334349
000001010100000101,1,1211,94.2562101456172
010101110000000000,1,1212,94.26096887789093
100030110100100100,1,1213,94.26572761016465
610000000000000000,1,1214,94.27048634243837
100101030101000000,1,1215,94.2752450747121
100000100010000100,1,1216,94.28000380698582
110100030000000000,1,1217,94.28476253925955
300101000000000010,1,1218,94.28952127153326
110100100001000001,1,1219,94.29428000380699
110113010000000000,1,1220,94.2990387360807
100010100100000100,1,1221,94.30379746835443
000101100001000010,1,1222,94.30855620062815
000010010000100010,1,1223,94.31331493290187
100000310010000001,1,1224,94.3180736651756
000110010101000000,1,1225,94.32283239744932
110111010000000000,1,1226,94.32759112972305
300030100000000000,1,1227,94.33234986199676
010110010000100000,1,1228,94.33710859427049
500100000100100001,1,1229,94.3418673265442
100110100000100010,1,1230,94.34662605881793
010000000000000003,1,1231,94.35138479109165
110101040011000000,1,1232,94.35614352336538
100010001000100000,1,1233,94.3609022556391
100011100010100000,1,1234,94.36566098791282
100111101000100010,1,1235,94.37041972018655
000003000000000000,1,1236,94.37517845246026
000011010101000000,1,1237,94.37993718473399
000100001000000010,1,1238,94.3846959170077
110110100000001010,1,1239,94.38945464928143
100011000010100000,1,1240,94.39421338155515
100110110000001000,1,1241,94.39897211382888
000010101000000010,1,1242,94.4037308461026
100131000000000000,1,1243,94.40848957837632
100001100000000010,1,1244,94.41324831065005
300311010101000000,1,1245,94.41800704292376
310400100000000000,1,1246,94.42276577519749
100101010101000001,1,1247,94.4275245074712
000000010010100000,1,1248,94.43228323974493
000301010001000010,1,1249,94.43704197201865
100101010101000000,1,1250,94.44180070429238
100000010011000000,1,1251,94.4465594365661
100100010000000111,1,1252,94.45131816883982
101100100000000000,1,1253,94.45607690111355
300011000001000000,1,1254,94.46083563338726
000000000010010100,1,1255,94.46559436566099
400111000000001000,1,1256,94.4703530979347
100010100000001101,1,1257,94.47511183020843
100011010101000000,1,1258,94.47987056248215
000110001010000000,1,1259,94.48462929475588
100510100000000000,1,1260,94.4893880270296
100001000101000101,1,1261,94.49414675930332
010001010001000000,1,1262,94.49890549157705
000001010000000100,1,1263,94.50366422385076
000101100001000000,1,1264,94.50842295612449
100000100010010100,1,1265,94.5131816883982
000310000000110010,1,1266,94.51794042067193
110011000010000000,1,1267,94.52269915294565
101101001000000000,1,1268,94.52745788521938
100031000011001000,1,1269,94.5322166174931
000010011000000000,1,1270,94.53697534976682
001000000010000100,1,1271,94.54173408204055
010000100000010010,1,1272,94.54649281431426
010110110000000000,1,1273,94.55125154658799
310010000011000000,1,1274,94.5560102788617
000010000000000101,1,1275,94.56076901113543
100110111000000010,1,1276,94.56552774340915
010100100000000010,1,1277,94.57028647568288
100103010000000000,1,1278,94.5750452079566
400110010001000010,1,1279,94.57980394023032
100110010000000100,1,1280,94.58456267250405
010000010010000000,1,1281,94.58932140477776
000000101000000100,1,1282,94.59408013705149
001000000010000300,1,1283,94.5988388693252
100011000000101000,1,1284,94.60359760159893
003000100100010000,1,1285,94.60835633387266
110100000101000000,1,1286,94.61311506614638
310001000000001000,1,1287,94.6178737984201
300011001100000001,1,1288,94.62263253069382
101010000000010100,1,1289,94.62739126296755
100000100000010000,1,1290,94.63214999524126
500011110000000010,1,1291,94.63690872751499
300010000000000011,1,1292,94.6416674597887
110111000000001000,1,1293,94.64642619206244
110100010100000000,1,1294,94.65118492433616
100011100010000000,1,1295,94.65594365660988
000103000000000000,1,1296,94.6607023888836
003000000030040000,1,1297,94.66546112115732
001010100000031000,1,1298,94.67021985343105
000111100100000000,1,1299,94.67497858570476
100131100000000010,1,1300,94.67973731797849
100410131000000000,1,1301,94.6844960502522
001000100010000110,1,1302,94.68925478252594
500011010000000000,1,1303,94.69401351479966
010130000000000100,1,1304,94.69877224707338
310110000000000010,1,1305,94.70353097934711
110010110100000010,1,1306,94.70828971162082
000010000001101000,1,1307,94.71304844389455
110001100000001000,1,1308,94.71780717616826
330100000000000000,1,1309,94.722565908442
110010010100000010,1,1310,94.72732464071571
131001410300000001,1,1311,94.73208337298944
300131010001000000,1,1312,94.73684210526316
101000000010000100,1,1313,94.74160083753688
100010010000010000,1,1314,94.74635956981061
100131000000001000,1,1315,94.75111830208432
100011101101000000,1,1316,94.75587703435805
300000000010100010,1,1317,94.76063576663176
300010000001001000,1,1318,94.7653944989055
110101000000000010,1,1319,94.77015323117921
600130000001001000,1,1320,94.77491196345294
103000300000010000,1,1321,94.77967069572667
300010100000000001,1,1322,94.78442942800038
300000010000000010,1,1323,94.78918816027411
000010011000000010,1,1324,94.79394689254782
001010000000001000,1,1325,94.79870562482155
110013000000000000,1,1326,94.80346435709527
400013100000100000,1,1327,94.808223089369
100113100000000000,1,1328,94.81298182164271
010040010111000000,1,1329,94.81774055391644
010000000001001000,1,1330,94.82249928619017
110111100100000000,1,1331,94.82725801846388
100000100010000001,1,1332,94.83201675073761
100111010101100000,1,1333,94.83677548301132
100011000001100000,1,1334,94.84153421528505
001010010000000000,1,1335,94.84629294755877
100100110100100000,1,1336,94.8510516798325
110000000000101010,1,1337,94.85581041210621
110000100100000001,1,1338,94.86056914437994
010000000000100000,1,1339,94.86532787665367
300001110100000001,1,1340,94.87008660892738
100010000010010000,1,1341,94.87484534120111
500111010000000000,1,1342,94.87960407347482
300011000000001000,1,1343,94.88436280574855
100001110000010010,1,1344,94.88912153802227
000111010001000000,1,1345,94.893880270296
400001000001000000,1,1346,94.89863900256971
400001000100000000,1,1347,94.90339773484344
110001000001100000,1,1348,94.90815646711717
100400100000100000,1,1349,94.91291519939088
100010000000100001,1,1350,94.91767393166461
100011100001100000,1,1351,94.92243266393832
000010300000000001,1,1352,94.92719139621205
100100100000100010,1,1353,94.93195012848577
100000000100100001,1,1354,94.9367088607595
000000100001100010,1,1355,94.94146759303321
310000300001000000,1,1356,94.94622632530694
510010100000000000,1,1357,94.95098505758067
110010300000000000,1,1358,94.95574378985438
310101000100000000,1,1359,94.96050252212811
110110100100100001,1,1360,94.96526125440182
000001100001000010,1,1361,94.97001998667555
000101100100000001,1,1362,94.97477871894927
300000110101000001,1,1363,94.979537451223
110101010100000000,1,1364,94.98429618349671
400101010000000010,1,1365,94.98905491577044
300010000100001000,1,1366,94.99381364804417
100011010000001000,1,1367,94.99857238031788
000001010000000001,1,1368,95.00333111259161
110000011100100001,1,1369,95.00808984486532
300011000001000010,1,1370,95.01284857713905
410100110000000000,1,1371,95.01760730941277
110000100000100010,1,1372,95.0223660416865
100010110100000001,1,1373,95.02712477396021
000010000100100000,1,1374,95.03188350623394
010100000000100101,1,1375,95.03664223850767
100100000001100000,1,1376,95.04140097078138
100010100000010100,1,1377,95.04615970305511
100011101100100000,1,1378,95.05091843532882
011000000000010010,1,1379,95.05567716760255
001000000000100000,1,1380,95.06043589987627
101000110000100001,1,1381,95.06519463215
000010010011000000,1,1382,95.06995336442371
100130000001000000,1,1383,95.07471209669744
100011000010300000,1,1384,95.07947082897117
010000101100000001,1,1385,95.08422956124488
100010310000000000,1,1386,95.08898829351861
100000000001000011,1,1387,95.09374702579233
110011300101000000,1,1388,95.09850575806605
110111100100000001,1,1389,95.10326449033977
310000010001000000,1,1390,95.1080232226135
400301001000000000,1,1391,95.11278195488721
500000010000000000,1,1392,95.11754068716094
100111010000001000,1,1393,95.12229941943467
100110110000000001,1,1394,95.12705815170838
010100110000001000,1,1395,95.13181688398211
000010100100100010,1,1396,95.13657561625583
000100000001000010,1,1397,95.14133434852955
100011000100000010,1,1398,95.14609308080327
101100000010000000,1,1399,95.150851813077
100100000100100000,1,1400,95.15561054535071
000000110000010000,1,1401,95.16036927762444
400010100000000000,1,1402,95.16512800989817
001000000000000010,1,1403,95.16988674217188
110110100000100000,1,1404,95.17464547444561
000010110000101000,1,1405,95.17940420671933
110103000000000100,1,1406,95.18416293899305
010001000000000001,1,1407,95.18892167126677
300001000000010000,1,1408,95.1936804035405
100001000100100000,1,1409,95.19843913581423
110000010000000001,1,1410,95.20319786808794
000000010001000100,1,1411,95.20795660036167
100030010000000000,1,1412,95.21271533263538
300100000000001000,1,1413,95.21747406490911
100000000100000001,1,1414,95.22223279718283
400110000100000000,1,1415,95.22699152945655
000000000101100000,1,1416,95.23175026173027
010010010000000001,1,1417,95.236508994004
101030010000000000,1,1418,95.24126772627773
000110000000010010,1,1419,95.24602645855144
000030010001000000,1,1420,95.25078519082517
300011100010000000,1,1421,95.25554392309888
001000100010000010,1,1422,95.26030265537261
010011000000000001,1,1423,95.26506138764633
000110000111000000,1,1424,95.26982011992006
100001000001000100,1,1425,95.27457885219377
110100110010100001,1,1426,95.2793375844675
110000100000100001,1,1427,95.28409631674123
010011000004000001,1,1428,95.28885504901494
100110100000110000,1,1429,95.29361378128867
000001000010010000,1,1430,95.29837251356238
110111100000000000,1,1431,95.30313124583611
000000000000110000,1,1432,95.30788997810983
000010100000100100,1,1433,95.31264871038356
110011000010100001,1,1434,95.31740744265727
100010310010001001,1,1435,95.322166174931
110000100000010000,1,1436,95.32692490720473
100000011000100000,1,1437,95.33168363947844
300000110000001000,1,1438,95.33644237175217
110010110100000000,1,1439,95.34120110402588
000000301000000000,1,1440,95.34595983629961
310100000001000010,1,1441,95.35071856857333
000000030000000000,1,1442,95.35547730084706
100031000000100000,1,1443,95.36023603312077
100011110300100000,1,1444,95.3649947653945
100001100001100000,1,1445,95.36975349766823
410101000001000000,1,1446,95.37451222994194
001111000000100000,1,1447,95.37927096221567
010000000000010010,1,1448,95.38402969448939
000001110000000000,1,1449,95.38878842676311
000110110001000000,1,1450,95.39354715903683
000011000100000000,1,1451,95.39830589131056
110011100100000000,1,1452,95.40306462358427
110000010300000010,1,1453,95.407823355858
100001000100001000,1,1454,95.41258208813173
300000110000000001,1,1455,95.41734082040544
010100110001000011,1,1456,95.42209955267917
000000100100001000,1,1457,95.42685828495289
300011100000100000,1,1458,95.43161701722661
000100130000000011,1,1459,95.43637574950033
101000100000010100,1,1460,95.44113448177406
100010111000000000,1,1461,95.44589321404777
000110010000100000,1,1462,95.4506519463215
400000030000000000,1,1463,95.45541067859523
100000000011000000,1,1464,95.46016941086894
300000010010000000,1,1465,95.46492814314267
010010100110101000,1,1466,95.46968687541639
100000010111000001,1,1467,95.47444560769011
000000000110000010,1,1468,95.47920433996383
100101000101000000,1,1469,95.48396307223756
400011110300000000,1,1470,95.48872180451127
440110100300000000,1,1471,95.493480536785
110111110000000000,1,1472,95.49823926905873
110000110000100000,1,1473,95.50299800133244
000000110000000010,1,1474,95.50775673360617
000100000100000001,1,1475,95.51251546587989
010000101400000000,1,1476,95.51727419815361
300001100000100000,1,1477,95.52203293042733
000000100101100000,1,1478,95.52679166270106
110001100000100000,1,1479,95.53155039497477
100131000100100000,1,1480,95.5363091272485
110001000000000010,1,1481,95.54106785952223
000000000001100000,1,1482,95.54582659179594
000000001000100000,1,1483,95.55058532406967
600010300000000000,1,1484,95.55534405634339
010000010100000000,1,1485,95.56010278861712
110131000300000000,1,1486,95.56486152089083
100110010100000000,1,1487,95.56962025316456
001000030000000000,1,1488,95.57437898543827
100100110010000001,1,1489,95.579137717712
100000010101001000,1,1490,95.58389644998573
100000000100000010,1,1491,95.58865518225944
000000001000001001,1,1492,95.59341391453317
300001000101000000,1,1493,95.59817264680689
000011000100100000,1,1494,95.60293137908062
100000100110100001,1,1495,95.60769011135433
001000010000000000,1,1496,95.61244884362806
400000100100100000,1,1497,95.61720757590177
000000300100000000,1,1498,95.6219663081755
100011100100000000,1,1499,95.62672504044923
000000310100000000,1,1500,95.63148377272294
000100000100100000,1,1501,95.63624250499667
400000000000000001,1,1502,95.64100123727039
001000100010010040,1,1503,95.64575996954412
110000010101100000,1,1504,95.65051870181783
100000000000300000,1,1505,95.65527743409156
500101110000001000,1,1506,95.66003616636527
100011000100100000,1,1507,95.664794898639
040000000000000000,1,1508,95.66955363091273
010110000000000000,1,1509,95.67431236318644
500111100000000000,1,1510,95.67907109546017
400000110401000000,1,1511,95.68382982773389
110000100101000001,1,1512,95.68858856000762
100001010000000010,1,1513,95.69334729228133
000031000000000000,1,1514,95.69810602455506
101000000000001000,1,1515,95.70286475682877
100010100000100011,1,1516,95.7076234891025
100000100010010000,1,1517,95.71238222137623
100001000010100000,1,1518,95.71714095364995
500100100000100000,1,1519,95.72189968592367
110010010100000000,1,1520,95.72665841819739
001000100100000000,1,1521,95.73141715047112
510010000001000000,1,1522,95.73617588274483
310111310100000000,1,1523,95.74093461501856
100000100300000000,1,1524,95.74569334729229
100000010000100011,1,1525,95.750452079566
100001310000000000,1,1526,95.75521081183973
130010000300000000,1,1527,95.75996954411345
130000010100000000,1,1528,95.76472827638717
100000400000000000,1,1529,95.76948700866089
111000100000000100,1,1530,95.77424574093462
400000111100000000,1,1531,95.77900447320833
400000100000100000,1,1532,95.78376320548206
300010100110000001,1,1533,95.78852193775579
010010110100000000,1,1534,95.7932806700295
100000110100000001,1,1535,95.79803940230323
500010310000000000,1,1536,95.80279813457695
000000100100000100,1,1537,95.80755686685067
000101000000100001,1,1538,95.81231559912439
010000001000000000,1,1539,95.81707433139812
001000100000000001,1,1540,95.82183306367183
300000100400000000,1,1541,95.82659179594556
000011100001000000,1,1542,95.83135052821929
100000000000110001,1,1543,95.836109260493
101010100000100000,1,1544,95.84086799276673
100000100110000000,1,1545,95.84562672504045
100010000000110000,1,1546,95.85038545731418
100000110101000001,1,1547,95.85514418958789
310000000000000001,1,1548,95.85990292186162
010000010000100000,1,1549,95.86466165413533
100000110000001000,1,1550,95.86942038640906
000000000000011000,1,1551,95.87417911868279
110300000000000000,1,1552,95.8789378509565
100300000101000000,1,1553,95.88369658323023
030001000000000000,1,1554,95.88845531550395
300010000001101000,1,1555,95.89321404777768
300000000000100000,1,1556,95.89797278005139
000010000100000100,1,1557,95.90273151232512
100011000000000100,1,1558,95.90749024459883
000010010000000001,1,1559,95.91224897687256
100110011100000000,1,1560,95.91700770914629
100010000001000010,1,1561,95.92176644142
100001010100100010,1,1562,95.92652517369373
500101100300000000,1,1563,95.93128390596745
100110000000101000,1,1564,95.93604263824118
100100100001100000,1,1565,95.94080137051489
000001010101100000,1,1566,95.94556010278862
010000010101000001,1,1567,95.95031883506233
100100000000000011,1,1568,95.95507756733606
300010000000101011,1,1569,95.95983629960979
010000100000000001,1,1570,95.9645950318835
010100100000000001,1,1571,95.96935376415723
100001300300000000,1,1572,95.97411249643095
001010000000100100,1,1573,95.97887122870468
000001000101100000,1,1574,95.98362996097839
100000101000100001,1,1575,95.98838869325212
000001000100001000,1,1576,95.99314742552583
100101100100010000,1,1577,95.99790615779956
410110100010000011,1,1578,96.00266489007329
110010110300100000,1,1579,96.007423622347
100000100000101000,1,1580,96.01218235462073
300010000100100000,1,1581,96.01694108689445
100000010401000000,1,1582,96.02169981916818
100010110000000001,1,1583,96.02645855144189
100110001000001000,1,1584,96.03121728371562
130010010000000000,1,1585,96.03597601598933
100000000100000111,1,1586,96.04073474826306
310010100000100000,1,1587,96.04549348053679
110000110100000001,1,1588,96.0502522128105
110000300000100000,1,1589,96.05501094508423
100010100300300000,1,1590,96.05976967735795
300000010110000000,1,1591,96.06452840963168
010000000100000100,1,1592,96.06928714190539
110000110101100003,1,1593,96.07404587417912
100000010101000001,1,1594,96.07880460645283
400000110000000000,1,1595,96.08356333872656
010000100100100000,1,1596,96.08832207100029
300010100000101000,1,1597,96.093080803274
110000010400000000,1,1598,96.09783953554773
000001000000100001,1,1599,96.10259826782145
100110110101000000,1,1600,96.10735700009518
000100100101100001,1,1601,96.11211573236889
100010000101001000,1,1602,96.11687446464262
100000101000000010,1,1603,96.12163319691633
110310000000000000,1,1604,96.12639192919006
110301000001000000,1,1605,96.13115066146379
110010000101000000,1,1606,96.1359093937375
000111010010000000,1,1607,96.14066812601124
000000110100000000,1,1608,96.14542685828495
100100110100100100,1,1609,96.15018559055868
000000030010000000,1,1610,96.15494432283239
000000100010100000,1,1611,96.15970305510612
010010000000100000,1,1612,96.16446178737984
000011300000000000,1,1613,96.16922051965356
100000000000001001,1,1614,96.17397925192729
300110400100000000,1,1615,96.178737984201
310000010000000001,1,1616,96.18349671647474
100010000000101000,1,1617,96.18825544874845
000110100101100000,1,1618,96.19301418102218
010010100010000001,1,1619,96.19777291329589
300311000000000000,1,1620,96.20253164556962
600110110000000000,1,1621,96.20729037784334
110010110000000001,1,1622,96.21204911011706
100110300000101010,1,1623,96.21680784239079
001000300010010000,1,1624,96.22156657466451
110010100101000001,1,1625,96.22632530693824
100110000000100010,1,1626,96.23108403921195
100110100000100100,1,1627,96.23584277148568
000000300010000100,1,1628,96.2406015037594
100100000000100010,1,1629,96.24536023603312
100010110110100000,1,1630,96.25011896830684
400000101000000000,1,1631,96.25487770058056
100110010001000100,1,1632,96.2596364328543
100000110010000011,1,1633,96.26439516512801
000000001101000000,1,1634,96.26915389740174
500101110000000000,1,1635,96.27391262967545
000100110000000001,1,1636,96.27867136194918
000000410101000001,1,1637,96.2834300942229
100000100100000001,1,1638,96.28818882649662
000100110100000000,1,1639,96.29294755877034
110100001100000000,1,1640,96.29770629104407
000110000010100000,1,1641,96.3024650233178
110000001000100000,1,1642,96.30722375559151
010110100000100000,1,1643,96.31198248786524
000001110010000000,1,1644,96.31674122013895
300310000000100000,1,1645,96.32149995241268
000010001100000000,1,1646,96.3262586846864
600111110100000000,1,1647,96.33101741696012
000010000000100100,1,1648,96.33577614923385
000111000000000010,1,1649,96.34053488150757
000110100000100010,1,1650,96.3452936137813
000301000000000000,1,1651,96.35005234605501
300110000000100000,1,1652,96.35481107832874
110100000001000000,1,1653,96.35956981060245
010100110110000000,1,1654,96.36432854287618
300100000110000000,1,1655,96.3690872751499
100100001101001000,1,1656,96.37384600742362
001101100000000000,1,1657,96.37860473969735
100311100100000010,1,1658,96.38336347197107
010100001000000000,1,1659,96.3881222042448
010110000100000000,1,1660,96.39288093651851
010100310001000000,1,1661,96.39763966879224
010100110010000001,1,1662,96.40239840106595
300410010000000010,1,1663,96.40715713333968
510110000000000000,1,1664,96.4119158656134
010000300100000000,1,1665,96.41667459788712
100110000001000001,1,1666,96.42143333016085
000000010110000000,1,1667,96.42619206243457
110101010010000000,1,1668,96.4309507947083
010101100010000001,1,1669,96.43570952698201
000010110010000000,1,1670,96.44046825925574
100110101010000000,1,1671,96.44522699152945
110110310000000000,1,1672,96.44998572380318
110000100000000001,1,1673,96.4547444560769
010100010000100000,1,1674,96.45950318835062
100001110000100000,1,1675,96.46426192062435
400111100000101010,1,1676,96.46902065289807
000100000101000000,1,1677,96.4737793851718
100100111000100000,1,1678,96.47853811744551
010100100001000100,1,1679,96.48329684971924
000100100010000001,1,1680,96.48805558199295
010010000001000000,1,1681,96.49281431426668
000010000110000001,1,1682,96.4975730465404
100000000100000100,1,1683,96.50233177881412
100310000000000000,1,1684,96.50709051108785
000000010000001000,1,1685,96.51184924336157
300100010001000010,1,1686,96.5166079756353
110100000000001100,1,1687,96.52136670790901
110101110000000000,1,1688,96.52612544018274
300010010001000010,1,1689,96.53088417245645
101110010000000000,1,1690,96.53564290473018
101410000000000010,1,1691,96.5404016370039
000110011000001000,1,1692,96.54516036927762
101000000100000000,1,1693,96.54991910155135
111000000000000000,1,1694,96.55467783382507
100000100010100001,1,1695,96.5594365660988
000110000000100010,1,1696,96.56419529837251
000100000010000010,1,1697,96.56895403064624
100301110000000000,1,1698,96.57371276291995
110111010001000000,1,1699,96.57847149519368
010000110100000001,1,1700,96.5832302274674
010101000010000000,1,1701,96.58798895974112
000001110000000001,1,1702,96.59274769201485
100110000101000000,1,1703,96.59750642428857
110000110000000001,1,1704,96.6022651565623
400100000100000000,1,1705,96.60702388883601
000010000100000001,1,1706,96.61178262110974
500101000000000000,1,1707,96.61654135338345
300110010000000010,1,1708,96.62130008565718
110100111010100000,1,1709,96.6260588179309
300101000000100000,1,1710,96.63081755020463
000010000000100001,1,1711,96.63557628247835
111000000010100000,1,1712,96.64033501475207
000010010000000100,1,1713,96.6450937470258
100100010001010000,1,1714,96.64985247929951
300010100010000001,1,1715,96.65461121157324
100100010011100000,1,1716,96.65936994384695
010101100000000010,1,1717,96.66412867612068
010101110000000100,1,1718,96.6688874083944
351110310100000000,1,1719,96.67364614066813
100100000001000001,1,1720,96.67840487294185
110000010001100001,1,1721,96.68316360521557
300010000001100000,1,1722,96.6879223374893
100100110000000101,1,1723,96.69268106976301
100100001000000010,1,1724,96.69743980203674
100011110000000000,1,1725,96.70219853431045
100000300000100000,1,1726,96.70695726658418
110001000000100000,1,1727,96.7117159988579
110101000100100000,1,1728,96.71647473113163
000000100101000001,1,1729,96.72123346340535
010100100000100000,1,1730,96.72599219567907
110000100101000000,1,1731,96.7307509279528
000301010000000000,1,1732,96.73550966022651
010100110010000000,1,1733,96.74026839250024
010000010001000000,1,1734,96.74502712477396
100001000101000001,1,1735,96.74978585704768
300110010010000000,1,1736,96.7545445893214
000000001000000010,1,1737,96.75930332159513
100010000001001000,1,1738,96.76406205386886
300101010100100000,1,1739,96.76882078614257
001000000000010001,1,1740,96.7735795184163
010100000000100000,1,1741,96.77833825069001
100301000100100001,1,1742,96.78309698296374
100501100000100000,1,1743,96.78785571523746
100101100001000001,1,1744,96.79261444751118
100101011000000000,1,1745,96.7973731797849
100010110101000000,1,1746,96.80213191205863
510111100000000000,1,1747,96.80689064433236
030110000000001000,1,1748,96.81164937660607
301500100000000000,1,1749,96.8164081088798
000030100100000000,1,1750,96.82116684115351
000131100000001000,1,1751,96.82592557342724
300000110101000000,1,1752,96.83068430570096
100110110001000000,1,1753,96.83544303797468
100110101000100000,1,1754,96.8402017702484
010000110170000000,1,1755,96.84496050252213
101110100000001000,1,1756,96.84971923479586
000110010100000000,1,1757,96.85447796706957
001001000000000000,1,1758,96.8592366993433
110000110001000000,1,1759,96.86399543161701
010000010101000000,1,1760,96.86875416389074
500101000100000000,1,1761,96.87351289616446
300400100000100000,1,1762,96.87827162843818
000001010000101000,1,1763,96.88303036071191
001110000000000000,1,1764,96.88778909298563
100110300010000000,1,1765,96.89254782525936
800100100000000000,1,1766,96.89730655753307
100011110000000100,1,1767,96.9020652898068
300311100100000000,1,1768,96.90682402208051
330000010140000010,1,1769,96.91158275435424
100110104101000000,1,1770,96.91634148662796
300001100000001011,1,1771,96.92110021890169
110001100001001000,1,1772,96.92585895117541
003000000000000000,1,1773,96.93061768344913
310101110000000000,1,1774,96.93537641572286
100100001000001000,1,1775,96.94013514799657
400100100100000000,1,1776,96.9448938802703
100030110000000000,1,1777,96.94965261254401
100011000000011000,1,1778,96.95441134481774
000100110000101000,1,1779,96.95917007709146
010000101110000010,1,1780,96.96392880936519
310000300000000000,1,1781,96.96868754163891
110010100010000010,1,1782,96.97344627391263
110000110010000000,1,1783,96.97820500618636
301310100000000000,1,1784,96.98296373846007
010100000000001000,1,1785,96.9877224707338
110000110000001000,1,1786,96.99248120300751
000000000000030000,1,1787,96.99723993528124
110001000000001010,1,1788,97.00199866755496
600000000000000000,1,1789,97.00675739982869
400101010100000000,1,1790,97.01151613210241
311110300100100000,1,1791,97.01627486437613
110100310300100000,1,1792,97.02103359664986
000100111000000000,1,1793,97.02579232892357
100100300000000010,1,1794,97.0305510611973
310100300001000000,1,1795,97.03530979347101
100001100010100000,1,1796,97.04006852574474
100000010010000001,1,1797,97.04482725801846
000100000000100010,1,1798,97.04958599029219
000000100000000011,1,1799,97.05434472256592
700100101010000000,1,1800,97.05910345483963
000400100000000000,1,1801,97.06386218711336
100310000000001000,1,1802,97.06862091938707
103011000000000000,1,1803,97.0733796516608
300010000000100000,1,1804,97.07813838393452
000000110000001000,1,1805,97.08289711620824
400001101000000010,1,1806,97.08765584848196
100300110000000010,1,1807,97.09241458075569
110010100110000000,1,1808,97.09717331302942
100001101000000000,1,1809,97.10193204530313
310100600000000000,1,1810,97.10669077757686
500100100000003000,1,1811,97.11144950985057
100100100110000000,1,1812,97.1162082421243
100001000000011000,1,1813,97.12096697439802
400001100000001000,1,1814,97.12572570667174
110000010100000010,1,1815,97.13048443894546
400410100000000000,1,1816,97.13524317121919
100001111000000000,1,1817,97.14000190349292
303000700000010000,1,1818,97.14476063576663
000300100000000000,1,1819,97.14951936804036
300100000100100000,1,1820,97.15427810031407
000111100010000100,1,1821,97.1590368325878
310100110000000000,1,1822,97.16379556486152
510100100000000000,1,1823,97.16855429713524
100301300000000000,1,1824,97.17331302940896
000301100000000000,1,1825,97.17807176168269
000010100010000000,1,1826,97.18283049395642
100110111100001010,1,1827,97.18758922623013
100100100010001000,1,1828,97.19234795850386
300130100000000000,1,1829,97.19710669077757
300110100001000000,1,1830,97.2018654230513
010110110001000000,1,1831,97.20662415532502
000010000011000010,1,1832,97.21138288759875
310001110101011000,1,1833,97.21614161987246
100010100110000000,1,1834,97.22090035214619
300101101000000000,1,1835,97.22565908441992
110000100101000010,1,1836,97.23041781669363
001100100000000000,1,1837,97.23517654896736
110100110100000000,1,1838,97.23993528124107
000030100000000000,1,1839,97.2446940135148
600000510000000000,1,1840,97.24945274578852
010101000000000001,1,1841,97.25421147806225
100311100000000000,1,1842,97.25897021033596
100001001001000000,1,1843,97.26372894260969
400000100010000000,1,1844,97.26848767488342
110310100000001000,1,1845,97.27324640715713
110000000111000000,1,1846,97.27800513943086
000010110101000000,1,1847,97.28276387170457
000510100000000000,1,1848,97.2875226039783
010000010000000001,1,1849,97.29228133625202
100000300000000011,1,1850,97.29704006852575
000401100000000000,1,1851,97.30179880079946
010410000100000000,1,1852,97.30655753307319
000111110100000000,1,1853,97.31131626534692
110111010000001000,1,1854,97.31607499762063
100100100040000000,1,1855,97.32083372989436
000001100000000100,1,1856,97.32559246216807
000000100030000000,1,1857,97.3303511944418
400101000010000000,1,1858,97.33510992671552
1410310514000010001,1,1859,97.33986865898925
610131140000000111,1,1860,97.34462739126296
1250300101030000100,1,1861,97.34938612353669
7101012411100000000,1,1862,97.35414485581042
1111810801100110000,1,1863,97.35890358808413
9101111240000100011,1,1864,97.36366232035786
310101110101100000,1,1865,97.36842105263158
010010100100000000,1,1866,97.3731797849053
010000010000001000,1,1867,97.37793851717902
600000100000001000,1,1868,97.38269724945275
110000000040000100,1,1869,97.38745598172646
000000000040001000,1,1870,97.39221471400019
300110100010000000,1,1871,97.39697344627392
110100000000000010,1,1872,97.40173217854763
100010100111000000,1,1873,97.40649091082136
110010100100000000,1,1874,97.41124964309508
1001011530000000000,1,1875,97.4160083753688
4100101210001000100,1,1876,97.42076710764252
350001700100000000,1,1877,97.42552583991625
930000501100000000,1,1878,97.43028457218996
730100700001000000,1,1879,97.43504330446369
8300001010000000000,1,1880,97.43980203673742
130001830010000110,1,1881,97.44456076901113
1310510511111000110,1,1882,97.44931950128486
610510111010110100,1,1883,97.45407823355858
500100310000000000,1,1884,97.4588369658323
2410110531100000100,1,1885,97.46359569810602
3110011240000001000,1,1886,97.46835443037975
540010040011000000,1,1887,97.47311316265348
1430101480140000011,1,1888,97.47787189492719
170000400000000000,1,1889,97.48263062720092
1110100101000000100,1,1890,97.48738935947463
440300911100000010,1,1891,97.49214809174836
040000400100000000,1,1892,97.49690682402208
1181010151000100000,1,1893,97.5016655562958
340000700100000000,1,1894,97.50642428856952
610000310000000000,1,1895,97.51118302084325
140000111000000000,1,1896,97.51594175311698
000000700100000000,1,1897,97.52070048539069
170010600000000000,1,1898,97.52545921766442
000010111000000000,1,1899,97.53021794993813
1310110410110000000,1,1900,97.53497668221186
610010710000010000,1,1901,97.53973541448558
611303810000000010,1,1902,97.5444941467593
1301014111110000000,1,1903,97.54925287903302
740000710000000000,1,1904,97.55401161130675
330111940010000000,1,1905,97.55877034358048
1100311630010001101,1,1906,97.56352907585419
2251110301000000100,1,1907,97.56828780812792
710000101000000000,1,1908,97.57304654040163
150000610100000000,1,1909,97.57780527267536
440010110000000001,1,1910,97.58256400494908
1740410510100000010,1,1911,97.5873227372228
360000310100000000,1,1912,97.59208146949652
730100500000000000,1,1913,97.59684020177025
531030130000000000,1,1914,97.60159893404398
630000170010000000,1,1915,97.60635766631769
940001310001000000,1,1916,97.61111639859142
310011300101000101,1,1917,97.61587513086513
700011630001101000,1,1918,97.62063386313886
1150010415101001100,1,1919,97.62539259541258
040000510000000000,1,1920,97.6301513276863
10100011010100010000,1,1921,97.63491005996002
1100001100000000000,1,1922,97.63966879223375
870000100000000000,1,1923,97.64442752450748
1443301314100001000,1,1924,97.64918625678119
530100430000000000,1,1925,97.65394498905492
010100100001000000,1,1926,97.65870372132864
1210030043013301101,1,1927,97.66346245360236
950010604000000100,1,1928,97.66822118587608
3101011001100001111,1,1929,97.6729799181498
510100911300000010,1,1930,97.67773865042352
1313030051010101001,1,1931,97.68249738269725
410100811010000101,1,1932,97.68725611497098
910101410000000000,1,1933,97.69201484724469
510150414100000001,1,1934,97.69677357951842
2010030110000000000,1,1935,97.70153231179214
660000700000000000,1,1936,97.70629104406586
850001150010000000,1,1937,97.71104977633958
810010100000000000,1,1938,97.7158085086133
1003001211100000010,1,1939,97.72056724088702
150011010000000000,1,1940,97.72532597316075
511111031000001000,1,1941,97.73008470543448
410100511000000000,1,1942,97.7348434377082
1110100113100000000,1,1943,97.73960216998192
1440100100000000100,1,1944,97.74436090225564
310001110000000000,1,1945,97.74911963452936
010310310100000000,1,1946,97.75387836680308
411111103011000101,1,1947,97.75863709907681
000101500000001010,1,1948,97.76339583135052
610000800000000100,1,1949,97.76815456362425
1000010130000000101,1,1950,97.77291329589798
5300001001101100000,1,1951,97.7776720281717
360000410100000000,1,1952,97.78243076044542
1600101110000000100,1,1953,97.78718949271914
1110131011000104100,1,1954,97.79194822499286
460000000001000000,1,1955,97.79670695726658
911100111100101110,1,1956,97.80146568954031
900011110000000000,1,1957,97.80622442181402
2160030011001100000,1,1958,97.81098315408775
330000100600000000,1,1959,97.81574188636148
1310140031000001010,1,1960,97.8205006186352
140000911000000000,1,1961,97.82525935090892
530100931000000000,1,1962,97.83001808318264
410001631001000000,1,1963,97.83477681545637
100510310000100001,1,1964,97.83953554773008
700010110000000000,1,1965,97.84429428000381
710000310000000000,1,1966,97.84905301227752
110010000001000100,1,1967,97.85381174455125
000000001001000000,1,1968,97.85857047682498
5300011510000010000,1,1969,97.8633292090987
910000100000000000,1,1970,97.86808794137242
110000111000100000,1,1971,97.87284667364614
410100811110000010,1,1972,97.87760540591987
140001700000000000,1,1973,97.88236413819358
711100761110000010,1,1974,97.88712287046731
510010100100000000,1,1975,97.89188160274102
100110300000000000,1,1976,97.89664033501475
14113101461030100000,1,1977,97.90139906728848
100000001100000000,1,1978,97.9061577995622
150000010001000000,1,1979,97.91091653183592
550001110000000100,1,1980,97.91567526410964
2031110110000010101,1,1981,97.92043399638337
1101011010000000010,1,1982,97.92519272865708
110000510000000000,1,1983,97.92995146093081
1001010130100010001,1,1984,97.93471019320452
760000110000000000,1,1985,97.93946892547825
710000101000000100,1,1986,97.94422765775198
510030115001301101,1,1987,97.9489863900257
330000460000000010,1,1988,97.95374512229942
610100030000000000,1,1989,97.95850385457314
430000011000000100,1,1990,97.96326258684687
700111010000001101,1,1991,97.96802131912058
110000600000000000,1,1992,97.97278005139431
010000110100000000,1,1993,97.97753878366802
450000000100000000,1,1994,97.98229751594175
101000400010001000,1,1995,97.98705624821548
110000000000000001,1,1996,97.9918149804892
010101100100000000,1,1997,97.99657371276292
190011131003000000,1,1998,98.00133244503664
410001100000000000,1,1999,98.00609117731037
430111631000000000,1,2000,98.01084990958408
100100700100000000,1,2001,98.01560864185781
311000610000001000,1,2002,98.02036737413154
910010111000000100,1,2003,98.02512610640525
510101113000000100,1,2004,98.02988483867898
700111301100000010,1,2005,98.0346435709527
8300111410000011010,1,2006,98.03940230322642
1610161311000000111,1,2007,98.04416103550014
330011030000000000,1,2008,98.04891976777387
611100960000010000,1,2009,98.05367850004758
510000110100000000,1,2010,98.05843723232131
040000311003000000,1,2011,98.06319596459504
710010501000000001,1,2012,98.06795469686875
700010101001000000,1,2013,98.07271342914248
2411161100000100000,1,2014,98.0774721614162
2550050051000000101,1,2015,98.08223089368992
140000130100000000,1,2016,98.08698962596364
430010110000000000,1,2017,98.09174835823737
3601001201100000001,1,2018,98.09650709051108
1710101300000100000,1,2019,98.10126582278481
710110131011000000,1,2020,98.10602455505854
430010510001100001,1,2021,98.11078328733225
330000000000000000,1,2022,98.11554201960598
610101400000000010,1,2023,98.1203007518797
100110101000000000,1,2024,98.12505948415343
6000011200000000000,1,2025,98.12981821642714
800000101100000000,1,2026,98.13457694870087
630000710000000100,1,2027,98.13933568097458
950010101000000000,1,2028,98.14409441324831
110000130000000000,1,2029,98.14885314552204
1510011711010100110,1,2030,98.15361187779575
500000610000000000,1,2031,98.15837061006948
611141111001111100,1,2032,98.1631293423432
100010600000000000,1,2033,98.16788807461693
300000300000000000,1,2034,98.17264680689064
1050000110000000000,1,2035,98.17740553916437
1210060011010000601,1,2036,98.18216427143808
610000110000000000,1,2037,98.18692300371181
3100001200000000000,1,2038,98.19168173598554
1500101810010000101,1,2039,98.19644046825925
340100500000000001,1,2040,98.20119920053298
110001110001000000,1,2041,98.2059579328067
010000310000000000,1,2042,98.21071666508043
1211311810000100110,1,2043,98.21547539735414
310101100001000010,1,2044,98.22023412962787
7103011800000010110,1,2045,98.22499286190158
000300000100000000,1,2046,98.22975159417531
1010000100000000000,1,2047,98.23451032644904
810311113303000000,1,2048,98.23926905872275
11301001303300110100,1,2049,98.24402779099648
2500110310001001000,1,2050,98.2487865232702
460000300000000000,1,2051,98.25354525554393
150000101003000000,1,2052,98.25830398781764
1210100401000000000,1,2053,98.26306272009137
310101110100000000,1,2054,98.26782145236508
511110111100000000,1,2055,98.27258018463881
400111100000000100,1,2056,98.27733891691254
530000111000000000,1,2057,98.28209764918626
691000110011000000,1,2058,98.28685638145998
070000900000000000,1,2059,98.2916151137337
110000100100000010,1,2060,98.29637384600743
1210060011000001401,1,2061,98.30113257828114
3560330640110301100,1,2062,98.30589131055487
100100100000001001,1,2063,98.31065004282858
150010100100000000,1,2064,98.31540877510231
460100101100000000,1,2065,98.32016750737604
800111410000000000,1,2066,98.32492623964976
540100410000000100,1,2067,98.32968497192348
600100300100000000,1,2068,98.3344437041972
1000011200000000000,1,2069,98.33920243647093
6106111011301000110,1,2070,98.34396116874464
510060001001001100,1,2071,98.34871990101837
000001710000000010,1,2072,98.35347863329208
360000400000000000,1,2073,98.35823736556581
1110000411000000000,1,2074,98.36299609783954
2300130480111100110,1,2075,98.36775483011326
710110110000000000,1,2076,98.37251356238698
1340000503000100300,1,2077,98.3772722946607
110011701000000000,1,2078,98.38203102693443
100100500101000000,1,2079,98.38678975920814
9001001010000130000,1,2080,98.39154849148187
810100111000000001,1,2081,98.39630722375558
540000411000000000,1,2082,98.40106595602931
1710411710000101300,1,2083,98.40582468830304
1010000111000000000,1,2084,98.41058342057676
1411131610000300000,1,2085,98.41534215285049
130100900000000000,1,2086,98.4201008851242
1510100101100000000,1,2087,98.42485961739793
350100300001000000,1,2088,98.42961834967164
630000411100000000,1,2089,98.43437708194537
440000700000000000,1,2090,98.43913581421909
730101700001000000,1,2091,98.44389454649281
370000000000000000,1,2092,98.44865327876654
300000500000000000,1,2093,98.45341201104026
330111610100000000,1,2094,98.45817074331399
310100300100000000,1,2095,98.4629294755877
510000601000000000,1,2096,98.46768820786143
700010400000000000,1,2097,98.47244694013514
810301300100000000,1,2098,98.47720567240887
100101101100010000,1,2099,98.48196440468259
310100500000010000,1,2100,98.48672313695631
311106780000010001,1,2101,98.49148186923004
6004101300011130101,1,2102,98.49624060150376
741100113110010001,1,2103,98.50099933377749
110000610100000000,1,2104,98.5057580660512
3311001830031000010,1,2105,98.51051679832493
651001931100010000,1,2106,98.51527553059864
6110111011001111000,1,2107,98.52003426287237
3100111010000001010,1,2108,98.52479299514609
310000130000000000,1,2109,98.52955172741981
1030001110000000001,1,2110,98.53431045969354
810000330000000000,1,2111,98.53906919196726
400000500000000000,1,2112,98.54382792424099
700710101000010010,1,2113,98.5485866565147
590000310000000000,1,2114,98.55334538878843
1130000610001000010,1,2115,98.55810412106214
1400130901000000100,1,2116,98.56286285333587
700100013000100000,1,2117,98.56762158560959
13015111830101011010,1,2118,98.57238031788332
1130000410000000100,1,2119,98.57713905015704
300101300000000000,1,2120,98.58189778243076
1210030051013300000,1,2121,98.58665651470449
300510410000000000,1,2122,98.5914152469782
410000410000000000,1,2123,98.59617397925193
880000110000000000,1,2124,98.60093271152564
350100410010000000,1,2125,98.60569144379937
410010311000001000,1,2126,98.6104501760731
510001131000000000,1,2127,98.61520890834682
1600311301000430101,1,2128,98.61996764062054
2010030400001000000,1,2129,98.62472637289426
010000500000000000,1,2130,98.62948510516799
1541030091001001000,1,2131,98.6342438374417
650110531101000001,1,2132,98.63900256971543
310105710100001010,1,2133,98.64376130198914
330000010000000000,1,2134,98.64852003426287
340000611000000100,1,2135,98.6532787665366
310110111010000100,1,2136,98.65803749881032
700000001000000100,1,2137,98.66279623108404
510100101100000010,1,2138,98.66755496335776
1210100311100000000,1,2139,98.67231369563149
1010000110000000000,1,2140,98.6770724279052
1250110151001000000,1,2141,98.68183116017893
1730170003000101100,1,2142,98.68658989245264
910100510000000100,1,2143,98.69134862472637
700501900000000100,1,2144,98.6961073570001
1310010111000000000,1,2145,98.70086608927382
1464010641010100100,1,2146,98.70562482154754
500000410000000000,1,2147,98.71038355382126
430000400000000000,1,2148,98.71514228609499
150000600100000000,1,2149,98.7199010183687
510111710000000000,1,2150,98.72465975064243
510000700100000000,1,2151,98.72941848291615
610110111010000000,1,2152,98.73417721518987
710010110000000001,1,2153,98.7389359474636
6101011240110000000,1,2154,98.74369467973732
610000100100000000,1,2155,98.74845341201105
030000410000000000,1,2156,98.75321214428476
1610000101000000000,1,2157,98.75797087655849
9300111170010000000,1,2158,98.7627296088322
610000501000000000,1,2159,98.76748834110593
550000600000000000,1,2160,98.77224707337965
110000101000000000,1,2161,98.77700580565337
1010000101000000000,1,2162,98.7817645379271
630130011001000303,1,2163,98.78652327020082
1030010011001000000,1,2164,98.79128200247455
410000010000000000,1,2165,98.79604073474826
1110060111001101100,1,2166,98.80079946702199
710100400100000000,1,2167,98.8055581992957
810111115103000000,1,2168,98.81031693156943
101001131001000000,1,2169,98.81507566384315
411000510010001000,1,2170,98.81983439611687
100100800000000000,1,2171,98.8245931283906
810000131010100001,1,2172,98.82935186066432
160000130003001001,1,2173,98.83411059293805
510301900100010100,1,2174,98.83886932521176
1610140135000001001,1,2175,98.84362805748549
000100410000000001,1,2176,98.8483867897592
3000011100000000000,1,2177,98.85314552203293
570111410101010011,1,2178,98.85790425430665
1500011060100000000,1,2179,98.86266298658037
610000003000000000,1,2180,98.8674217188541
6101001400000000000,1,2181,98.87218045112782
011000350000010010,1,2182,98.87693918340155
110001410000000000,1,2183,98.88169791567526
801110701001110110,1,2184,98.88645664794899
0310012300100010011,1,2185,98.8912153802227
170000410100000000,1,2186,98.89597411249643
1600103111011001000,1,2187,98.90073284477015
0100001200000000000,1,2188,98.90549157704388
530101900400000000,1,2189,98.9102503093176
310001000000000000,1,2190,98.91500904159132
400000401101000000,1,2191,98.91976777386505
740110111000000000,1,2192,98.92452650613876
711000430010000010,1,2193,98.92928523841249
1210100801000000000,1,2194,98.9340439706862
110000410300000000,1,2195,98.93880270295993
160000100000000000,1,2196,98.94356143523365
310111801100010031,1,2197,98.94832016750738
1300000801000000000,1,2198,98.9530788997811
1130100301100000000,1,2199,98.95783763205482
510311801000010011,1,2200,98.96259636432855
530010113001101001,1,2201,98.96735509660226
500000103000000000,1,2202,98.97211382887599
110001300010000010,1,2203,98.9768725611497
110010700000100000,1,2204,98.98163129342343
1040011061000101000,1,2205,98.98639002569715
330100300101000000,1,2206,98.99114875797088
1110300114100000000,1,2207,98.9959074902446
410100810311000101,1,2208,99.00066622251832
171000110000000110,1,2209,99.00542495479205
5630100140011000100,1,2210,99.01018368706576
130111100101000000,1,2211,99.01494241933949
910510600400010000,1,2212,99.0197011516132
710010011000000300,1,2213,99.02445988388693
111000410010000000,1,2214,99.02921861616065
1000110010000000000,1,2215,99.03397734843438
4301101111001000000,1,2216,99.0387360807081
1301310410100110110,1,2217,99.04349481298182
0311032310100010010,1,2218,99.04825354525555
410010100000000000,1,2219,99.05301227752926
300000000100100100,1,2220,99.05777100980299
1541110010001103000,1,2221,99.0625297420767
1531140001001000101,1,2222,99.06728847435043
1411100003001110100,1,2223,99.07204720662415
940110610100000001,1,2224,99.07680593889788
930100330110000100,1,2225,99.0815646711716
1111011010130000010,1,2226,99.08632340344532
2200110100000000000,1,2227,99.09108213571905
630100511001000000,1,2228,99.09584086799276
411101161000000011,1,2229,99.10059960026649
511110150010000111,1,2230,99.1053583325402
910190003001000300,1,2231,99.11011706481393
300110100110000000,1,2232,99.11487579708765
801000140000000000,1,2233,99.11963452936138
5001031000001010011,1,2234,99.1243932616351
100101710110110111,1,2235,99.12915199390882
1010011210010000000,1,2236,99.13391072618255
1300300100000000000,1,2237,99.13866945845626
1440630741000010100,1,2238,99.14342819072999
940130104110100101,1,2239,99.1481869230037
1340001110110100000,1,2240,99.15294565527743
640111511301001111,1,2241,99.15770438755116
110100500001000000,1,2242,99.16246311982488
710011741010100100,1,2243,99.1672218520986
610100601001000010,1,2244,99.17198058437232
600100311100000110,1,2245,99.17673931664605
910111640100000000,1,2246,99.18149804891976
440000540000000000,1,2247,99.18625678119349
110000430110001001,1,2248,99.1910155134672
410110031011000101,1,2249,99.19577424574094
110301600010100030,1,2250,99.20053297801466
830010750100001000,1,2251,99.20529171028838
130000301000000000,1,2252,99.2100504425621
110001500000000000,1,2253,99.21480917483582
940010006001001100,1,2254,99.21956790710955
541000171001000000,1,2255,99.22432663938326
310011110000000000,1,2256,99.22908537165699
310101400000100010,1,2257,99.2338441039307
1110100400000000000,1,2258,99.23860283620444
110110411110000011,1,2259,99.24336156847816
130101410100000101,1,2260,99.24812030075188
4303131414001110010,1,2261,99.25287903302561
1000011110000000000,1,2262,99.25763776529932
010000911301000000,1,2263,99.26239649757305
150000503110000000,1,2264,99.26715522984676
510000800100000000,1,2265,99.2719139621205
630110111100100110,1,2266,99.27667269439421
1510310131111011001,1,2267,99.28143142666794
1630110410000100100,1,2268,99.28619015894166
140000400100000000,1,2269,99.29094889121538
510610811001000100,1,2270,99.29570762348911
710000000000000000,1,2271,99.30046635576282
940000101000100000,1,2272,99.30522508803655
710001410000000000,1,2273,99.30998382031026
100110301000000000,1,2274,99.314742552584
911000411000000001,1,2275,99.31950128485771
700111500100000101,1,2276,99.32426001713144
330010101000100101,1,2277,99.32901874940517
910000300000000000,1,2278,99.33377748167888
951030191110100101,1,2279,99.33853621395261
110001400000000000,1,2280,99.34329494622632
410103311311010001,1,2281,99.34805367850005
711110110010100100,1,2282,99.35281241077377
1310401501000000000,1,2283,99.3575711430475
1210013901111110001,1,2284,99.36232987532121
1210401801100100000,1,2285,99.36708860759494
331000910101000011,1,2286,99.37184733986867
710331710111000000,1,2287,99.37660607214238
710400400000000000,1,2288,99.38136480441611
010540830000110110,1,2289,99.38612353668982
180001110111000000,1,2290,99.39088226896355
710300611110000010,1,2291,99.39564100123727
2551040041011000101,1,2292,99.400399733511
1211311110010101101,1,2293,99.40515846578471
410000500000000000,1,2294,99.40991719805844
110000000101000000,1,2295,99.41467593033217
110010000100000000,1,2296,99.41943466260588
150010141011001001,1,2297,99.42419339487961
540010130100000001,1,2298,99.42895212715332
700000111011000000,1,2299,99.43371085942705
4101001110000000100,1,2300,99.43846959170077
1831180151000100000,1,2301,99.4432283239745
310111400000000000,1,2302,99.44798705624821
1050000100000000000,1,2303,99.45274578852194
500100100100010010,1,2304,99.45750452079567
410010160111100000,1,2305,99.46226325306938
100100501100000000,1,2306,99.46702198534311
1041010130010001101,1,2307,99.47178071761682
141000100011001010,1,2308,99.47653944989055
1650140150031000000,1,2309,99.48129818216427
441010310001003001,1,2310,99.486056914438
340100801100010041,1,2311,99.49081564671171
2100110311000100000,1,2312,99.49557437898544
610160311100000000,1,2313,99.50033311125917
130001100000000000,1,2314,99.50509184353288
1911080146011000000,1,2315,99.50985057580661
2010080134000100100,1,2316,99.51460930808032
030000141001000101,1,2317,99.51936804035405
1100011650010110010,1,2318,99.52412677262777
150000401000000000,1,2319,99.5288855049015
1250010111000000100,1,2320,99.53364423717521
600110100100000100,1,2321,99.53840296944894
030000110101000000,1,2322,99.54316170172267
100100011100001000,1,2323,99.54792043399638
100000001000100000,1,2324,99.55267916627011
100110000000000110,1,2325,99.55743789854382
010000011000000000,1,2326,99.56219663081755
000101010000000001,1,2327,99.56695536309127
010000101000000000,1,2328,99.571714095365
110000011100000000,1,2329,99.57647282763871
110000000110000000,1,2330,99.58123155991244
011010411011000000,1,2331,99.58599029218617
110110000010000000,1,2332,99.59074902445988
100010101001000000,1,2333,99.59550775673361
100000001010001000,1,2334,99.60026648900732
110000500000000000,1,2335,99.60502522128105
1410110351001100101,1,2336,99.60978395355477
130031950113010000,1,2337,99.6145426858285
1200010310000000001,1,2338,99.61930141810221
1810300103000000000,1,2339,99.62406015037594
1130170114000101011,1,2340,99.62881888264967
110000340010010010,1,2341,99.63357761492338
310100800100000000,1,2342,99.63833634719711
1110113101101010110,1,2343,99.64309507947083
800100101000000000,1,2344,99.64785381174455
110001500100000000,1,2345,99.65261254401827
13101011610100010010,1,2346,99.657371276292
2110000411000100000,1,2347,99.66213000856571
410000110001000010,1,2348,99.66688874083944
501101181003000003,1,2349,99.67164747311317
610001410100000100,1,2350,99.67640620538688
300000000010010010,1,2351,99.68116493766061
000000010100000000,1,2352,99.68592366993433
100000111000000000,1,2353,99.69068240220805
400400010000100000,1,2354,99.69544113448177
1951010170010100100,1,2355,99.7001998667555
830611931100010000,1,2356,99.70495859902921
510101800100011011,1,2357,99.70971733130294
110101800000000000,1,2358,99.71447606357667
100100300000000100,1,2359,99.71923479585038
310110101000000000,1,2360,99.72399352812411
1200110301000000100,1,2361,99.72875226039783
610300501110000000,1,2362,99.73351099267155
8305131133110110100,1,2363,99.73826972494527
630100110001300000,1,2364,99.743028457219
510000510000000000,1,2365,99.74778718949273
500000001000000000,1,2366,99.75254592176644
310000111000000001,1,2367,99.75730465404017
0101011830010000010,1,2368,99.76206338631388
3100011210101011010,1,2369,99.76682211858761
3100011210000000010,1,2370,99.77158085086133
1410331530000000100,1,2371,99.77633958313506
900100511100000110,1,2372,99.78109831540877
1500001010000000000,1,2373,99.7858570476825
2600300410000000000,1,2374,99.79061577995623
1410141680033000000,1,2375,99.79537451222994
510601911101110111,1,2376,99.80013324450367
8100001120010000001,1,2377,99.80489197677738
100410311100000011,1,2378,99.80965070905111
8300011011101100111,1,2379,99.81440944132483
910010010010000110,1,2380,99.81916817359856
110000810000110000,1,2381,99.82392690587227
430000401100001100,1,2382,99.828685638146
311110700000000110,1,2383,99.83344437041973
610000100000000000,1,2384,99.83820310269344
110010830100000000,1,2385,99.84296183496717
360000000000000000,1,2386,99.84772056724088
400010100110000000,1,2387,99.85247929951461
300000100010000000,1,2388,99.85723803178833
110010131100001001,1,2389,99.86199676406206
300010100000001000,1,2390,99.86675549633577
100010000110000010,1,2391,99.8715142286095
600410000000010100,1,2392,99.87627296088323
600614511000110001,1,2393,99.88103169315694
1400100001100000000,1,2394,99.88579042543067
410011440001000010,1,2395,99.89054915770438
1200100300100000000,1,2396,99.89530788997811
500100300100010010,1,2397,99.90006662225183
710310304100000000,1,2398,99.90482535452556
510010501100000000,1,2399,99.90958408679927
300141411110110101,1,2400,99.914342819073
1030000131000000000,1,2401,99.91910155134673
410100110100010000,1,2402,99.92386028362044
100400100000000010,1,2403,99.92861901589417
760101100000000000,1,2404,99.93337774816789
910100501000000000,1,2405,99.93813648044161
100001401100000000,1,2406,99.94289521271533
110001100001000000,1,2407,99.94765394498906
1000110311000000110,1,2408,99.95241267726277
1610010110000000100,1,2409,99.9571714095365
800430101000000000,1,2410,99.96193014181023
0100001000100000000,1,2411,99.96668887408394
430000300001000000,1,2412,99.97144760635767
700000000000000000,1,2413,99.97620633863139
1730140141001000301,1,2414,99.98096507090511
911341351000001000,1,2415,99.98572380317883
010000110110000000,1,2416,99.99048253545256
100000100010001000,1,2417,99.99524126772627
100001000010001000,1,2418,100.0
