,nucleus_label,cell_label,nuclear_area_px,nuclear_eccentricity,ICAM1_nucleus_mean,cell_area_px,cell_eccentricity,cell_solidity,ICAM1_cell_mean,nuclear_area_um2,cell_area_um2,nuc/cell_area,ICAM1_cell,ICAM1_nucleus,ICAM1_nucleus/cell,filename,treatment
0,5,14,2221.0,0.7679160014542483,32.67447095902747,23821.0,0.8856432848932664,0.9276812835890645,25.906343142605266,179.0765855145889,1920.6588669711944,0.09323705973720667,617115.0,72570.0,0.11759558591186407,Dorota_to_analzye_size_spaces_Fulv_TNF,FULV_TNF
1,6,11,762.0,0.7820430949315977,27.748031496062993,54503.0,0.6355740551160621,0.9200526680058745,16.865695466304608,61.43915270694136,4394.511994732841,0.013980881786323689,919231.0,21144.0,0.023001835229664796,Dorota_to_analzye_size_spaces_Fulv_TNF,FULV_TNF
2,7,11,481.0,0.7692701347611143,29.494802494802496,54503.0,0.6355740551160621,0.9200526680058745,16.865695466304608,38.78245728614015,4394.511994732841,0.008825202282443169,919231.0,14187.0,0.015433552610823612,Dorota_to_analzye_size_spaces_Fulv_TNF,FULV_TNF
3,8,11,669.0,0.8469404340158306,22.671150971599403,54503.0,0.6355740551160621,0.9200526680058745,16.865695466304608,53.94067343955875,4394.511994732841,0.012274553694292057,919231.0,15167.0,0.016499661129792186,Dorota_to_analzye_size_spaces_Fulv_TNF,FULV_TNF
4,9,12,2246.0,0.8161962984813194,21.981300089047195,36904.0,0.7007074718150265,0.9289867841409691,16.75902341209625,181.09230574775628,2975.525579392341,0.06086061131584652,618475.0000000001,49370.0,0.07982537693520352,Dorota_to_analzye_size_spaces_Fulv_TNF,FULV_TNF
5,10,11,779.0,0.7253146023149011,23.06418485237484,54503.0,0.6355740551160621,0.9200526680058745,16.865695466304608,62.809842465495166,4394.511994732841,0.014292791222501513,919231.0,17967.0,0.01954568546970239,Dorota_to_analzye_size_spaces_Fulv_TNF,FULV_TNF
6,12,16,3338.0,0.6445053906898092,18.226183343319352,60624.0,0.7651535988101276,0.9634479689784502,18.83590657165479,269.1389655325069,4888.040936621539,0.05506070203219847,1141908.0,60839.0,0.05327837268851782,Dorota_to_analzye_size_spaces_Fulv_TNF,FULV_TNF
7,13,17,1977.0,0.7888863743173921,36.2670713201821,37536.0,0.8852129541521081,0.9316686936881035,21.690989982949702,159.4031560388754,3026.482986886812,0.052669437340153454,814193.0,71700.0,0.08806265836232932,Dorota_to_analzye_size_spaces_Fulv_TNF,FULV_TNF
8,14,19,1018.0,0.790390037086654,31.51178781925344,35825.0,0.6863004084234552,0.9577340533604235,24.071011863224005,82.0801278945752,2888.5270941288372,0.028415910676901603,862344.0,32079.0,0.03719977178480977,Dorota_to_analzye_size_spaces_Fulv_TNF,FULV_TNF
9,15,20,2078.0,0.8181425749720822,26.5274302213667,19998.0,0.7766200491303618,0.8746118521758146,19.665766576657667,167.54666578087156,1612.4149289152406,0.1039103910391039,393276.0,55124.0,0.1401661937163722,Dorota_to_analzye_size_spaces_Fulv_TNF,FULV_TNF
10,16,19,1234.0,0.9108899813846749,25.611831442463533,35825.0,0.6863004084234552,0.9577340533604235,24.071011863224005,99.49595070914125,2888.5270941288372,0.03444521981856245,862344.0,31605.0,0.036650107149814926,Dorota_to_analzye_size_spaces_Fulv_TNF,FULV_TNF
11,17,19,2013.0,0.9096140566985572,31.303030303030305,35825.0,0.6863004084234552,0.9577340533604235,24.071011863224005,162.30579317463642,2888.5270941288372,0.056189811584089325,862344.0,63013.0,0.0730717671833978,Dorota_to_analzye_size_spaces_Fulv_TNF,FULV_TNF
12,18,16,2538.0,0.7521974811266119,19.080378250591018,60624.0,0.7651535988101276,0.9634479689784502,18.83590657165479,204.63591807115114,4888.040936621539,0.0418646080760095,1141908.0,48426.0,0.042407969818934625,Dorota_to_analzye_size_spaces_Fulv_TNF,FULV_TNF
13,19,22,2028.0,0.7859102210718883,24.987179487179485,17898.0,0.7131267902172682,0.8922233300099701,16.277405296681195,163.51522531453685,1443.0944293291816,0.11330874958095877,291333.00000000006,50674.0,0.17393841411717859,Dorota_to_analzye_size_spaces_Fulv_TNF,FULV_TNF
14,20,18,2152.0,0.7528595698773107,41.532992565055764,43570.0,0.8757982972657992,0.9184426315900419,26.172458113380767,173.51319767104698,3512.997222364088,0.049391783337158594,1140334.0,89379.0,0.07837966771138982,Dorota_to_analzye_size_spaces_Fulv_TNF,FULV_TNF
15,21,21,1386.0,0.49158505386071727,27.049783549783548,19410.0,0.9077816856513053,0.9103700576896018,28.161926841834106,111.75152972679885,1565.005189031144,0.0714064914992272,546623.0,37491.0,0.06858657612284884,Dorota_to_analzye_size_spaces_Fulv_TNF,FULV_TNF
16,22,21,968.0,0.6494486133222221,26.14669421487603,19410.0,0.9077816856513053,0.9103700576896018,28.161926841834106,78.04868742824047,1565.005189031144,0.04987120041215868,546623.0,25310.0,0.04630247903948425,Dorota_to_analzye_size_spaces_Fulv_TNF,FULV_TNF
17,23,23,1385.0,0.6536423715558013,46.59205776173285,46428.0,0.727392698083317,0.9797417067612054,34.455780994227624,111.67090091747215,3743.4343594197812,0.029831136383217025,1599713.0,64530.0,0.04033848571587528,Dorota_to_analzye_size_spaces_Fulv_TNF,FULV_TNF
18,24,23,1301.0,0.7721995420923862,39.69638739431207,46428.0,0.727392698083317,0.9797417067612054,34.455780994227624,104.89808093402979,3743.4343594197812,0.02802188334625657,1599713.0,51645.0,0.03228391592741948,Dorota_to_analzye_size_spaces_Fulv_TNF,FULV_TNF
19,27,29,2556.0,0.8204317929416279,30.460485133020345,54240.0,0.8460509909667264,0.9179839555901568,23.464988938053096,206.08723663903163,4373.30661787992,0.047123893805309736,1272741.0,77857.0,0.061172697351621425,Dorota_to_analzye_size_spaces_Fulv_TNF,FULV_TNF
20,28,30,2068.0,0.6555008833736699,21.775628626692455,31432.0,0.9100120403993781,0.8980571428571429,16.288145838635785,166.74037768760462,2534.3247347566676,0.06579282260117078,511969.0,45032.0,0.08795845060931423,Dorota_to_analzye_size_spaces_Fulv_TNF,FULV_TNF
21,29,38,622.0,0.7533780449486251,29.607717041800644,23182.0,0.8367095295473757,0.906077779949189,26.076395479251143,50.1511194012041,1869.1370578114363,0.026831162108532484,604503.0,18416.0,0.030464695791418736,Dorota_to_analzye_size_spaces_Fulv_TNF,FULV_TNF
22,30,26,1063.0,0.6416053907642654,22.492003762935088,27157.0,0.8781483393865648,0.8905394326938842,23.253636263210222,85.70842431427646,2189.636574885048,0.03914276245535221,631499.0,23909.0,0.037860709201439746,Dorota_to_analzye_size_spaces_Fulv_TNF,FULV_TNF
23,31,28,842.0,0.6729120102081495,28.61163895486936,19291.0,0.9080193576110717,0.9050858590597729,31.617904722409413,67.88945745307693,1555.4103607212674,0.04364729666683946,609941.0,24091.0,0.039497262850013364,Dorota_to_analzye_size_spaces_Fulv_TNF,FULV_TNF
24,32,39,1946.0,0.8442572067695705,26.83196300102775,16640.0,0.6156297203790614,0.9000432713111207,20.98984375,156.90366294974788,1341.6633871961997,0.11694711538461539,349271.0,52215.0,0.14949709537866013,Dorota_to_analzye_size_spaces_Fulv_TNF,FULV_TNF
25,33,38,1458.0,0.515560204581751,29.93758573388203,23182.0,0.8367095295473757,0.906077779949189,26.076395479251143,117.55680399832086,1869.1370578114363,0.06289362436373049,604503.0,43649.0,0.0722064241203104,Dorota_to_analzye_size_spaces_Fulv_TNF,FULV_TNF
26,34,35,971.0,0.7115974309519308,41.519052523171986,25465.0,0.7465718610226959,0.9402924451665313,30.35358334969566,78.29057385622055,2053.2126295042804,0.03813076772040055,772954.0,40315.0,0.05215704944925571,Dorota_to_analzye_size_spaces_Fulv_TNF,FULV_TNF
27,35,28,1526.0,0.5710952884206919,29.798165137614678,19291.0,0.9080193576110717,0.9050858590597729,31.617904722409413,123.03956303253611,1555.4103607212674,0.07910424550308434,609941.0,45472.0,0.07455147301132405,Dorota_to_analzye_size_spaces_Fulv_TNF,FULV_TNF
28,36,26,1222.0,0.32904221053145793,25.574468085106382,27157.0,0.8781483393865648,0.8905394326938842,23.253636263210222,98.52840499722092,2189.636574885048,0.044997606510292006,631499.0,31252.0,0.04948859776500042,Dorota_to_analzye_size_spaces_Fulv_TNF,FULV_TNF
29,37,34,2244.0,0.6712978019994325,25.349821746880572,42713.0,0.808633731483486,0.8506871141206931,20.2034275279189,180.9310481291029,3443.8983327711103,0.052536698429049705,862949.0,56885.0,0.06591930693470877,Dorota_to_analzye_size_spaces_Fulv_TNF,FULV_TNF
30,38,35,1377.0,0.6462496968054711,39.79520697167756,25465.0,0.7465718610226959,0.9402924451665313,30.35358334969566,111.02587044285859,2053.2126295042804,0.054074219516984094,772954.0,54798.0,0.07089425761429528,Dorota_to_analzye_size_spaces_Fulv_TNF,FULV_TNF
31,39,41,2266.0,0.8574171664462149,22.682259488084732,25776.0,0.9344024204683306,0.8064829010356371,20.00108628181254,182.70488193429017,2078.2881892048827,0.08791123525760397,515548.00000000006,51398.0,0.09969585761170636,Dorota_to_analzye_size_spaces_Fulv_TNF,FULV_TNF
32,40,43,1940.0,0.7593008112144254,32.016494845360825,30101.0,0.7266771324724451,0.9407444447916993,24.804724095544998,156.4198900937877,2427.007789542837,0.06444968605694162,746647.0,62112.0,0.08318790539572248,Dorota_to_analzye_size_spaces_Fulv_TNF,FULV_TNF
33,41,47,2452.0,0.771841824061659,33.6884176182708,12907.0,0.9706503994745436,0.8951383591095083,27.083288138219572,197.70184046905538,1040.6760419796485,0.18997443247850004,349564.0,82604.0,0.2363057980798938,Dorota_to_analzye_size_spaces_Fulv_TNF,FULV_TNF
34,42,42,2028.0,0.8489745085007382,19.3836291913215,26849.0,0.9169858583502364,0.8336127670144063,14.813102908860666,163.51522531453685,2164.802901612426,0.07553353942418713,397717.0,39310.0,0.0988391243019534,Dorota_to_analzye_size_spaces_Fulv_TNF,FULV_TNF
35,43,49,828.0,0.6571916166164795,48.95652173913044,12595.0,0.8068689729285528,0.9522189460951085,42.31607780865423,66.76065412250321,1015.5198534697197,0.06574037316395395,532971.0,40536.0,0.0760566710008612,Dorota_to_analzye_size_spaces_Fulv_TNF,FULV_TNF
36,45,49,1438.0,0.5297099290180836,45.92628650904033,12595.0,0.8068689729285528,0.9522189460951085,42.31607780865423,115.94422781178697,1015.5198534697197,0.11417229059150456,532971.0,66042.0,0.12391293334909403,Dorota_to_analzye_size_spaces_Fulv_TNF,FULV_TNF
37,46,48,2185.0,0.7698869556248432,54.65858123569794,29798.0,0.9034235930271783,0.8672040976688687,37.27330693335123,176.1739483788279,2402.5772603168484,0.07332706893080072,1110670.0,119429.0,0.1075287889292049,Dorota_to_analzye_size_spaces_Fulv_TNF,FULV_TNF
38,48,51,2219.0,0.6944606698719882,23.73141054529067,31527.0,0.8644513445966793,0.8952210580117557,20.856408792463604,178.91532789593552,2541.9844716427037,0.070384115202842,657540.0,52660.0,0.08008638257748578,Dorota_to_analzye_size_spaces_Fulv_TNF,FULV_TNF
39,49,55,2255.0,0.8094835741167548,39.27139689578714,31140.0,0.8082031205506551,0.8825029756844074,29.711913937058444,181.81796503169653,2510.7811224332727,0.07241490044958253,925229.0,88557.0,0.0957136017137379,Dorota_to_analzye_size_spaces_Fulv_TNF,FULV_TNF
40,50,53,2346.0,0.6413543304070954,38.13469735720375,51227.0,0.7373342900268897,0.8216170267365956,25.423175278661642,189.15518668042574,4130.372015378589,0.04579616218010034,1302353.0,89464.0,0.0686941251719004,Dorota_to_analzye_size_spaces_Fulv_TNF,FULV_TNF
41,52,52,974.0,0.8160370116693005,44.050308008213555,39709.0,0.9065215109725862,0.9542221367808911,31.078319776373114,78.53246028420064,3201.6893895537196,0.024528444433251907,1234089.0,42905.0,0.03476653628709112,Dorota_to_analzye_size_spaces_Fulv_TNF,FULV_TNF
42,53,61,4742.0,0.7321649313066159,15.94327288064108,9877.0,0.7163038557932078,0.9696642450422148,21.270223752151463,382.34181382718623,796.3707497197635,0.48010529513010025,210086.0,75603.0,0.359866911645707,Dorota_to_analzye_size_spaces_Fulv_TNF,FULV_TNF
43,54,52,1734.0,0.5956585706524417,39.59342560553633,39709.0,0.9065215109725862,0.9542221367808911,31.078319776373114,139.8103553724886,3201.6893895537196,0.04366768238938276,1234089.0,68655.0,0.05563213025964902,Dorota_to_analzye_size_spaces_Fulv_TNF,FULV_TNF
44,55,63,3149.0,0.7610207580058833,13.343918704350587,27158.0,0.654129881655177,0.9201423005251567,8.162640842477355,253.90012056976158,2189.7172036943743,0.11595110096472494,221681.0,42020.0,0.18955165305100571,Dorota_to_analzye_size_spaces_Fulv_TNF,FULV_TNF
45,59,64,2007.0,0.802787551091272,21.294469357249625,14363.0,0.9263905461180175,0.8583124178319589,20.931769129012046,161.82202031867627,1158.071588359316,0.13973403884982247,300643.0,42738.0,0.1421553137774703,Dorota_to_analzye_size_spaces_Fulv_TNF,FULV_TNF
46,60,65,2557.0,0.8374332706234263,20.544387954634338,26663.0,0.8975722840820165,0.8268109650210865,20.200690094888046,206.16786544835833,2149.8059430776607,0.09590068634437235,538611.0,52532.0,0.09753235637593737,Dorota_to_analzye_size_spaces_Fulv_TNF,FULV_TNF
47,61,69,2291.0,0.8202386919221359,27.399388913138367,28156.0,0.9383717458223859,0.9279546503196889,17.576502344082968,184.72060216745754,2270.1847554024157,0.08136809205853104,494884.00000000006,62772.0,0.12684184576587643,Dorota_to_analzye_size_spaces_Fulv_TNF,FULV_TNF
48,62,67,706.0,0.7766869711560528,36.889518413597735,26744.0,0.8422632185801182,0.9140123034859877,32.04359856416392,56.92393938464645,2156.3368766331228,0.026398444510918335,856973.9999999999,26044.0,0.03039065362543088,Dorota_to_analzye_size_spaces_Fulv_TNF,FULV_TNF
49,64,68,2418.0,0.7431232399454603,25.052522746071133,46502.0,0.7003284915282855,0.9070021455041934,19.246978624575288,194.96046095194777,3749.4008913099565,0.05199776353705217,895023.0,60577.0,0.0676820595671843,Dorota_to_analzye_size_spaces_Fulv_TNF,FULV_TNF
50,65,67,1318.0,0.38458234210322456,38.564491654021246,26744.0,0.8422632185801182,0.9140123034859877,32.04359856416392,106.2687706925836,2156.3368766331228,0.0492820819623093,856973.9999999999,50828.0,0.05931101760380129,Dorota_to_analzye_size_spaces_Fulv_TNF,FULV_TNF
51,66,71,2007.0,0.8054079812787683,22.99451918285999,21938.0,0.9765621452700339,0.92553685187529,19.847843923785213,161.82202031867627,1768.8348190090283,0.09148509435682378,435422.0,46150.0,0.10598913238191915,Dorota_to_analzye_size_spaces_Fulv_TNF,FULV_TNF
52,67,70,889.0,0.529253820817161,24.14060742407199,28470.0,0.9169094039630888,0.9377470355731226,19.58106779065683,71.67901149143158,2295.502201530998,0.03122585177379698,557473.0,21461.0,0.03849693168996526,Dorota_to_analzye_size_spaces_Fulv_TNF,FULV_TNF
53,68,73,1984.0,0.6037256925094621,41.85786290322581,20491.0,0.896613789577717,0.8937497273956471,34.329949734029576,159.9675577041623,1652.164931913301,0.09682299546142209,703455.0,83046.0,0.11805445977354628,Dorota_to_analzye_size_spaces_Fulv_TNF,FULV_TNF
54,69,70,1264.0,0.6026311603870809,27.430379746835442,28470.0,0.9169094039630888,0.9377470355731226,19.58106779065683,101.9148149889421,2295.502201530998,0.044397611520899195,557473.0,34672.0,0.06219494038276293,Dorota_to_analzye_size_spaces_Fulv_TNF,FULV_TNF
55,70,80,68.0,0.598344735102742,28.176470588235293,213.0,0.31088586106707,0.9508928571428571,29.676056338028168,5.482759034215239,17.17393638658597,0.3192488262910798,6321.0,1916.0,0.3031165954753995,Dorota_to_analzye_size_spaces_Fulv_TNF,FULV_TNF
56,71,75,2071.0,0.8706033535570157,24.708353452438434,25748.0,0.9154994052021468,0.8394079676599074,20.35719279167314,166.9822641155847,2076.030582543735,0.08043343172285226,524157.0,51171.0,0.09762532981530343,Dorota_to_analzye_size_spaces_Fulv_TNF,FULV_TNF
57,73,74,2002.0,0.8038103256294328,18.355644355644355,37221.0,0.9031656264913392,0.9012348668280872,14.46358238628731,161.41887627204278,3001.084911948903,0.05378684076193547,538349.0,36748.0,0.06826055216968918,Dorota_to_analzye_size_spaces_Fulv_TNF,FULV_TNF
58,75,78,2337.0,0.6210017495760386,22.76765083440308,43611.0,0.885747545574311,0.899511168863313,18.874412418885143,188.4295273964855,3516.303003546482,0.053587397674898535,823132.0,53208.0,0.06464090814110009,Dorota_to_analzye_size_spaces_Fulv_TNF,FULV_TNF
59,77,77,1832.0,0.7789511510043294,20.570960698689955,20420.0,0.9669850992070306,0.850089505016444,16.411655239960822,147.7119786865047,1646.4402864511057,0.08971596474045054,335126.0,37686.0,0.11245322654762686,Dorota_to_analzye_size_spaces_Fulv_TNF,FULV_TNF
60,80,76,2413.0,0.7753395009907526,31.59883961873187,37683.0,0.9135543216812163,0.9196358844201484,24.568585303717857,194.5573169053143,3038.335421857836,0.0640341798689064,925818.0,76248.0,0.08235743958315782,Dorota_to_analzye_size_spaces_Fulv_TNF,FULV_TNF
61,82,79,2362.0,0.8112161027553497,13.573666384419983,17808.0,0.8780530018381192,0.8664428550576558,11.519597933513028,190.44524762965287,1435.8378364897792,0.13263701707097933,205141.0,32061.0,0.15628762655929337,Dorota_to_analzye_size_spaces_Fulv_TNF,FULV_TNF
62,85,82,3107.0,0.7571356983346835,25.170904409398133,42100.0,0.9046241421777713,0.9327779501041343,15.595273159144893,250.51371057804042,3394.4728726538465,0.07380047505938242,656561.0,78206.0,0.11911459864353807,Dorota_to_analzye_size_spaces_Fulv_TNF,FULV_TNF
63,91,86,1161.0,0.43948883420928914,16.35142118863049,31502.0,0.9298536488526681,0.8800916354696318,14.757856644022601,93.61004762829253,2539.9687514095363,0.036854802869659066,464902.0,18983.999999999996,0.04083441241379903,Dorota_to_analzye_size_spaces_Fulv_TNF,FULV_TNF
64,92,89,2115.0,0.6995950893655526,24.17352245862884,35461.0,0.933790588590999,0.9439150340715503,16.717323256535348,170.52993172595927,2859.1782075339206,0.059642988071402385,592813.0,51127.0,0.08624473484893212,Dorota_to_analzye_size_spaces_Fulv_TNF,FULV_TNF
65,93,86,889.0,0.5698962247736001,16.973003374578177,31502.0,0.9298536488526681,0.8800916354696318,14.757856644022601,71.67901149143158,2539.9687514095363,0.02822043044886039,464902.0,15089.0,0.032456302618616394,Dorota_to_analzye_size_spaces_Fulv_TNF,FULV_TNF
66,94,91,1389.0,0.7979193215313294,13.66882649388049,11634.0,0.7097807792623062,0.8735545877759423,12.88310125494241,111.99341615477893,938.0355677067661,0.11939143888602373,149882.0,18986.0,0.1266729827464272,Dorota_to_analzye_size_spaces_Fulv_TNF,FULV_TNF
67,95,91,275.0,0.664014275565397,14.84,11634.0,0.7097807792623062,0.8735545877759423,12.88310125494241,22.17292256484104,938.0355677067661,0.02363761389032147,149882.0,4081.0,0.02722808609439426,Dorota_to_analzye_size_spaces_Fulv_TNF,FULV_TNF
68,96,91,3079.0,0.3321083593057085,13.397206885352388,11634.0,0.7097807792623062,0.8735545877759423,12.88310125494241,248.25610391689295,938.0355677067661,0.2646553206119993,149882.0,41250.0,0.27521650364953765,Dorota_to_analzye_size_spaces_Fulv_TNF,FULV_TNF
69,98,93,1992.0,0.7650678159397868,23.994477911646587,21600.0,0.9211293361650831,0.9802141949537121,20.52898148148148,160.61258817877584,1741.5822814566054,0.09222222222222222,443426.0,47797.0,0.10779025136099371,Dorota_to_analzye_size_spaces_Fulv_TNF,FULV_TNF
70,100,90,1255.0,0.5968239395563318,15.413545816733068,30821.0,0.6468864651469901,0.8806251607188776,11.53324032315629,101.18915570500184,2485.0605322580573,0.040718990298822234,355466.0,19344.0,0.05441870671175302,Dorota_to_analzye_size_spaces_Fulv_TNF,FULV_TNF
71,101,96,1964.0,0.8466213978025725,17.072810590631363,30481.0,0.9336497694643343,0.9661785216178521,11.312096059840556,158.35498151762837,2457.646737086981,0.06443358157540763,344804.0,33531.0,0.09724655166413383,Dorota_to_analzye_size_spaces_Fulv_TNF,FULV_TNF
72,102,97,1823.0,0.8574394595285952,23.274821722435547,16976.0,0.6941575614256672,0.9411764705882353,15.685438265786994,146.98631940256442,1368.7546671299692,0.10738689915174364,266276.0,42430.0,0.15934594180474396,Dorota_to_analzye_size_spaces_Fulv_TNF,FULV_TNF
73,103,90,873.0,0.6882444113388984,17.6872852233677,30821.0,0.6468864651469901,0.8806251607188776,11.53324032315629,70.38895054220447,2485.0605322580573,0.02832484345089387,355466.0,15441.000000000002,0.04343875363607209,Dorota_to_analzye_size_spaces_Fulv_TNF,FULV_TNF
74,104,94,1765.0,0.8676312487257192,17.095184135977338,15290.0,0.9670667306294881,0.891493207393155,15.637540876389798,142.30984846161613,1232.8144946051618,0.11543492478744277,239098.0,30173.0,0.12619511664673064,Dorota_to_analzye_size_spaces_Fulv_TNF,FULV_TNF
75,106,99,1739.0,0.7874360652351192,27.466359976998273,21677.0,0.8877249047593847,0.9273979635492428,12.806384647322046,140.2134994191221,1747.790699774761,0.08022327812889238,277604.0,47764.0,0.17205803950951715,Dorota_to_analzye_size_spaces_Fulv_TNF,FULV_TNF
76,109,109,2455.0,0.6809993617296431,11.408146639511202,36411.0,0.5716208127691708,0.9023568189140294,8.2153470105188,197.94372689703548,2935.7755763942805,0.06742467935513993,299129.0,28007.0,0.09362850141577714,Dorota_to_analzye_size_spaces_Fulv_TNF,FULV_TNF
77,111,102,2436.0,0.8291004951859245,17.178571428571427,26746.0,0.9316198666888859,0.8788486182762133,14.782247812757047,196.4117795198283,2156.4981342517763,0.09107903985642712,395366.0,41846.99999999999,0.10584369925587934,Dorota_to_analzye_size_spaces_Fulv_TNF,FULV_TNF
78,112,104,1952.0,0.7607946806996262,15.826331967213115,29059.0,0.943219520353964,0.9345232352468242,13.95092742351767,157.38743580570804,2342.9925702244213,0.06717368113149111,405400.0,30893.0,0.07620374938332511,Dorota_to_analzye_size_spaces_Fulv_TNF,FULV_TNF
79,114,112,1717.0,0.8497575706502175,20.557367501456028,14962.0,0.9837046289504344,0.9404148334380893,21.408568373212137,138.43966561393478,1206.368245146006,0.11475738537628659,320315.0,35297.0,0.11019465213930038,Dorota_to_analzye_size_spaces_Fulv_TNF,FULV_TNF
80,4,7,2383.0,0.6098759729219094,20.39110365086026,5609.0,0.7509345750649616,0.980765868158769,22.16990550900339,192.13845262551345,452.24699151343054,0.42485291495810307,124351.00000000001,48592.0,0.3907648511069472,Dorota_to_analzye_size_spaces_Fulv_E2P4_TNF,E2P4_TNF_FULV
81,6,7,2090.0,0.6066506689398048,21.4311004784689,5609.0,0.7509345750649616,0.980765868158769,22.16990550900339,168.5142114927919,452.24699151343054,0.3726154394722767,124351.00000000001,44791.0,0.3601981487885099,Dorota_to_analzye_size_spaces_Fulv_E2P4_TNF,E2P4_TNF_FULV
82,7,8,1929.0,0.807360701715717,16.423017107309487,22229.0,0.9581256536348486,0.8831194628739423,14.771559674299338,155.53297319119406,1792.2978025230964,0.08677853254757299,328357.0,31680.0,0.09648035522312605,Dorota_to_analzye_size_spaces_Fulv_E2P4_TNF,E2P4_TNF_FULV
83,8,11,1931.0,0.8506748354075768,25.5189021232522,5178.0,0.8957781654892097,0.9473106476399561,28.11239860950174,155.69423080984745,417.49597469362516,0.37292390884511395,145566.0,49277.0,0.33851998406221234,Dorota_to_analzye_size_spaces_Fulv_E2P4_TNF,E2P4_TNF_FULV
84,9,9,2207.0,0.6405004936540574,22.434073402809243,11497.0,0.9171316317867128,0.9712765058714201,19.699660781073323,177.94778218401518,926.9894208290088,0.19196312081412542,226487.0,49512.0,0.21860857356051341,Dorota_to_analzye_size_spaces_Fulv_E2P4_TNF,E2P4_TNF_FULV
85,12,10,1152.0,0.4943834868571237,26.59027777777778,32515.0,0.9040836895701452,0.8846415453679771,18.9537444256497,92.88438834435229,2621.645735257478,0.03542980163001692,616281.0,30632.0,0.049704599038425654,Dorota_to_analzye_size_spaces_Fulv_E2P4_TNF,E2P4_TNF_FULV
86,13,14,2060.0,0.8422552139927819,16.37864077669903,11985.0,0.9349783011135929,0.9692680954306511,17.542010846891948,166.09534721299107,966.3362797804359,0.17188151856487277,210241.0,33740.0,0.16048249389985778,Dorota_to_analzye_size_spaces_Fulv_E2P4_TNF,E2P4_TNF_FULV
87,14,16,3285.0,0.776293879857925,16.1765601217656,18330.0,0.6368281655039727,0.929324680592172,16.381342062193127,264.8656386381921,1477.9260749583138,0.17921440261865793,300270.0,53140.0,0.17697405668231925,Dorota_to_analzye_size_spaces_Fulv_E2P4_TNF,E2P4_TNF_FULV
88,15,10,902.0,0.6124908670587571,28.493348115299334,32515.0,0.9040836895701452,0.8846415453679771,18.9537444256497,72.72718601267862,2621.645735257478,0.02774104259572505,616281.0,25701.0,0.04170337881583239,Dorota_to_analzye_size_spaces_Fulv_E2P4_TNF,E2P4_TNF_FULV
89,16,19,2190.0,0.842771179055828,26.92876712328767,6328.0,0.8332927588980658,0.9763925320166641,28.173672566371682,176.5770924254614,510.219105419324,0.34608091024020227,178283.0,58974.0,0.3307886898919134,Dorota_to_analzye_size_spaces_Fulv_E2P4_TNF,E2P4_TNF_FULV
90,17,17,628.0,0.49692082129940035,14.726114649681529,21079.0,0.9110876715114573,0.8834080717488789,13.034916267375113,50.63489225716427,1699.5746717973975,0.029792684662460267,274763.0,9248.0,0.03365809806997303,Dorota_to_analzye_size_spaces_Fulv_E2P4_TNF,E2P4_TNF_FULV
91,18,12,860.0,0.48711477089974514,19.804651162790698,29768.0,0.9068588570571311,0.8832972315361562,14.621875839828004,69.34077602095743,2400.1583960370476,0.028890083310937918,435264.0,17032.0,0.03913027495956477,Dorota_to_analzye_size_spaces_Fulv_E2P4_TNF,E2P4_TNF_FULV
92,19,13,1941.0,0.8221973078846275,16.917568263781558,30254.0,0.9456853466481695,0.8105559276624247,12.19369339591459,156.5005189031144,2439.3439973698214,0.06415680571164144,368908.0,32837.0,0.08901135242391058,Dorota_to_analzye_size_spaces_Fulv_E2P4_TNF,E2P4_TNF_FULV
93,20,17,1153.0,0.7604817378994951,17.163052905464006,21079.0,0.9110876715114573,0.8834080717488789,13.034916267375113,92.96501715367899,1699.5746717973975,0.05469898951563167,274763.0,19789.0,0.07202206992935731,Dorota_to_analzye_size_spaces_Fulv_E2P4_TNF,E2P4_TNF_FULV
94,21,12,1166.0,0.33225367729319794,20.389365351629504,29768.0,0.9068588570571311,0.8832972315361562,14.621875839828004,94.01319167492602,2400.1583960370476,0.03916957807041118,435264.0,23774.0,0.05461972504043523,Dorota_to_analzye_size_spaces_Fulv_E2P4_TNF,E2P4_TNF_FULV
95,22,18,2021.0,0.798687006792003,19.716476991588323,28871.0,0.785398074549902,0.9299127129835411,13.274150531675383,162.95082364924997,2327.8343540710025,0.07000103910498424,383238.0,39847.0,0.10397455367160877,Dorota_to_analzye_size_spaces_Fulv_E2P4_TNF,E2P4_TNF_FULV
96,24,24,2143.0,0.8282523930681042,16.262249183387773,30110.0,0.9294098774920075,0.8836649644890532,12.614712720026569,172.78753838710674,2427.7334488267775,0.07117236798405845,379829.0,34850.0,0.09175181463237404,Dorota_to_analzye_size_spaces_Fulv_E2P4_TNF,E2P4_TNF_FULV
97,25,20,4331.0,0.7821971043573637,14.387670283999077,52502.0,0.8564169204044388,0.8476814776543529,11.643861186240525,349.20337319391473,4233.173747270125,0.08249209553921755,611326.0,62313.0,0.1019308846671007,Dorota_to_analzye_size_spaces_Fulv_E2P4_TNF,E2P4_TNF_FULV
98,27,26,2652.0,0.6504446307589794,21.581447963800905,39324.0,0.830402519686567,0.9569513055751588,20.41117383785983,213.82760233439433,3170.647297962942,0.06743973146170278,802649.0,57234.0,0.07130638672695039,Dorota_to_analzye_size_spaces_Fulv_E2P4_TNF,E2P4_TNF_FULV
99,28,27,1908.0,0.8088841437119746,32.91509433962264,31300.0,0.945182513165654,0.8544675275040267,27.816517571884983,153.83976819533348,2523.6817319255438,0.06095846645367412,870657.0,62802.0,0.0721317350001206,Dorota_to_analzye_size_spaces_Fulv_E2P4_TNF,E2P4_TNF_FULV
100,29,29,923.0,0.561534961371921,19.652221018418203,26881.0,0.9306799300587335,0.8727030712291409,18.332874521037162,74.4203910085392,2167.38302351088,0.03433652021874186,492805.99999999994,18139.0,0.036807587569956536,Dorota_to_analzye_size_spaces_Fulv_E2P4_TNF,E2P4_TNF_FULV
101,30,26,1318.0,0.6906530103874445,26.147192716236724,39324.0,0.830402519686567,0.9569513055751588,20.41117383785983,106.2687706925836,3170.647297962942,0.03351642762689452,802649.0,34462.0,0.0429353303872552,Dorota_to_analzye_size_spaces_Fulv_E2P4_TNF,E2P4_TNF_FULV
102,31,28,2528.0,0.6827943745398075,26.83742088607595,56408.0,0.7344949422974666,0.8738516831652492,18.612501772798186,203.8296299778842,4548.109876500194,0.04481633810806978,1049894.0,67845.0,0.06462080933884753,Dorota_to_analzye_size_spaces_Fulv_E2P4_TNF,E2P4_TNF_FULV
103,32,29,1132.0,0.6133071707191784,18.292402826855124,26881.0,0.9306799300587335,0.8727030712291409,18.332874521037162,91.27181215781839,2167.38302351088,0.042111528588966184,492805.99999999994,20707.0,0.042018563085676724,Dorota_to_analzye_size_spaces_Fulv_E2P4_TNF,E2P4_TNF_FULV
104,34,33,1018.0,0.5835161414318981,18.979371316306484,29723.0,0.9699804488815159,0.9193912586222895,16.54809406856643,82.0801278945752,2396.5300996173464,0.03424957103926252,491859.00000000006,19321.0,0.03928158273001002,Dorota_to_analzye_size_spaces_Fulv_E2P4_TNF,E2P4_TNF_FULV
105,35,33,1107.0,0.3959918463597465,21.230352303523034,29723.0,0.9699804488815159,0.9193912586222895,16.54809406856643,89.25609192465103,2396.5300996173464,0.03724388520674225,491859.00000000006,23502.0,0.047781986300952095,Dorota_to_analzye_size_spaces_Fulv_E2P4_TNF,E2P4_TNF_FULV
106,36,40,2201.0,0.8060886838606564,23.400272603362108,5266.0,0.6553633555133833,0.93220038944946,21.362514242309153,177.46400932805503,424.5913099143743,0.4179642992783897,112495.0,51504.0,0.4578336814969554,Dorota_to_analzye_size_spaces_Fulv_E2P4_TNF,E2P4_TNF_FULV
107,37,38,2382.0,0.830160571790566,16.945004198152812,24588.0,0.8685661693572635,0.9415639120778126,13.049414348462665,192.05782381618675,1982.5011637247692,0.09687652513421181,320859.0,40363.0,0.1257966895115923,Dorota_to_analzye_size_spaces_Fulv_E2P4_TNF,E2P4_TNF_FULV
108,38,37,1936.0,0.8144858975150243,28.948863636363637,32090.0,0.9498926902062198,0.908627573123425,20.42664381427236,156.09737485648094,2587.3784912936326,0.060330320972265504,655491.0,56045.0,0.08550079253567174,Dorota_to_analzye_size_spaces_Fulv_E2P4_TNF,E2P4_TNF_FULV
109,40,39,3478.0,0.7403253989996137,20.02788959171938,58260.0,0.47394583628834913,0.8945873320537429,18.003793340199106,280.4269988382442,4697.434431373233,0.05969790593889461,1048901.0,69657.0,0.06640950861902124,Dorota_to_analzye_size_spaces_Fulv_E2P4_TNF,E2P4_TNF_FULV
110,41,42,1306.0,0.5565461567284479,10.177641653905054,49504.0,0.9005382694040527,0.9424486454585261,8.801632191338074,105.30122498066328,3991.448576908694,0.026381706528765352,435716.0,13292.0,0.030506109484159407,Dorota_to_analzye_size_spaces_Fulv_E2P4_TNF,E2P4_TNF_FULV
111,42,46,2014.0,0.7282899861573758,14.589374379344587,35166.0,0.7938035305770318,0.9045683712316082,11.587669908434282,162.38642198396312,2835.3927087825455,0.05727122789057613,407492.0,29383.0,0.07210693706870319,Dorota_to_analzye_size_spaces_Fulv_E2P4_TNF,E2P4_TNF_FULV
112,43,42,1160.0,0.6908243357657327,10.00603448275862,49504.0,0.9005382694040527,0.9424486454585261,8.801632191338074,93.52941881896585,3991.448576908694,0.02343244990303814,435716.0,11607.0,0.02663891158461016,Dorota_to_analzye_size_spaces_Fulv_E2P4_TNF,E2P4_TNF_FULV
113,44,47,4089.0,0.7658929775780496,21.71142088530203,44163.0,0.6424187904887353,0.9497623604808706,19.4820324706202,329.6912013368546,3560.8101062948176,0.09258881869438218,860384.9999999999,88778.0,0.10318403970315616,Dorota_to_analzye_size_spaces_Fulv_E2P4_TNF,E2P4_TNF_FULV
114,46,50,88.0,0.45191698016714865,16.613636363636363,50489.0,0.8242992472974835,0.9368899610317313,12.158965319178435,7.095335220749133,4070.8679540954886,0.0017429539107528373,613894.0,1462.0,0.0023815186335100196,Dorota_to_analzye_size_spaces_Fulv_E2P4_TNF,E2P4_TNF_FULV
115,47,55,3583.0,0.7977534902517956,26.373988277979347,10999.0,0.6570159233809861,0.9692456820585125,27.1682880261842,288.8930238175471,886.8362737843149,0.3257568869897263,298824.0,94498.0,0.31623296656225736,Dorota_to_analzye_size_spaces_Fulv_E2P4_TNF,E2P4_TNF_FULV
116,48,49,2718.0,0.558483968887432,10.565121412803531,60228.0,0.570941710285992,0.809265952729667,10.335192933519293,219.14910374995617,4856.111928128168,0.04512851165570831,622468.0,28716.0,0.04613249195139348,Dorota_to_analzye_size_spaces_Fulv_E2P4_TNF,E2P4_TNF_FULV
117,49,50,2181.0,0.6995995426463525,16.07794589637781,50489.0,0.8242992472974835,0.9368899610317313,12.158965319178435,175.85143314152114,4070.8679540954886,0.04319752817445384,613894.0,35066.0,0.05712061039853786,Dorota_to_analzye_size_spaces_Fulv_E2P4_TNF,E2P4_TNF_FULV
118,50,53,2180.0,0.7551582134548177,32.63440366972477,30731.0,0.9117642899034356,0.9605838959739935,23.668868569197226,175.77080433219444,2477.803939418655,0.07093814063974488,727368.0,71143.0,0.09780881204562203,Dorota_to_analzye_size_spaces_Fulv_E2P4_TNF,E2P4_TNF_FULV
119,51,49,1953.0,0.6815795721235256,11.859703020993344,60228.0,0.570941710285992,0.809265952729667,10.335192933519293,157.46806461503473,4856.111928128168,0.032426778242677826,622468.0,23162.0,0.03720994492889594,Dorota_to_analzye_size_spaces_Fulv_E2P4_TNF,E2P4_TNF_FULV
120,52,52,1060.0,0.6305846918086834,31.526415094339622,37266.0,0.8722390176920072,0.8991458765622738,22.717114796329092,85.46653788629638,3004.7132083686047,0.028444158213921537,846576.0,33418.0,0.039474305909924214,Dorota_to_analzye_size_spaces_Fulv_E2P4_TNF,E2P4_TNF_FULV
121,54,56,1830.0,0.8695361395703882,21.8775956284153,27542.0,0.8422030178071396,0.8518232146723163,16.6501343402803,147.5507210678513,2220.678666475825,0.06644397647229686,458578.0,40036.0,0.08730466790818574,Dorota_to_analzye_size_spaces_Fulv_E2P4_TNF,E2P4_TNF_FULV
122,55,52,1031.0,0.5724636960472264,36.96023278370514,37266.0,0.8722390176920072,0.8991458765622738,22.717114796329092,83.12830241582223,3004.7132083686047,0.02766596897976708,846576.0,38106.0,0.04501190678686851,Dorota_to_analzye_size_spaces_Fulv_E2P4_TNF,E2P4_TNF_FULV
123,56,54,1602.0,0.7199775982756106,15.064918851435705,41688.0,0.7078601460580138,0.8688982450289716,10.564287085012474,129.1673525413649,3361.2538032112484,0.03842832469775475,440404.0,24134.0,0.054799683926576505,Dorota_to_analzye_size_spaces_Fulv_E2P4_TNF,E2P4_TNF_FULV
124,57,54,2272.0,0.26524512636142716,15.17605633802817,41688.0,0.7078601460580138,0.8688982450289716,10.564287085012474,183.18865479025035,3361.2538032112484,0.054500095950873156,440404.0,34480.0,0.07829175030199544,Dorota_to_analzye_size_spaces_Fulv_E2P4_TNF,E2P4_TNF_FULV
125,58,63,3787.0,0.723215086947131,14.353049907578558,21095.0,0.7319801533964987,0.9798411445027637,13.035980090068737,305.3413009201928,1700.8647327466247,0.1795212135577151,274994.0,54355.0,0.19765885801144753,Dorota_to_analzye_size_spaces_Fulv_E2P4_TNF,E2P4_TNF_FULV
126,59,60,2395.0,0.5598190496508881,16.100208768267223,51622.0,0.5983701767174007,0.9509440913696233,11.965479834179225,193.1059983374338,4162.2203950626335,0.04639494789043431,617682.0,38560.0,0.06242694460903831,Dorota_to_analzye_size_spaces_Fulv_E2P4_TNF,E2P4_TNF_FULV
127,60,60,525.0,0.5511166432865189,12.291428571428572,51622.0,0.5983701767174007,0.9509440913696233,11.965479834179225,42.33012489651472,4162.2203950626335,0.010170082522955329,617682.0,6453.0,0.010447123277026042,Dorota_to_analzye_size_spaces_Fulv_E2P4_TNF,E2P4_TNF_FULV
128,62,60,1266.0,0.8360850153540252,12.873617693522906,51622.0,0.5983701767174007,0.9509440913696233,11.965479834179225,102.07607260759548,4162.2203950626335,0.02452442756964085,617682.0,16298.0,0.026385745415925994,Dorota_to_analzye_size_spaces_Fulv_E2P4_TNF,E2P4_TNF_FULV
129,63,59,2235.0,0.7025113191299881,28.58881431767338,51516.0,0.8895762572641044,0.9393016683380436,20.083061573103503,180.20538884516264,4153.673741274004,0.043384579548101564,1034599.0000000001,63896.0,0.06175919365860589,Dorota_to_analzye_size_spaces_Fulv_E2P4_TNF,E2P4_TNF_FULV
130,64,62,1965.0,0.8252213910816771,20.753689567430026,30489.0,0.9350371274464767,0.8995397415471765,17.823182131260456,158.43561032695507,2458.2917675615945,0.06444947358063564,543411.0,40781.0,0.0750463277335203,Dorota_to_analzye_size_spaces_Fulv_E2P4_TNF,E2P4_TNF_FULV
131,67,69,1926.0,0.8456183914486732,21.949117341640704,26063.0,0.8896156786664976,0.821321652538367,19.491885047768868,155.29108676321397,2101.4286574816438,0.0738978628707363,508017.0,42274.0,0.08321375072094044,Dorota_to_analzye_size_spaces_Fulv_E2P4_TNF,E2P4_TNF_FULV
132,68,73,2112.0,0.7936788486697208,28.92471590909091,22083.0,0.8948625401075527,0.9375079600933984,22.64302857401621,170.28804529797918,1780.525996361399,0.09563917945931259,500025.99999999994,61089.0,0.12217164707435214,Dorota_to_analzye_size_spaces_Fulv_E2P4_TNF,E2P4_TNF_FULV
133,69,75,2432.0,0.76574525709763,17.12417763157895,32553.0,0.5924015611000389,0.9312564366632338,12.826498325807146,196.0892642825215,2624.7096300118924,0.07470893619635671,417541.0,41646.0,0.09974110326890054,Dorota_to_analzye_size_spaces_Fulv_E2P4_TNF,E2P4_TNF_FULV
134,70,76,1902.0,0.7538350193344254,9.513144058885384,18130.0,0.7499587551635037,0.973841112961272,7.442581356867072,153.35599533937332,1461.8003130929749,0.10490899062327634,134934.0,18094.0,0.13409518727674272,Dorota_to_analzye_size_spaces_Fulv_E2P4_TNF,E2P4_TNF_FULV
135,71,71,2062.0,0.7775681208422001,13.44568380213385,25982.0,0.9501174196285217,0.944353578308436,12.847278885382188,166.25660483164447,2094.8977239261817,0.07936263567084904,333798.0,27725.0,0.0830592154536576,Dorota_to_analzye_size_spaces_Fulv_E2P4_TNF,E2P4_TNF_FULV
136,73,78,3667.0,0.7293937426090369,15.017452958821925,7108.0,0.43227502395319484,0.9335434725505648,15.653207653348339,295.6658438009894,573.1095766941459,0.5158975801913337,111263.0,55069.0,0.49494441099017644,Dorota_to_analzye_size_spaces_Fulv_E2P4_TNF,E2P4_TNF_FULV
137,74,72,2002.0,0.8443893801416608,20.81168831168831,25771.0,0.9411575335294787,0.8687341985504804,19.857669473439138,161.41887627204278,2077.885045158249,0.07768421869543285,511752.0,41665.0,0.08141638918851318,Dorota_to_analzye_size_spaces_Fulv_E2P4_TNF,E2P4_TNF_FULV
138,75,74,3286.0,0.8574097466709791,11.232501521606817,33911.0,0.7354260547287068,0.9221460814706043,8.309132729792692,264.9462674475188,2734.203553077544,0.0969007106838489,281771.0,36910.0,0.13099289848848888,Dorota_to_analzye_size_spaces_Fulv_E2P4_TNF,E2P4_TNF_FULV
139,76,77,1417.0,0.8589079898201931,19.73041637261821,10670.0,0.9721239647136902,0.9443313567572351,19.180318650421743,114.25102281592638,860.3093955158324,0.13280224929709467,204654.0,27958.0,0.13661106061938685,Dorota_to_analzye_size_spaces_Fulv_E2P4_TNF,E2P4_TNF_FULV
140,77,79,2248.0,0.7273549290397693,19.275800711743774,27620.0,0.9074539723031921,0.937351523790131,16.674547429398988,181.25356336640968,2226.9677136033074,0.08139029688631426,460551.00000000006,43332.0,0.09408729977787475,Dorota_to_analzye_size_spaces_Fulv_E2P4_TNF,E2P4_TNF_FULV
141,80,80,713.0,0.7495450373392781,19.44880785413745,29329.0,0.9650590263634532,0.9233408890567939,14.561560230488595,57.48834104993332,2364.7623487426285,0.024310409492311363,427076.0,13867.000000000002,0.03246963069804906,Dorota_to_analzye_size_spaces_Fulv_E2P4_TNF,E2P4_TNF_FULV
142,81,80,1187.0,0.5456860974784542,19.61078348778433,29329.0,0.9650590263634532,0.9233408890567939,14.561560230488595,95.7063966707866,2364.7623487426285,0.040471887892529576,427076.0,23278.0,0.05450552126553588,Dorota_to_analzye_size_spaces_Fulv_E2P4_TNF,E2P4_TNF_FULV
143,82,81,1218.0,0.5846293531406862,14.14367816091954,32778.0,0.8322791145457746,0.9784185546700098,8.472206968088352,98.20588975991414,2642.851112110399,0.037159070107999265,277702.0,17227.0,0.0620341229087295,Dorota_to_analzye_size_spaces_Fulv_E2P4_TNF,E2P4_TNF_FULV
144,83,84,1507.0,0.5726561016817977,16.030524220305242,13034.0,0.9237998929822789,0.9606426886792453,15.526392511891975,121.5076156553289,1050.9159007641385,0.11562068436397115,202371.0,24158.0,0.11937481160838262,Dorota_to_analzye_size_spaces_Fulv_E2P4_TNF,E2P4_TNF_FULV
145,84,88,1127.0,0.3557384246628138,10.633540372670808,3668.0,0.6051337789473852,0.9376278118609407,10.023446019629226,90.86866811118492,295.7464726103161,0.30725190839694655,36766.0,11984.0,0.3259533264429092,Dorota_to_analzye_size_spaces_Fulv_E2P4_TNF,E2P4_TNF_FULV
146,85,82,2113.0,0.7797156500782836,13.363464268812116,14941.0,0.9557169585800447,0.9277243092207389,13.487584499029516,170.36867410730588,1204.6750401501454,0.14142293019208887,201518.0,28237.0,0.14012147798211574,Dorota_to_analzye_size_spaces_Fulv_E2P4_TNF,E2P4_TNF_FULV
147,86,81,1015.0,0.700408532496561,12.31231527093596,32778.0,0.8322791145457746,0.9784185546700098,8.472206968088352,81.83824146659512,2642.851112110399,0.030965891756666055,277702.0,12497.0,0.045001476402762676,Dorota_to_analzye_size_spaces_Fulv_E2P4_TNF,E2P4_TNF_FULV
148,87,88,858.0,0.5272033300893163,10.983682983682984,3668.0,0.6051337789473852,0.9376278118609407,10.023446019629226,69.17951840230405,295.7464726103161,0.23391494002181026,36766.0,9424.0,0.2563237774030354,Dorota_to_analzye_size_spaces_Fulv_E2P4_TNF,E2P4_TNF_FULV
149,88,92,2730.0,0.6941383879159656,6.960439560439561,18538.0,0.6107052244022975,0.9751709626512362,6.89313841838386,220.1166494618765,1494.6968672982662,0.14726507713884993,127785.0,19002.0,0.14870289940133818,Dorota_to_analzye_size_spaces_Fulv_E2P4_TNF,E2P4_TNF_FULV
150,89,92,1465.0,0.8107893434850755,5.9849829351535835,18538.0,0.6107052244022975,0.9751709626512362,6.89313841838386,118.12120566360773,1494.6968672982662,0.07902686373934621,127785.0,8768.0,0.06861525218139844,Dorota_to_analzye_size_spaces_Fulv_E2P4_TNF,E2P4_TNF_FULV
151,93,92,2106.0,0.6627736881259946,9.024216524216524,18538.0,0.6107052244022975,0.9751709626512362,6.89313841838386,169.80427244201903,1494.6968672982662,0.11360448807854137,127785.0,19005.0,0.14872637633525063,Dorota_to_analzye_size_spaces_Fulv_E2P4_TNF,E2P4_TNF_FULV
152,17,22,1706.0,0.7747659321597079,5.18757327080891,12880.0,0.8379819246766479,0.9179673579930154,4.233773291925466,137.55274871134114,1038.4990641278278,0.13245341614906833,54531.00000000001,8850.0,0.16229300764702645,Dorota_to_analzye_size_spaces_ctrl,NONE
153,25,26,2200.0,0.696467640902084,3.3413636363636363,14511.0,0.7135294854860441,0.9062012115156436,3.3782647646612913,177.38338051872833,1170.0046521396666,0.15160912411274205,49022.0,7351.0,0.14995308228958426,Dorota_to_analzye_size_spaces_ctrl,NONE
154,26,31,2035.0,0.8196943867831497,2.672235872235872,9039.0,0.5897638642724058,0.9231947707077929,3.119592875318066,164.0796269798237,728.8038075039933,0.22513552384113286,28197.999999999996,5438.0,0.1928505567770764,Dorota_to_analzye_size_spaces_ctrl,NONE
155,29,32,1878.0,0.7854799337592827,2.3615548455804047,12275.0,0.7497020401986074,0.9278857056466853,2.445458248472505,151.42090391553265,989.7186344851774,0.1529938900203666,30018.0,4435.0,0.14774468652142048,Dorota_to_analzye_size_spaces_ctrl,NONE
156,30,33,1236.0,0.5312169584973456,3.222491909385113,16234.0,0.9548824231416501,0.7358353730396157,3.4776395219908833,99.65720832779465,1308.9280906095617,0.07613650363434767,56456.0,3983.0,0.07055051721694772,Dorota_to_analzye_size_spaces_ctrl,NONE
157,31,29,1024.0,0.6206006674299538,5.2900390625,28359.0,0.8137092308113829,0.927522485690924,4.744983955710709,82.56390075053537,2286.552403695735,0.036108466448041186,134563.0,5417.0,0.04025623685559924,Dorota_to_analzye_size_spaces_ctrl,NONE
158,32,34,881.0,0.593561491725638,2.3688989784335983,15652.0,0.9037658885638902,0.9380318830157018,2.4569384104267824,71.03398101681803,1262.0021235814254,0.05628673651929466,38456.0,2087.0,0.05426981485333888,Dorota_to_analzye_size_spaces_ctrl,NONE
159,33,34,1057.0,0.5252509074982812,2.629139072847682,15652.0,0.9037658885638902,0.9380318830157018,2.4569384104267824,85.22465145831629,1262.0021235814254,0.06753130590339892,38456.0,2779.0,0.07226440607447472,Dorota_to_analzye_size_spaces_ctrl,NONE
160,34,30,1957.0,0.7762591598944737,3.4220746039856924,12098.0,0.736114234991462,0.9344249633119641,4.72855017358241,157.79057985234152,975.4473352343524,0.16176227475615804,57206.0,6697.0,0.11706813970562528,Dorota_to_analzye_size_spaces_ctrl,NONE
161,35,33,727.0,0.6730604212031991,2.828060522696011,16234.0,0.9548824231416501,0.7358353730396157,3.4776395219908833,58.61714438050704,1308.9280906095617,0.04478255513120611,56456.0,2056.0,0.036417741249822874,Dorota_to_analzye_size_spaces_ctrl,NONE
162,36,37,2064.0,0.81270298188316,4.084786821705427,13228.0,0.8058101315918104,0.7741557909521859,3.5737828847898396,166.41786245029786,1066.5578897735174,0.15603265799818566,47274.0,8431.0,0.17834327537335534,Dorota_to_analzye_size_spaces_ctrl,NONE
163,37,38,2042.0,0.8080845003845986,5.107737512242899,11100.0,0.9399991716921977,0.950993831391364,4.202702702702703,164.64402864511058,894.9797835263112,0.18396396396396397,46650.0,10430.0,0.22357984994640942,Dorota_to_analzye_size_spaces_ctrl,NONE
164,38,39,2179.0,0.7788428251604173,7.708122992198256,14166.0,0.7813276909819873,0.9070884292757893,5.641959621629253,175.69017552286775,1142.187712921957,0.15381900324721162,79924.0,16796.0,0.21014964216005205,Dorota_to_analzye_size_spaces_ctrl,NONE
165,39,29,1224.0,0.6676545018843526,4.806372549019608,28359.0,0.8137092308113829,0.927522485690924,4.744983955710709,98.68966261587431,2286.552403695735,0.04316090130117423,134563.0,5883.0,0.04371929876712023,Dorota_to_analzye_size_spaces_ctrl,NONE
166,40,44,836.0,0.5990435372190992,4.95334928229665,12778.0,0.895441738511269,0.8985935302390998,5.021208326811708,67.40568459711676,1030.2749255765048,0.06542494913131945,64161.00000000001,4141.0,0.06454076463895513,Dorota_to_analzye_size_spaces_ctrl,NONE
167,41,44,1239.0,0.5398434904035605,5.507667473769168,12778.0,0.895441738511269,0.8985935302390998,5.021208326811708,99.89909475577473,1030.2749255765048,0.09696353106902489,64161.00000000001,6824.0,0.10635744455354498,Dorota_to_analzye_size_spaces_ctrl,NONE
168,42,35,2121.0,0.7896146419104365,6.091937765205092,21559.0,0.5654972291698849,0.7323278643975678,6.342223665290598,171.01370458191946,1738.276500274211,0.09838118651143374,136732.0,12921.0,0.09449872743761518,Dorota_to_analzye_size_spaces_ctrl,NONE
169,43,42,1943.0,0.7859211812446482,5.252702007205353,11895.0,0.9363926889915726,0.8868923352221891,4.610592686002522,156.6617765217678,959.0796869410334,0.16334594367381253,54843.0,10206.0,0.18609485257918057,Dorota_to_analzye_size_spaces_ctrl,NONE
170,44,43,791.0,0.7515439958203274,4.939317319848294,17530.0,0.9023453428972008,0.8797550938472347,4.05031374786081,63.7773881774155,1413.423027496958,0.04512264689104392,71002.0,3907.0,0.05502661896847976,Dorota_to_analzye_size_spaces_ctrl,NONE
171,45,43,1356.0,0.40308225234501643,4.523598820058997,17530.0,0.9023453428972008,0.8797550938472347,4.05031374786081,109.332665446998,1413.423027496958,0.0773531089560753,71002.0,6134.0,0.08639193262161629,Dorota_to_analzye_size_spaces_ctrl,NONE
172,46,36,1892.0,0.8048435314194193,4.856765327695561,14793.0,0.936784645019016,0.8861267521265125,3.883931589265193,152.54970724610635,1192.7419763697947,0.12789833029135403,57455.0,9189.0,0.159933861282743,Dorota_to_analzye_size_spaces_ctrl,NONE
173,48,48,2050.0,0.7807782321195628,13.525365853658537,11024.0,0.7445384948714147,0.9732497572172685,11.392144412191582,165.28905911972413,888.8519940174823,0.18595791001451378,125587.0,27727.0,0.22077922077922077,Dorota_to_analzye_size_spaces_ctrl,NONE
174,49,46,2170.0,0.7551372278994654,4.733640552995392,20652.0,0.8302108402125721,0.8195563316004604,3.69751113693589,174.9645162389275,1665.1461702148988,0.10507456904900252,76361.0,10272.0,0.13451892982019617,Dorota_to_analzye_size_spaces_ctrl,NONE
175,50,49,2253.0,0.7490346148806972,4.1588992454505105,10232.0,0.8546642398796063,0.831802292496545,3.9202501954652074,181.65670741304314,824.9939770307401,0.22019155590304926,40112.0,9370.0,0.2335959313921021,Dorota_to_analzye_size_spaces_ctrl,NONE
176,51,40,1995.0,0.7574110654895596,2.4922305764411026,16283.0,0.948588338560829,0.9245400863047922,2.467849904808696,160.85447460675593,1312.8789022665696,0.12252042007001167,40184.0,4972.0,0.12373083814453514,Dorota_to_analzye_size_spaces_ctrl,NONE
177,52,52,1942.0,0.8115844436661833,2.626673532440783,5112.0,0.7421383349472016,0.9694670965294898,4.194053208137715,156.5811477124411,412.17447327806326,0.3798904538341158,21440.0,5101.0,0.237919776119403,Dorota_to_analzye_size_spaces_ctrl,NONE
178,53,51,2131.0,0.7526343173870467,6.228531206006569,23531.0,0.7704378033801549,0.9252516514627241,4.784497046449364,171.8199926751864,1897.2765122664528,0.09056138710637032,112583.99999999999,13273.0,0.11789419455695305,Dorota_to_analzye_size_spaces_ctrl,NONE
179,54,51,1445.0,0.7282296802645212,7.161245674740484,23531.0,0.7704378033801549,0.9252516514627241,4.784497046449364,116.50862947707384,1897.2765122664528,0.06140835493604182,112583.99999999999,10348.0,0.09191359340581257,Dorota_to_analzye_size_spaces_ctrl,NONE
180,55,50,1571.0,0.4670304983834373,9.196053469127945,14870.0,0.5418435438097147,0.959974176888315,7.079085406859448,126.66785945223737,1198.9503946879502,0.10564895763281776,105266.0,14447.0,0.13724279444455,Dorota_to_analzye_size_spaces_ctrl,NONE
181,57,47,1101.0,0.7700339491877342,7.9473206176203455,22542.0,0.910760750438869,0.7824909747292419,6.560331825037707,88.77231906869086,1817.5346198423517,0.048842161298908705,147883.0,8750.0,0.05916839663788265,Dorota_to_analzye_size_spaces_ctrl,NONE
182,60,50,789.0,0.785806418560084,9.125475285171103,14870.0,0.5418435438097147,0.959974176888315,7.079085406859448,63.616130558762116,1198.9503946879502,0.053059852051109614,105266.0,7200.0,0.06839815324986226,Dorota_to_analzye_size_spaces_ctrl,NONE
183,61,47,1107.0,0.7084726781417401,5.416440831074977,22542.0,0.910760750438869,0.7824909747292419,6.560331825037707,89.25609192465103,1817.5346198423517,0.04910833111525153,147883.0,5996.0,0.04054556642751364,Dorota_to_analzye_size_spaces_ctrl,NONE
184,65,58,2009.0,0.7903776691654621,2.246391239422598,21419.0,0.8176938160502143,0.8770011874053146,2.1941733974508613,161.98327793732963,1726.9884669684736,0.09379522853541249,46997.0,4513.0,0.09602740600463859,Dorota_to_analzye_size_spaces_ctrl,NONE
185,66,61,1052.0,0.7016460682184112,6.532319391634981,24689.0,0.7845784466565476,0.9753486350886896,5.169873222892786,84.82150741168282,1990.6446734667654,0.04261006926161449,127638.99999999999,6872.0,0.05383934377423829,Dorota_to_analzye_size_spaces_ctrl,NONE
186,67,57,3173.0,0.7152970877437556,2.191616766467066,45885.0,0.842001405508126,0.934521384928717,1.6640078457012095,255.83521199360226,3699.652915955386,0.06915113871635611,76353.0,6954.000000000001,0.09107697143530707,Dorota_to_analzye_size_spaces_ctrl,NONE
187,68,54,2270.0,0.8017872368339475,6.763436123348018,15545.0,0.914052080587056,0.9078432517666297,6.150144741074301,183.02739717159696,1253.374840983469,0.14602766162753297,95604.0,15353.0,0.16058951508305092,Dorota_to_analzye_size_spaces_ctrl,NONE
188,69,60,2261.0,0.7420192548768819,7.226006191950464,26885.0,0.9135453906503582,0.8344455135168689,6.61223730704854,182.3017378876567,2167.705538748187,0.08409893992932863,177770.0,16338.0,0.09190527085559994,Dorota_to_analzye_size_spaces_ctrl,NONE
189,70,56,1721.0,0.7281897902522302,16.4137129575828,33604.0,0.8526399578334988,0.939972027972028,12.820408284728009,138.76218085124157,2709.4505086142485,0.0512141411736698,430817.0,28247.999999999996,0.0655684432137079,Dorota_to_analzye_size_spaces_ctrl,NONE
190,71,56,1842.0,0.8162408083958723,18.776330076004342,33604.0,0.8526399578334988,0.939972027972028,12.820408284728009,148.51826677977164,2709.4505086142485,0.054814902987739555,430817.0,34586.0,0.08028002608996396,Dorota_to_analzye_size_spaces_ctrl,NONE
191,73,65,876.0,0.5566556978075345,1.8515981735159817,19558.0,0.7039730476219028,0.9412840504379633,1.5181000102259945,70.63083697018455,1576.9382528114947,0.04478985581347786,29691.0,1622.0,0.0546293489609646,Dorota_to_analzye_size_spaces_ctrl,NONE
192,74,65,1140.0,0.3849967552040009,2.143859649122807,19558.0,0.7039730476219028,0.9412840504379633,1.5181000102259945,91.91684263243195,1576.9382528114947,0.058288168524389,29691.0,2444.0,0.08231450607928328,Dorota_to_analzye_size_spaces_ctrl,NONE
193,75,69,2105.0,0.781847960589486,2.3054631828978622,12823.0,0.818996025396713,0.9471157397148977,2.254464633861031,169.72364363269233,1033.9032219962062,0.16415815331825626,28908.999999999996,4853.0,0.16787159708049398,Dorota_to_analzye_size_spaces_ctrl,NONE
194,76,68,1962.0,0.8154315250625396,7.276758409785932,15196.0,0.6730397321139786,0.8874094837654753,5.710515925243485,158.19372389897498,1225.2353865284526,0.12911292445380362,86777.0,14277.0,0.16452516219735644,Dorota_to_analzye_size_spaces_ctrl,NONE
195,78,66,899.0,0.5550627820047235,15.122358175750835,30154.0,0.7961496057541922,0.8995555025208078,11.81810041785501,72.48529958469852,2431.281116437152,0.029813623399880612,356363.0,13595.0,0.03814930281763258,Dorota_to_analzye_size_spaces_ctrl,NONE
196,79,66,1004.0,0.6098635048995094,15.291832669322709,30154.0,0.7961496057541922,0.8995555025208078,11.81810041785501,80.95132456400147,2431.281116437152,0.03329574849107913,356363.0,15353.0,0.04308247489217455,Dorota_to_analzye_size_spaces_ctrl,NONE
197,80,62,2599.0,0.5903151318958423,7.66256252404771,45551.0,0.7591083777148385,0.9426165052561875,5.097539022194902,209.55427544007952,3672.72289364027,0.05705692520471559,232198.0,19915.0,0.08576731927062249,Dorota_to_analzye_size_spaces_ctrl,NONE
198,82,70,877.0,0.7459378345584003,11.175598631698973,14388.0,0.5516545112761879,0.9547445255474453,9.583958854601056,70.71146577951124,1160.0873085924832,0.06095357242146233,137894.0,9801.0,0.07107633399567784,Dorota_to_analzye_size_spaces_ctrl,NONE
199,83,70,1089.0,0.5354678105064741,12.488521579430671,14388.0,0.5516545112761879,0.9547445255474453,9.583958854601056,87.80477335677053,1160.0873085924832,0.07568807339449542,137894.0,13600.0,0.09862648121020494,Dorota_to_analzye_size_spaces_ctrl,NONE
200,84,73,996.0,0.8366665547118183,2.2951807228915664,26552.0,0.47940247467185615,0.9532562648093631,2.522860801446219,80.30629408938792,2140.8561452423974,0.037511298583910814,66987.0,2286.0,0.03412602445250571,Dorota_to_analzye_size_spaces_ctrl,NONE
201,85,71,1892.0,0.6999090470369006,4.893234672304439,23207.0,0.5278948186740638,0.897964711344993,4.091739561339251,152.54970724610635,1871.1527780446038,0.08152712543629077,94957.0,9258.0,0.09749676169213434,Dorota_to_analzye_size_spaces_ctrl,NONE
202,86,72,4042.0,0.7713194819991057,10.32088075210292,37593.0,0.8631763565213588,0.769229195228254,6.246907668980927,325.90164729849994,3031.0788290184337,0.10752001702444604,234839.99999999997,41717.0,0.1776400953840913,Dorota_to_analzye_size_spaces_ctrl,NONE
203,87,77,1914.0,0.8433569223333807,11.239811912225706,8572.0,0.8938679132293633,0.9439489043056932,12.40760615958936,154.32354105129366,691.1501535484269,0.22328511432571163,106358.0,21513.0,0.20226969292389854,Dorota_to_analzye_size_spaces_ctrl,NONE
204,88,73,332.0,0.7351277281272477,3.38855421686747,26552.0,0.47940247467185615,0.9532562648093631,2.522860801446219,26.76876469646264,2140.8561452423974,0.012503766194636938,66987.0,1125.0,0.016794303372296118,Dorota_to_analzye_size_spaces_ctrl,NONE
205,90,73,870.0,0.8634448341798706,3.2839080459770114,26552.0,0.47940247467185615,0.9532562648093631,2.522860801446219,70.14706411422438,2140.8561452423974,0.03276589334136788,66987.0,2857.0,0.04265006643080001,Dorota_to_analzye_size_spaces_ctrl,NONE
206,91,74,2532.0,0.748452586733,8.127172195892575,21860.0,0.7941678389918504,0.9474277293806613,6.892680695333944,204.15214521519096,1762.545771881546,0.11582799634034767,150674.0,20578.0,0.1365729986593573,Dorota_to_analzye_size_spaces_ctrl,NONE
207,93,79,997.0,0.5942170503378194,13.484453360080241,14173.0,0.88568013192571,0.9475830714715517,11.671558597332957,80.38692289871462,1142.752114587244,0.07034502222535807,165421.0,13444.0,0.08127142261260663,Dorota_to_analzye_size_spaces_ctrl,NONE
208,94,81,1179.0,0.6626577515808607,10.76759966072943,14409.0,0.8937407149975602,0.909716522507734,8.91727392601846,95.06136619617304,1161.7805135883439,0.08182386008744534,128488.99999999999,12694.999999999998,0.09880223209768929,Dorota_to_analzye_size_spaces_ctrl,NONE
209,95,79,1289.0,0.644353875324858,17.548487199379363,14173.0,0.88568013192571,0.9475830714715517,11.671558597332957,103.93053522210946,1142.752114587244,0.09094757637761942,165421.0,22620.0,0.13674200978110398,Dorota_to_analzye_size_spaces_ctrl,NONE
210,96,78,2378.0,0.7571591918540347,1.3507148864592093,22460.0,0.825666231859919,0.9689805427326459,1.4485307212822796,191.73530857888,1810.923057477563,0.10587711487088157,32534.0,3212.0,0.0987274850925186,Dorota_to_analzye_size_spaces_ctrl,NONE
211,97,81,901.0,0.6511944494323966,9.921198668146504,14409.0,0.8937407149975602,0.909716522507734,8.91727392601846,72.64655720335192,1161.7805135883439,0.0625303629675897,128488.99999999999,8939.0,0.06957015775669513,Dorota_to_analzye_size_spaces_ctrl,NONE
212,99,80,2139.0,0.6924084141231961,5.366526414212249,21918.0,0.6418519356062318,0.8496336783346901,5.086960489095721,172.46502314979995,1767.2222428224943,0.09759102107856556,111496.0,11479.0,0.10295436607591303,Dorota_to_analzye_size_spaces_ctrl,NONE
213,100,87,1243.0,0.6831055500980707,9.13113435237329,21005.0,0.8748553135192872,0.9302480070859167,6.852558914544156,100.2216099930815,1693.608139907222,0.05917638657462509,143938.0,11350.0,0.07885339521182731,Dorota_to_analzye_size_spaces_ctrl,NONE
214,101,84,1884.0,0.7995490914075262,6.555732484076433,8678.0,0.6683308727977743,0.9275331338178708,7.141507259737267,151.9046767714928,699.6968073370566,0.2171007144503342,61974.00000000001,12351.0,0.19929325200890693,Dorota_to_analzye_size_spaces_ctrl,NONE
215,102,87,1052.0,0.7148990094199277,8.69296577946768,21005.0,0.8748553135192872,0.9302480070859167,6.852558914544156,84.82150741168282,1693.608139907222,0.05008331349678648,143938.0,9145.0,0.06353429949005822,Dorota_to_analzye_size_spaces_ctrl,NONE
216,103,85,1902.0,0.6889261955278987,2.898002103049422,12164.0,0.9071832901695474,0.9543386160364036,2.3954291351529102,153.35599533937332,980.7688366499143,0.15636303847418612,29138.0,5512.0,0.1891687830324662,Dorota_to_analzye_size_spaces_ctrl,NONE
217,104,86,2151.0,0.6951302418790285,2.591817759181776,18392.0,0.7852192061737987,0.8459592475047146,2.4663440626359288,173.43256886172028,1482.9250611365687,0.11695302305350153,45361.0,5575.0,0.12290293423866316,Dorota_to_analzye_size_spaces_ctrl,NONE
218,105,83,2110.0,0.7585245843536783,6.885308056872038,18428.0,0.9163999383994211,0.8701071816421927,4.112437594964185,170.12678767932582,1485.8276982723298,0.11449967440850879,75784.00000000001,14528.0,0.19170273408635063,Dorota_to_analzye_size_spaces_ctrl,NONE
219,106,88,818.0,0.7109447911625978,3.271393643031785,15460.0,0.773989910736856,0.8470304624150778,2.614294954721863,65.95436602923625,1246.5213921907,0.05291073738680466,40417.0,2676.0,0.06620976321844768,Dorota_to_analzye_size_spaces_ctrl,NONE
220,107,94,1113.0,0.5098601201303723,1.6585804132973945,12042.0,0.8918210999147906,0.8741289198606271,1.8829928583291813,89.7398647806112,970.9321219120575,0.0924265072247135,22675.0,1846.0,0.08141124586549063,Dorota_to_analzye_size_spaces_ctrl,NONE
221,108,89,1965.0,0.8119796596479794,1.7816793893129772,13173.0,0.8840695390776319,0.9619541404994888,1.683898884081075,158.43561032695507,1062.1233052605492,0.14916875427009793,22182.0,3501.0,0.15783067351906951,Dorota_to_analzye_size_spaces_ctrl,NONE
222,109,90,1815.0,0.7744048928144337,6.262258953168044,4953.0,0.8773998991752437,0.9339996228549877,9.110034322632748,146.34128892795087,399.3544925951188,0.36644457904300426,45122.0,11366.0,0.25189486281636453,Dorota_to_analzye_size_spaces_ctrl,NONE
223,110,94,961.0,0.5963620841893934,1.5327783558792925,12042.0,0.8918210999147906,0.8741289198606271,1.8829928583291813,77.4842857629536,970.9321219120575,0.07980401926590268,22675.0,1473.0,0.06496141124586549,Dorota_to_analzye_size_spaces_ctrl,NONE
224,111,95,2330.0,0.8626315277047928,6.233905579399142,9937.0,0.9049782906187711,0.9249744019361444,5.060481030492101,187.86512573119865,801.2084782793652,0.23447720640032202,50286.00000000001,14525.000000000002,0.28884779063755317,Dorota_to_analzye_size_spaces_ctrl,NONE
225,112,88,1518.0,0.5894612173920962,2.8722002635046113,15460.0,0.773989910736856,0.8470304624150778,2.614294954721863,122.39453255792255,1246.5213921907,0.09818887451487711,40417.0,4360.0,0.10787539896578173,Dorota_to_analzye_size_spaces_ctrl,NONE
226,113,97,1652.0,0.8294260286368291,4.187046004842615,13819.0,0.8934078462636704,0.8993231810490694,4.897460018814676,133.19879300769963,1114.209516085594,0.11954555322382228,67678.0,6917.0,0.102204556872248,Dorota_to_analzye_size_spaces_ctrl,NONE
227,114,96,2167.0,0.7524410580228417,9.58052607291186,12288.0,0.8242596526396401,0.9352309917040871,8.416341145833334,174.7226298109474,990.7668090064244,0.17635091145833334,103420.0,20761.0,0.20074453684006963,Dorota_to_analzye_size_spaces_ctrl,NONE
228,116,93,1875.0,0.8281338338552309,3.840533333333333,10183.0,0.8576112958313405,0.8793609671848014,4.376608072277325,151.17901748755256,821.0431653737321,0.18413041343415495,44567.0,7201.0,0.1615769515560841,Dorota_to_analzye_size_spaces_ctrl,NONE
229,117,91,2010.0,0.7672463960550043,6.085074626865672,13488.0,0.8230015209458498,0.9170519445199892,3.931717081850534,162.06390674665633,1087.521380198458,0.14902135231316727,53031.0,12231.0,0.23063868303445154,Dorota_to_analzye_size_spaces_ctrl,NONE
230,118,100,2113.0,0.75704338859688,11.963558920965452,15586.0,0.947464630672715,0.8755687882703219,5.036571281919671,170.36867410730588,1256.6806221658635,0.13557038367765945,78500.0,25279.0,0.32202547770700635,Dorota_to_analzye_size_spaces_ctrl,NONE
231,119,98,2402.0,0.6733660078395655,16.23646960865945,14574.0,0.8376177893229118,0.9471016376397192,13.744064772883217,193.67040000272067,1175.0842671272485,0.16481405242212158,200306.0,39000.0,0.1947021057781594,Dorota_to_analzye_size_spaces_ctrl,NONE
232,120,92,2324.0,0.7120585939752161,4.304647160068847,21417.0,0.9477692393884346,0.7849080114344352,2.699771209786618,187.38135287523846,1726.8272093498204,0.10851192977541206,57821.0,10004.0,0.17301672402760243,Dorota_to_analzye_size_spaces_ctrl,NONE
233,122,105,1920.0,0.8007667783876866,7.9046875,11033.0,0.9188486867432283,0.9454155955441302,7.410767696909272,154.8073139072538,889.5776533014225,0.1740233843922777,81763.0,15177.0,0.18562185829776304,Dorota_to_analzye_size_spaces_ctrl,NONE
234,123,104,1082.0,0.5176353953022381,7.979667282809612,15303.0,0.767247454718529,0.9438722013199284,5.824544207018231,87.24037169148366,1233.862669126409,0.07070509050512971,89133.0,8634.0,0.09686648042812426,Dorota_to_analzye_size_spaces_ctrl,NONE
235,124,101,2312.0,0.7453398747473842,20.13235294117647,28953.0,0.8279475272409669,0.817165758798792,16.55562463302594,186.41380716331813,2334.4459164357913,0.07985355576278796,479335.0,46546.0,0.09710536472404477,Dorota_to_analzye_size_spaces_ctrl,NONE
236,125,106,2244.0,0.7022409265560143,3.2589126559714794,24297.0,0.9074220724731141,0.8984580113153127,3.3286413960571264,180.9310481291029,1959.038180210701,0.09235708112112606,80876.0,7313.0,0.0904223749938177,Dorota_to_analzye_size_spaces_ctrl,NONE
237,126,108,2215.0,0.7646136523005899,6.589616252821671,15762.0,0.7537390056148476,0.9100461893764434,4.326544854713869,178.59281265862876,1270.8712926073617,0.14052785179545743,68195.0,14596.0,0.2140332868978664,Dorota_to_analzye_size_spaces_ctrl,NONE
238,127,107,2308.0,0.6983152846850083,11.827556325823224,17235.0,0.8339351146937898,0.8870303654143078,9.016710182767625,186.09129192601137,1389.637528745583,0.13391354801276473,155403.0,27298.0,0.17565941455441658,Dorota_to_analzye_size_spaces_ctrl,NONE
239,128,110,1022.0,0.5951161699652819,3.9442270058708413,16555.0,0.5251822435291783,0.9116189427312775,3.239323467230444,82.40264313188197,1334.8099384034306,0.061733615221987316,53627.0,4031.0,0.0751673597255114,Dorota_to_analzye_size_spaces_ctrl,NONE
240,129,109,69.0,0.7463475928777696,7.231884057971015,4027.0,0.7745607197247919,0.9473065161138555,4.139806307424882,5.563387843541934,324.69221515859954,0.0171343431835113,16671.0,499.0,0.02993221762341791,Dorota_to_analzye_size_spaces_ctrl,NONE
241,130,112,2175.0,0.7256528833480086,9.073103448275862,8643.0,0.7345988594172115,0.9638675142188022,9.24655790813375,175.36766028556096,696.8747990106223,0.2516487330787921,79918.0,19734.0,0.24692810130383644,Dorota_to_analzye_size_spaces_ctrl,NONE
242,131,104,1124.0,0.7722447008390011,9.174377224199288,15303.0,0.767247454718529,0.9438722013199284,5.824544207018231,90.62678168320484,1233.862669126409,0.07344965039534732,89133.0,10312.0,0.11569228007584172,Dorota_to_analzye_size_spaces_ctrl,NONE
243,132,110,1052.0,0.6012465249673047,4.081749049429658,16555.0,0.5251822435291783,0.9116189427312775,3.239323467230444,84.82150741168282,1334.8099384034306,0.06354575656901239,53627.0,4294.0,0.08007160572099875,Dorota_to_analzye_size_spaces_ctrl,NONE
244,133,111,1618.0,0.7761261735332468,3.61495673671199,38638.0,0.6419845801189459,0.9373605046094129,2.7800351985092395,130.45741349059202,3115.3359347648297,0.04187587349241679,107415.0,5849.0,0.05445235767816413,Dorota_to_analzye_size_spaces_ctrl,NONE
245,134,114,2166.0,0.7389597226077586,2.422899353647276,15261.0,0.8532978750068813,0.9044091501718621,2.582792739663194,174.6420010016207,1230.4762591346878,0.1419304108511893,39416.0,5248.0,0.13314390095392734,Dorota_to_analzye_size_spaces_ctrl,NONE
246,136,111,467.0,0.5728658652705485,3.84796573875803,38638.0,0.6419845801189459,0.9373605046094129,2.7800351985092395,37.65365395556642,3115.3359347648297,0.012086546922718567,107415.0,1797.0,0.016729507052087696,Dorota_to_analzye_size_spaces_ctrl,NONE
247,137,111,3040.0,0.7983943866446992,2.7625,38638.0,0.6419845801189459,0.9373605046094129,2.7800351985092395,245.11158035315188,3115.3359347648297,0.07867902065324292,107415.0,8398.0,0.07818274915049109,Dorota_to_analzye_size_spaces_ctrl,NONE
248,138,113,1270.0,0.7491669373682234,9.855905511811024,24471.0,0.6416105895984426,0.8097885436314901,7.691308078950595,102.39858784490227,1973.0675930335458,0.051898165175105225,188214.0,12517.0,0.06650408577470326,Dorota_to_analzye_size_spaces_ctrl,NONE
249,139,119,2008.0,0.7912843304656578,12.394422310756973,5272.0,0.4506015466740208,0.9427753934191703,12.996396054628224,161.90264912800293,425.0750827703344,0.38088012139605465,68517.0,24888.0,0.36323832041683085,Dorota_to_analzye_size_spaces_ctrl,NONE
250,140,116,2260.0,0.834352969118159,4.023008849557522,18480.0,0.8953840795443369,0.9324856191341205,3.432792207792208,182.22110907833002,1490.0203963573178,0.12229437229437229,63438.0,9092.0,0.14332103786374098,Dorota_to_analzye_size_spaces_ctrl,NONE
251,141,111,2656.0,0.7572164281123605,3.3580572289156625,38638.0,0.6419845801189459,0.9373605046094129,2.7800351985092395,214.15011757170112,3115.3359347648297,0.06874061804441224,107415.0,8919.0,0.08303309593632174,Dorota_to_analzye_size_spaces_ctrl,NONE
252,142,113,1347.0,0.5632233141355648,10.097253155159613,24471.0,0.6416105895984426,0.8097885436314901,7.691308078950595,108.60700616305775,1973.0675930335458,0.05504474684320216,188214.0,13601.0,0.0722634873070016,Dorota_to_analzye_size_spaces_ctrl,NONE
253,144,117,2121.0,0.7468167272224467,1.876944837340877,13756.0,0.6784286540783516,0.9670298769771529,2.1046088979354463,171.01370458191946,1109.1299010980122,0.15418726373945915,28951.0,3981.0,0.13750820351628615,Dorota_to_analzye_size_spaces_ctrl,NONE
254,145,123,1051.0,0.418312930469552,1.5842055185537582,3506.0,0.7686631312421534,0.9828987945051865,1.7498573873359955,84.74087860235612,282.6846054993916,0.2997718197375927,6135.0,1665.0,0.2713936430317848,Dorota_to_analzye_size_spaces_ctrl,NONE
255,146,120,2317.0,0.7592132450068448,9.337505394907208,23350.0,0.6796702515164293,0.9523226885272645,6.057944325481799,186.8169512099516,1882.6826977783212,0.09922912205567452,141453.0,21635.0,0.15294832912698916,Dorota_to_analzye_size_spaces_ctrl,NONE
256,147,123,1041.0,0.5330678849308824,2.063400576368876,3506.0,0.7686631312421534,0.9828987945051865,1.7498573873359955,83.93459050908918,282.6846054993916,0.29691956645750145,6135.0,2147.9999999999995,0.35012224938875297,Dorota_to_analzye_size_spaces_ctrl,NONE
257,148,127,1955.0,0.7986891949771996,5.229156010230179,4537.0,0.6632687837821463,0.9366226259289843,6.3627947983248845,157.62932223368813,365.8129079152138,0.43090147674674895,28868.0,10223.0,0.35412913953166136,Dorota_to_analzye_size_spaces_ctrl,NONE
258,149,126,1954.0,0.704071327500434,2.5020470829068575,12057.0,0.5678850662221173,0.9664155177941648,2.6129219540515884,157.54869342436143,972.1415540519579,0.16206353155843078,31504.000000000004,4889.0,0.15518664296597257,Dorota_to_analzye_size_spaces_ctrl,NONE
259,150,122,2102.0,0.8118590388977631,7.2778306374881065,11919.0,0.8186668761687677,0.8755601263498127,6.025505495427469,169.48175720471224,961.014778364874,0.17635707693598457,71818.0,15298.0,0.21301066584978695,Dorota_to_analzye_size_spaces_ctrl,NONE
260,151,130,917.0,0.5625802689453974,3.19629225736096,6477.0,0.904313477570551,0.9779556092405255,3.345067160722557,73.93661815257903,522.2327980090015,0.14157789099891926,21666.0,2931.0,0.13528108557186375,Dorota_to_analzye_size_spaces_ctrl,NONE
261,152,125,2499.0,0.6245444490741681,3.044817927170868,20177.0,0.5781003847486759,0.8981127036410576,1.9446399365614313,201.49139450741004,1626.8474857847189,0.12385389304653814,39237.0,7609.0,0.1939241022504269,Dorota_to_analzye_size_spaces_ctrl,NONE
262,153,128,2198.0,0.8040025435455173,5.149226569608735,7740.0,0.7033017052026714,0.9412623130244436,5.645736434108527,177.22212290007494,624.066984188617,0.2839793281653747,43698.0,11318.0,0.25900498878667216,Dorota_to_analzye_size_spaces_ctrl,NONE
263,155,130,789.0,0.5741847786118436,2.9898605830164766,6477.0,0.904313477570551,0.9779556092405255,3.345067160722557,63.616130558762116,522.2327980090015,0.12181565539601667,21666.0,2359.0,0.1088802732391766,Dorota_to_analzye_size_spaces_ctrl,NONE
264,156,131,1917.0,0.8056568384690126,3.5899843505477307,6824.0,0.8196631611228183,0.9609914096606111,3.4951641266119577,154.56542747927372,550.2109948453646,0.2809202813599062,23851.0,6882.0,0.28854136094922644,Dorota_to_analzye_size_spaces_ctrl,NONE
265,157,133,1979.0,0.775494833450018,1.3880747852450732,15589.0,0.8244154137638767,0.9661006445215666,1.4247225607800371,159.5644136575288,1256.9225085938435,0.12694848931939187,22210.0,2747.0,0.12368302566411526,Dorota_to_analzye_size_spaces_ctrl,NONE
266,158,129,2229.0,0.72625736602604,2.0354419021982952,20489.0,0.741964219942007,0.8425792655343998,1.8248328371321196,179.72161598920246,1652.0036742946477,0.10879008248328371,37389.0,4537.0,0.12134585038380272,Dorota_to_analzye_size_spaces_ctrl,NONE
267,159,132,1744.0,0.5832306241150936,12.032683486238533,11173.0,0.7958160769586526,0.9088912389164565,8.703929114830395,140.61664346575554,900.8656866071598,0.15609057549449565,97249.0,20985.0,0.2157862805787206,Dorota_to_analzye_size_spaces_ctrl,NONE
268,161,142,2178.0,0.8128095286636899,5.2640036730945825,3717.0,0.783899133314178,0.9820343461030383,5.463276836158192,175.60954671354105,299.69728426732416,0.585956416464891,20307.0,11465.0,0.5645836411089772,Dorota_to_analzye_size_spaces_ctrl,NONE
269,162,135,3938.0,0.8244410231095535,5.158963941086846,13599.0,0.7288314107379317,0.9409119214004013,5.391425840135304,317.5162511285237,1096.4711780337211,0.2895801161850136,73318.0,20316.0,0.2770943015357757,Dorota_to_analzye_size_spaces_ctrl,NONE
270,163,138,2702.0,0.7124048647869884,2.7446336047372317,9221.0,0.7655638038678383,0.9417832703503217,2.4708816831146296,217.85904280072907,743.4782508014517,0.29302678668257237,22784.0,7416.0,0.32549157303370785,Dorota_to_analzye_size_spaces_ctrl,NONE
271,164,140,1456.0,0.6203406314499847,2.4766483516483517,20370.0,0.7877200695050721,0.8262686082829676,2.2199312714776633,117.39554637966748,1642.408845984771,0.07147766323024055,45220.0,3606.0,0.07974347633790359,Dorota_to_analzye_size_spaces_ctrl,NONE
272,165,137,877.0,0.28912944583827344,2.2633979475484605,14841.0,0.9416211855099185,0.9688601645123385,1.8611953372414258,70.71146577951124,1196.612159217476,0.059093053028771644,27622.0,1984.9999999999998,0.07186300774744768,Dorota_to_analzye_size_spaces_ctrl,NONE
273,166,143,2023.0,0.8167417760411813,5.459218981710332,5754.0,0.8648106609681144,0.9607613958924696,5.451164407368787,163.11208126790336,463.9381688658013,0.3515815085158151,31366.0,11044.0,0.3521010010839763,Dorota_to_analzye_size_spaces_ctrl,NONE
274,168,140,1002.0,0.49525467615962926,2.6487025948103793,20370.0,0.7877200695050721,0.8262686082829676,2.2199312714776633,80.79006694534809,1642.408845984771,0.0491899852724595,45220.0,2654.0,0.058690844758956216,Dorota_to_analzye_size_spaces_ctrl,NONE
275,169,145,1833.0,0.7457807830545286,2.5171849427168578,7320.0,0.5287171482707946,0.9035921491173929,2.8438524590163934,147.79260749583136,590.2028842714052,0.25040983606557377,20817.0,4614.0,0.2216457702839026,Dorota_to_analzye_size_spaces_ctrl,NONE
276,170,137,995.0,0.33264965701503346,1.6633165829145728,14841.0,0.9416211855099185,0.9688601645123385,1.8611953372414258,80.22566528006122,1196.612159217476,0.06704399973047638,27622.0,1655.0,0.05991600897835059,Dorota_to_analzye_size_spaces_ctrl,NONE
277,171,134,1224.0,0.6210221443155076,2.3504901960784315,31854.0,0.8143331043042786,0.9010013011257566,1.2385257738431594,98.68966261587431,2568.3500922925327,0.03842531550197777,39452.0,2877.0,0.07292405961674947,Dorota_to_analzye_size_spaces_ctrl,NONE
278,173,141,2375.0,0.702472475244734,1.6913684210526316,24056.0,0.45083590165763565,0.9223572715770101,1.8212504156967078,191.4934221508999,1939.6066371629677,0.09872796807449286,43812.0,4017.0,0.09168720898384004,Dorota_to_analzye_size_spaces_ctrl,NONE
279,174,134,1236.0,0.6353017866669302,1.9870550161812297,31854.0,0.8143331043042786,0.9010013011257566,1.2385257738431594,99.65720832779465,2568.3500922925327,0.03880203428140893,39452.0,2456.0,0.062252864240089224,Dorota_to_analzye_size_spaces_ctrl,NONE
280,176,139,2108.0,0.7865518028194901,3.004743833017078,26782.0,0.6744735159298116,0.9216104611149346,2.2174221492046895,169.96553006067242,2159.400771387537,0.07870958106190726,59386.99999999999,6334.0,0.10665633892939534,Dorota_to_analzye_size_spaces_ctrl,NONE
281,177,144,1021.0,0.761445118178224,2.4182174338883446,25540.0,0.7657049412801357,0.9669114863330053,1.526115896632733,82.32201432255529,2059.2597902037824,0.03997650743931089,38977.0,2469.0,0.06334504964466224,Dorota_to_analzye_size_spaces_ctrl,NONE
282,178,148,2075.0,0.6671963067730119,5.372530120481928,6846.0,0.6663902848588128,0.9837620347751114,6.367806018112766,167.3047793528915,551.9848286505519,0.3030966988022203,43594.0,11148.0,0.25572326466944995,Dorota_to_analzye_size_spaces_ctrl,NONE
283,179,147,2002.0,0.7223574159098678,10.379620379620379,22486.0,0.5423934654105832,0.8355380499405469,7.233967802188028,161.41887627204278,1813.019406520057,0.08903317619852352,162663.0,20780.0,0.12774878122252756,Dorota_to_analzye_size_spaces_ctrl,NONE
284,180,148,1899.0,0.7294991268711354,5.612954186413902,6846.0,0.6663902848588128,0.9837620347751114,6.367806018112766,153.11410891139323,551.9848286505519,0.2773882559158633,43594.0,10659.0,0.2445061246960591,Dorota_to_analzye_size_spaces_ctrl,NONE
285,181,144,1098.0,0.6149768716832866,1.9262295081967213,25540.0,0.7657049412801357,0.9669114863330053,1.526115896632733,88.53043264071077,2059.2597902037824,0.04299138606108066,38977.0,2115.0,0.0542627703517459,Dorota_to_analzye_size_spaces_ctrl,NONE
286,183,149,1895.0,0.7350578320354265,4.335620052770449,3332.0,0.6701279578521886,0.9831808793154323,4.435474189675871,152.79159367408644,268.65519267654673,0.5687274909963985,14779.000000000002,8216.0,0.5559239461397929,Dorota_to_analzye_size_spaces_ctrl,NONE
287,184,151,2154.0,0.7588414452128821,2.743732590529248,3858.0,0.7105983697872582,0.9831804281345565,2.8522550544323484,173.67445528970038,311.0659463823881,0.5583203732503889,11004.0,5910.0,0.5370774263904035,Dorota_to_analzye_size_spaces_ctrl,NONE
288,185,154,2721.0,0.7129577215783602,2.8691657478868065,4287.0,0.6219490792100246,0.9801097393689986,2.774667599720084,219.39099017793626,345.65570558354017,0.6347095871238628,11895.0,7807.0,0.6563261874737285,Dorota_to_analzye_size_spaces_ctrl,NONE
289,187,156,778.0,0.6445730533483139,20.773778920308484,5171.0,0.586065209407278,0.9230631917172438,9.765809321214466,62.729213656168476,416.9315730283383,0.1504544575517308,50499.0,16162.0,0.3200459415037922,Dorota_to_analzye_size_spaces_ctrl,NONE
290,188,153,2105.0,0.6640748790519065,3.3634204275534443,16353.0,0.7600092794738151,0.9347776380473305,3.5192930960679996,169.72364363269233,1318.5229189194383,0.12872255855194764,57551.0,7080.0,0.12302132022032632,Dorota_to_analzye_size_spaces_ctrl,NONE
291,189,160,2179.0,0.8571251842748173,4.6149609912804035,3602.0,0.8118591625796703,0.9782726778924498,4.868128817323709,175.69017552286775,290.4249711947543,0.60494169905608,17535.0,10056.0,0.5734816082121471,Dorota_to_analzye_size_spaces_ctrl,NONE
292,191,164,1481.0,0.7536429743783122,2.1060094530722484,3422.0,0.7382315551139655,0.9661208356860531,2.3556399766218585,119.41126661283484,275.91178551594925,0.4327878433664524,8061.0,3119.0,0.3869246991688376,Dorota_to_analzye_size_spaces_ctrl,NONE
293,192,161,2369.0,0.6938497107835442,4.7741663149008025,22433.0,0.8377385230826035,0.9532571282879361,3.4758614541077875,191.00964929493972,1808.7460796257421,0.10560335220434182,77974.0,11310.000000000002,0.14504834944981662,Dorota_to_analzye_size_spaces_ctrl,NONE
294,193,155,2125.0,0.70286006736676,3.744941176470588,15038.0,0.8220406228865996,0.9375896252883597,4.1300039898922725,171.33621981922622,1212.4960346548348,0.14130868466551402,62106.99999999999,7958.0,0.12813370473537605,Dorota_to_analzye_size_spaces_ctrl,NONE
295,194,150,2128.0,0.7454708898621643,10.36701127819549,24497.0,0.9754668599729338,0.8486748657543738,8.665632526431809,171.5781062472063,1975.16394207604,0.08686777972812998,212282.00000000003,22061.0,0.10392308344560536,Dorota_to_analzye_size_spaces_ctrl,NONE
296,195,163,1011.0,0.37337025940730767,3.6340257171117707,10880.0,0.7793139759287653,0.9459224482698662,3.856985294117647,81.51572622928833,877.2414454744383,0.09292279411764706,41964.0,3674.0,0.08755123439138308,Dorota_to_analzye_size_spaces_ctrl,NONE
297,196,168,2043.0,0.6849177227129921,5.911404796867352,3209.0,0.6475986077109015,0.9852625115136628,6.562168899968838,164.72465745443725,258.73784912936327,0.6366469305079464,21058.0,12077.0,0.5735112546300694,Dorota_to_analzye_size_spaces_ctrl,NONE
298,197,157,2614.0,0.7370857534558614,1.9904361132364192,17831.0,0.7925212648916538,0.9131459005479592,2.432056530761034,210.76370757997992,1437.6922991042932,0.14659862038023666,43366.0,5203.0,0.11997878522344695,Dorota_to_analzye_size_spaces_ctrl,NONE
299,198,167,2176.0,0.7717115453241654,5.2927389705882355,15913.0,0.5769699122956696,0.9769769155206287,4.455916546220072,175.44828909488766,1283.0462428156927,0.13674354301514485,70907.0,11517.0,0.1624240201954673,Dorota_to_analzye_size_spaces_ctrl,NONE
300,199,163,740.0,0.554690009292008,4.135135135135135,10880.0,0.7793139759287653,0.9459224482698662,3.856985294117647,59.66531890175408,877.2414454744383,0.06801470588235294,41964.0,3060.0,0.07291964541035173,Dorota_to_analzye_size_spaces_ctrl,NONE
301,200,162,1842.0,0.6789812207119768,1.8887079261672095,11763.0,0.8824965963764669,0.8635929814257397,2.1251381450310296,148.51826677977164,948.4366841099097,0.15659270594236163,24998.0,3479.0,0.13917113369069525,Dorota_to_analzye_size_spaces_ctrl,NONE
302,201,173,745.0,0.8207323380221362,6.004026845637584,4952.0,0.5782214928657274,0.9546944283786389,7.008279483037157,60.06846294838755,399.2738637857921,0.1504442649434572,34705.0,4473.0,0.12888632761849877,Dorota_to_analzye_size_spaces_ctrl,NONE
303,202,158,2197.0,0.7956934407395805,3.6162949476558945,16140.0,0.908967048231514,0.9569548203486303,3.7965923172242877,177.14149409074824,1301.3489825328525,0.13612143742255267,61277.0,7945.0,0.12965713073420695,Dorota_to_analzye_size_spaces_ctrl,NONE
304,203,170,1982.0,0.7970666153097764,4.817860746720484,6520.0,0.9443735679675489,0.9166315197525657,5.6797546012269935,159.8063000855089,525.6998368100494,0.3039877300613497,37032.0,9549.0,0.25785806869734285,Dorota_to_analzye_size_spaces_ctrl,NONE
305,204,173,1418.0,0.4689904861254755,6.256699576868829,4952.0,0.5782214928657274,0.9546944283786389,7.008279483037157,114.33165162525307,399.2738637857921,0.28634894991922455,34705.0,8872.0,0.25564039763722807,Dorota_to_analzye_size_spaces_ctrl,NONE
306,205,169,2218.0,0.7971770729320259,3.5820559062218216,8486.0,0.8979526907779841,0.8777410012412081,4.6365778930002355,178.83469908660882,684.2160759463312,0.26137167098750885,39346.0,7945.0,0.20192649824632744,Dorota_to_analzye_size_spaces_ctrl,NONE
307,206,165,1829.0,0.7725202884466139,2.136686714051394,14023.0,0.9139736106025157,0.9552452316076294,2.0578335591528205,147.4700922585246,1130.6577931882398,0.1304285816159167,28857.000000000004,3908.0,0.13542641300204455,Dorota_to_analzye_size_spaces_ctrl,NONE
308,207,176,2663.0,0.7988473641368178,5.709350356740519,4281.0,0.7637350598259716,0.9776204612925325,5.908899789768745,214.71451923698797,345.17193272758,0.6220509226816164,25296.0,15204.000000000002,0.6010436432637571,Dorota_to_analzye_size_spaces_ctrl,NONE
309,208,172,2343.0,0.712483171555338,6.36875800256082,15097.0,0.8421824511212103,0.9375271688505248,6.937868450685567,188.91330025244568,1217.25313440511,0.15519639663509308,104741.0,14922.0,0.14246570111035792,Dorota_to_analzye_size_spaces_ctrl,NONE
310,209,175,2341.0,0.794771858680694,3.512174284493806,11343.0,0.8345708198248375,0.9564080944350759,3.646301683857886,188.75204263379229,914.572584192698,0.2063827911487261,41360.0,8222.0,0.19879110251450677,Dorota_to_analzye_size_spaces_ctrl,NONE
311,210,171,2306.0,0.7787460936594354,6.954466608846487,18868.0,0.8446196672095835,0.879832128701329,6.088456646173415,185.93003430735797,1521.3043743760754,0.12221751112995548,114877.0,16037.0,0.13960148680762902,Dorota_to_analzye_size_spaces_ctrl,NONE
312,211,178,2235.0,0.6663753885272212,3.5758389261744967,20017.0,0.7597296266544952,0.9695810123516589,3.2744667033021932,180.20538884516264,1613.9468762924478,0.11165509317080481,65545.0,7992.0,0.12193149744450378,Dorota_to_analzye_size_spaces_ctrl,NONE
313,212,180,2005.0,0.8153486252999393,3.291770573566085,11753.0,0.7005654088295683,0.9733333333333334,4.162511699140645,161.66076270002287,947.6303960166427,0.17059474176805922,48922.0,6600.0,0.1349086300641838,Dorota_to_analzye_size_spaces_ctrl,NONE
314,213,174,2115.0,0.7748680600098286,3.0718676122931443,16460.0,0.9115555687837177,0.890066511653058,3.4913122721749694,170.52993172595927,1327.1502015173946,0.12849331713244228,57467.0,6497.0,0.11305618876920667,Dorota_to_analzye_size_spaces_ctrl,NONE
315,214,181,1025.0,0.6936883433853296,5.737560975609756,2945.0,0.7388242932348886,0.9754885723749586,6.153480475382003,82.64452955986206,237.45184346711588,0.34804753820033957,18122.0,5881.0,0.32452267961593645,Dorota_to_analzye_size_spaces_ctrl,NONE
316,215,177,197.0,0.4810950478580504,5.192893401015229,34376.0,0.7083021119793984,0.9136964091114478,5.358011403304631,15.883875437358855,2771.6959494144567,0.005730742378403537,184187.0,1023.0000000000001,0.005554137914185041,Dorota_to_analzye_size_spaces_ctrl,NONE
317,216,181,683.0,0.7569388724545626,6.231332357247438,2945.0,0.7388242932348886,0.9754885723749586,6.153480475382003,55.069476770132475,237.45184346711588,0.23191850594227503,18122.0,4256.0,0.23485266526873413,Dorota_to_analzye_size_spaces_ctrl,NONE
318,217,177,991.0,0.8764787338730512,6.032290615539859,34376.0,0.7083021119793984,0.9136964091114478,5.358011403304631,79.90315004275445,2771.6959494144567,0.0288282522690249,184187.0,5978.0,0.0324561451133902,Dorota_to_analzye_size_spaces_ctrl,NONE
319,218,179,1729.0,0.7076072389933672,5.913244650086756,16486.0,0.77788876797868,0.9464921345734297,5.444195074608759,139.40721132585512,1329.2465505598886,0.10487686521897367,89753.0,10224.0,0.11391262687598186,Dorota_to_analzye_size_spaces_ctrl,NONE
320,219,177,663.0,0.5428914800694273,7.310708898944193,34376.0,0.7083021119793984,0.9136964091114478,5.358011403304631,53.45690058359858,2771.6959494144567,0.019286711659297184,184187.0,4847.0,0.026315646598294124,Dorota_to_analzye_size_spaces_ctrl,NONE
321,220,185,2106.0,0.7553228552750052,7.481956315289649,3849.0,0.7130598769761933,0.9823889739663093,7.546895297479865,169.80427244201903,310.3402870984479,0.5471551052221356,29048.0,15757.0,0.5424469843018452,Dorota_to_analzye_size_spaces_ctrl,NONE
322,221,187,1851.0,0.7711950812014117,2.770934629929768,5088.0,0.4555455051093206,0.9288061336254108,2.671580188679245,149.24392606371188,410.2393818542226,0.36379716981132076,13593.0,5129.0,0.377326565143824,Dorota_to_analzye_size_spaces_ctrl,NONE
323,222,190,2002.0,0.7774663219719874,1.996003996003996,3595.0,0.7201246070913745,0.9854714912280702,2.337413073713491,161.41887627204278,289.86056952946745,0.556884561891516,8403.0,3996.0,0.4755444484112817,Dorota_to_analzye_size_spaces_ctrl,NONE
324,223,177,538.0,0.6583783856671936,7.353159851301116,34376.0,0.7083021119793984,0.9136964091114478,5.358011403304631,43.378299417761745,2771.6959494144567,0.01565045380498022,184187.0,3956.0,0.021478171640778122,Dorota_to_analzye_size_spaces_ctrl,NONE
325,224,184,650.0,0.7499703981676976,3.0553846153846154,20392.0,0.832721576982458,0.8782084409991386,2.5393781875245196,52.408726062351555,1644.1826797899582,0.0318752451941938,51783.00000000001,1986.0,0.038352355019987246,Dorota_to_analzye_size_spaces_ctrl,NONE
326,226,183,836.0,0.5874489115889128,2.271531100478469,7931.0,0.8762025685934388,0.9310871096501526,2.974782499054344,67.40568459711676,639.4670867700156,0.10540915395284327,23593.0,1899.0000000000002,0.08048997584029162,Dorota_to_analzye_size_spaces_ctrl,NONE
327,227,182,1731.0,0.6103382004568437,1.8971692663200461,6713.0,0.9105907605053634,0.9503114382785957,2.1689259645464025,139.5684689445085,541.2611970101015,0.2578578876806197,14560.0,3284.0,0.22554945054945055,Dorota_to_analzye_size_spaces_ctrl,NONE
328,228,184,1368.0,0.5530596162421872,2.682017543859649,20392.0,0.832721576982458,0.8782084409991386,2.5393781875245196,110.30021115891834,1644.1826797899582,0.06708513142408788,51783.00000000001,3669.0,0.07085336886623023,Dorota_to_analzye_size_spaces_ctrl,NONE
329,229,183,978.0,0.20385145731265517,2.9284253578732105,7931.0,0.8762025685934388,0.9310871096501526,2.974782499054344,78.85497552150741,639.4670867700156,0.12331357962425923,23593.0,2864.0,0.12139193828677998,Dorota_to_analzye_size_spaces_ctrl,NONE
330,230,188,1935.0,0.7478411063993532,2.6599483204134367,15164.0,0.5490824932118761,0.8854373467242789,2.7205882352941178,156.01674604715424,1222.6552646299983,0.1276048536006331,41255.0,5147.0,0.12476063507453641,Dorota_to_analzye_size_spaces_ctrl,NONE
331,231,186,1725.0,0.7378801587126569,3.3107246376811594,10266.0,0.8584201029746528,0.9261163734776725,2.843366452367037,139.08469608854836,827.7353565478477,0.1680303915838691,29190.0,5711.0,0.19564919492977048,Dorota_to_analzye_size_spaces_ctrl,NONE
332,232,194,2180.0,0.7474747437614025,2.7715596330275227,4033.0,0.7103832653307621,0.97959679378188,2.9456979915695514,175.77080433219444,325.1759880145597,0.5405405405405406,11880.0,6042.0,0.5085858585858586,Dorota_to_analzye_size_spaces_ctrl,NONE
333,234,196,2110.0,0.8527064891734201,2.9933649289099526,8765.0,0.6742943220420137,0.9838365697609159,2.6610382201939533,170.12678767932582,706.711513748479,0.24073017683970335,23324.0,6316.0,0.2707940318984737,Dorota_to_analzye_size_spaces_ctrl,NONE
334,235,197,803.0,0.6374224553227602,6.184308841843088,7057.0,0.7291938509451984,0.9688358045030203,7.061499220631997,64.74493388933584,568.9975074184845,0.11378772849652827,49833.0,4966.0,0.09965284048722733,Dorota_to_analzye_size_spaces_ctrl,NONE
335,236,193,1834.0,0.7591391361426753,2.4023991275899674,11012.0,0.7556606686614247,0.982600160613902,2.3122048674173628,147.87323630515806,887.8844483055619,0.16654558663276425,25462.0,4406.0,0.17304218050428088,Dorota_to_analzye_size_spaces_ctrl,NONE
336,237,200,1663.0,0.7461413272473878,1.555021046301864,3581.0,0.6703861180983848,0.9854155200880572,1.6972912594247418,134.08570991029328,288.7317661988937,0.4643954202736666,6078.0,2586.0,0.42546890424481737,Dorota_to_analzye_size_spaces_ctrl,NONE
337,238,195,1661.0,0.7244035414846661,2.7435279951836242,14767.0,0.5102661035759642,0.9540638325365034,2.906886977720593,133.92445229163988,1190.6456273273006,0.11248053091352339,42926.0,4557.0,0.10615943717094535,Dorota_to_analzye_size_spaces_ctrl,NONE
338,240,198,1425.0,0.8780142511124366,4.484210526315789,3836.0,0.7841130976281858,0.9547038327526133,4.83029197080292,114.89605329053994,309.29211257720084,0.37148070907194997,18529.0,6390.0,0.34486480651950996,Dorota_to_analzye_size_spaces_ctrl,NONE
339,241,197,1118.0,0.6679695113858781,6.292486583184258,7057.0,0.7291938509451984,0.9688358045030203,7.061499220631997,90.14300882724467,568.9975074184845,0.15842425960039677,49833.0,7035.0,0.14117151285292878,Dorota_to_analzye_size_spaces_ctrl,NONE
340,242,191,781.0,0.5234908313367371,6.430217669654289,12970.0,0.9278106721411703,0.9017590210665369,4.745875096376253,62.97110008414856,1045.7556569672302,0.06021588280647648,61553.99999999999,5022.0,0.08158689930792476,Dorota_to_analzye_size_spaces_ctrl,NONE
341,243,204,1943.0,0.7947491600430664,3.3540916109109626,3602.0,0.7128966653910895,0.983615510649918,3.4602998334258745,156.6617765217678,290.4249711947543,0.539422543031649,12464.0,6517.0,0.5228658536585366,Dorota_to_analzye_size_spaces_ctrl,NONE
342,245,191,1135.0,0.4865625291646452,5.985903083700441,12970.0,0.9278106721411703,0.9017590210665369,4.745875096376253,91.51369858579848,1045.7556569672302,0.08750963762528913,61553.99999999999,6794.0,0.11037463040582254,Dorota_to_analzye_size_spaces_ctrl,NONE
343,246,201,1953.0,0.7760261534641477,5.068100358422939,5790.0,0.7410150990995934,0.8520971302428256,5.23713298791019,157.46806461503473,466.84080600156227,0.3373056994818653,30323.0,9898.0,0.32641888995152196,Dorota_to_analzye_size_spaces_ctrl,NONE
344,247,199,2142.0,0.7660657913476515,2.265639589169001,21939.0,0.8223236608692547,0.8975208640157094,2.2436756461096676,172.70690957778004,1768.915447818355,0.09763434978804868,49224.0,4853.0,0.09859011864131319,Dorota_to_analzye_size_spaces_ctrl,NONE
345,248,202,1872.0,0.7333223838481822,2.0678418803418803,9411.0,0.6275338472940845,0.9479250604351329,2.3956008925725216,150.93713105957247,758.7977245735237,0.19891616193815748,22545.0,3871.0,0.171701042359725,Dorota_to_analzye_size_spaces_ctrl,NONE
346,251,208,926.0,0.7680343236621918,15.336933045356371,9958.0,0.47743908393066037,0.9111538109616616,15.25045189797148,74.66227743651929,802.9016832752258,0.09299056035348463,151864.0,14202.0,0.0935178844229047,Dorota_to_analzye_size_spaces_ctrl,NONE
347,253,203,1827.0,0.8224966321098958,4.424192665571976,14234.0,0.8187665056075424,0.9522344126304523,4.279682450470704,147.3088346398712,1147.6704719561724,0.12835464381059436,60916.99999999999,8083.0,0.13268874041728912,Dorota_to_analzye_size_spaces_ctrl,NONE
348,254,209,1944.0,0.8356147976461733,2.0925925925925926,17282.0,0.9001933848811049,0.9498213794998626,1.982525170697836,156.7424053310945,1393.4270827839377,0.11248698067353316,34262.0,4068.0,0.11873212305177748,Dorota_to_analzye_size_spaces_ctrl,NONE
349,255,205,1839.0,0.5981645496631453,5.284393692224035,14800.0,0.8875027637503287,0.9409371225125565,3.715945945945946,148.27638035179154,1193.3063780350815,0.12425675675675675,54996.0,9718.0,0.17670376027347443,Dorota_to_analzye_size_spaces_ctrl,NONE
350,256,208,1372.0,0.6673511323235194,18.32215743440233,9958.0,0.47743908393066037,0.9111538109616616,15.25045189797148,110.62272639622512,802.9016832752258,0.13777867041574612,151864.0,25138.0,0.16552968445451194,Dorota_to_analzye_size_spaces_ctrl,NONE
351,257,211,673.0,0.7685030137973213,7.0980683506686475,1071.0,0.6914666709968676,0.9718693284936479,7.073762838468721,54.26318867686553,86.35345478889002,0.6283846872082166,7576.0,4777.0,0.6305438225976768,Dorota_to_analzye_size_spaces_ctrl,NONE
352,258,210,2215.0,0.751449162367953,5.344920993227991,4564.0,0.8215540293174963,0.898779046868846,5.323838737949167,178.59281265862876,367.9898857670346,0.48531989482909726,24297.999999999996,11839.0,0.4872417482920406,Dorota_to_analzye_size_spaces_ctrl,NONE
353,259,212,1963.0,0.7031069728927347,3.772796739684157,3450.0,0.6150993209399347,0.9823462414578588,3.8707246376811595,158.27435270830168,278.1693921770967,0.5689855072463769,13354.0,7406.0,0.5545903849033997,Dorota_to_analzye_size_spaces_ctrl,NONE
354,260,213,748.0,0.7020175627587042,2.696524064171123,1122.0,0.6742753854847711,0.9731136166522116,2.732620320855615,60.31034937636763,90.46552406455145,0.6666666666666666,3066.0,2016.9999999999998,0.6578604044357468,Dorota_to_analzye_size_spaces_ctrl,NONE
355,261,205,204.0,0.44450901684859134,3.9019607843137254,14800.0,0.8875027637503287,0.9409371225125565,3.715945945945946,16.44827710264572,1193.3063780350815,0.013783783783783784,54996.0,796.0,0.014473779911266273,Dorota_to_analzye_size_spaces_ctrl,NONE
356,262,218,596.0,0.8454132709585971,4.7365771812080535,902.0,0.8080086445820662,0.9494736842105264,4.535476718403547,48.05477035871004,72.72718601267862,0.6607538802660754,4090.9999999999995,2823.0,0.690051332192618,Dorota_to_analzye_size_spaces_ctrl,NONE
357,263,215,678.0,0.8510613745181816,5.129793510324483,6732.0,0.7360442818049676,0.9421973407977606,4.4866310160427805,54.666332723499,542.7931443873086,0.10071301247771836,30203.999999999996,3477.9999999999995,0.11515031121705734,Dorota_to_analzye_size_spaces_ctrl,NONE
358,264,222,1940.0,0.7140794403168843,2.2649484536082474,3671.0,0.6742789186987989,0.9847103004291845,2.6513211658948515,156.4198900937877,295.9883590382962,0.5284663579406156,9733.0,4394.0,0.4514538169115381,Dorota_to_analzye_size_spaces_ctrl,NONE
359,265,220,1643.0,0.7705521773446439,1.5867315885575168,12697.0,0.8897349403863271,0.9158912212363847,1.4828699692840828,132.4731337237594,1023.7439920210426,0.12940064582184768,18828.0,2607.0,0.13846398980242192,Dorota_to_analzye_size_spaces_ctrl,NONE
360,266,215,1398.0,0.3077839671855626,3.847639484978541,6732.0,0.7360442818049676,0.9421973407977606,4.4866310160427805,112.71907543871919,542.7931443873086,0.20766488413547238,30203.999999999996,5379.0,0.1780889948351212,Dorota_to_analzye_size_spaces_ctrl,NONE
361,267,223,980.0,0.621397791160343,2.0285714285714285,3663.0,0.8459284901373828,0.9815112540192926,2.2203112203112205,79.01623314016081,295.3433285636827,0.26754026754026755,8133.000000000001,1988.0,0.24443624738718797,Dorota_to_analzye_size_spaces_ctrl,NONE
362,268,225,1688.0,0.7409589909312905,1.653436018957346,3791.0,0.7341147416924615,0.9703097005374968,1.8823529411764706,136.10143014346065,305.6638161574996,0.4452651015563176,7136.0,2791.0,0.3911154708520179,Dorota_to_analzye_size_spaces_ctrl,NONE
363,273,227,715.0,0.793634876057616,5.676923076923077,3987.0,0.738965179520405,0.9851742031134173,5.227489340356158,57.649598668586705,321.46706278553177,0.17933283170303485,20842.0,4059.0,0.1947509835908262,Dorota_to_analzye_size_spaces_ctrl,NONE
364,274,228,1558.0,0.805658124037429,1.6598202824133506,3092.0,0.7035436916034447,0.9809644670050761,2.1752910737386806,125.61968493099033,249.30427843814,0.5038809831824063,6726.0,2586.0,0.38447814451382695,Dorota_to_analzye_size_spaces_ctrl,NONE
365,276,223,949.0,0.2947245600779675,2.0042149631190727,3663.0,0.8459284901373828,0.9815112540192926,2.2203112203112205,76.51674005103327,295.3433285636827,0.2590772590772591,8133.000000000001,1902.0,0.23386204352637402,Dorota_to_analzye_size_spaces_ctrl,NONE
366,277,227,1403.0,0.5802869968587451,4.662152530292231,3987.0,0.738965179520405,0.9851742031134173,5.227489340356158,113.12221948535266,321.46706278553177,0.3518936543767244,20842.0,6541.000000000001,0.31383744362345267,Dorota_to_analzye_size_spaces_ctrl,NONE
367,280,231,1485.0,0.7317517029865279,2.746801346801347,3140.0,0.2962673459296004,0.9667487684729064,2.8662420382165603,119.73378185014163,253.17446128582134,0.4729299363057325,9000.0,4079.0,0.45322222222222225,Dorota_to_analzye_size_spaces_ctrl,NONE
368,20,21,774.0,0.7213602884123543,3.13953488372093,6952.0,0.7987551168387302,0.8999352750809061,3.553222094361335,62.406698418861694,560.5314824391816,0.11133486766398158,24702.0,2430.0,0.09837260140879281,Dorota_to_analzye_size_spaces_E2P4,E2P4
369,21,23,2124.0,0.7501631276975729,2.226930320150659,3712.0,0.6673651908182087,0.9848766250994959,2.238415948275862,171.25559100989952,299.2941402206907,0.572198275862069,8309.0,4730.0,0.5692622457576122,Dorota_to_analzye_size_spaces_E2P4,E2P4
370,24,21,978.0,0.4947823818845655,4.559304703476482,6952.0,0.7987551168387302,0.8999352750809061,3.553222094361335,78.85497552150741,560.5314824391816,0.1406789413118527,24702.0,4459.0,0.18051169945753381,Dorota_to_analzye_size_spaces_E2P4,E2P4
371,25,24,702.0,0.6970701922242346,4.611111111111111,14878.0,0.29111843342376664,0.9400391735641626,4.449052291974728,56.60142414733968,1199.5954251625637,0.047183761258233634,66193.0,3236.9999999999995,0.048902451920897975,Dorota_to_analzye_size_spaces_E2P4,E2P4
372,28,24,1132.0,0.281130659789973,4.656360424028269,14878.0,0.29111843342376664,0.9400391735641626,4.449052291974728,91.27181215781839,1199.5954251625637,0.07608549536227988,66193.0,5271.0,0.07963077666822777,Dorota_to_analzye_size_spaces_E2P4,E2P4
373,30,25,2163.0,0.8220597450983977,10.635228848821082,13051.0,0.9496222956870553,0.8729181994515417,9.259903455673895,174.40011457364062,1052.2865905226924,0.16573442648072945,120851.0,23004.0,0.19035010053702492,Dorota_to_analzye_size_spaces_E2P4,E2P4
374,31,26,1655.0,0.7546583713014408,5.636253776435045,27770.0,0.47429936709433906,0.9319417410564468,4.564386028087864,133.44067943567973,2239.062035002312,0.059596687072380264,126752.99999999999,9328.0,0.07359194654169922,Dorota_to_analzye_size_spaces_E2P4,E2P4
375,32,28,1083.0,0.7441631824463842,5.058171745152355,25504.0,0.8878475514464583,0.9362014536377652,4.511213927227102,87.32100050081036,2056.3571530680215,0.04246392722710163,115054.0,5478.0,0.04761242546977941,Dorota_to_analzye_size_spaces_E2P4,E2P4
376,33,28,2625.0,0.5898046801787374,4.739809523809524,25504.0,0.8878475514464583,0.9362014536377652,4.511213927227102,211.65062448257356,2056.3571530680215,0.10292503136762861,115054.0,12442.0,0.10814052531854608,Dorota_to_analzye_size_spaces_E2P4,E2P4
377,34,27,958.0,0.5899644036385856,1.9739039665970772,13889.0,0.8214535547361057,0.8432396332948819,2.417236662106703,77.24239933497351,1119.8535327384627,0.06897544819641444,33573.0,1891.0,0.05632502308402586,Dorota_to_analzye_size_spaces_E2P4,E2P4
378,35,26,1998.0,0.7086109899194364,5.752252252252252,27770.0,0.47429936709433906,0.9319417410564468,4.564386028087864,161.096361034736,2239.062035002312,0.07194814548073461,126752.99999999999,11493.0,0.09067241012047053,Dorota_to_analzye_size_spaces_E2P4,E2P4
379,36,31,1888.0,0.6675941265424827,2.3697033898305087,31205.0,0.7929434913186145,0.9546900813804076,2.4936067937830475,152.2271920087996,2516.021995039508,0.060503124499278964,77813.0,4474.0,0.05749681929754668,Dorota_to_analzye_size_spaces_E2P4,E2P4
380,37,27,1149.0,0.38639304874462554,1.8563968668407311,13889.0,0.8214535547361057,0.8432396332948819,2.417236662106703,92.64250191637221,1119.8535327384627,0.08272733818129455,33573.0,2133.0,0.0635331963184702,Dorota_to_analzye_size_spaces_E2P4,E2P4
381,38,37,2765.0,0.8298553076182614,2.248824593128391,4408.0,0.7873253933469896,0.9839285714285714,2.292649727767695,222.93865778831082,355.41179151207024,0.6272686025408348,10106.0,6218.000000000001,0.615278052641995,Dorota_to_analzye_size_spaces_E2P4,E2P4
382,39,32,1961.0,0.7642916377729758,4.241203467618562,9637.0,0.8229521395266036,0.9097517228358349,4.171422641901007,158.11309508964828,777.0198354813567,0.20348656220815606,40200.0,8317.0,0.20689054726368158,Dorota_to_analzye_size_spaces_E2P4,E2P4
383,40,31,1642.0,0.6590276037077325,2.7704019488428746,31205.0,0.7929434913186145,0.9546900813804076,2.4936067937830475,132.3925049144327,2516.021995039508,0.0526197724723602,77813.0,4549.0,0.05846066852582473,Dorota_to_analzye_size_spaces_E2P4,E2P4
384,41,33,2181.0,0.8339762931872807,3.5910132966529114,12580.0,0.9314247301302186,0.8323408760089983,3.6523847376788554,175.85143314152114,1014.3104213298193,0.1733704292527822,45947.0,7832.0,0.17045726598036867,Dorota_to_analzye_size_spaces_E2P4,E2P4
385,42,34,2442.0,0.5827612232369129,3.0167895167895167,18008.0,0.8192421101406026,0.8348632359758924,3.1575966237227897,196.89555237578844,1451.9635983551182,0.1356063971568192,56862.0,7367.0,0.12955928388027155,Dorota_to_analzye_size_spaces_E2P4,E2P4
386,44,35,3573.0,0.7521304027547999,4.315701091519731,30852.0,0.5498598912864435,0.9258470125738979,3.490470633994555,288.0867357242801,2487.560025347185,0.11581096849474913,107688.0,15420.0,0.14319144194339203,Dorota_to_analzye_size_spaces_E2P4,E2P4
387,45,41,1733.0,0.7931122031962278,3.974610502019619,15057.0,0.6974479793252476,0.960390355912744,2.8444577273029155,139.7297265631619,1214.027982032042,0.11509596865245401,42829.0,6888.0,0.16082560881645613,Dorota_to_analzye_size_spaces_E2P4,E2P4
388,47,38,906.0,0.7245118933209287,10.44150110375276,23508.0,0.9231435816691862,0.8431850789096126,8.411434405308832,73.04970124998539,1895.4220496519388,0.03854007146503318,197736.00000000003,9460.0,0.047841566533155314,Dorota_to_analzye_size_spaces_E2P4,E2P4
389,48,36,2386.0,0.4358333990687789,2.1525565800502933,27220.0,0.7580992880081313,0.9661047027506655,1.7272226304188096,192.38033905349354,2194.7161898726295,0.08765613519470977,47015.0,5136.0,0.10924173136233117,Dorota_to_analzye_size_spaces_E2P4,E2P4
390,49,38,1273.0,0.5191041801268274,9.734485467399843,23508.0,0.9231435816691862,0.8431850789096126,8.411434405308832,102.64047427288234,1895.4220496519388,0.05415177811808746,197736.00000000003,12392.0,0.06266941780960472,Dorota_to_analzye_size_spaces_E2P4,E2P4
391,50,40,2315.0,0.5782078949295724,1.9390928725701944,22740.0,0.7778883151775717,0.9506291542995694,1.919613016710642,186.65569359129822,1833.4991240890374,0.10180299032541777,43652.0,4489.0,0.10283606707596445,Dorota_to_analzye_size_spaces_E2P4,E2P4
392,51,40,360.0,0.6150531328276495,2.4277777777777776,22740.0,0.7778883151775717,0.9506291542995694,1.919613016710642,29.02637135761009,1833.4991240890374,0.0158311345646438,43652.0,873.9999999999999,0.020021992119490514,Dorota_to_analzye_size_spaces_E2P4,E2P4
393,52,36,1710.0,0.4977489910043153,1.9432748538011695,27220.0,0.7580992880081313,0.9661047027506655,1.7272226304188096,137.87526394864793,2194.7161898726295,0.06282145481263776,47015.0,3323.0,0.07067957034988834,Dorota_to_analzye_size_spaces_E2P4,E2P4
394,53,42,1826.0,0.8436697366205682,1.7256297918948522,10142.0,0.5323463229843934,0.9451122914919392,1.970124235850917,147.2282058305445,817.7373841913376,0.18004338394793926,19981.0,3151.0,0.15769981482408288,Dorota_to_analzye_size_spaces_E2P4,E2P4
395,54,43,4601.0,0.6915034755990922,5.426863725277114,19068.0,0.6475059662331308,0.9393566185526381,5.094661212502622,370.9731517121223,1537.4301362414144,0.24129431508286134,97145.0,24969.0,0.2570281537907252,Dorota_to_analzye_size_spaces_E2P4,E2P4
396,55,44,2381.0,0.8316044329769403,2.3259134817303653,17460.0,0.8512313604632461,0.96801020125298,2.577892325315006,191.97719500686006,1407.7790108440893,0.13636884306987399,45010.0,5538.0,0.12303932459453455,Dorota_to_analzye_size_spaces_E2P4,E2P4
397,56,46,1877.0,0.7348680305232079,2.4720298348428345,14151.0,0.869106655916768,0.9035244540927084,2.141191435234259,151.34027510620595,1140.9782807820566,0.13264080277012225,30299.999999999996,4640.0,0.15313531353135315,Dorota_to_analzye_size_spaces_E2P4,E2P4
398,57,49,782.0,0.8096745187025111,1.3248081841432224,17203.0,0.581549901206136,0.9302941812675751,2.05859443120386,63.05172889347525,1387.0574068471287,0.045457187699819795,35414.0,1036.0,0.029253967357542213,Dorota_to_analzye_size_spaces_E2P4,E2P4
399,58,50,3206.0,0.7021787085633454,3.2579538365564567,20444.0,0.8185484205256724,0.9423369439963125,2.6379866953629425,258.4959627013832,1648.3753778749463,0.15681862649188025,53931.0,10445.0,0.19367339748938459,Dorota_to_analzye_size_spaces_E2P4,E2P4
400,59,45,2020.0,0.7183487616169696,7.882673267326733,20258.0,0.8281851323882511,0.8864093812899274,6.982179879553756,162.87019483992327,1633.3784193401812,0.09971369335571133,141445.0,15923.0,0.11257379193326028,Dorota_to_analzye_size_spaces_E2P4,E2P4
401,60,49,917.0,0.557467443834493,2.040348964013086,17203.0,0.581549901206136,0.9302941812675751,2.05859443120386,73.93661815257903,1387.0574068471287,0.053304656164622446,35414.0,1871.0,0.05283221324899757,Dorota_to_analzye_size_spaces_E2P4,E2P4
402,61,49,532.0,0.6920621022777353,1.131578947368421,17203.0,0.581549901206136,0.9302941812675751,2.05859443120386,42.89452656180158,1387.0574068471287,0.030924838690926,35414.0,602.0,0.016998926978031285,Dorota_to_analzye_size_spaces_E2P4,E2P4
403,62,51,2285.0,0.3328690298774589,2.422319474835886,18949.0,0.468778401663761,0.9601236319416295,2.774236107446303,184.2368293114974,1527.8353079315377,0.12058683835558605,52569.0,5535.0,0.10529019003595275,Dorota_to_analzye_size_spaces_E2P4,E2P4
404,63,51,1520.0,0.777641164678313,3.3335526315789474,18949.0,0.468778401663761,0.9601236319416295,2.774236107446303,122.55579017657594,1527.8353079315377,0.08021531479233733,52569.0,5067.0,0.09638760486218113,Dorota_to_analzye_size_spaces_E2P4,E2P4
405,64,47,2588.0,0.6654686669631288,11.0370942812983,41684.0,0.6426209745888489,0.9177252812575681,7.93086076192304,208.66735853748588,3360.931287973942,0.06208617215238461,330590.0,28564.0,0.08640309749236214,Dorota_to_analzye_size_spaces_E2P4,E2P4
406,65,53,1115.0,0.7756352823154938,2.8385650224215246,9567.0,0.7785828743864723,0.9658758202927814,2.89202466813003,89.90112239926458,771.3758188284881,0.11654646179575624,27667.999999999996,3165.0,0.11439207749024145,Dorota_to_analzye_size_spaces_E2P4,E2P4
407,66,53,2898.0,0.690372486660375,2.47135955831608,9567.0,0.7785828743864723,0.9658758202927814,2.89202466813003,233.66228942876123,771.3758188284881,0.3029162746942615,27667.999999999996,7162.0,0.2588549949400029,Dorota_to_analzye_size_spaces_E2P4,E2P4
408,67,47,1420.0,0.7195117893201408,10.230985915492958,41684.0,0.6426209745888489,0.9177252812575681,7.93086076192304,114.49290924390647,3360.931287973942,0.034065828615296036,330590.0,14528.0,0.043945672887867146,Dorota_to_analzye_size_spaces_E2P4,E2P4
409,68,48,2200.0,0.7109886182905556,3.953181818181818,58087.0,0.7093385495702554,0.9490254382668649,2.972437894881815,177.38338051872833,4683.485647359715,0.03787422314803657,172660.0,8697.0,0.05037067068226572,Dorota_to_analzye_size_spaces_E2P4,E2P4
410,69,53,811.0,0.6310086652795021,2.339087546239211,9567.0,0.7785828743864723,0.9658758202927814,2.89202466813003,65.3899643639494,771.3758188284881,0.08477056548552316,27667.999999999996,1897.0,0.06856296082116525,Dorota_to_analzye_size_spaces_E2P4,E2P4
411,70,48,2272.0,0.5225506438413978,4.581426056338028,58087.0,0.7093385495702554,0.9490254382668649,2.972437894881815,183.18865479025035,4683.485647359715,0.03911374317833594,172660.0,10409.0,0.06028611143287386,Dorota_to_analzye_size_spaces_E2P4,E2P4
412,71,55,1014.0,0.6840431912881408,2.5611439842209074,12009.0,0.8501928360240941,0.9638041733547351,2.104838038138063,81.75761265726842,968.2713712042765,0.08443667249562828,25276.999999999996,2597.0,0.10274162281916369,Dorota_to_analzye_size_spaces_E2P4,E2P4
413,72,55,736.0,0.7385749301812717,2.2948369565217392,12009.0,0.8501928360240941,0.9638041733547351,2.104838038138063,59.342803664447295,968.2713712042765,0.061287367807477726,25276.999999999996,1689.0,0.06681963840645647,Dorota_to_analzye_size_spaces_E2P4,E2P4
414,73,54,2926.0,0.6613691021892907,21.11825017088175,24847.0,0.7943413861317208,0.9452919916302074,20.1708053286111,235.9198960899087,2003.384025340383,0.11776069545619189,501184.0,61792.00000000001,0.12329204443876901,Dorota_to_analzye_size_spaces_E2P4,E2P4
415,75,59,2010.0,0.713942784199148,4.236318407960199,9984.0,0.7898392856255952,0.968944099378882,4.1975160256410255,162.06390674665633,804.9980323177199,0.2013221153846154,41908.0,8515.0,0.20318316311921353,Dorota_to_analzye_size_spaces_E2P4,E2P4
416,76,57,1191.0,0.6079724049042925,2.1402183039462637,13065.0,0.8415824524464819,0.9728220402084885,3.3553769613471105,96.02891190809338,1053.415393853266,0.09115958668197474,43838.0,2549.0,0.058145900816643094,Dorota_to_analzye_size_spaces_E2P4,E2P4
417,78,62,2343.0,0.5565120185038922,2.769526248399488,16769.0,0.8165854030419076,0.9446791730043378,2.6367702307829926,188.91330025244568,1352.0645035993434,0.13972210626751744,44216.0,6489.0,0.1467568301067487,Dorota_to_analzye_size_spaces_E2P4,E2P4
418,80,63,1629.0,0.7096205143139266,1.8416206261510129,7409.0,0.6855892946653436,0.9341823225318371,1.6562289107841814,131.34433039318566,597.378848301481,0.21986772843838576,12271.0,3000.0,0.2444788525792519,Dorota_to_analzye_size_spaces_E2P4,E2P4
419,81,62,1290.0,0.7955877319306751,2.941860465116279,16769.0,0.8165854030419076,0.9446791730043378,2.6367702307829926,104.01116403143615,1352.0645035993434,0.07692766414216709,44216.0,3795.0,0.08582865930884748,Dorota_to_analzye_size_spaces_E2P4,E2P4
420,82,54,3297.0,0.8286918596659125,18.62208067940552,24847.0,0.7943413861317208,0.9452919916302074,20.1708053286111,265.8331843501124,2003.384025340383,0.13269207550207268,501184.0,61397.0,0.12250391073936917,Dorota_to_analzye_size_spaces_E2P4,E2P4
421,83,57,886.0,0.6922431026911307,4.681715575620768,13065.0,0.8415824524464819,0.9728220402084885,3.3553769613471105,71.4371250634515,1053.415393853266,0.06781477229238424,43838.0,4148.0,0.09462110497741685,Dorota_to_analzye_size_spaces_E2P4,E2P4
422,84,61,2271.0,0.7751364844364251,3.262879788639366,18069.0,0.7842587707074145,0.8651249640907785,3.5922851292268527,183.10802598092366,1456.8819557240465,0.12568487464718578,64909.0,7410.000000000001,0.11415982375325458,Dorota_to_analzye_size_spaces_E2P4,E2P4
423,85,67,4038.0,0.8164086148927238,2.3390292223873206,11217.0,0.5813695682094893,0.9723474341192788,2.2826959079967906,325.57913206119315,904.4133542175344,0.3599893019523937,25605.0,9445.0,0.3688732669400508,Dorota_to_analzye_size_spaces_E2P4,E2P4
424,87,60,2517.0,0.42593463771979123,7.187524831148192,45177.0,0.6913047344238576,0.9106613719284807,5.983022334373686,202.94271307529056,3642.567718952086,0.05571419084932598,270295.0,18091.0,0.0669305758523095,Dorota_to_analzye_size_spaces_E2P4,E2P4
425,88,60,1576.0,0.5207661542463166,7.145939086294416,45177.0,0.6913047344238576,0.9106613719284807,5.983022334373686,127.07100349887084,3642.567718952086,0.03488500785798083,270295.0,11262.0,0.04166558759873472,Dorota_to_analzye_size_spaces_E2P4,E2P4
426,89,65,2133.0,0.6950252507967285,44.20393811533052,34164.0,0.6765665246585685,0.9601214062895203,26.886488701557195,171.9812502938398,2754.6026418371976,0.06243414120126449,918550.0,94287.0,0.10264765118937456,Dorota_to_analzye_size_spaces_E2P4,E2P4
427,90,72,1783.0,0.8161834872486657,2.001682557487381,3822.0,0.745404659886994,0.9653953018439,2.241496598639456,143.76116702949665,308.16330924662714,0.46650968079539507,8567.0,3569.0,0.4165985759308976,Dorota_to_analzye_size_spaces_E2P4,E2P4
428,91,65,1646.0,0.70128559100531,35.07108140947752,34164.0,0.6765665246585685,0.9601214062895203,26.886488701557195,132.71502015173948,2754.6026418371976,0.04817937009717831,918550.0,57727.0,0.06284578955963203,Dorota_to_analzye_size_spaces_E2P4,E2P4
429,92,71,2287.0,0.8551744242060061,3.0021862702229996,13097.0,0.8257365985648182,0.9567535977792389,3.2443307627701,184.39808693015075,1055.9955157517204,0.17462014201725587,42491.0,6866.0,0.1615871596338048,Dorota_to_analzye_size_spaces_E2P4,E2P4
430,93,75,3156.0,0.8186190164736304,3.7728136882129277,14357.0,0.7838772988865697,0.9307014131984961,3.9729052030368464,254.46452223504846,1157.5878155033558,0.21982308281674445,57039.0,11907.0,0.20875190659022774,Dorota_to_analzye_size_spaces_E2P4,E2P4
431,94,70,2215.0,0.5902431385443672,11.672686230248306,31630.0,0.6126306193337726,0.893805809879055,10.053525134366108,178.59281265862876,2550.289239003353,0.07002845399936769,317993.0,25855.0,0.08130682121933502,Dorota_to_analzye_size_spaces_E2P4,E2P4
432,95,74,917.0,0.7574307016837487,2.3609596510359867,37378.0,0.29658300116067604,0.9742226392472698,1.6491519075391943,73.93661815257903,3013.7436350131943,0.024533147840975975,61642.0,2165.0,0.03512215697089647,Dorota_to_analzye_size_spaces_E2P4,E2P4
433,96,70,1678.0,0.60843258201013,10.139451728247915,31630.0,0.6126306193337726,0.893805809879055,10.053525134366108,135.2951420501937,2550.289239003353,0.05305090104331331,317993.0,17014.0,0.053504322422191684,Dorota_to_analzye_size_spaces_E2P4,E2P4
434,97,73,3457.0,0.7687579780548801,2.0552502169511135,22006.0,0.6486425035181815,0.9548728629697127,1.8502226665454875,278.73379384238353,1774.3175780432434,0.15709351994910478,40716.0,7104.999999999999,0.17450142450142447,Dorota_to_analzye_size_spaces_E2P4,E2P4
435,98,74,2923.0,0.553799456992263,2.2432432432432434,37378.0,0.29658300116067604,0.9742226392472698,1.6491519075391943,235.6780096619286,3013.7436350131943,0.07820108084969768,61642.0,6557.000000000001,0.10637227864118622,Dorota_to_analzye_size_spaces_E2P4,E2P4
436,99,77,1084.0,0.7869363244784631,6.838560885608856,8920.0,0.9760243188210452,0.9356970523444875,9.23542600896861,87.40162931013705,719.2089791941166,0.12152466367713005,82380.0,7413.0,0.08998543335761107,Dorota_to_analzye_size_spaces_E2P4,E2P4
437,100,80,3831.0,0.8457707077793856,6.384755938397285,17042.0,0.8876309838403735,0.8826393204889165,6.672867034385636,308.88896853056735,1374.076168545531,0.22479755897195164,113719.0,24460.0,0.21509158539909778,Dorota_to_analzye_size_spaces_E2P4,E2P4
438,101,76,4184.0,0.7696154711796053,5.1276290630975145,36981.0,0.614319184291006,0.8977060322854715,3.3999891836348395,337.3509382228906,2981.7339977104966,0.11313917957870258,125735.0,21454.0,0.1706287032250368,Dorota_to_analzye_size_spaces_E2P4,E2P4
439,102,77,718.0,0.4583086395029294,8.589136490250697,8920.0,0.9760243188210452,0.9356970523444875,9.23542600896861,57.89148509656679,719.2089791941166,0.0804932735426009,82380.0,6167.0,0.07486040301043943,Dorota_to_analzye_size_spaces_E2P4,E2P4
440,103,79,956.0,0.4818868215771784,11.057531380753138,11409.0,0.9773210509528572,0.8551191725378504,10.716276623718118,77.08114171632013,919.8940856082597,0.08379349636252081,122262.0,10571.0,0.08646186059446108,Dorota_to_analzye_size_spaces_E2P4,E2P4
441,104,79,1337.0,0.42460794533628893,11.023186237845923,11409.0,0.9773210509528572,0.8551191725378504,10.716276623718118,107.8007180697908,919.8940856082597,0.11718818476641248,122262.0,14738.0,0.12054440463921742,Dorota_to_analzye_size_spaces_E2P4,E2P4
442,106,81,3467.0,0.7629666218556083,2.4208249206807038,40455.0,0.3131508529019037,0.9623207022050952,1.7268075639599556,279.5400819356505,3261.838481311434,0.08570016067235199,69858.0,8393.0,0.12014372011795356,Dorota_to_analzye_size_spaces_E2P4,E2P4
443,107,82,4008.0,0.7491562527313805,4.7859281437125745,47763.0,0.6495162201208016,0.9627696029026406,3.276908904382053,323.16026778139235,3851.0738198709187,0.0839143269895107,156515.0,19182.0,0.12255694342395297,Dorota_to_analzye_size_spaces_E2P4,E2P4
444,108,83,2003.0,0.48562603255832876,4.875187219171243,33468.0,0.35648401471402824,0.9393735264398787,3.3490797179395244,161.49950508136948,2698.484990545818,0.05984821321859687,112087.0,9765.0,0.08711982656329459,Dorota_to_analzye_size_spaces_E2P4,E2P4
445,109,83,1583.0,0.725637257904777,4.7839545167403665,33468.0,0.35648401471402824,0.9393735264398787,3.3490797179395244,127.6354051641577,2698.484990545818,0.04729891239392853,112087.0,7573.0,0.06756358899783205,Dorota_to_analzye_size_spaces_E2P4,E2P4
446,110,84,2317.0,0.7232587110455125,3.385843763487268,15920.0,0.6954390836043179,0.8975081745405344,3.242964824120603,186.8169512099516,1283.6106444809795,0.14554020100502513,51628.0,7845.0,0.1519524289145425,Dorota_to_analzye_size_spaces_E2P4,E2P4
447,111,85,2566.0,0.5019937664397099,2.4380358534684334,28038.0,0.4334325147020019,0.9885762640152317,2.062415293530209,206.89352473229857,2260.670555901866,0.09151865325629503,57826.00000000001,6256.0,0.10818662885207345,Dorota_to_analzye_size_spaces_E2P4,E2P4
448,112,86,2053.0,0.8166362463163865,2.3312226010716026,14127.0,0.8245601900195758,0.9608243215670271,2.1531818503574716,165.53094554770422,1139.0431893582158,0.14532455581510584,30418.0,4786.0,0.15734104806364652,Dorota_to_analzye_size_spaces_E2P4,E2P4
449,113,85,1992.0,0.5849749000911868,2.017570281124498,28038.0,0.4334325147020019,0.9885762640152317,2.062415293530209,160.61258817877584,2260.670555901866,0.07104643697838647,57826.00000000001,4019.0,0.06950160827309514,Dorota_to_analzye_size_spaces_E2P4,E2P4
450,117,90,2012.0,0.7529442025022371,5.416998011928429,16921.0,0.7045618293623019,0.8944391584734116,4.437385497311034,162.22516436530972,1364.320082617001,0.11890550203888658,75085.0,10899.0,0.1451554904441633,Dorota_to_analzye_size_spaces_E2P4,E2P4
451,118,87,1789.0,0.3792303778733554,7.296813862493013,15564.0,0.9153492801862416,0.8533362574702561,5.799151888974556,144.2449398854568,1254.9067883606763,0.11494474428167566,90258.0,13054.0,0.14462983890624653,Dorota_to_analzye_size_spaces_E2P4,E2P4
452,119,87,1633.0,0.6462684234867017,7.214329454990814,15564.0,0.9153492801862416,0.8533362574702561,5.799151888974556,131.66684563049245,1254.9067883606763,0.10492161398098175,90258.0,11781.0,0.1305258259655654,Dorota_to_analzye_size_spaces_E2P4,E2P4
453,120,88,2825.0,0.7152319907362815,5.0945132743362835,16512.0,0.8905267941948486,0.9521393149579057,4.500181686046512,227.7763863479125,1331.3428996023829,0.17108769379844962,74307.0,14392.000000000002,0.19368296391995374,Dorota_to_analzye_size_spaces_E2P4,E2P4
454,121,91,3816.0,0.8563516708911115,9.033280922431866,28014.0,0.9204867155433044,0.7968483331437024,7.53815949168273,307.67953639066695,2258.7354644780253,0.1362176054829728,211174.0,34471.0,0.1632350573460748,Dorota_to_analzye_size_spaces_E2P4,E2P4
455,122,98,3463.0,0.7681908179478383,1.9945134276638752,14387.0,0.7372680676127643,0.9753898305084746,1.8030861194133594,279.2175666983437,1160.0066797831566,0.24070341280322513,25941.0,6907.0,0.26625804710689643,Dorota_to_analzye_size_spaces_E2P4,E2P4
456,123,93,2215.0,0.8378641654302942,3.5151241534988715,14846.0,0.8875170033348296,0.924120759414877,2.9998652835780684,178.59281265862876,1197.0153032641094,0.1491984372895056,44536.0,7786.0,0.17482486078677922,Dorota_to_analzye_size_spaces_E2P4,E2P4
457,124,101,2036.0,0.8430551668397506,2.5893909626719056,4575.0,0.81415740938158,0.9821811936453414,3.3960655737704917,164.1602557891504,368.8768026696282,0.4450273224043716,15537.0,5272.0,0.33931904486065523,Dorota_to_analzye_size_spaces_E2P4,E2P4
458,125,95,1335.0,0.559243641036746,3.952059925093633,22125.0,0.839869274227675,0.7837129396762424,2.6245875706214687,107.63946045113742,1783.91240635312,0.06033898305084746,58068.99999999999,5276.0,0.09085742823193099,Dorota_to_analzye_size_spaces_E2P4,E2P4
459,126,103,1016.0,0.7578790990789009,4.567913385826771,13063.0,0.7368530277937397,0.9241598868058012,4.359412079920386,81.9188702759218,1053.2541362346128,0.07777692719895889,56947.0,4641.0,0.08149683038614852,Dorota_to_analzye_size_spaces_E2P4,E2P4
460,127,100,1890.0,0.6725710588293997,2.452910052910053,15417.0,0.6867929375365202,0.9873831177148713,2.017253681001492,152.38844962745299,1243.054353389652,0.12259194395796848,31100.0,4636.0,0.14906752411575563,Dorota_to_analzye_size_spaces_E2P4,E2P4
461,128,96,2257.0,0.8372782833891199,4.538325210456358,17566.0,0.8269825351665754,0.8860976594027441,3.69947626095867,181.97922265034993,1416.325664632719,0.12848684959581008,64985.0,10243.0,0.15762098945910594,Dorota_to_analzye_size_spaces_E2P4,E2P4
462,129,104,2017.0,0.7106323398813454,2.411006445215667,15183.0,0.5406150001619655,0.8101056450752321,2.0394520187051306,162.6283084119432,1224.1872120072055,0.13284594612395442,30964.999999999996,4863.0,0.15704828031648638,Dorota_to_analzye_size_spaces_E2P4,E2P4
463,130,103,1173.0,0.6094212042187626,4.7774936061381075,13063.0,0.7368530277937397,0.9241598868058012,4.359412079920386,94.57759334021287,1053.2541362346128,0.08979560590982164,56947.0,5604.0,0.09840729098986777,Dorota_to_analzye_size_spaces_E2P4,E2P4
464,131,95,729.0,0.6871712621140732,3.2016460905349793,22125.0,0.839869274227675,0.7837129396762424,2.6245875706214687,58.77840199916043,1783.91240635312,0.03294915254237288,58068.99999999999,2334.0,0.040193562830425876,Dorota_to_analzye_size_spaces_E2P4,E2P4
465,132,99,2151.0,0.748675255402847,1.8168293816829382,16288.0,0.9253988899266735,0.9137215303489286,2.193271119842829,173.43256886172028,1313.2820463132032,0.13206041257367387,35724.0,3908.0,0.10939424476542381,Dorota_to_analzye_size_spaces_E2P4,E2P4
466,134,100,1772.0,0.3267034778367669,2.1230248306997743,15417.0,0.6867929375365202,0.9873831177148713,2.017253681001492,142.874250126903,1243.054353389652,0.1149380553933969,31100.0,3762.0,0.12096463022508039,Dorota_to_analzye_size_spaces_E2P4,E2P4
467,135,97,2121.0,0.8152436340736924,3.675624705327676,14685.0,0.9679574268247625,0.8376112251882273,3.1799114742934966,171.01370458191946,1184.0340649625116,0.14443309499489274,46697.0,7796.0,0.1669486262500803,Dorota_to_analzye_size_spaces_E2P4,E2P4
468,136,102,2197.0,0.742051483321857,5.549385525716887,19010.0,0.9167243267236818,0.9174710424710425,4.499053129931615,177.14149409074824,1532.753665300466,0.11557075223566544,85527.0,12192.0,0.1425514749728156,Dorota_to_analzye_size_spaces_E2P4,E2P4
469,138,107,3048.0,0.5105008010723486,2.1961942257217846,47856.0,0.4123946841914976,0.984083898827884,1.6665412905382815,245.75661082776543,3858.5722991383013,0.06369107321965897,79754.0,6693.999999999999,0.08393309426486445,Dorota_to_analzye_size_spaces_E2P4,E2P4
470,140,107,1254.0,0.8119553144368071,2.5972886762360448,47856.0,0.4123946841914976,0.984083898827884,1.6665412905382815,101.10852689567514,3858.5722991383013,0.026203610832497493,79754.0,3257.0,0.04083807708704266,Dorota_to_analzye_size_spaces_E2P4,E2P4
471,141,109,1854.0,0.709918251079516,5.919633225458468,14007.0,0.589401021761672,0.9804017638412543,3.8245877061469264,149.48581249169197,1129.3677322390126,0.1323623902334547,53571.0,10975.0,0.20486830561311156,Dorota_to_analzye_size_spaces_E2P4,E2P4
472,142,115,2041.0,0.8007217412545757,2.789808917197452,15235.0,0.8982585368626596,0.9151249399327247,2.947095503774204,164.56339983578388,1228.3799100921938,0.1339678372169347,44899.0,5694.0,0.12681796921980446,Dorota_to_analzye_size_spaces_E2P4,E2P4
473,145,113,3076.0,0.7328134943855589,5.096553966189857,34649.0,0.7695277414954353,0.9019888582287707,3.642298479032584,248.0142174889129,2793.7076143606446,0.08877601085168403,126202.0,15677.0,0.12422148618880842,Dorota_to_analzye_size_spaces_E2P4,E2P4
474,146,112,1856.0,0.743445703548012,13.414331896551724,26349.0,0.6808969149623527,0.8555981296272244,11.591255835136058,149.64707011034534,2124.4884969490786,0.0704391058484193,305418.0,24897.0,0.081517788735438,Dorota_to_analzye_size_spaces_E2P4,E2P4
475,147,111,4109.0,0.7236672648365856,2.2567534679970795,25051.0,0.6972788286007505,0.9795495425041058,2.119995209772065,331.3037775233885,2019.8323024430288,0.16402538820805557,53108.0,9273.0,0.17460646230323115,Dorota_to_analzye_size_spaces_E2P4,E2P4
476,148,108,2419.0,0.6697211730363054,6.397271599834642,37245.0,0.8041183103658035,0.9170934699103713,5.197610417505706,195.04108976127446,3003.0200033727438,0.06494831521009531,193585.0,15475.0,0.07993904486401322,Dorota_to_analzye_size_spaces_E2P4,E2P4
477,149,114,596.0,0.557561498379464,3.1476510067114094,6865.0,0.954835654465131,0.9270762997974341,3.7545520757465405,48.05477035871004,553.5167760277591,0.08681718863801893,25775.0,1876.0,0.07278370514064016,Dorota_to_analzye_size_spaces_E2P4,E2P4
478,150,116,3109.0,0.6573622984491311,2.081376648440013,19147.0,0.740926403779852,0.9376591576885407,1.746644382932052,250.6749681966938,1543.7998121782234,0.16237530683658014,33443.0,6471.0,0.19349340669198337,Dorota_to_analzye_size_spaces_E2P4,E2P4
479,151,113,1321.0,0.7577043718110608,3.6381529144587432,34649.0,0.7695277414954353,0.9019888582287707,3.642298479032584,106.51065712056369,2793.7076143606446,0.03812519841842477,126202.0,4806.0,0.0380818053596615,Dorota_to_analzye_size_spaces_E2P4,E2P4
480,152,114,1128.0,0.4687661435096304,2.595744680851064,6865.0,0.954835654465131,0.9270762997974341,3.7545520757465405,90.94929692051161,553.5167760277591,0.16431172614712308,25775.0,2928.0,0.1135984481086324,Dorota_to_analzye_size_spaces_E2P4,E2P4
481,153,112,1429.0,0.6982637741449812,15.484954513645906,26349.0,0.6808969149623527,0.8555981296272244,11.591255835136058,115.21856852784671,2124.4884969490786,0.054233557250749555,305418.0,22128.0,0.07245152545036639,Dorota_to_analzye_size_spaces_E2P4,E2P4
482,154,119,1102.0,0.5072756738830968,2.47005444646098,15731.0,0.828560914689709,0.9110441883361325,2.6251350835929057,88.85294787801756,1268.3717995182342,0.07005276206217023,41296.0,2722.0,0.06591437427353738,Dorota_to_analzye_size_spaces_E2P4,E2P4
483,155,120,1941.0,0.823811740657109,2.499742400824317,9806.0,0.8841307849287615,0.942612707872729,2.326534774627779,156.5005189031144,790.6461042575681,0.19794003671221702,22814.0,4852.0,0.212676426755501,Dorota_to_analzye_size_spaces_E2P4,E2P4
484,156,117,2727.0,0.7418441696540585,3.988998899889989,27469.0,0.8456921704696944,0.9259733692904095,3.1714660162364847,219.87476303389644,2214.7927633949766,0.09927554698023226,87117.0,10878.0,0.12486655876579772,Dorota_to_analzye_size_spaces_E2P4,E2P4
485,157,119,1100.0,0.6815286018165747,2.300909090909091,15731.0,0.828560914689709,0.9110441883361325,2.6251350835929057,88.69169025936417,1268.3717995182342,0.06992562456296485,41296.0,2531.0,0.06128922898101511,Dorota_to_analzye_size_spaces_E2P4,E2P4
486,158,124,3249.0,0.3268150669171137,5.738688827331487,41574.0,0.6388836264686798,0.9568459573292826,3.205537114542743,261.96300150243104,3352.0621189480053,0.07814980516669072,133267.0,18645.0,0.1399071037841326,Dorota_to_analzye_size_spaces_E2P4,E2P4
487,160,121,842.0,0.7227260936774601,8.146080760095012,17838.0,0.7135855288521273,0.8893653088697213,5.801154837986322,67.88945745307693,1438.25670076958,0.047202601188474046,103481.0,6859.0,0.06628269923947391,Dorota_to_analzye_size_spaces_E2P4,E2P4
488,161,126,2281.0,0.778521830380835,7.593160894344586,19283.0,0.8320329080065452,0.8753858725258762,5.962402115853342,183.9143140741906,1554.7653302466538,0.11829072239796712,114973.0,17320.0,0.15064406425856505,Dorota_to_analzye_size_spaces_E2P4,E2P4
489,162,124,841.0,0.8477248407733666,4.5671819262782405,41574.0,0.6388836264686798,0.9568459573292826,3.205537114542743,67.80882864375023,3352.0621189480053,0.020228989272141243,133267.0,3841.0000000000005,0.028821838864835258,Dorota_to_analzye_size_spaces_E2P4,E2P4
490,163,121,1367.0,0.42126854494445337,7.71104608632041,17838.0,0.7135855288521273,0.8893653088697213,5.801154837986322,110.21958234959165,1438.25670076958,0.07663415181074111,103481.0,10541.0,0.10186411031976884,Dorota_to_analzye_size_spaces_E2P4,E2P4
491,164,123,4130.0,0.8168555825839638,4.616222760290557,29047.0,0.6359721299818317,0.8223719600237819,4.427755017729886,332.9969825192491,2342.0250245125007,0.1421833580059903,128613.00000000001,19065.0,0.1482354038860768,Dorota_to_analzye_size_spaces_E2P4,E2P4
492,165,131,1634.0,0.7565076733212207,1.8873929008567931,7007.0,0.48307894031479637,0.9256274768824306,2.76580562294848,131.74747443981914,564.9660669521497,0.23319537605251892,19380.0,3084.0,0.15913312693498452,Dorota_to_analzye_size_spaces_E2P4,E2P4
493,166,130,1908.0,0.7802885720044572,4.50524109014675,9130.0,0.8862706339738914,0.9328701338510269,4.102519167579408,153.83976819533348,736.1410291527226,0.20898138006571743,37456.0,8596.0,0.22949594190516873,Dorota_to_analzye_size_spaces_E2P4,E2P4
494,167,128,1806.0,0.7964545019057195,2.1921373200442966,8722.0,0.9163206643228317,0.8288510880927492,2.1810364595276313,145.61562964401062,703.2444749474312,0.20706260032102727,19023.0,3958.9999999999995,0.208116490564054,Dorota_to_analzye_size_spaces_E2P4,E2P4
495,168,127,2996.0,0.7942155043117797,1.9372496662216288,17952.0,0.8584538776466415,0.8232596533064295,1.8774509803921569,241.56391274277732,1447.4483850328231,0.16688948306595366,33704.0,5804.0,0.17220507951578448,Dorota_to_analzye_size_spaces_E2P4,E2P4
496,169,133,1946.0,0.7691657989156828,5.149537512846865,13348.0,0.8883983869101659,0.9298502264019506,4.4898861252622115,156.90366294974788,1076.2333468927209,0.145789631405454,59931.0,10021.0,0.1672089569671789,Dorota_to_analzye_size_spaces_E2P4,E2P4
497,170,135,1977.0,0.7794443175817131,3.4926656550328783,6758.0,0.44324264260286705,0.9155940929413359,3.3020124297129327,159.4031560388754,544.8894934298028,0.29254217224030776,22315.0,6905.0,0.3094331167376204,Dorota_to_analzye_size_spaces_E2P4,E2P4
498,171,134,1984.0,0.8965104415764684,4.089213709677419,8401.0,0.9760792319006915,0.8941990420436402,4.102844899416736,159.9675577041623,677.3626271535621,0.23616236162361623,34468.0,8112.999999999999,0.2353777416734362,Dorota_to_analzye_size_spaces_E2P4,E2P4
499,172,138,2321.0,0.7638431064465647,9.454976303317535,10651.0,0.9238684306417807,0.864880227365002,8.505210778330673,187.1394664472584,858.7774481386252,0.21791381090977374,90589.0,21945.0,0.2422479550497301,Dorota_to_analzye_size_spaces_E2P4,E2P4
500,173,129,1878.0,0.6992811057910786,4.576144834930777,23451.0,0.8854881885975945,0.94774490785645,4.140846872201612,151.42090391553265,1890.8262075203172,0.08008187284124345,97107.0,8594.0,0.08850031408652312,Dorota_to_analzye_size_spaces_E2P4,E2P4
501,174,139,1990.0,0.8101918000653607,2.3180904522613064,10931.0,0.9417802947797163,0.9599543338895231,2.4246638002012624,160.45133056012244,881.3535147500997,0.18205104747964504,26504.0,4613.0,0.1740492001207365,Dorota_to_analzye_size_spaces_E2P4,E2P4
502,175,132,972.0,0.7798217325561269,2.3703703703703702,24197.0,0.7933603476986253,0.8985480337182963,2.3981485308096047,78.37120266554724,1950.9752992780316,0.04017026904161673,58028.00000000001,2304.0,0.03970497001447577,Dorota_to_analzye_size_spaces_E2P4,E2P4
503,176,142,5048.0,0.7263321883632969,1.9419572107765453,5922.0,0.698868938218272,0.9850299401197605,2.0091185410334345,407.0142294811548,477.483808832686,0.8524147247551502,11897.999999999998,9803.0,0.8239199865523619,Dorota_to_analzye_size_spaces_E2P4,E2P4
504,177,132,3021.0,0.6899868509926946,2.56835484938762,24197.0,0.7933603476986253,0.8985480337182963,2.3981485308096047,243.57963297594466,1950.9752992780316,0.12485018803983965,58028.00000000001,7759.0,0.13371131178051973,Dorota_to_analzye_size_spaces_E2P4,E2P4
505,178,137,2155.0,0.6658420826229408,8.48445475638051,13612.0,0.909711674010437,0.9343125815086828,8.778210402585954,173.75508409902707,1097.5193525549682,0.15831619159565088,119489.0,18284.0,0.15301826946413477,Dorota_to_analzye_size_spaces_E2P4,E2P4
506,179,136,750.0,0.6209842100944694,1.8573333333333333,15752.0,0.8884501572564916,0.916346713205352,1.3883951244286439,60.47160699502102,1270.0650045140949,0.04761300152361605,21870.0,1393.0,0.06369455875628716,Dorota_to_analzye_size_spaces_E2P4,E2P4
507,180,146,1584.0,0.8366237924737859,3.821969696969697,9910.0,0.7185117304633413,0.9549966271562108,3.361654894046418,127.7160339734844,799.0315004275444,0.1598385469223007,33314.0,6054.0,0.1817254007324248,Dorota_to_analzye_size_spaces_E2P4,E2P4
508,181,147,1942.0,0.7049393936825694,1.6498455200823894,14363.0,0.8319880865727097,0.9280222265296892,1.4044419689479914,156.5811477124411,1158.071588359316,0.13520852189653973,20172.0,3204.0,0.1588340273646639,Dorota_to_analzye_size_spaces_E2P4,E2P4
509,182,150,2109.0,0.6310162942677382,2.73067804646752,22480.0,0.5248056604124015,0.9606427075765993,2.210097864768683,170.04615886999912,1812.5356336640968,0.09381672597864768,49682.99999999999,5759.0,0.1159149004689733,Dorota_to_analzye_size_spaces_E2P4,E2P4
510,183,136,1299.0,0.5018105008545937,1.5704387990762125,15752.0,0.8884501572564916,0.916346713205352,1.3883951244286439,104.73682331537641,1270.0650045140949,0.082465718638903,21870.0,2040.0,0.09327846364883402,Dorota_to_analzye_size_spaces_E2P4,E2P4
511,184,144,2019.0,0.7614456296415776,2.5730559683011394,20203.0,0.8562073677357626,0.9145767315527388,1.8590803346037716,162.78956603059657,1628.9438348272129,0.09993565312082364,37559.0,5195.0,0.1383157166058734,Dorota_to_analzye_size_spaces_E2P4,E2P4
512,185,140,1856.0,0.5002865576417214,10.19073275862069,31381.0,0.6561158032764061,0.9418349890452895,7.486377107166757,149.64707011034534,2530.2126654810063,0.05914406806666454,234930.0,18914.0,0.08050908781339122,Dorota_to_analzye_size_spaces_E2P4,E2P4
513,186,140,2088.0,0.5648408279239252,10.749521072796934,31381.0,0.6561158032764061,0.9418349890452895,7.486377107166757,168.35295387413854,2530.2126654810063,0.0665370765749976,234930.0,22445.0,0.09553909675222406,Dorota_to_analzye_size_spaces_E2P4,E2P4
514,187,150,806.0,0.8426055684744542,2.5235732009925558,22480.0,0.5248056604124015,0.9606427075765993,2.210097864768683,64.98682031731592,1812.5356336640968,0.03585409252669039,49682.99999999999,2034.0,0.04093955679004892,Dorota_to_analzye_size_spaces_E2P4,E2P4
515,188,143,749.0,0.6681574455663174,2.2910547396528704,9803.0,0.9247740443214639,0.9065100795265397,2.528511680097929,60.39097818569433,790.4042178295881,0.07640518208711619,24787.0,1716.0,0.06922983822164845,Dorota_to_analzye_size_spaces_E2P4,E2P4
516,189,150,738.0,0.7937165449885287,2.8143631436314362,22480.0,0.5248056604124015,0.9606427075765993,2.210097864768683,59.50406128310068,1812.5356336640968,0.03282918149466192,49682.99999999999,2077.0,0.041805043978825764,Dorota_to_analzye_size_spaces_E2P4,E2P4
517,190,148,1007.0,0.41094747373216284,2.3634558093346576,15863.0,0.844811360699547,0.8797138420585625,2.273781756288218,81.19321099198156,1279.014802349358,0.06348105654668096,36069.0,2380.0,0.06598464055005683,Dorota_to_analzye_size_spaces_E2P4,E2P4
518,191,145,1173.0,0.8845888232114684,4.270247229326513,48601.0,0.4547515796314436,0.896945649164898,2.372708380485998,94.57759334021287,3918.640762086689,0.024135305857904157,115316.0,5008.999999999999,0.043437163966838936,Dorota_to_analzye_size_spaces_E2P4,E2P4
519,192,153,1655.0,0.7353871039242917,2.9854984894259817,9982.0,0.9152033092873703,0.9469689782753059,2.974854738529353,133.44067943567973,804.8367746990665,0.1657984371869365,29695.0,4941.0,0.1663916484256609,Dorota_to_analzye_size_spaces_E2P4,E2P4
520,193,143,933.0,0.5460054784049106,1.894962486602358,9803.0,0.9247740443214639,0.9065100795265397,2.528511680097929,75.22667910180616,790.4042178295881,0.09517494644496582,24787.0,1768.0,0.07132771210715294,Dorota_to_analzye_size_spaces_E2P4,E2P4
521,194,145,1662.0,0.596382408975595,3.6143200962695547,48601.0,0.4547515796314436,0.896945649164898,2.372708380485998,134.00508110096658,3918.640762086689,0.03419682722577725,115316.0,6007.0,0.05209164383086475,Dorota_to_analzye_size_spaces_E2P4,E2P4
522,195,145,1452.0,0.7711996911915914,4.322314049586777,48601.0,0.4547515796314436,0.896945649164898,2.372708380485998,117.07303114236069,3918.640762086689,0.029875928478837886,115316.0,6276.0,0.05442436435533664,Dorota_to_analzye_size_spaces_E2P4,E2P4
523,196,155,2049.0,0.7945957417601665,1.652513421181064,16329.0,0.8864249816654952,0.9422932656240983,1.3787739604384837,165.20843031039743,1316.5878274955976,0.1254822708065405,22514.0,3386.0,0.15039530958514702,Dorota_to_analzye_size_spaces_E2P4,E2P4
524,197,148,952.0,0.4278947765129263,2.3098739495798317,15863.0,0.844811360699547,0.8797138420585625,2.273781756288218,76.75862647901334,1279.014802349358,0.060013868751182,36069.0,2199.0,0.06096648091158613,Dorota_to_analzye_size_spaces_E2P4,E2P4
525,198,154,1895.0,0.6878728771334572,3.2981530343007917,13234.0,0.7990230604077128,0.8907585649862018,3.433277920507783,152.79159367408644,1067.0416626294775,0.14319177875170017,45436.0,6250.0,0.13755612289814245,Dorota_to_analzye_size_spaces_E2P4,E2P4
526,199,156,774.0,0.6975653977183741,1.9276485788113695,9528.0,0.9247140215527486,0.9210246495891735,2.1767422334172966,62.406698418861694,768.231295264747,0.08123425692695214,20740.0,1492.0,0.07193828351012536,Dorota_to_analzye_size_spaces_E2P4,E2P4
527,200,149,1770.0,0.7742737041286302,4.8548022598870055,14550.0,0.9478998643446479,0.8080639786737754,4.281374570446736,142.7129925082496,1173.1491757034078,0.12164948453608247,62294.0,8593.0,0.13794265900407743,Dorota_to_analzye_size_spaces_E2P4,E2P4
528,202,156,1029.0,0.5619254332912363,2.132167152575316,9528.0,0.9247140215527486,0.9210246495891735,2.1767422334172966,82.96704479716884,768.231295264747,0.10799748110831234,20740.0,2194.0,0.10578592092574735,Dorota_to_analzye_size_spaces_E2P4,E2P4
529,203,158,1078.0,0.46555153424839657,3.7142857142857144,9953.0,0.8783557115731673,0.9473634113839711,3.535416457349543,86.91785645417688,802.4985392285923,0.10830905254697076,35188.0,4004.0,0.11378879163351142,Dorota_to_analzye_size_spaces_E2P4,E2P4
530,204,159,1864.0,0.7149370701226894,2.4377682403433476,15808.0,0.8464018884547015,0.9455110951611938,2.087107793522267,150.29210058495892,1274.5802178363897,0.11791497975708502,32993.0,4544.0,0.13772618434213318,Dorota_to_analzye_size_spaces_E2P4,E2P4
531,205,158,737.0,0.5981298659251367,4.48168249660787,9953.0,0.8783557115731673,0.9473634113839711,3.535416457349543,59.42343247377399,802.4985392285923,0.07404802572088817,35188.0,3303.0,0.09386722746390815,Dorota_to_analzye_size_spaces_E2P4,E2P4
532,206,160,1668.0,0.8525150954080516,1.5215827338129497,8462.0,0.9664280229981218,0.91828540423223,2.027062160245805,134.48885395692676,682.2809845224905,0.19711652091704088,17153.0,2538.0,0.1479624555471346,Dorota_to_analzye_size_spaces_E2P4,E2P4
533,207,157,2073.0,0.7371747272443633,2.6550892426435118,22724.0,0.7244370170392775,0.8568950563746748,2.4672152790001762,167.1435217342381,1832.2090631398103,0.09122513641964443,56065.00000000001,5504.0,0.09817176491572281,Dorota_to_analzye_size_spaces_E2P4,E2P4
534,208,165,2017.0,0.7229996712826368,4.141298958849777,12632.0,0.808935442585165,0.9411414096259871,3.8183977200759975,162.6283084119432,1018.5031194148074,0.15967384420519315,48234.0,8353.0,0.1731765974209064,Dorota_to_analzye_size_spaces_E2P4,E2P4
535,209,167,1468.0,0.7406700472433783,2.9216621253405997,12228.0,0.5927288310314189,0.9468793557379588,2.627576054955839,118.36309209158782,985.9290804468227,0.12005233889434086,32129.999999999996,4289.0,0.13348895113600998,Dorota_to_analzye_size_spaces_E2P4,E2P4
536,210,168,1150.0,0.446089700880794,4.696521739130435,11254.0,0.8979646512469988,0.9071417056263098,4.05127065932113,92.7231307256989,907.3966201626221,0.10218588946152479,45592.99999999999,5401.0,0.11846116728445158,Dorota_to_analzye_size_spaces_E2P4,E2P4
537,211,162,1788.0,0.781807005680479,1.7824384787472036,12211.0,0.8404036692339275,0.9424976844705156,1.9651953156989599,144.1643110761301,984.5583906882689,0.1464253541888461,23997.0,3187.0,0.13280826770012918,Dorota_to_analzye_size_spaces_E2P4,E2P4
538,212,166,2309.0,0.7551114890966693,1.6344737981810307,24114.0,0.7226816954314303,0.9036198755901971,1.0578916811810566,186.17192073533806,1944.2831081039158,0.09575350418843825,25510.0,3774.0,0.1479419835358683,Dorota_to_analzye_size_spaces_E2P4,E2P4
539,214,168,938.0,0.7157173609013775,4.609808102345416,11254.0,0.8979646512469988,0.9071417056263098,4.05127065932113,75.62982314843963,907.3966201626221,0.08334814288253066,45592.99999999999,4324.0,0.09483912004035709,Dorota_to_analzye_size_spaces_E2P4,E2P4
540,216,164,1896.0,0.7524524218370062,1.895042194092827,14896.0,0.8304359267009845,0.8836685056653022,1.7332841031149302,152.87222248341314,1201.0467437304442,0.1272824919441461,25819.0,3593.0,0.1391610829234285,Dorota_to_analzye_size_spaces_E2P4,E2P4
541,218,172,2011.0,0.8312852464439267,6.009448035803083,10649.0,0.8587740541331036,0.9340408736075783,5.173255704761011,162.14453555598303,858.6161905199718,0.18884402291294958,55090.0,12085.0,0.2193683064076965,Dorota_to_analzye_size_spaces_E2P4,E2P4
542,219,175,809.0,0.8032258571650778,3.284301606922126,7979.0,0.7616086000094613,0.9313645383448115,4.067301666875548,65.22870674529601,643.337269617697,0.10139115177340519,32453.0,2657.0,0.08187224601731735,Dorota_to_analzye_size_spaces_E2P4,E2P4
543,220,170,1017.0,0.7273601718381092,4.273352999016716,18956.0,0.8007270794310315,0.9292156862745098,3.8628402616585777,81.9994990852485,1528.3997095968246,0.05365055918970247,73224.0,4346.0,0.05935212498634328,Dorota_to_analzye_size_spaces_E2P4,E2P4
544,221,174,1312.0,0.6146184641377593,1.7141768292682926,16045.0,0.6572589597786509,0.967557136826871,1.7004051106263633,105.78499783662343,1293.6892456468163,0.08177002181364912,27283.0,2249.0,0.08243228383975369,Dorota_to_analzye_size_spaces_E2P4,E2P4
545,222,170,1322.0,0.5581537500771062,5.43267776096823,18956.0,0.8007270794310315,0.9292156862745098,3.8628402616585777,106.59128592989039,1528.3997095968246,0.06974045157206162,73224.0,7182.0,0.09808259587020648,Dorota_to_analzye_size_spaces_E2P4,E2P4
546,223,175,1172.0,0.5965262229328686,4.528156996587031,7979.0,0.7616086000094613,0.9313645383448115,4.067301666875548,94.49696453088619,643.337269617697,0.1468855746334127,32453.0,5307.0,0.16352879548886082,Dorota_to_analzye_size_spaces_E2P4,E2P4
547,224,179,1643.0,0.8240614441519186,1.8210590383444918,8596.0,0.8465949644721997,0.9379159847244953,1.7810609585853885,132.4731337237594,693.0852449722676,0.1911354118194509,15310.0,2992.0,0.1954278249510124,Dorota_to_analzye_size_spaces_E2P4,E2P4
548,225,174,897.0,0.5576042097273852,1.4091415830546266,16045.0,0.6572589597786509,0.967557136826871,1.7004051106263633,72.32404196604514,1293.6892456468163,0.055905266438142726,27283.0,1264.0,0.04632921599530843,Dorota_to_analzye_size_spaces_E2P4,E2P4
549,226,176,439.0,0.7793658168858291,3.4009111617312073,13388.0,0.7778253579414127,0.8134151528039371,3.407827905587093,35.39604729441897,1079.4584992657885,0.0327905587092919,45624.0,1493.0,0.03272400490969665,Dorota_to_analzye_size_spaces_E2P4,E2P4
550,227,176,1376.0,0.7775260798155539,3.776889534883721,13388.0,0.7778253579414127,0.8134151528039371,3.407827905587093,110.94524163353191,1079.4584992657885,0.10277860770839557,45624.0,5197.0,0.11390934595826757,Dorota_to_analzye_size_spaces_E2P4,E2P4
551,228,178,1811.0,0.7543382173453058,2.6532302595251243,10838.0,0.9292919600680475,0.9407169516535023,2.7913821738328104,146.01877369064408,873.8550354827171,0.16709725041520576,30253.0,4805.0,0.15882722374640532,Dorota_to_analzye_size_spaces_E2P4,E2P4
552,229,183,2002.0,0.7150029411071616,2.31018981018981,3187.0,0.6920266335057572,0.982732038236201,2.5472230938186384,161.41887627204278,256.964015324176,0.6281769689363037,8118.000000000001,4625.0,0.5697216063069721,Dorota_to_analzye_size_spaces_E2P4,E2P4
553,230,184,1908.0,0.7688778095418142,6.0256813417190775,6066.0,0.24421930330264646,0.9769689160895474,4.862842070557204,153.83976819533348,489.09435737573,0.314540059347181,29498.0,11497.0,0.38975523764323006,Dorota_to_analzye_size_spaces_E2P4,E2P4
554,232,181,1986.0,0.8413953557013106,2.4466263846928498,16038.0,0.8771691802153516,0.9007076266427048,2.452113729891508,160.12881532281565,1293.1248439815295,0.12383090160867939,39327.0,4859.0,0.12355379255981895,Dorota_to_analzye_size_spaces_E2P4,E2P4
555,233,187,1862.0,0.8577357059366604,6.051020408163265,6418.0,0.9105722318657773,0.8479323556612498,5.8223745715176065,150.13084296630552,517.4756982587265,0.290121533187909,37368.0,11267.0,0.30151466495397133,Dorota_to_analzye_size_spaces_E2P4,E2P4
556,11,15,1859.0,0.8672823183595847,7.8563743948359335,19809.0,0.9716869052848007,0.8823608017817371,7.047554142056641,149.88895653832543,1597.1760839524952,0.09384623151092937,139605.0,14605.0,0.10461659682676122,Dorota_to_analzye_size_spaces_Fulv_TNF_2,FULV_TNF
557,14,17,2244.0,0.7611736168463485,19.448752228163993,27283.0,0.9015653147597181,0.9260403231280973,23.96191767767474,180.9310481291029,2199.7958048602113,0.08224901953597478,653753.0,43643.0,0.06675762864568116,Dorota_to_analzye_size_spaces_Fulv_TNF_2,FULV_TNF
558,16,20,1149.0,0.5458474166963516,14.924281984334204,27764.0,0.8538594220212237,0.9389245857287791,15.348544878259617,92.64250191637221,2238.5782621463513,0.04138452672525573,426137.0,17148.0,0.040240579907400674,Dorota_to_analzye_size_spaces_Fulv_TNF_2,FULV_TNF
559,17,20,768.0,0.722365433279424,13.822916666666666,27764.0,0.8538594220212237,0.9389245857287791,15.348544878259617,61.922925562901526,2238.5782621463513,0.02766172021322576,426137.0,10616.0,0.02491217613115031,Dorota_to_analzye_size_spaces_Fulv_TNF_2,FULV_TNF
560,18,27,2241.0,0.8414357513486995,10.534136546184738,15818.0,0.974519699610173,0.9016701818389101,11.632886584903275,180.6891617011228,1275.3865059296568,0.14167404223037047,184009.0,23607.0,0.12829263786010467,Dorota_to_analzye_size_spaces_Fulv_TNF_2,FULV_TNF
561,19,23,725.0,0.6595956995240225,3.1089655172413795,21041.0,0.6426668067029041,0.924026173641913,3.183023620550354,58.455886761853655,1696.5107770429831,0.03445653723682335,66974.0,2254.0,0.033654851136261835,Dorota_to_analzye_size_spaces_Fulv_TNF_2,FULV_TNF
562,20,23,1512.0,0.4797711188402583,2.982804232804233,21041.0,0.6426668067029041,0.924026173641913,3.183023620550354,121.91075970196238,1696.5107770429831,0.0718597024856233,66974.0,4510.0,0.06733956460716099,Dorota_to_analzye_size_spaces_Fulv_TNF_2,FULV_TNF
563,22,31,2241.0,0.7223189604614982,9.504685408299865,32424.0,0.8665065485677927,0.8490847670673266,11.957284727362447,180.6891617011228,2614.308513608749,0.06911547002220578,387703.0,21299.999999999996,0.05493896100881344,Dorota_to_analzye_size_spaces_Fulv_TNF_2,FULV_TNF
564,23,24,1936.0,0.794291990106051,13.297004132231406,38004.0,0.9255788244635852,0.8415039192241265,13.854120618882224,156.09737485648094,3064.217269651705,0.05094200610462057,526512.0,25743.0,0.04889347251344699,Dorota_to_analzye_size_spaces_Fulv_TNF_2,FULV_TNF
565,24,30,1902.0,0.9021722796158226,13.308096740273397,8951.0,0.9841242014913306,0.8955477738869435,15.234945816109931,153.35599533937332,721.7084722832442,0.21249022455591554,136368.0,25312.0,0.18561539364073684,Dorota_to_analzye_size_spaces_Fulv_TNF_2,FULV_TNF
566,25,29,523.0,0.7716732578506917,18.051625239005737,22684.0,0.9019405912305772,0.9371230273485912,18.998809733733026,42.168867277861324,1828.9839107667424,0.023055898430611885,430968.99999999994,9441.0,0.021906448027584353,Dorota_to_analzye_size_spaces_Fulv_TNF_2,FULV_TNF
567,26,33,2582.0,0.811387430545014,2.7223082881487217,21058.0,0.8760551484545511,0.9786225485639929,2.20623990882325,208.1835856815257,1697.8814668015368,0.12261373349795802,46459.0,7028.999999999999,0.15129468994166897,Dorota_to_analzye_size_spaces_Fulv_TNF_2,FULV_TNF
568,27,29,1889.0,0.645660607397125,16.698782424563262,22684.0,0.9019405912305772,0.9371230273485912,18.998809733733026,152.3078208181263,1828.9839107667424,0.08327455475224828,430968.99999999994,31544.000000000004,0.07319319951086971,Dorota_to_analzye_size_spaces_Fulv_TNF_2,FULV_TNF
569,28,28,2508.0,0.8199810966841461,24.571770334928228,19978.0,0.9250473120467312,0.8631296984360148,26.660927019721694,202.21705379135028,1610.8023527287066,0.1255380919010912,532632.0,61625.99999999999,0.11570089667913305,Dorota_to_analzye_size_spaces_Fulv_TNF_2,FULV_TNF
570,29,32,1983.0,0.7513139722645662,9.027231467473525,18092.0,0.8939526542039522,0.8442764478043773,9.852365686491266,159.8869288948356,1458.7364183385605,0.109606455892107,178249.0,17901.0,0.10042693086637232,Dorota_to_analzye_size_spaces_Fulv_TNF_2,FULV_TNF
571,31,37,1172.0,0.6425472537437734,4.300341296928328,22928.0,0.9376028985177408,0.9283342780791967,3.271807397069086,94.49696453088619,1848.657340242456,0.0511165387299372,75016.0,5040.0,0.06718566705769435,Dorota_to_analzye_size_spaces_Fulv_TNF_2,FULV_TNF
572,32,34,2502.0,0.7455400922025032,6.486810551558753,29971.0,0.8639560104468776,0.8223850290857205,7.541022988889259,201.73328093539013,2416.526044330367,0.08348069800807448,226012.0,16230.0,0.07181034635329098,Dorota_to_analzye_size_spaces_Fulv_TNF_2,FULV_TNF
573,33,37,595.0,0.7139211474268801,4.6873949579831935,22928.0,0.9376028985177408,0.9283342780791967,3.271807397069086,47.97414154938334,1848.657340242456,0.025950802512212143,75016.0,2789.0,0.03717873520315666,Dorota_to_analzye_size_spaces_Fulv_TNF_2,FULV_TNF
574,34,35,1923.0,0.775786153825043,19.640145605824234,27401.0,0.900422489092447,0.9640432044471027,21.02401372212693,155.0492003352339,2209.3100043607615,0.07017992044085983,576079.0,37768.0,0.06556045264625164,Dorota_to_analzye_size_spaces_Fulv_TNF_2,FULV_TNF
575,35,39,2091.0,0.8148426419481685,12.134385461501674,26919.0,0.8921572606371082,0.911581442600745,14.23734165459341,168.5948403021186,2170.4469182652947,0.07767747687506965,383255.0,25373.0,0.06620396341861164,Dorota_to_analzye_size_spaces_Fulv_TNF_2,FULV_TNF
576,36,38,2142.0,0.8028271974358672,20.544817927170868,21681.0,0.9647973695023729,0.9073446327683616,23.67137124671371,172.70690957778004,1748.1132150120677,0.0987961809879618,513219.0,44007.0,0.08574702027789306,Dorota_to_analzye_size_spaces_Fulv_TNF_2,FULV_TNF
577,38,44,953.0,0.5147304939028065,15.54669464847849,15451.0,0.9084314712820905,0.9253203976524135,16.94492265872759,76.83925528834004,1245.7957329067597,0.06167885573749272,261816.00000000003,14816.0,0.05658936046689277,Dorota_to_analzye_size_spaces_Fulv_TNF_2,FULV_TNF
578,39,47,2165.0,0.6481597003385187,6.712240184757506,18122.0,0.8921531267084956,0.9658884980279288,6.279163447743075,174.56137219229402,1461.1552826183613,0.11946804988411876,113791.0,14532.0,0.12770781520506894,Dorota_to_analzye_size_spaces_Fulv_TNF_2,FULV_TNF
579,40,45,1680.0,0.8199753885465011,9.351190476190476,19034.0,0.9344725343300226,0.96531088345674,10.151150572659452,135.4563996688471,1534.6887567243068,0.08826310812230745,193217.0,15710.0,0.08130754540231967,Dorota_to_analzye_size_spaces_Fulv_TNF_2,FULV_TNF
580,42,44,926.0,0.40209619158078297,17.083153347732182,15451.0,0.9084314712820905,0.9253203976524135,16.94492265872759,74.66227743651929,1245.7957329067597,0.05993139602614717,261816.00000000003,15819.0,0.0604202951691264,Dorota_to_analzye_size_spaces_Fulv_TNF_2,FULV_TNF
581,43,46,1671.0,0.6078040962853776,3.002393776181927,56030.0,0.8649393697841534,0.9227754080271414,2.477904693913975,134.73074038490682,4517.632186574704,0.02982330894163841,138837.0,5017.0,0.03613590037237912,Dorota_to_analzye_size_spaces_Fulv_TNF_2,FULV_TNF
582,44,42,2013.0,0.7950720630385819,11.476900149031296,23137.0,0.9479617661000963,0.867854463615904,11.082854302632148,162.30579317463642,1865.508761391735,0.08700350088602671,256424.0,23103.0,0.0900968708077247,Dorota_to_analzye_size_spaces_Fulv_TNF_2,FULV_TNF
583,45,46,1762.0,0.6820616370452114,3.022701475595914,56030.0,0.8649393697841534,0.9227754080271414,2.477904693913975,142.06796203363606,4517.632186574704,0.03144743887203284,138837.0,5326.0,0.038361531868306,Dorota_to_analzye_size_spaces_Fulv_TNF_2,FULV_TNF
584,46,49,2048.0,0.7931213294875719,8.3193359375,17238.0,0.9600291423654589,0.9195561719833565,9.024712843717369,165.12780150107073,1389.879415173563,0.1188072862281007,155568.0,17038.0,0.10952123830093592,Dorota_to_analzye_size_spaces_Fulv_TNF_2,FULV_TNF
585,50,48,2246.0,0.8473970412723056,22.744434550311666,24820.0,0.9397092269573261,0.9364270892284474,23.518251410153102,181.09230574775628,2001.2070474885622,0.09049153908138598,583723.0,51084.0,0.08751411200175425,Dorota_to_analzye_size_spaces_Fulv_TNF_2,FULV_TNF
586,51,53,2128.0,0.8243821867236509,19.919642857142858,14471.0,0.9317127768447421,0.9319294178258629,24.124179393269298,171.5781062472063,1166.779499766599,0.14705272614193904,349101.0,42389.0,0.12142331302402457,Dorota_to_analzye_size_spaces_Fulv_TNF_2,FULV_TNF
587,52,51,846.0,0.6064683270222649,12.29905437352246,38857.0,0.8441101123429153,0.9166764962608224,14.133772550634378,68.21197269038372,3132.9936440073757,0.021772138868157605,549196.0,10405.0,0.01894587724601053,Dorota_to_analzye_size_spaces_Fulv_TNF_2,FULV_TNF
588,54,52,2256.0,0.8136596264386234,7.112145390070922,27339.0,0.9482364376692911,0.9073078454798885,7.38655400709609,181.89859384102323,2204.3110181825064,0.0825194776692637,201941.0,16045.0,0.07945389990145636,Dorota_to_analzye_size_spaces_Fulv_TNF_2,FULV_TNF
589,55,51,1409.0,0.24587124302044752,13.997870830376153,38857.0,0.8441101123429153,0.9166764962608224,14.133772550634378,113.60599234131283,3132.9936440073757,0.03626116272486296,549196.0,19723.0,0.035912497541861196,Dorota_to_analzye_size_spaces_Fulv_TNF_2,FULV_TNF
590,56,58,2659.0,0.7614016076045194,3.9202707784881534,29202.0,0.8297237804922628,0.905994043186895,3.5951989589754128,214.39200399968118,2354.5224899581385,0.09105540716389289,104987.0,10424.0,0.09928848333603207,Dorota_to_analzye_size_spaces_Fulv_TNF_2,FULV_TNF
591,57,55,655.0,0.7709571105797303,8.12824427480916,21695.0,0.9355658089685288,0.8670023578307957,11.709702696473842,52.811870108985026,1749.2420183426414,0.030191288315280018,254042.0,5324.0,0.02095716456333992,Dorota_to_analzye_size_spaces_Fulv_TNF_2,FULV_TNF
592,58,55,1820.0,0.4864476487770571,8.856593406593406,21695.0,0.9355658089685288,0.8670023578307957,11.709702696473842,146.74443297458436,1749.2420183426414,0.08389029730352615,254042.0,16119.0,0.06345013816613002,Dorota_to_analzye_size_spaces_Fulv_TNF_2,FULV_TNF
593,59,57,1610.0,0.26010019169974735,16.70993788819876,34861.0,0.6712952520669604,0.9720332366718715,24.234330627348612,129.81238301597847,2810.8009219379037,0.046183414130403604,844833.0,26903.000000000004,0.031844163284341406,Dorota_to_analzye_size_spaces_Fulv_TNF_2,FULV_TNF
594,60,54,1792.0,0.7437247840372616,7.940848214285714,19497.0,0.8937894734589606,0.8035692206239954,7.548084320664717,144.4868263134369,1572.0198954425664,0.09191157613991896,147165.0,14230.0,0.09669418679713247,Dorota_to_analzye_size_spaces_Fulv_TNF_2,FULV_TNF
595,61,57,631.0,0.8590303407722432,18.08082408874802,34861.0,0.6712952520669604,0.9720332366718715,24.234330627348612,50.87677868514435,2810.8009219379037,0.018100456097071227,844833.0,11409.0,0.013504444073562468,Dorota_to_analzye_size_spaces_Fulv_TNF_2,FULV_TNF
596,62,61,1829.0,0.806624818859397,8.453799890650629,17841.0,0.9581368354425316,0.9497977001703578,9.265568073538478,147.4700922585246,1438.49858719756,0.10251667507426714,165307.0,15462.0,0.09353505901141512,Dorota_to_analzye_size_spaces_Fulv_TNF_2,FULV_TNF
597,64,59,1807.0,0.7537468049634999,5.867736579966796,23807.0,0.358723248796785,0.6648885661620957,4.565631956987441,145.69625845333732,1919.5300636406207,0.07590204561683539,108694.00000000001,10603.0,0.09754908274605772,Dorota_to_analzye_size_spaces_Fulv_TNF_2,FULV_TNF
598,65,60,592.0,0.8466917407783072,9.305743243243244,35229.0,0.9284294964671573,0.9389892851431313,12.802974821879701,47.732255121403256,2840.4723237701273,0.016804337335717734,451036.0,5509.0,0.012214102643691412,Dorota_to_analzye_size_spaces_Fulv_TNF_2,FULV_TNF
599,66,60,1007.0,0.892437034169974,10.716981132075471,35229.0,0.9284294964671573,0.9389892851431313,12.802974821879701,81.19321099198156,2840.4723237701273,0.028584404893695535,451036.0,10792.0,0.023927136636543424,Dorota_to_analzye_size_spaces_Fulv_TNF_2,FULV_TNF
600,68,60,578.0,0.8061904959826097,8.249134948096886,35229.0,0.9284294964671573,0.9389892851431313,12.802974821879701,46.60345179082953,2840.4723237701273,0.016406937466291974,451036.0,4768.0,0.010571218261956917,Dorota_to_analzye_size_spaces_Fulv_TNF_2,FULV_TNF
601,69,65,2062.0,0.8005875270191334,16.397187196896216,26163.0,0.7411216738032017,0.8588733504037818,18.467033597064557,166.25660483164447,2109.4915384143133,0.07881359171348852,483153.0,33811.0,0.06997990284651032,Dorota_to_analzye_size_spaces_Fulv_TNF_2,FULV_TNF
602,70,68,2011.0,0.7221791344167098,5.198906016907012,13997.0,0.7128980575801219,0.9693213296398892,4.68250339358434,162.14453555598303,1128.5614441457456,0.1436736443523612,65541.0,10455.0,0.1595184693550602,Dorota_to_analzye_size_spaces_Fulv_TNF_2,FULV_TNF
603,71,70,2254.0,0.7844130308088625,3.3957409050576755,29331.0,0.8708416425298401,0.9817579327888606,3.2728853431522964,181.73733622236983,2364.923606361282,0.07684702192219836,95997.0,7654.000000000001,0.07973165828098795,Dorota_to_analzye_size_spaces_Fulv_TNF_2,FULV_TNF
604,72,62,2054.0,0.8345397493798561,9.12414800389484,35074.0,0.8957277773200686,0.9465900197015087,9.502195358385128,165.6115743570309,2827.9748583244896,0.05856189770200148,333280.0,18741.0,0.05623199711953913,Dorota_to_analzye_size_spaces_Fulv_TNF_2,FULV_TNF
605,73,69,1097.0,0.7014771035771737,4.443938012762079,20459.0,0.935155533814281,0.9760507609369782,4.1665770565521285,88.44980383138407,1649.5848100148467,0.05361943398993108,85244.0,4875.0,0.057188775749612876,Dorota_to_analzye_size_spaces_Fulv_TNF_2,FULV_TNF
606,74,66,1796.0,0.7305649321876565,10.050668151447661,23493.0,0.9723760139803047,0.8972615819424817,9.546673477205976,144.80934155074368,1894.2126175120384,0.07644830375005321,224280.0,18051.0,0.08048421615837346,Dorota_to_analzye_size_spaces_Fulv_TNF_2,FULV_TNF
607,75,69,809.0,0.7622438924725382,4.763906056860321,20459.0,0.935155533814281,0.9760507609369782,4.1665770565521285,65.22870674529601,1649.5848100148467,0.03954249963341317,85244.0,3854.0,0.04521139317723241,Dorota_to_analzye_size_spaces_Fulv_TNF_2,FULV_TNF
608,76,67,1985.0,0.7775864934566936,11.902267002518892,25187.0,0.9340644462512285,0.8457689724647415,11.440584428475008,160.04818651348896,2030.7978205114593,0.07881049747885814,288154.0,23626.0,0.08199087987673258,Dorota_to_analzye_size_spaces_Fulv_TNF_2,FULV_TNF
609,77,63,1688.0,0.8261328031616385,28.05627962085308,20533.0,0.9278715360272505,0.9343799772468715,32.89918667510836,136.10143014346065,1655.5513419050221,0.0822091267715385,675519.0,47359.0,0.07010757654484923,Dorota_to_analzye_size_spaces_Fulv_TNF_2,FULV_TNF
610,80,73,2027.0,0.8936148696143402,6.796743956586088,21592.0,0.964536376019547,0.9255829903978052,6.274175620600222,163.43459650521015,1740.9372509819918,0.09387736198592071,135472.0,13777.0,0.10169629148458723,Dorota_to_analzye_size_spaces_Fulv_TNF_2,FULV_TNF
611,81,75,1012.0,0.6846108321433604,3.955533596837945,18692.0,0.30615234650290446,0.9563081960503428,3.9631393109351594,81.59635503861503,1507.1137039345772,0.05414080890220415,74079.0,4003.0,0.05403690654571471,Dorota_to_analzye_size_spaces_Fulv_TNF_2,FULV_TNF
612,82,75,1188.0,0.5352312249281279,4.341750841750842,18692.0,0.30615234650290446,0.9563081960503428,3.9631393109351594,95.7870254801133,1507.1137039345772,0.0635566017547614,74079.0,5158.0,0.06962836971341406,Dorota_to_analzye_size_spaces_Fulv_TNF_2,FULV_TNF
613,84,80,2036.0,0.8252255567218738,6.320726915520629,16437.0,0.9283348415244266,0.8291464891041163,6.449656263308389,164.1602557891504,1325.2957389028807,0.12386688568473565,106013.0,12869.0,0.12139077282974729,Dorota_to_analzye_size_spaces_Fulv_TNF_2,FULV_TNF
614,85,78,2066.0,0.787962249680224,14.042594385285575,27232.0,0.9566224295550221,0.8319432988115969,18.653238836662748,166.57912006895123,2195.68373558455,0.07586662749706229,507964.99999999994,29012.0,0.05711417125195634,Dorota_to_analzye_size_spaces_Fulv_TNF_2,FULV_TNF
615,86,82,1972.0,0.7454103068503259,7.221095334685598,6258.0,0.8104472717526614,0.9772017489069331,9.061041866410994,159.00001199224195,504.5750887664554,0.31511665068712047,56704.0,14240.0,0.25112866817155755,Dorota_to_analzye_size_spaces_Fulv_TNF_2,FULV_TNF
616,87,77,1331.0,0.32315248296043364,20.55146506386176,38898.0,0.9207895391359752,0.9153547476173668,23.216386446603938,107.31694521383064,3136.2994251897703,0.034217697567998355,903071.0,27354.0,0.03028997720002082,Dorota_to_analzye_size_spaces_Fulv_TNF_2,FULV_TNF
617,88,79,1765.0,0.6844490275398861,8.506515580736544,34911.0,0.6132931187167884,0.9266602962255136,7.956861734123915,142.30984846161613,2814.8323624042387,0.050557130990232305,277782.0,15014.0,0.05404957844640761,Dorota_to_analzye_size_spaces_Fulv_TNF_2,FULV_TNF
618,89,77,789.0,0.7272363781092072,20.46641318124208,38898.0,0.9207895391359752,0.9153547476173668,23.216386446603938,63.616130558762116,3136.2994251897703,0.020283819219497148,903071.0,16148.0,0.01788120756839717,Dorota_to_analzye_size_spaces_Fulv_TNF_2,FULV_TNF
619,91,87,1064.0,0.5559927318512089,4.739661654135339,3100.0,0.7531329257063173,0.9819448843839088,3.5658064516129033,85.78905312360315,249.94930891275357,0.3432258064516129,11054.0,5043.0,0.45621494481635605,Dorota_to_analzye_size_spaces_Fulv_TNF_2,FULV_TNF
620,92,83,1050.0,0.5571541357822067,5.027619047619048,28557.0,0.951914392453624,0.8959058823529412,5.275589172532129,84.66024979302944,2302.5169079424204,0.036768568126904086,150655.0,5279.0,0.03504032391888753,Dorota_to_analzye_size_spaces_Fulv_TNF_2,FULV_TNF
621,93,86,597.0,0.8733014385312932,11.765494137353434,22799.0,0.6681679632910364,0.9435110081112399,9.296548094214659,48.135399168036734,1838.2562238393123,0.02618535900697399,211952.0,7024.0,0.033139578772552275,Dorota_to_analzye_size_spaces_Fulv_TNF_2,FULV_TNF
622,94,83,849.0,0.7492921615259082,5.896348645465253,28557.0,0.951914392453624,0.8959058823529412,5.275589172532129,68.4538591183638,2302.5169079424204,0.029730013656896735,150655.0,5006.0,0.03322823669974445,Dorota_to_analzye_size_spaces_Fulv_TNF_2,FULV_TNF
623,95,87,751.0,0.8026289664595748,2.6724367509986684,3100.0,0.7531329257063173,0.9819448843839088,3.5658064516129033,60.55223580434772,249.94930891275357,0.24225806451612902,11054.0,2007.0,0.18156323502804414,Dorota_to_analzye_size_spaces_Fulv_TNF_2,FULV_TNF
624,98,84,1827.0,0.774275437497117,7.402298850574713,21433.0,0.9247347628015847,0.9012278193591792,7.298325012830682,147.3088346398712,1728.1172702990475,0.0852423832407969,156425.0,13524.0,0.0864567684193703,Dorota_to_analzye_size_spaces_Fulv_TNF_2,FULV_TNF
625,100,90,1934.0,0.8666576681834675,2.8355739400206823,12040.0,0.9309574395462042,0.8941036684984405,4.2460963455149505,155.93611723782755,970.7708642934041,0.16063122923588039,51123.00000000001,5484.0,0.10727070007628658,Dorota_to_analzye_size_spaces_Fulv_TNF_2,FULV_TNF
626,102,89,1796.0,0.882778946857884,17.2043429844098,19428.0,0.96534587464701,0.9535214723926381,26.472771257978177,144.80934155074368,1566.4565075990245,0.09244389540868848,514313.0,30899.0,0.06007820140653649,Dorota_to_analzye_size_spaces_Fulv_TNF_2,FULV_TNF
627,104,88,1812.0,0.7844802562796808,14.188741721854305,27497.0,0.6075976793903697,0.8850016092693916,13.137578644943085,146.09940249997078,2217.050370056124,0.06589809797432447,361244.0,25710.0,0.07117073224745601,Dorota_to_analzye_size_spaces_Fulv_TNF_2,FULV_TNF
628,106,93,1246.0,0.5677603084742245,3.4165329052969504,5011.0,0.6615435917584116,0.95593285005723,4.468369586908801,100.46349642106159,404.03096353606713,0.24865296348034324,22391.0,4257.0,0.19012103077129203,Dorota_to_analzye_size_spaces_Fulv_TNF_2,FULV_TNF
629,107,93,742.0,0.7498879277014715,4.16711590296496,5011.0,0.6615435917584116,0.95593285005723,4.468369586908801,59.826576520407464,404.03096353606713,0.14807423667930553,22391.0,3092.0,0.13809119735608058,Dorota_to_analzye_size_spaces_Fulv_TNF_2,FULV_TNF
630,108,94,1139.0,0.547584304347753,5.9016681299385425,12594.0,0.9672965361490747,0.7935227773927289,6.843417500397014,91.83621382310525,1015.4392246603929,0.09043989201206924,86186.0,6722.0,0.07799410577123894,Dorota_to_analzye_size_spaces_Fulv_TNF_2,FULV_TNF
631,109,94,404.0,0.6926286503717277,4.7995049504950495,12594.0,0.9672965361490747,0.7935227773927289,6.843417500397014,32.574038967984656,1015.4392246603929,0.032078767667143085,86186.0,1939.0,0.022497853479683475,Dorota_to_analzye_size_spaces_Fulv_TNF_2,FULV_TNF
632,110,101,799.0,0.5748593713543724,6.188986232790989,2667.0,0.8444633868537686,0.9769230769230769,6.842894638170229,64.42241865202907,215.03703447429476,0.2995875515560555,18250.0,4945.0,0.27095890410958906,Dorota_to_analzye_size_spaces_Fulv_TNF_2,FULV_TNF
633,111,96,2124.0,0.29144103975874935,9.831920903954803,26329.0,0.8308787338258584,0.8790984974958264,13.433134566447643,171.25559100989952,2122.8759207625444,0.08067150290554141,353681.0,20883.0,0.05904473240010066,Dorota_to_analzye_size_spaces_Fulv_TNF_2,FULV_TNF
634,112,96,1358.0,0.6529047065279312,10.734904270986744,26329.0,0.8308787338258584,0.8790984974958264,13.433134566447643,109.4939230656514,2122.8759207625444,0.05157810778988948,353681.0,14577.999999999998,0.041217933674695555,Dorota_to_analzye_size_spaces_Fulv_TNF_2,FULV_TNF
635,114,101,1189.0,0.5645290934403555,6.977291841883936,2667.0,0.8444633868537686,0.9769230769230769,6.842894638170229,95.86765428944,215.03703447429476,0.44581927259092613,18250.0,8296.0,0.45457534246575343,Dorota_to_analzye_size_spaces_Fulv_TNF_2,FULV_TNF
636,115,95,601.0,0.5498878980918543,7.4642262895174705,27507.0,0.511026774515544,0.9513055507522047,7.79652452103101,48.45791440534351,2217.856658149391,0.021848983895008542,214459.0,4486.0,0.02091775117854695,Dorota_to_analzye_size_spaces_Fulv_TNF_2,FULV_TNF
637,117,95,762.0,0.8452272517635281,8.133858267716535,27507.0,0.511026774515544,0.9513055507522047,7.79652452103101,61.43915270694136,2217.856658149391,0.027702039480859416,214459.0,6198.0,0.028900629024662058,Dorota_to_analzye_size_spaces_Fulv_TNF_2,FULV_TNF
638,118,95,985.0,0.6959243203098194,7.91979695431472,27507.0,0.511026774515544,0.9513055507522047,7.79652452103101,79.41937718679428,2217.856658149391,0.03580906678300069,214459.0,7801.0,0.036375251213518665,Dorota_to_analzye_size_spaces_Fulv_TNF_2,FULV_TNF
639,119,102,703.0,0.8136574088334941,6.266002844950213,7256.0,0.7783870004851579,0.9659211927582535,7.243522601984565,56.68205295666637,585.0426404744967,0.0968853362734289,52559.0,4405.0,0.08381057478262524,Dorota_to_analzye_size_spaces_Fulv_TNF_2,FULV_TNF
640,120,102,682.0,0.6741338082107197,7.18475073313783,7256.0,0.7783870004851579,0.9659211927582535,7.243522601984565,54.988847960805785,585.0426404744967,0.09399117971334069,52559.0,4900.0,0.09322856218725623,Dorota_to_analzye_size_spaces_Fulv_TNF_2,FULV_TNF
641,121,98,1146.0,0.26166861234481903,7.988656195462478,24407.0,0.8876521424975604,0.9560874334064556,8.338509444011963,92.40061548839212,1967.9073492366374,0.046953742778711026,203518.0,9155.0,0.04498373608231213,Dorota_to_analzye_size_spaces_Fulv_TNF_2,FULV_TNF
642,122,103,1114.0,0.42018118901456164,11.254937163375224,27963.0,0.9255076253607442,0.9543034605146407,12.18041697958016,89.8204935899379,2254.6233952023636,0.03983835782998963,340601.0,12538.0,0.03681140102348496,Dorota_to_analzye_size_spaces_Fulv_TNF_2,FULV_TNF
643,123,103,677.0,0.707477317690816,11.903988183161005,27963.0,0.9255076253607442,0.9543034605146407,12.18041697958016,54.585703914172306,2254.6233952023636,0.024210563959517935,340601.0,8059.0,0.02366111667317477,Dorota_to_analzye_size_spaces_Fulv_TNF_2,FULV_TNF
644,125,98,958.0,0.6711065101602771,8.221294363256785,24407.0,0.8876521424975604,0.9560874334064556,8.338509444011963,77.24239933497351,1967.9073492366374,0.03925103453927152,203518.0,7876.0,0.03869927967059425,Dorota_to_analzye_size_spaces_Fulv_TNF_2,FULV_TNF
645,128,95,2.0,1.0,13.5,27507.0,0.511026774515544,0.9513055507522047,7.79652452103101,0.1612576186533894,2217.856658149391,7.270876504162576e-05,214459.0,27.0,0.0001258981903300864,Dorota_to_analzye_size_spaces_Fulv_TNF_2,FULV_TNF
646,129,110,1827.0,0.8696169824172512,2.2129173508483855,2455.0,0.8349853358535475,0.9788676236044657,2.3417515274949086,147.3088346398712,197.94372689703548,0.7441955193482689,5749.000000000001,4043.0000000000005,0.7032527396068882,Dorota_to_analzye_size_spaces_Fulv_TNF_2,FULV_TNF
647,130,102,421.0,0.5438604266542136,5.619952494061757,7256.0,0.7783870004851579,0.9659211927582535,7.243522601984565,33.944728726538465,585.0426404744967,0.05802094818081588,52559.0,2366.0,0.04501607717041801,Dorota_to_analzye_size_spaces_Fulv_TNF_2,FULV_TNF
648,131,102,619.0,0.8267132546864467,6.694668820678514,7256.0,0.7783870004851579,0.9659211927582535,7.243522601984565,49.909232973224015,585.0426404744967,0.08530871003307608,52559.0,4144.0,0.07884472687836526,Dorota_to_analzye_size_spaces_Fulv_TNF_2,FULV_TNF
649,138,111,704.0,0.818476554352876,15.311079545454545,13751.0,0.6212429391217436,0.8594912182011376,15.0152716166097,56.762681765993065,1108.7267570513789,0.05119627663442659,206475.0,10779.0,0.052204867417362875,Dorota_to_analzye_size_spaces_Fulv_TNF_2,FULV_TNF
650,139,112,874.0,0.6256145109512715,4.177345537757437,13596.0,0.8833566719580421,0.965968028419183,4.531994704324801,70.46957935153117,1096.229291605741,0.06428361282730215,61617.0,3650.9999999999995,0.05925312819514095,Dorota_to_analzye_size_spaces_Fulv_TNF_2,FULV_TNF
651,141,105,1963.0,0.8750042809582204,3.336729495669893,26063.0,0.9188440630320239,0.863556542195421,3.435022829298239,158.27435270830168,2101.4286574816438,0.07531749990407857,89527.0,6550.0,0.07316228623767132,Dorota_to_analzye_size_spaces_Fulv_TNF_2,FULV_TNF
652,142,111,647.0,0.7584693722806741,13.479134466769706,13751.0,0.6212429391217436,0.8594912182011376,15.0152716166097,52.16683963437147,1108.7267570513789,0.04705112355465057,206475.0,8721.0,0.042237559026516526,Dorota_to_analzye_size_spaces_Fulv_TNF_2,FULV_TNF
653,143,114,873.0,0.7770813921231856,7.288659793814433,12478.0,0.9456855084661074,0.8630515977313598,10.024523160762943,70.38895054220447,1006.0862827784964,0.06996313511780734,125086.0,6363.0,0.050869002126536944,Dorota_to_analzye_size_spaces_Fulv_TNF_2,FULV_TNF
654,146,112,1139.0,0.4996628241580692,4.453906935908692,13596.0,0.8833566719580421,0.965968028419183,4.531994704324801,91.83621382310525,1096.229291605741,0.08377463959988232,61617.0,5073.0,0.08233117483811286,Dorota_to_analzye_size_spaces_Fulv_TNF_2,FULV_TNF
655,147,114,577.0,0.574770396946407,10.922010398613518,12478.0,0.9456855084661074,0.8630515977313598,10.024523160762943,46.52282298150284,1006.0862827784964,0.04624138483731367,125086.0,6302.0,0.050381337639703885,Dorota_to_analzye_size_spaces_Fulv_TNF_2,FULV_TNF
656,152,109,601.0,0.7887666706992472,8.549084858569051,34126.0,0.9116395435292178,0.8933040154965709,11.24377307624685,48.45791440534351,2751.538747082783,0.01761120553243861,383705.0,5138.0,0.013390495302380736,Dorota_to_analzye_size_spaces_Fulv_TNF_2,FULV_TNF
657,153,109,1013.0,0.8220615339911282,11.04639684106614,34126.0,0.9116395435292178,0.8933040154965709,11.24377307624685,81.67698384794173,2751.538747082783,0.02968411182089902,383705.0,11190.0,0.029163028889381166,Dorota_to_analzye_size_spaces_Fulv_TNF_2,FULV_TNF
658,154,109,254.0,0.5847765972099663,9.106299212598426,34126.0,0.9116395435292178,0.8933040154965709,11.24377307624685,20.47971756898045,2751.538747082783,0.00744300533317705,383705.0,2313.0,0.006028068437992729,Dorota_to_analzye_size_spaces_Fulv_TNF_2,FULV_TNF
659,155,121,1162.0,0.5405449244476825,3.580895008605852,28708.0,0.689239922199747,0.944311042399921,3.2302145743346804,93.69067643761923,2314.691858150751,0.04047652222377038,92733.0,4161.0,0.04487075798259519,Dorota_to_analzye_size_spaces_Fulv_TNF_2,FULV_TNF
660,156,116,1778.0,0.835250279640262,7.575928008998875,28173.0,0.7520971011953813,0.8742862462760675,6.575941504277145,143.35802298286316,2271.5554451609696,0.0631100699251056,185264.0,13470.0,0.07270705587701874,Dorota_to_analzye_size_spaces_Fulv_TNF_2,FULV_TNF
661,157,121,945.0,0.7504065512087982,3.8613756613756616,28708.0,0.689239922199747,0.944311042399921,3.2302145743346804,76.19422481372649,2314.691858150751,0.03291765361571687,92733.0,3649.0,0.039349530372143685,Dorota_to_analzye_size_spaces_Fulv_TNF_2,FULV_TNF
662,158,120,1939.0,0.8129471355788268,5.054151624548736,30089.0,0.7085554903366293,0.8836970248759142,4.850742796370767,156.339261284461,2426.0402438309166,0.06444215494034365,145954.0,9800.0,0.06714444276963975,Dorota_to_analzye_size_spaces_Fulv_TNF_2,FULV_TNF
663,159,122,880.0,0.6674383308248952,3.9886363636363638,21453.0,0.827815962816622,0.9690139572699761,3.7393371556425676,70.95335220749133,1729.7298464855812,0.04101990397613387,80220.0,3510.0,0.043754674644727,Dorota_to_analzye_size_spaces_Fulv_TNF_2,FULV_TNF
664,160,122,1161.0,0.5609576713958224,3.8449612403100777,21453.0,0.827815962816622,0.9690139572699761,3.7393371556425676,93.61004762829253,1729.7298464855812,0.05411830513214935,80220.0,4464.0,0.055646970830216906,Dorota_to_analzye_size_spaces_Fulv_TNF_2,FULV_TNF
665,161,124,157.0,0.8663476734127941,7.229299363057325,10061.0,0.7565420005915552,0.9471850875541329,10.956167378988171,12.658723064291067,811.2064506358753,0.015604810655004473,110229.99999999999,1135.0,0.010296652453959903,Dorota_to_analzye_size_spaces_Fulv_TNF_2,FULV_TNF
666,162,124,359.0,0.9110244926192111,8.20891364902507,10061.0,0.7565420005915552,0.9471850875541329,10.956167378988171,28.945742548283395,811.2064506358753,0.035682337739787295,110229.99999999999,2947.0,0.026735008618343468,Dorota_to_analzye_size_spaces_Fulv_TNF_2,FULV_TNF
667,163,124,412.0,0.7737302367884696,7.691747572815534,10061.0,0.7565420005915552,0.9471850875541329,10.956167378988171,33.21906944259821,811.2064506358753,0.0409502037570818,110229.99999999999,3169.0,0.028748979406695095,Dorota_to_analzye_size_spaces_Fulv_TNF_2,FULV_TNF
668,164,124,254.0,0.8343688723967497,7.692913385826771,10061.0,0.7565420005915552,0.9471850875541329,10.956167378988171,20.47971756898045,811.2064506358753,0.02524599940363781,110229.99999999999,1954.0,0.01772657171368956,Dorota_to_analzye_size_spaces_Fulv_TNF_2,FULV_TNF
669,165,118,1953.0,0.8322937247814319,3.481310803891449,30215.0,0.9115379300643072,0.942716295903404,2.8832037067681613,157.46806461503473,2436.1994738060803,0.0646367698163164,87116.0,6799.0,0.07804536480095504,Dorota_to_analzye_size_spaces_Fulv_TNF_2,FULV_TNF
670,166,124,199.0,0.813539709894661,8.160804020100503,10061.0,0.7565420005915552,0.9471850875541329,10.956167378988171,16.045133056012244,811.2064506358753,0.019779345989464268,110229.99999999999,1624.0000000000002,0.014732831352626331,Dorota_to_analzye_size_spaces_Fulv_TNF_2,FULV_TNF
671,167,124,319.0,0.7608495157051052,8.012539184952978,10061.0,0.7565420005915552,0.9471850875541329,10.956167378988171,25.72059017521561,811.2064506358753,0.03170658980220654,110229.99999999999,2556.0,0.02318787988750794,Dorota_to_analzye_size_spaces_Fulv_TNF_2,FULV_TNF
672,168,124,107.0,0.8762612258252759,8.25233644859813,10061.0,0.7565420005915552,0.9471850875541329,10.956167378988171,8.627282597956333,811.2064506358753,0.010635125733028526,110229.99999999999,883.0,0.008010523450966162,Dorota_to_analzye_size_spaces_Fulv_TNF_2,FULV_TNF
673,170,127,922.0,0.8206246845540028,13.004338394793926,11317.0,0.703787125906983,0.9276229508196722,11.338428912255898,74.33976219921252,912.4762351502038,0.0814703543341875,128317.0,11990.0,0.09344046385124341,Dorota_to_analzye_size_spaces_Fulv_TNF_2,FULV_TNF
674,171,131,794.0,0.48821204631520626,2.045340050377834,5275.0,0.9093740684485004,0.8312322722975103,2.68,64.0192746053956,425.3169691983145,0.150521327014218,14137.0,1624.0,0.11487585767843249,Dorota_to_analzye_size_spaces_Fulv_TNF_2,FULV_TNF
675,172,130,1157.0,0.6226728833906968,10.904926534140017,16923.0,0.9371097605192051,0.9279995613073042,12.191159959818,93.28753239098576,1364.4813402356542,0.0683684925840572,206311.00000000003,12617.0,0.06115524620597059,Dorota_to_analzye_size_spaces_Fulv_TNF_2,FULV_TNF
676,173,131,941.0,0.3809574203669509,2.447396386822529,5275.0,0.9093740684485004,0.8312322722975103,2.68,75.8717095764197,425.3169691983145,0.17838862559241705,14137.0,2303.0,0.16290584989743226,Dorota_to_analzye_size_spaces_Fulv_TNF_2,FULV_TNF
677,174,127,473.0,0.7854746711102351,15.399577167019027,11317.0,0.703787125906983,0.9276229508196722,11.338428912255898,38.13742681152659,912.4762351502038,0.04179552885040205,128317.0,7284.0,0.056765666279604415,Dorota_to_analzye_size_spaces_Fulv_TNF_2,FULV_TNF
678,175,129,1401.0,0.37754555323928973,3.9428979300499645,27563.0,0.8505715504103813,0.788844051400933,3.4046366505823022,112.96096186669926,2222.371871471686,0.05082900990458223,93842.0,5524.0,0.05886490057756655,Dorota_to_analzye_size_spaces_Fulv_TNF_2,FULV_TNF
679,177,129,661.0,0.8428326804547756,4.136157337367625,27563.0,0.8505715504103813,0.788844051400933,3.4046366505823022,53.295642964945195,2222.371871471686,0.023981424373254,93842.0,2734.0000000000005,0.02913407642633363,Dorota_to_analzye_size_spaces_Fulv_TNF_2,FULV_TNF
680,178,130,418.0,0.7565585063786561,11.602870813397129,16923.0,0.9371097605192051,0.9279995613073042,12.191159959818,33.70284229855838,1364.4813402356542,0.024700112273237606,206311.00000000003,4850.0,0.023508198787267762,Dorota_to_analzye_size_spaces_Fulv_TNF_2,FULV_TNF
681,191,138,640.0,0.7719677099689105,4.1625,11872.0,0.8196302697271083,0.9310642302564505,5.391004043126685,51.602437969084605,957.2252243265194,0.05390835579514825,64002.00000000001,2664.0,0.04162369925939814,Dorota_to_analzye_size_spaces_Fulv_TNF_2,FULV_TNF
682,192,138,374.0,0.8959591223973106,5.152406417112299,11872.0,0.8196302697271083,0.9310642302564505,5.391004043126685,30.155174688183816,957.2252243265194,0.03150269541778976,64002.00000000001,1927.0,0.030108434111434015,Dorota_to_analzye_size_spaces_Fulv_TNF_2,FULV_TNF
683,9,13,1863.0,0.8764480166142965,30.408480944712828,23148.0,0.9364180900361037,0.9163532718419698,19.677207534128218,150.21147177563222,1866.3956782943287,0.08048211508553654,455488.0,56651.0,0.1243742974567936,Dorota_to_analzye_size_spaces_Fulv_E2P4_TNF_2,E2P4_TNF_FULV
684,10,14,1819.0,0.8910121471884197,19.108301264431006,14225.0,0.9438917557525844,0.9322367127596828,20.686608084358525,146.66380416525766,1146.944812672232,0.12787346221441126,294267.0,34758.0,0.11811722007564558,Dorota_to_analzye_size_spaces_Fulv_E2P4_TNF_2,E2P4_TNF_FULV
685,11,19,912.0,0.5165306485377984,10.494517543859649,7864.0,0.9820937986943852,0.787265992591851,7.4974567650050865,73.53347410594556,634.0649565451271,0.11597151576805696,58960.0,9571.0,0.1623303934871099,Dorota_to_analzye_size_spaces_Fulv_E2P4_TNF_2,E2P4_TNF_FULV
686,12,19,715.0,0.6243757451406765,8.653146853146852,7864.0,0.9820937986943852,0.787265992591851,7.4974567650050865,57.649598668586705,634.0649565451271,0.09092065106815869,58960.0,6186.999999999999,0.10493554952510174,Dorota_to_analzye_size_spaces_Fulv_E2P4_TNF_2,E2P4_TNF_FULV
687,13,16,2120.0,0.7846404896862811,8.128301886792453,19391.0,0.9558390966991248,0.8826930080116533,5.367386932081894,170.93307577259276,1563.4732416539368,0.10932907018720024,104079.00000000001,17232.0,0.16556654080073788,Dorota_to_analzye_size_spaces_Fulv_E2P4_TNF_2,E2P4_TNF_FULV
688,14,18,1845.0,0.8424493883154731,12.303523035230352,11287.0,0.8404776354760422,0.8501167432401898,14.539115796934526,148.7601532077517,910.057370870403,0.16346239036059182,164103.0,22700.0,0.13832775756689397,Dorota_to_analzye_size_spaces_Fulv_E2P4_TNF_2,E2P4_TNF_FULV
689,17,20,319.0,0.6947730861701759,25.605015673981192,43873.0,0.826641385959959,0.9016235100698726,20.845713764730018,25.72059017521561,3537.4277515900762,0.007270986711644976,914564.0000000001,8168.0,0.008931031617251497,Dorota_to_analzye_size_spaces_Fulv_E2P4_TNF_2,E2P4_TNF_FULV
690,19,20,1836.0,0.7735980344958875,30.543572984749456,43873.0,0.826641385959959,0.9016235100698726,20.845713764730018,148.03449392381145,3537.4277515900762,0.04184806145009459,914564.0000000001,56078.0,0.06131664924488608,Dorota_to_analzye_size_spaces_Fulv_E2P4_TNF_2,E2P4_TNF_FULV
691,20,22,861.0,0.5648751410953206,23.407665505226483,21781.0,0.9399047560755996,0.819019327667895,23.410816766906937,69.42140483028413,1756.1760959447372,0.03952986547908728,509911.0,20154.0,0.03952454447933071,Dorota_to_analzye_size_spaces_Fulv_E2P4_TNF_2,E2P4_TNF_FULV
692,21,22,1214.0,0.6516071880254418,22.056836902800658,21781.0,0.9399047560755996,0.819019327667895,23.410816766906937,97.88337452260735,1756.1760959447372,0.055736651209769984,509911.0,26777.0,0.052513085616901774,Dorota_to_analzye_size_spaces_Fulv_E2P4_TNF_2,E2P4_TNF_FULV
693,22,24,1877.0,0.8250618730730471,19.883857218966437,21612.0,0.9480645237236804,0.9095576785488826,19.415787525448824,151.34027510620595,1742.5498271685258,0.0868498982047011,419614.0,37322.0,0.0889436482100216,Dorota_to_analzye_size_spaces_Fulv_E2P4_TNF_2,E2P4_TNF_FULV
694,23,28,1922.0,0.8595630860873109,24.165972944849116,17382.0,0.9610680398244743,0.9416034669555796,20.78138303992636,154.9685715259072,1401.4899637166072,0.11057415717408814,361222.0,46447.0,0.12858297667362453,Dorota_to_analzye_size_spaces_Fulv_E2P4_TNF_2,E2P4_TNF_FULV
695,24,26,1976.0,0.8400919040533559,20.472165991902834,21917.0,0.9562731396882052,0.833409384744087,12.254961901720126,159.3225272295487,1767.1416140131676,0.0901583245882192,268592.0,40453.0,0.1506113361529755,Dorota_to_analzye_size_spaces_Fulv_E2P4_TNF_2,E2P4_TNF_FULV
696,25,25,2001.0,0.8335511659863272,23.606196901549225,40424.0,0.8999435396462161,0.7644911776386709,13.937957648921433,161.33824746271608,3259.3389882223064,0.04950029685335444,563428.0,47236.0,0.08383679902312274,Dorota_to_analzye_size_spaces_Fulv_E2P4_TNF_2,E2P4_TNF_FULV
697,26,29,2212.0,0.7590891014370258,29.53119349005425,26395.0,0.9620900945180546,0.8454787148851661,26.552339458230726,178.35092623064867,2128.1974221781065,0.08380375071036181,700849.0,65323.0,0.09320552644007482,Dorota_to_analzye_size_spaces_Fulv_E2P4_TNF_2,E2P4_TNF_FULV
698,27,30,2043.0,0.7295125579152224,26.269211943220753,37731.0,0.8941982115285302,0.9101456966422231,16.590522382126103,164.72465745443725,3042.2056047055175,0.054146457819829845,625977.0,53668.0,0.0857347793928531,Dorota_to_analzye_size_spaces_Fulv_E2P4_TNF_2,E2P4_TNF_FULV
699,28,33,1955.0,0.8433446606073455,23.98618925831202,20896.0,0.8703559377305241,0.9130472778117626,19.61030819295559,157.62932223368813,1684.8195996906124,0.09355857580398162,409777.0,46893.0,0.11443541243163965,Dorota_to_analzye_size_spaces_Fulv_E2P4_TNF_2,E2P4_TNF_FULV
700,30,35,1954.0,0.8092706976392258,16.134083930399182,24589.0,0.9174562647122808,0.9622368318071535,12.018748220749115,157.54869342436143,1982.581792534096,0.07946642807759567,295529.0,31526.0,0.10667650213684612,Dorota_to_analzye_size_spaces_Fulv_E2P4_TNF_2,E2P4_TNF_FULV
701,31,34,2060.0,0.8729472671016534,8.25,22157.0,0.9723082669529719,0.8843344641788067,5.841269124881527,166.09534721299107,1786.4925282515744,0.0929728753892675,129424.99999999999,16995.0,0.13131157040757196,Dorota_to_analzye_size_spaces_Fulv_E2P4_TNF_2,E2P4_TNF_FULV
702,32,40,1332.0,0.6109722185997444,34.171171171171174,34574.0,0.7821548067145322,0.8304071094031464,24.0271591369237,107.39757402315733,2787.6604536611426,0.03852606004512061,830715.0,45516.00000000001,0.05479135443563678,Dorota_to_analzye_size_spaces_Fulv_E2P4_TNF_2,E2P4_TNF_FULV
703,33,41,798.0,0.4454959073190811,19.7531328320802,13567.0,0.9444530546941978,0.92317637452368,16.814402594530847,64.34178984270237,1093.891056135267,0.058819193631606106,228121.0,15763.0,0.06909929379583642,Dorota_to_analzye_size_spaces_Fulv_E2P4_TNF_2,E2P4_TNF_FULV
704,34,41,1232.0,0.5392946713101678,19.961038961038962,13567.0,0.9444530546941978,0.92317637452368,16.814402594530847,99.33469309048786,1093.891056135267,0.09080857964177784,228121.0,24592.0,0.10780243817973795,Dorota_to_analzye_size_spaces_Fulv_E2P4_TNF_2,E2P4_TNF_FULV
705,35,44,2005.0,0.8737275702925088,30.232418952618453,20706.0,0.9698784174189994,0.9517811997242014,24.967255867864388,161.66076270002287,1669.5001259185403,0.09683183618274896,516972.0,60616.0,0.11725199817398234,Dorota_to_analzye_size_spaces_Fulv_E2P4_TNF_2,E2P4_TNF_FULV
706,36,40,770.0,0.7433918854660474,30.868831168831168,34574.0,0.7821548067145322,0.8304071094031464,24.0271591369237,62.08418318155491,2787.6604536611426,0.022271070746803956,830715.0,23769.0,0.02861270110687781,Dorota_to_analzye_size_spaces_Fulv_E2P4_TNF_2,E2P4_TNF_FULV
707,37,42,2095.0,0.7223478326436756,14.056324582338902,43126.0,0.9139644716866652,0.9170281534405035,9.445763576496777,168.9173555394254,3477.1980310230356,0.048578583685016,407358.0,29448.0,0.07229022137775618,Dorota_to_analzye_size_spaces_Fulv_E2P4_TNF_2,E2P4_TNF_FULV
708,38,46,2883.0,0.5021969157795511,31.181755116198403,22669.0,0.7588880719445437,0.9618550577053632,26.73338038731307,232.4528572888608,1827.774478626842,0.12717808460893731,606019.0,89897.0,0.14834023355703368,Dorota_to_analzye_size_spaces_Fulv_E2P4_TNF_2,E2P4_TNF_FULV
709,42,52,1568.0,0.5163003902836123,17.897321428571427,17520.0,0.9394340185878349,0.8394825107810254,17.268550228310502,126.42597302425727,1412.616739403691,0.08949771689497717,302545.0,28062.999999999996,0.09275644945380025,Dorota_to_analzye_size_spaces_Fulv_E2P4_TNF_2,E2P4_TNF_FULV
710,43,46,1297.0,0.8014133776845512,30.99614494988435,22669.0,0.7588880719445437,0.9618550577053632,26.73338038731307,104.57556569672302,1827.774478626842,0.057214698486920464,606019.0,40202.0,0.06633785409368353,Dorota_to_analzye_size_spaces_Fulv_E2P4_TNF_2,E2P4_TNF_FULV
711,44,47,1848.0,0.5133322747425283,24.398809523809526,54410.0,0.7739511092076561,0.9354583591224812,15.243999264841023,149.0020396357318,4387.013515465458,0.033964344789560744,829426.0,45089.0,0.05436169109721663,Dorota_to_analzye_size_spaces_Fulv_E2P4_TNF_2,E2P4_TNF_FULV
712,45,47,815.0,0.7912514823212337,24.457668711656442,54410.0,0.7739511092076561,0.9354583591224812,15.243999264841023,65.71247960125618,4387.013515465458,0.014978864179378791,829426.0,19933.0,0.024032282566497795,Dorota_to_analzye_size_spaces_Fulv_E2P4_TNF_2,E2P4_TNF_FULV
713,46,52,854.0,0.7189742063539392,19.765807962529273,17520.0,0.9394340185878349,0.8394825107810254,17.268550228310502,68.85700316499727,1412.616739403691,0.04874429223744292,302545.0,16880.0,0.05579335305491745,Dorota_to_analzye_size_spaces_Fulv_E2P4_TNF_2,E2P4_TNF_FULV
714,47,53,4439.0,0.7279631940530489,13.273710295111512,55650.0,0.5655413028317274,0.8729137909398921,9.744061096136567,357.91128460119774,4486.993239030559,0.07976639712488769,542257.0,58922.0,0.1086606535277553,Dorota_to_analzye_size_spaces_Fulv_E2P4_TNF_2,E2P4_TNF_FULV
715,50,49,2104.0,0.8385173619282335,24.76663498098859,31580.0,0.9360237310496213,0.8873528337407626,17.63698543381887,169.64301482336563,2546.2577985370185,0.06662444585180494,556976.0,52109.0,0.0935569934790727,Dorota_to_analzye_size_spaces_Fulv_E2P4_TNF_2,E2P4_TNF_FULV
716,51,56,1071.0,0.39267921841447584,21.367880485527543,32393.0,0.8272983550194039,0.9300315819695665,13.638533016392431,86.35345478889002,2611.8090205196213,0.03306269873120736,441793.0,22885.0,0.051800277505528604,Dorota_to_analzye_size_spaces_Fulv_E2P4_TNF_2,E2P4_TNF_FULV
717,52,54,1857.0,0.7727905386929965,17.373721055465804,31808.0,0.9228443436096015,0.964755838641189,12.918416750503019,149.72769891967204,2564.641167063505,0.05838153923541248,410909.0,32263.0,0.07851616781331146,Dorota_to_analzye_size_spaces_Fulv_E2P4_TNF_2,E2P4_TNF_FULV
718,53,56,1011.0,0.5405824680949293,20.041543026706233,32393.0,0.8272983550194039,0.9300315819695665,13.638533016392431,81.51572622928833,2611.8090205196213,0.031210446701447844,441793.0,20262.0,0.04586310783557005,Dorota_to_analzye_size_spaces_Fulv_E2P4_TNF_2,E2P4_TNF_FULV
719,54,63,2328.0,0.7980801202237398,17.59192439862543,35202.0,0.643044683273195,0.93247860983815,14.044599738651213,187.70386811254525,2838.295345918307,0.06613260610192603,494398.0,40954.0,0.08283609561527353,Dorota_to_analzye_size_spaces_Fulv_E2P4_TNF_2,E2P4_TNF_FULV
720,55,64,2385.0,0.6836909103169148,24.7916142557652,37483.0,0.9085733232994352,0.9174642026679721,21.413307366005924,192.29971024416685,3022.209659992497,0.06362884507643465,802635.0,59128.0,0.07366735813912924,Dorota_to_analzye_size_spaces_Fulv_E2P4_TNF_2,E2P4_TNF_FULV
721,57,58,2051.0,0.8398815961124085,18.606045831301802,34182.0,0.9078997889664393,0.8126575055869907,16.791235153004504,165.36968792905083,2756.053960405078,0.06000234041308291,573958.0,38161.0,0.0664874433320905,Dorota_to_analzye_size_spaces_Fulv_E2P4_TNF_2,E2P4_TNF_FULV
722,58,59,2060.0,0.7815927014513331,23.31116504854369,26933.0,0.9426568200695644,0.9373216398691445,17.65926558497011,166.09534721299107,2171.5757215958683,0.07648609512493966,475617.0,48021.0,0.1009656929840607,Dorota_to_analzye_size_spaces_Fulv_E2P4_TNF_2,E2P4_TNF_FULV
723,61,65,2222.0,0.7880048711021026,22.60981098109811,35528.0,0.782396979443987,0.8689952059485373,15.900613600540419,179.1572143239156,2864.580337758809,0.06254222022067102,564917.0,50239.0,0.08893164836604316,Dorota_to_analzye_size_spaces_Fulv_E2P4_TNF_2,E2P4_TNF_FULV
724,62,67,2077.0,0.7935372323221125,10.543572460279249,32708.0,0.9419566495576424,0.8966500356379188,8.818912804206922,167.4660369715449,2637.20709545753,0.06350128408951938,288449.0,21899.0,0.07591983331542144,Dorota_to_analzye_size_spaces_Fulv_E2P4_TNF_2,E2P4_TNF_FULV
725,64,70,2367.0,0.8086701431969147,15.747782002534855,17652.0,0.9430621571017688,0.8758559094968741,12.931339225016995,190.84839167628635,1423.2597422348147,0.1340924541128484,228264.0,37275.0,0.16329776048785616,Dorota_to_analzye_size_spaces_Fulv_E2P4_TNF_2,E2P4_TNF_FULV
726,66,79,1315.0,0.6039338685623451,15.53764258555133,22945.0,0.9509926351154826,0.897621469368594,14.52726084114186,106.02688426460352,1850.0280300010097,0.05731096099368054,333328.0,20432.0,0.06129698075169203,Dorota_to_analzye_size_spaces_Fulv_E2P4_TNF_2,E2P4_TNF_FULV
727,67,79,827.0,0.31811951093884705,13.92261185006046,22945.0,0.9509926351154826,0.897621469368594,14.52726084114186,66.68002531317651,1850.0280300010097,0.03604271083024624,333328.0,11514.0,0.03454255268084289,Dorota_to_analzye_size_spaces_Fulv_E2P4_TNF_2,E2P4_TNF_FULV
728,68,75,1242.0,0.5092323934469682,17.367954911433173,23210.0,0.9405941331403451,0.8887952822240943,15.17664799655321,100.14098118375482,1871.3946644725838,0.05351141749246015,352250.0,21571.0,0.06123775727466288,Dorota_to_analzye_size_spaces_Fulv_E2P4_TNF_2,E2P4_TNF_FULV
729,69,77,2207.0,0.7247653983434625,19.288627095604895,33960.0,0.8748519840666081,0.9010108513968852,15.318639575971732,177.94778218401518,2738.154364734552,0.06498822143698468,520221.0,42570.0,0.08183060660757639,Dorota_to_analzye_size_spaces_Fulv_E2P4_TNF_2,E2P4_TNF_FULV
730,70,71,2003.0,0.8455129728229743,28.202695956065902,31820.0,0.92917567636633,0.9448304531147931,16.06313639220616,161.49950508136948,2565.6087127754254,0.06294783155248272,511129.00000000006,56490.0,0.11052004484190878,Dorota_to_analzye_size_spaces_Fulv_E2P4_TNF_2,E2P4_TNF_FULV
731,71,78,2230.0,0.8402747838302336,10.243946188340807,20733.0,0.9251503328167106,0.918934491623083,7.375343655042686,179.80224479852916,1671.677103770361,0.10755799932474798,152913.0,22844.0,0.14939213801311857,Dorota_to_analzye_size_spaces_Fulv_E2P4_TNF_2,E2P4_TNF_FULV
732,72,75,924.0,0.7160620330592568,18.563852813852815,23210.0,0.9405941331403451,0.8887952822240943,15.17664799655321,74.5010198178659,1871.3946644725838,0.03981042654028436,352250.0,17153.0,0.04869552874378992,Dorota_to_analzye_size_spaces_Fulv_E2P4_TNF_2,E2P4_TNF_FULV
733,73,83,2519.0,0.7707703877899311,19.595474394601034,37211.0,0.9108671324754161,0.8335610761407675,16.362204724409448,203.10397069394395,3000.2786238556364,0.06769503641396361,608854.0,49361.00000000001,0.08107198113176559,Dorota_to_analzye_size_spaces_Fulv_E2P4_TNF_2,E2P4_TNF_FULV
734,74,72,1061.0,0.6226197703351091,19.211121583411874,41100.0,0.9047082527010719,0.9070645097217012,15.348248175182482,85.54716669562308,3313.844063327152,0.02581508515815085,630813.0,20382.999999999996,0.03231227003882291,Dorota_to_analzye_size_spaces_Fulv_E2P4_TNF_2,E2P4_TNF_FULV
735,75,72,1226.0,0.6474026222799383,17.87030995106036,41100.0,0.9047082527010719,0.9070645097217012,15.348248175182482,98.85092023452769,3313.844063327152,0.029829683698296836,630813.0,21909.0,0.03473137046953693,Dorota_to_analzye_size_spaces_Fulv_E2P4_TNF_2,E2P4_TNF_FULV
736,77,84,1838.0,0.8637777974660585,19.54842219804135,24103.0,0.862674998526983,0.9304740580605312,16.096958884786126,148.19575154246485,1943.3961912013222,0.07625606770941376,387985.0,35930.0,0.0926066729383868,Dorota_to_analzye_size_spaces_Fulv_E2P4_TNF_2,E2P4_TNF_FULV
737,79,92,4622.0,0.7835585467436053,14.797273907399394,6061.0,0.7403028523005358,0.9790017767727346,17.05147665401749,372.66635670798286,488.69121332909657,0.7625804322719023,103349.0,68393.0,0.6617674094572759,Dorota_to_analzye_size_spaces_Fulv_E2P4_TNF_2,E2P4_TNF_FULV
738,80,85,2172.0,0.790952864270361,9.158839779005525,25666.0,0.889930323369394,0.9306018854242204,6.825917556300164,175.12577385758087,2069.419020178946,0.0846255746902517,175194.0,19893.0,0.11354840919209562,Dorota_to_analzye_size_spaces_Fulv_E2P4_TNF_2,E2P4_TNF_FULV
739,81,89,2052.0,0.8262136326246053,20.739766081871345,30798.0,0.9570643025519845,0.892178447276941,16.551789077212806,165.45031673837752,2483.2060696435433,0.06662770309760374,509762.0,42558.0,0.08348601896571341,Dorota_to_analzye_size_spaces_Fulv_E2P4_TNF_2,E2P4_TNF_FULV
740,82,88,1998.0,0.7605141867477494,17.37037037037037,23348.0,0.9429663294216001,0.9038401982037783,13.3358745931129,161.096361034736,1882.5214401596677,0.08557478156587288,311366.0,34706.0,0.11146367939980602,Dorota_to_analzye_size_spaces_Fulv_E2P4_TNF_2,E2P4_TNF_FULV
741,83,90,2219.0,0.6672915562493891,17.51599819738621,27311.0,0.6017780198935492,0.9701264563796533,14.28336567683351,178.91532789593552,2202.0534115213586,0.08124931346343964,390093.0,38868.0,0.09963777868354469,Dorota_to_analzye_size_spaces_Fulv_E2P4_TNF_2,E2P4_TNF_FULV
742,84,93,1921.0,0.834607372230757,18.340447683498176,24077.0,0.9474174214520977,0.8903228192138446,15.518960003322674,154.8879427165805,1941.2998421588281,0.07978568758566267,373650.0,35232.0,0.09429144921718186,Dorota_to_analzye_size_spaces_Fulv_E2P4_TNF_2,E2P4_TNF_FULV
743,86,96,1858.0,0.8025529124193866,20.01614639397201,16868.0,0.970602895416334,0.8466596396125081,21.588095802703343,149.80832772899873,1360.0467557226862,0.110149395304719,364148.0,37190.0,0.10212880477168623,Dorota_to_analzye_size_spaces_Fulv_E2P4_TNF_2,E2P4_TNF_FULV
744,87,99,1981.0,0.8508874989991877,16.952044422009088,9008.0,0.9365559296345679,0.9444327951352485,16.729684724689164,159.7256712761822,726.3043144148658,0.21991563055062166,150701.0,33582.0,0.22283860093828176,Dorota_to_analzye_size_spaces_Fulv_E2P4_TNF_2,E2P4_TNF_FULV
745,88,94,2330.0,0.8377495976486088,17.818884120171674,16472.0,0.8709542921705592,0.94292747152098,16.54959932005828,187.86512573119865,1328.117747229315,0.141452161243322,272605.0,41518.0,0.1523009482584692,Dorota_to_analzye_size_spaces_Fulv_E2P4_TNF_2,E2P4_TNF_FULV
746,89,95,2244.0,0.7247478113506491,30.598484848484848,37843.0,0.9326199991201708,0.9597514582804971,17.74108818011257,180.9310481291029,3051.236031350107,0.059297624395528895,671376.0,68663.0,0.10227205023712495,Dorota_to_analzye_size_spaces_Fulv_E2P4_TNF_2,E2P4_TNF_FULV
747,90,102,1093.0,0.5728986506856456,22.08783165599268,21048.0,0.8905303361880111,0.8466272474960782,20.745866590649943,88.1272885940773,1697.07517870827,0.05192892436335994,436659.0,24142.0,0.05528799360599461,Dorota_to_analzye_size_spaces_Fulv_E2P4_TNF_2,E2P4_TNF_FULV
748,91,102,992.0,0.6383775406091072,23.629032258064516,21048.0,0.8905303361880111,0.8466272474960782,20.745866590649943,79.98377885208114,1697.07517870827,0.04713036868110984,436659.0,23440.0,0.0536803317920849,Dorota_to_analzye_size_spaces_Fulv_E2P4_TNF_2,E2P4_TNF_FULV
749,92,100,2578.0,0.5957521947094256,27.47478665632273,27324.0,0.8526297841493413,0.9442582161246846,31.653454838237447,207.8610704442189,2203.101586042606,0.09434929000146391,864899.0,70830.0,0.0818939552479538,Dorota_to_analzye_size_spaces_Fulv_E2P4_TNF_2,E2P4_TNF_FULV
750,93,101,1849.0,0.8117007904546637,21.95024337479719,18527.0,0.951200396459356,0.9141461489120245,16.99843471689966,149.0826684450585,1493.8099503956726,0.09980029146650835,314930.0,40586.0,0.12887308290731272,Dorota_to_analzye_size_spaces_Fulv_E2P4_TNF_2,E2P4_TNF_FULV
751,94,105,292.0,0.4580736026744799,20.113013698630137,18590.0,0.9351674468364476,0.9394107837687604,19.022861753630984,23.54361232339485,1498.8895653832544,0.0157073695535234,353635.0,5873.0,0.01660751905213002,Dorota_to_analzye_size_spaces_Fulv_E2P4_TNF_2,E2P4_TNF_FULV
752,95,104,2194.0,0.8109893527301839,18.59799453053783,35036.0,0.9098815973796824,0.9124433564248138,18.403727594474255,176.89960766276815,2824.910963570075,0.06262130380180386,644793.0,40803.99999999999,0.06328232471506358,Dorota_to_analzye_size_spaces_Fulv_E2P4_TNF_2,E2P4_TNF_FULV
753,96,105,1453.0,0.5966183362647396,18.36682725395733,18590.0,0.9351674468364476,0.9394107837687604,19.022861753630984,117.15365995168739,1498.8895653832544,0.07816030123722431,353635.0,26687.0,0.07546481541702603,Dorota_to_analzye_size_spaces_Fulv_E2P4_TNF_2,E2P4_TNF_FULV
754,98,105,441.0,0.7032736062539067,16.160997732426303,18590.0,0.9351674468364476,0.9394107837687604,19.022861753630984,35.55730491307236,1498.8895653832544,0.023722431414739106,353635.0,7126.999999999999,0.020153548149928598,Dorota_to_analzye_size_spaces_Fulv_E2P4_TNF_2,E2P4_TNF_FULV
755,99,103,1321.0,0.675126664433029,19.494322482967448,45621.0,0.8781308997656759,0.9278973274213888,13.008307577650644,106.51065712056369,3678.3669102931385,0.028955963262532605,593452.0,25752.0,0.04339356847731577,Dorota_to_analzye_size_spaces_Fulv_E2P4_TNF_2,E2P4_TNF_FULV
756,100,107,1835.0,0.8956930916225018,21.51008174386921,12954.0,0.9383352035231233,0.9567914912475072,24.743090937162265,147.95386511448476,1044.465596018003,0.14165508723174308,320522.0,39471.0,0.12314599309875765,Dorota_to_analzye_size_spaces_Fulv_E2P4_TNF_2,E2P4_TNF_FULV
757,101,106,2034.0,0.7413468476888874,17.025073746312685,17400.0,0.94061725191552,0.7671281192134732,19.69528735632184,163.998998170497,1402.9412822844877,0.11689655172413793,342698.0,34629.0,0.10104815318443644,Dorota_to_analzye_size_spaces_Fulv_E2P4_TNF_2,E2P4_TNF_FULV
758,102,103,844.0,0.7975521221245054,22.832938388625593,45621.0,0.8781308997656759,0.9278973274213888,13.008307577650644,68.05071507173032,3678.3669102931385,0.018500252076894413,593452.0,19271.0,0.03247271893935819,Dorota_to_analzye_size_spaces_Fulv_E2P4_TNF_2,E2P4_TNF_FULV
759,103,108,3593.0,0.755231141782338,21.747843028110214,44041.0,0.7113893451868366,0.9413889660774213,16.840012715424265,289.69931191081406,3550.973391556961,0.0815830703208374,741651.0000000001,78140.0,0.10535952894285855,Dorota_to_analzye_size_spaces_Fulv_E2P4_TNF_2,E2P4_TNF_FULV
760,104,109,853.0,0.7416217829073684,18.191090269636575,33573.0,0.8461821694595882,0.9535887749595251,16.5136865933935,68.77637435567057,2706.951015525121,0.02540732135942573,554414.0,15516.999999999998,0.027988109968362988,Dorota_to_analzye_size_spaces_Fulv_E2P4_TNF_2,E2P4_TNF_FULV
761,105,110,3136.0,0.5350852182462019,25.693239795918366,51304.0,0.8326542382451042,0.9466206616602395,27.124103383751756,252.85194604851455,4136.580433696745,0.061125838141275535,1391575.0,80574.0,0.0579012988879507,Dorota_to_analzye_size_spaces_Fulv_E2P4_TNF_2,E2P4_TNF_FULV
762,106,110,934.0,0.674530139872755,20.097430406852247,51304.0,0.8326542382451042,0.9466206616602395,27.124103383751756,75.30730791113284,4136.580433696745,0.018205208170902855,1391575.0,18771.0,0.013489032211702567,Dorota_to_analzye_size_spaces_Fulv_E2P4_TNF_2,E2P4_TNF_FULV
763,107,109,1537.0,0.6263220168333481,19.743656473649967,33573.0,0.8461821694595882,0.9535887749595251,16.5136865933935,123.92647993512975,2706.951015525121,0.045780835790665116,554414.0,30346.0,0.05473527003286353,Dorota_to_analzye_size_spaces_Fulv_E2P4_TNF_2,E2P4_TNF_FULV
764,108,112,1592.0,0.59864302210171,15.284547738693467,44665.0,0.8505606325564787,0.9183148978165221,11.396462554572931,128.36106444809795,3601.2857685768186,0.03564312101197806,509023.0,24333.0,0.047803340909939235,Dorota_to_analzye_size_spaces_Fulv_E2P4_TNF_2,E2P4_TNF_FULV
765,109,111,2148.0,0.8036589565277571,15.492551210428305,36192.0,0.8980927756858609,0.912211720226843,9.161472148541113,173.1906824337402,2918.1178671517346,0.05935013262599469,331572.0,33278.0,0.10036432509379561,Dorota_to_analzye_size_spaces_Fulv_E2P4_TNF_2,E2P4_TNF_FULV
766,110,112,2156.0,0.46460431311541456,15.196196660482375,44665.0,0.8505606325564787,0.9183148978165221,11.396462554572931,173.83571290835377,3601.2857685768186,0.04827045785290496,509023.0,32763.0,0.06436447861884434,Dorota_to_analzye_size_spaces_Fulv_E2P4_TNF_2,E2P4_TNF_FULV
767,111,113,2123.0,0.7886639738787495,13.340555817239755,24714.0,0.9433590884811748,0.9187702145061155,12.718135469774216,171.17496220057285,1992.6603936999327,0.08590272719915837,314316.0,28322.0,0.09010677152928899,Dorota_to_analzye_size_spaces_Fulv_E2P4_TNF_2,E2P4_TNF_FULV
768,112,116,1816.0,0.7480471335379142,19.751651982378856,26986.0,0.827438135663209,0.9618962751737659,13.292707329726525,146.42191773727757,2175.849048490183,0.06729415252353071,358717.0,35869.0,0.09999247317523284,Dorota_to_analzye_size_spaces_Fulv_E2P4_TNF_2,E2P4_TNF_FULV
769,113,120,1954.0,0.8086446200984658,14.92835209825998,15780.0,0.8413227034976813,0.9105597230236584,16.00069708491762,157.54869342436143,1272.3226111752422,0.1238276299112801,252491.00000000003,29170.0,0.11552887033597235,Dorota_to_analzye_size_spaces_Fulv_E2P4_TNF_2,E2P4_TNF_FULV
770,119,128,2250.0,0.6062618391571578,13.261777777777779,12080.0,0.40327483165180017,0.980599074600211,16.408692052980133,181.41482098506307,973.9960166664719,0.18625827814569537,198217.0,29839.0,0.1505370376910154,Dorota_to_analzye_size_spaces_Fulv_E2P4_TNF_2,E2P4_TNF_FULV
771,121,128,1598.0,0.7288955903014627,12.127659574468085,12080.0,0.40327483165180017,0.980599074600211,16.408692052980133,128.84483730405813,973.9960166664719,0.13228476821192053,198217.0,19380.0,0.09777163411816343,Dorota_to_analzye_size_spaces_Fulv_E2P4_TNF_2,E2P4_TNF_FULV
772,3,11,1806.0,0.6920956913609486,20.08859357696567,4856.0,0.4801998389075158,0.9515970997452479,14.557042833607907,145.61562964401062,391.5334980904294,0.37191103789126856,70689.0,36280.0,0.5132340250958424,Dorota_to_analzye_size_spaces_Fulv_E2P4_TNF_3,E2P4_TNF_FULV
773,13,17,620.0,0.6937526539775652,18.83225806451613,6339.0,0.881901208293692,0.9591466182478439,15.227007414418678,49.98986178255071,511.1060223219177,0.09780722511437136,96524.0,11676.0,0.12096473415938006,Dorota_to_analzye_size_spaces_Fulv_E2P4_TNF_3,E2P4_TNF_FULV
774,14,17,1177.0,0.6116166898158141,18.879354290569243,6339.0,0.881901208293692,0.9591466182478439,15.227007414418678,94.90010857751966,511.1060223219177,0.18567597412841141,96524.0,22221.0,0.2302121752103104,Dorota_to_analzye_size_spaces_Fulv_E2P4_TNF_3,E2P4_TNF_FULV
775,15,14,1655.0,0.8432608378986727,17.727492447129908,22477.0,0.9779031731337902,0.8173751772791737,11.402544823597456,133.44067943567973,1812.2937472361166,0.07363082261867687,256295.0,29338.999999999996,0.11447355586336057,Dorota_to_analzye_size_spaces_Fulv_E2P4_TNF_3,E2P4_TNF_FULV
776,16,16,2108.0,0.7330828739050061,22.62618595825427,44633.0,0.8544327522811384,0.9268034386810083,12.167230524499809,169.96553006067242,3598.7056466783642,0.04722962830192907,543060.0,47696.0,0.08782823260781497,Dorota_to_analzye_size_spaces_Fulv_E2P4_TNF_3,E2P4_TNF_FULV
777,17,14,93.0,0.42352575484793564,19.451612903225808,22477.0,0.9779031731337902,0.8173751772791737,11.402544823597456,7.498479267382606,1812.2937472361166,0.004137562842016283,256295.0,1809.0000000000002,0.007058272693575763,Dorota_to_analzye_size_spaces_Fulv_E2P4_TNF_3,E2P4_TNF_FULV
778,18,15,2101.0,0.8083304002304446,31.921941932413137,35142.0,0.7176232379894955,0.9103201740752254,19.956633088611916,169.40112839538554,2833.4576173587047,0.0597860110409197,701316.0,67068.0,0.09563164108618655,Dorota_to_analzye_size_spaces_Fulv_E2P4_TNF_3,E2P4_TNF_FULV
779,21,21,2067.0,0.7531391305757229,21.619738751814225,33556.0,0.9089999879303579,0.8850089671906319,11.764095839790201,166.65974887827792,2705.580325766567,0.06159852187388246,394756.0,44688.0,0.11320410582739718,Dorota_to_analzye_size_spaces_Fulv_E2P4_TNF_3,E2P4_TNF_FULV
780,22,20,1743.0,0.8493681987589486,35.23866896156053,17901.0,0.972425036337168,0.7808846623625895,23.4841628959276,140.53601465642885,1443.3363157571616,0.09736886207474443,420389.99999999994,61421.0,0.14610480744070983,Dorota_to_analzye_size_spaces_Fulv_E2P4_TNF_3,E2P4_TNF_FULV
781,23,19,2169.0,0.7897506459217729,15.554172429691102,37650.0,0.9540384610042423,0.8672117931590464,11.957981407702523,174.8838874296008,3035.6746711500555,0.05760956175298805,450218.0,33737.0,0.07493480935902162,Dorota_to_analzye_size_spaces_Fulv_E2P4_TNF_3,E2P4_TNF_FULV
782,24,24,624.0,0.5266615525060757,9.72275641025641,12301.0,0.9642365957424799,0.9396531968527997,10.923827331111292,50.31237701985749,991.8149835276714,0.05072758312332331,134374.0,6067.0,0.04515010344263027,Dorota_to_analzye_size_spaces_Fulv_E2P4_TNF_3,E2P4_TNF_FULV
783,25,24,1102.0,0.7440970889158809,12.047186932849364,12301.0,0.9642365957424799,0.9396531968527997,10.923827331111292,88.85294787801756,991.8149835276714,0.08958621250304853,134374.0,13275.999999999998,0.09879887478232395,Dorota_to_analzye_size_spaces_Fulv_E2P4_TNF_3,E2P4_TNF_FULV
784,26,25,1926.0,0.7956309031481336,12.98753894080997,33429.0,0.9135348638431556,0.9494986792399239,8.996859014628017,155.29108676321397,2695.340466982077,0.057614645966077356,300756.0,25014.0,0.08317041056537526,Dorota_to_analzye_size_spaces_Fulv_E2P4_TNF_3,E2P4_TNF_FULV
785,27,27,629.0,0.826969033954515,13.29093799682035,25970.0,0.8111106674376408,0.8683876145255133,10.327724297266077,50.715521066490965,2093.930178214261,0.024220254139391606,268211.0,8360.0,0.031169489692816476,Dorota_to_analzye_size_spaces_Fulv_E2P4_TNF_3,E2P4_TNF_FULV
786,30,27,1560.0,0.48887092471469473,17.15448717948718,25970.0,0.8111106674376408,0.8683876145255133,10.327724297266077,125.78094254964373,2093.930178214261,0.06006931074316519,268211.0,26761.0,0.09977592268773465,Dorota_to_analzye_size_spaces_Fulv_E2P4_TNF_3,E2P4_TNF_FULV
787,31,32,1834.0,0.8279851321374586,14.867502726281351,23954.0,0.8714754035773024,0.9640212491951062,13.424605493863238,147.87323630515806,1931.3824986116447,0.07656341320864991,321573.0,27267.0,0.08479256654010131,Dorota_to_analzye_size_spaces_Fulv_E2P4_TNF_3,E2P4_TNF_FULV
788,32,30,1747.0,0.8539204094738325,34.5626788780767,25256.0,0.9741983750209536,0.8039727510027377,17.719749762432688,140.85852989373564,2036.3612083550013,0.06917168197656003,447529.99999999994,60381.0,0.13492056398453736,Dorota_to_analzye_size_spaces_Fulv_E2P4_TNF_3,E2P4_TNF_FULV
789,34,34,3923.0,0.7783457993545737,7.848075452459852,42767.0,0.38153856366427275,0.9605597107113177,6.598568990109197,316.30681898862326,3448.252288474752,0.09172960460167887,282201.0,30788.0,0.10909954252465441,Dorota_to_analzye_size_spaces_Fulv_E2P4_TNF_3,E2P4_TNF_FULV
790,36,36,2183.0,0.7089898889901343,36.75217590471828,21620.0,0.9705631255892258,0.9013215491724684,25.793246993524516,176.0126907601745,1743.1948576431394,0.10097132284921369,557650.0,80230.0,0.14387160405272123,Dorota_to_analzye_size_spaces_Fulv_E2P4_TNF_3,E2P4_TNF_FULV
791,37,37,2138.0,0.8104963681014403,27.58840037418148,38167.0,0.8964773785595641,0.8777655121659538,19.061414310792046,172.38439434047325,3077.3597655719564,0.05601697801765924,727517.0,58984.0,0.08107576867619588,Dorota_to_analzye_size_spaces_Fulv_E2P4_TNF_3,E2P4_TNF_FULV
792,38,38,1875.0,0.8441309769247772,20.08053333333333,41700.0,0.8935136629835908,0.8763449899125757,15.079424460431655,151.17901748755256,3362.221348923169,0.044964028776978415,628812.0,37651.0,0.059876401849837474,Dorota_to_analzye_size_spaces_Fulv_E2P4_TNF_3,E2P4_TNF_FULV
793,39,39,1549.0,0.8064619605601093,14.625564880568108,14867.0,0.9239705657415694,0.8722717671908002,12.936907244232192,124.89402564705009,1198.7085082599701,0.10419048900248873,192333.0,22655.0,0.11779049877036182,Dorota_to_analzye_size_spaces_Fulv_E2P4_TNF_3,E2P4_TNF_FULV
794,40,33,2183.0,0.8088797586179609,30.541456710948236,29259.0,0.9480984148656859,0.8748654467168999,19.363990567005025,176.0126907601745,2359.11833208976,0.07460952185652278,566571.0,66672.0,0.11767633712279661,Dorota_to_analzye_size_spaces_Fulv_E2P4_TNF_3,E2P4_TNF_FULV
795,43,40,2073.0,0.7535548096099165,13.43849493487699,26190.0,0.9125959737907455,0.974656693089204,11.669644902634593,167.1435217342381,2111.6685162661342,0.07915234822451317,305628.0,27858.0,0.09115002552122188,Dorota_to_analzye_size_spaces_Fulv_E2P4_TNF_3,E2P4_TNF_FULV
796,44,44,1608.0,0.9021158510329201,12.130597014925373,13856.0,0.9722378245010578,0.9369759264268326,10.577078521939955,129.65112539732507,1117.1927820306817,0.11605080831408776,146556.0,19506.0,0.13309588143781217,Dorota_to_analzye_size_spaces_Fulv_E2P4_TNF_3,E2P4_TNF_FULV
797,46,43,821.0,0.5458720990501436,22.22655298416565,25826.0,0.9699616662742081,0.8669061125843376,16.489739022690312,66.19625245721635,2082.319629671217,0.03178966932548594,425864.0,18248.0,0.0428493603591757,Dorota_to_analzye_size_spaces_Fulv_E2P4_TNF_3,E2P4_TNF_FULV
798,47,43,1136.0,0.548467701877507,20.365316901408452,25826.0,0.9699616662742081,0.8669061125843376,16.489739022690312,91.59432739512518,2082.319629671217,0.043986680089831955,425864.0,23135.0,0.05432485488324911,Dorota_to_analzye_size_spaces_Fulv_E2P4_TNF_3,E2P4_TNF_FULV
799,48,46,1819.0,0.8638870745433463,14.798790544255086,16234.0,0.9614460199166307,0.8884632224168126,10.281754342737464,146.66380416525766,1308.9280906095617,0.11204878649747443,166914.0,26919.0,0.1612746683921061,Dorota_to_analzye_size_spaces_Fulv_E2P4_TNF_3,E2P4_TNF_FULV
800,49,49,2109.0,0.8653203919312549,27.730203888098625,26129.0,0.9749852805678179,0.8374679487179487,19.673581078495157,170.04615886999912,2106.750158897206,0.08071491446285736,514050.99999999994,58483.0,0.11376886729137772,Dorota_to_analzye_size_spaces_Fulv_E2P4_TNF_3,E2P4_TNF_FULV
801,50,47,1874.0,0.9050742785128937,21.176627534685167,17511.0,0.9632668527311399,0.9362168520102652,15.565987093826738,151.09838867822586,1411.8910801197508,0.10701844554851236,272576.0,39685.0,0.14559242193003052,Dorota_to_analzye_size_spaces_Fulv_E2P4_TNF_3,E2P4_TNF_FULV
802,51,48,799.0,0.7304965454421245,15.528160200250312,24391.0,0.9651999257212887,0.846292633843378,13.610307080480505,64.42241865202907,1966.6172882874102,0.03275798450248042,331969.0,12407.0,0.03737397166602906,Dorota_to_analzye_size_spaces_Fulv_E2P4_TNF_3,E2P4_TNF_FULV
803,52,45,659.0,0.582035120547151,24.948406676783005,20799.0,0.9755366321743579,0.8920866395024662,17.798115294004518,53.1343853462918,1676.998605185923,0.03168421558728785,370182.99999999994,16441.0,0.04441316862200588,Dorota_to_analzye_size_spaces_Fulv_E2P4_TNF_3,E2P4_TNF_FULV
804,53,48,1284.0,0.5896336578824254,19.281931464174455,24391.0,0.9651999257212887,0.846292633843378,13.610307080480505,103.52739117547598,1966.6172882874102,0.052642368086589314,331969.0,24758.0,0.07457925288204621,Dorota_to_analzye_size_spaces_Fulv_E2P4_TNF_3,E2P4_TNF_FULV
805,54,45,1182.0,0.7477931649769463,26.058375634517766,20799.0,0.9755366321743579,0.8920866395024662,17.798115294004518,95.30325262415313,1676.998605185923,0.056829655271888074,370182.99999999994,30801.0,0.08320479330493298,Dorota_to_analzye_size_spaces_Fulv_E2P4_TNF_3,E2P4_TNF_FULV
806,55,50,1669.0,0.5891777185415269,25.313361294188137,43458.0,0.9146986636275604,0.961907080723345,19.941069538404896,134.56948276625346,3503.966795719498,0.03840489668185374,866599.0,42248.0,0.04875149867470422,Dorota_to_analzye_size_spaces_Fulv_E2P4_TNF_3,E2P4_TNF_FULV
807,56,50,865.0,0.7161165690794661,25.608092485549133,43458.0,0.9146986636275604,0.961907080723345,19.941069538404896,69.7439200675909,3503.966795719498,0.01990427539233283,866599.0,22151.0,0.025560841865730287,Dorota_to_analzye_size_spaces_Fulv_E2P4_TNF_3,E2P4_TNF_FULV
808,58,57,1262.0,0.6091268865389657,21.061014263074483,28787.0,0.6588075649223413,0.806810538116592,16.69048528849828,101.7535573702887,2321.06153408756,0.04383923298711224,480469.0,26578.999999999996,0.05531886552514313,Dorota_to_analzye_size_spaces_Fulv_E2P4_TNF_3,E2P4_TNF_FULV
809,61,57,978.0,0.7232014904900733,23.83844580777096,28787.0,0.6588075649223413,0.806810538116592,16.69048528849828,78.85497552150741,2321.06153408756,0.033973668669885715,480469.0,23314.0,0.04852342190651218,Dorota_to_analzye_size_spaces_Fulv_E2P4_TNF_3,E2P4_TNF_FULV
810,62,55,1219.0,0.723037240461297,19.744052502050863,35853.0,0.8877658710759285,0.9065692323252756,12.97495328145483,98.28651856924083,2890.784700789985,0.033999944216662484,465191.00000000006,24068.000000000004,0.05173788830824328,Dorota_to_analzye_size_spaces_Fulv_E2P4_TNF_3,E2P4_TNF_FULV
811,63,55,911.0,0.659938183811644,15.968166849615807,35853.0,0.8877658710759285,0.9065692323252756,12.97495328145483,73.45284529661886,2890.784700789985,0.0254093102390316,465191.00000000006,14547.0,0.031271026309623355,Dorota_to_analzye_size_spaces_Fulv_E2P4_TNF_3,E2P4_TNF_FULV
812,65,58,689.0,0.46122445210647145,30.432510885341074,18071.0,0.9763714096184899,0.8898901856502683,14.20004426982458,55.553249626092644,1457.0432133426998,0.03812738642023131,256609.0,20968.0,0.08171186513333516,Dorota_to_analzye_size_spaces_Fulv_E2P4_TNF_3,E2P4_TNF_FULV
813,66,58,852.0,0.5609595502632166,23.511737089201876,18071.0,0.9763714096184899,0.8898901856502683,14.20004426982458,68.69574554634389,1457.0432133426998,0.047147363178573404,256609.0,20032.0,0.07806429236698635,Dorota_to_analzye_size_spaces_Fulv_E2P4_TNF_3,E2P4_TNF_FULV
814,67,61,2848.0,0.7745553805955647,16.98314606741573,12187.0,0.7280172697880594,0.9306605574646811,16.677689341101175,229.63084896242648,982.6232992644283,0.23369163863132847,203251.00000000003,48368.0,0.23797176889658597,Dorota_to_analzye_size_spaces_Fulv_E2P4_TNF_3,E2P4_TNF_FULV
815,69,60,2236.0,0.8384121864043579,25.258497316636852,27460.0,0.9604730587537682,0.9334103810462626,19.70739257101238,180.28601765448934,2214.0671041110363,0.08142753095411508,541165.0,56478.0,0.10436373379653156,Dorota_to_analzye_size_spaces_Fulv_E2P4_TNF_3,E2P4_TNF_FULV
816,71,63,2108.0,0.8454949015452049,25.55550284629981,28270.0,0.9458525106648509,0.9171722415079648,17.304457021577644,169.96553006067242,2279.376439665659,0.07456667845772905,489197.0,53871.0,0.11012128038397619,Dorota_to_analzye_size_spaces_Fulv_E2P4_TNF_3,E2P4_TNF_FULV
817,72,67,1004.0,0.49381333956747436,16.925298804780876,23263.0,0.9548238278742522,0.9104892367906067,11.977045093066243,80.95132456400147,1875.6679913668986,0.0431586639728324,278622.0,16993.0,0.060989440891243335,Dorota_to_analzye_size_spaces_Fulv_E2P4_TNF_3,E2P4_TNF_FULV
818,74,64,1610.0,0.5668474719435233,24.42360248447205,22485.0,0.9671422276971051,0.8066657099806271,19.847631754503002,129.81238301597847,1812.9387777107302,0.07160329108294418,446274.0,39322.0,0.08811178782541668,Dorota_to_analzye_size_spaces_Fulv_E2P4_TNF_3,E2P4_TNF_FULV
819,75,67,1122.0,0.4623671858509423,18.88680926916221,23263.0,0.9548238278742522,0.9104892367906067,11.977045093066243,90.46552406455145,1875.6679913668986,0.048231096591153336,278622.0,21191.0,0.0760564492394714,Dorota_to_analzye_size_spaces_Fulv_E2P4_TNF_3,E2P4_TNF_FULV
820,76,64,1764.0,0.6681200087105647,25.957482993197278,22485.0,0.9671422276971051,0.8066657099806271,19.847631754503002,142.22921965228943,1812.9387777107302,0.07845230153435624,446274.0,45789.0,0.1026028852229796,Dorota_to_analzye_size_spaces_Fulv_E2P4_TNF_3,E2P4_TNF_FULV
821,78,62,2219.0,0.8372046365428916,25.298332582244253,34574.0,0.8845641924488704,0.8262002055105503,17.784288771909527,178.91532789593552,2787.6604536611426,0.06418117660669867,614874.0,56137.0,0.0912983798306645,Dorota_to_analzye_size_spaces_Fulv_E2P4_TNF_3,E2P4_TNF_FULV
822,79,69,1092.0,0.7289087379604888,16.507326007326007,11599.0,0.9833852938621835,0.9371414720853195,12.238555047848953,88.0466597847506,935.2135593803317,0.09414604707302354,141955.0,18026.0,0.12698390334965307,Dorota_to_analzye_size_spaces_Fulv_E2P4_TNF_3,E2P4_TNF_FULV
823,80,69,794.0,0.564246593856302,15.442065491183879,11599.0,0.9833852938621835,0.9371414720853195,12.238555047848953,64.0192746053956,935.2135593803317,0.0684541770842314,141955.0,12261.0,0.08637244197104717,Dorota_to_analzye_size_spaces_Fulv_E2P4_TNF_3,E2P4_TNF_FULV
824,81,73,2078.0,0.8118099070227104,17.124157844080848,25062.0,0.9577248896092625,0.8946560525470317,12.153658925863857,167.54666578087156,2020.7192193456224,0.08291437235655574,304595.0,35584.0,0.11682397938245867,Dorota_to_analzye_size_spaces_Fulv_E2P4_TNF_3,E2P4_TNF_FULV
825,82,68,2046.0,0.8037050227507624,34.33137829912023,24029.0,0.6745143176210281,0.9095003785011355,27.793124973989762,164.96654388241734,1937.429659311147,0.08514711390403262,667841.0,70242.0,0.10517772942960975,Dorota_to_analzye_size_spaces_Fulv_E2P4_TNF_3,E2P4_TNF_FULV
826,83,76,1990.0,0.7823426561110202,41.28592964824121,21575.0,0.5756219909128999,0.9612814115130993,31.15314020857474,160.45133056012244,1739.566561223438,0.09223638470451911,672129.0,82159.0,0.12223695153757687,Dorota_to_analzye_size_spaces_Fulv_E2P4_TNF_3,E2P4_TNF_FULV
827,84,70,1828.0,0.8682462449571716,15.106673960612692,20557.0,0.8907701908495924,0.93713530269876,12.563117186359877,147.3894634491979,1657.4864333288629,0.08892348105268279,258260.0,27615.0,0.10692712770076666,Dorota_to_analzye_size_spaces_Fulv_E2P4_TNF_3,E2P4_TNF_FULV
828,85,75,3101.0,0.8887151965489904,12.972267010641728,23562.0,0.7655607100128485,0.9109255393180237,9.098930481283423,250.02993772208026,1899.7760053555803,0.13161021984551396,214389.0,40227.0,0.18763555966024376,Dorota_to_analzye_size_spaces_Fulv_E2P4_TNF_3,E2P4_TNF_FULV
829,89,87,2107.0,0.8429939023698326,33.31276696725202,22496.0,0.9723097293253914,0.8473708000602682,21.399715504978662,169.88490125134572,1813.8256946133238,0.09366109530583215,481408.0,70190.0,0.1458014823185323,Dorota_to_analzye_size_spaces_Fulv_E2P4_TNF_3,E2P4_TNF_FULV
830,90,80,2079.0,0.7766483982545151,26.592111592111593,44698.0,0.8957591206607791,0.9137892262087294,15.347577072799679,167.62729459019826,3603.9465192845996,0.046512148194550094,686006.0,55285.0,0.08058967414279175,Dorota_to_analzye_size_spaces_Fulv_E2P4_TNF_3,E2P4_TNF_FULV
831,91,78,2141.0,0.7185124619131014,17.58056982718356,45235.0,0.8380065418029744,0.8970926542916071,10.911816071625953,172.62628076845334,3647.2441898930347,0.0473306068309937,493596.0,37640.0,0.07625669575928493,Dorota_to_analzye_size_spaces_Fulv_E2P4_TNF_3,E2P4_TNF_FULV
832,93,85,2060.0,0.8481909191968899,20.53495145631068,26336.0,0.9467253843227671,0.883966032289464,13.618962636695018,166.09534721299107,2123.4403224278317,0.07821992709599028,358669.0,42302.0,0.11794161190401177,Dorota_to_analzye_size_spaces_Fulv_E2P4_TNF_3,E2P4_TNF_FULV
833,94,84,1160.0,0.4150014304297394,27.018103448275863,28934.0,0.924092420396079,0.8465431990403464,21.463814197829542,93.52941881896585,2332.9139690585844,0.040091242137277945,621034.0,31341.0,0.050465836008978575,Dorota_to_analzye_size_spaces_Fulv_E2P4_TNF_3,E2P4_TNF_FULV
834,95,86,2094.0,0.7900944058791783,15.2225405921681,16500.0,0.6543684122397593,0.8397801302931596,12.716121212121212,168.8367267300987,1330.3753538904625,0.12690909090909092,209816.0,31876.0,0.15192359019331222,Dorota_to_analzye_size_spaces_Fulv_E2P4_TNF_3,E2P4_TNF_FULV
835,96,91,1852.0,0.8487385543609128,14.509179265658748,14186.0,0.9519337169754546,0.9279780205403284,14.117087269138587,149.32455487303858,1143.800289108491,0.1305512477090089,200265.0,26871.0,0.1341772151898734,Dorota_to_analzye_size_spaces_Fulv_E2P4_TNF_3,E2P4_TNF_FULV
836,97,90,1968.0,0.8269499667559904,10.713414634146341,15309.0,0.956034657929758,0.9611979657185911,9.638709255993207,158.67749675493516,1234.346441982369,0.12855183225553596,147559.0,21084.0,0.1428852187938384,Dorota_to_analzye_size_spaces_Fulv_E2P4_TNF_3,E2P4_TNF_FULV
837,98,84,913.0,0.6363293211254751,32.36254107338445,28934.0,0.924092420396079,0.8465431990403464,21.463814197829542,73.61410291527226,2332.9139690585844,0.03155457247528859,621034.0,29547.000000000004,0.04757710527926008,Dorota_to_analzye_size_spaces_Fulv_E2P4_TNF_3,E2P4_TNF_FULV
838,99,83,1969.0,0.8982169393500025,18.042153377348907,31581.0,0.8937966824486687,0.8748684137625353,10.978911370760901,158.75812556426186,2546.3384273463453,0.062347614071752,346725.0,35525.0,0.10245872088831207,Dorota_to_analzye_size_spaces_Fulv_E2P4_TNF_3,E2P4_TNF_FULV
839,100,89,1121.0,0.5392562076442076,18.975022301516503,21847.0,0.9563832362107348,0.8535984996483551,14.672769716665904,90.38489525522475,1761.497597360299,0.051311392868586075,320556.0,21271.0,0.06635658044148292,Dorota_to_analzye_size_spaces_Fulv_E2P4_TNF_3,E2P4_TNF_FULV
840,101,94,941.0,0.7691962337847112,25.561105207226355,25612.0,0.756180357441909,0.897564394603119,17.92562080274871,75.8717095764197,2065.0650644753046,0.036740590348274246,459111.0,24053.0,0.052390380539782316,Dorota_to_analzye_size_spaces_Fulv_E2P4_TNF_3,E2P4_TNF_FULV
841,102,89,857.0,0.5518201060402782,24.58343057176196,21847.0,0.9563832362107348,0.8535984996483551,14.672769716665904,69.09888959297736,1761.497597360299,0.03922735387009658,320556.0,21068.0,0.06572330575624852,Dorota_to_analzye_size_spaces_Fulv_E2P4_TNF_3,E2P4_TNF_FULV
842,103,94,1112.0,0.7743627653419305,21.975719424460433,25612.0,0.756180357441909,0.897564394603119,17.92562080274871,89.6592359712845,2065.0650644753046,0.04341714821177573,459111.0,24437.0,0.05322677958053717,Dorota_to_analzye_size_spaces_Fulv_E2P4_TNF_3,E2P4_TNF_FULV
843,105,98,1844.0,0.836291800463872,11.901301518438178,16131.0,0.9602172349078362,0.9658703071672355,8.486268675221623,148.67952439842503,1300.6233232489121,0.11431405368545038,136892.0,21946.0,0.16031616164567689,Dorota_to_analzye_size_spaces_Fulv_E2P4_TNF_3,E2P4_TNF_FULV
844,106,97,1502.0,0.535431482723619,24.687083888149136,43508.0,0.858690985850152,0.9610567471449714,18.469224050749286,121.10447160869543,3507.998236185833,0.03452238668750575,803559.0,37080.0,0.046144713704905305,Dorota_to_analzye_size_spaces_Fulv_E2P4_TNF_3,E2P4_TNF_FULV
845,109,100,2173.0,0.6678200294857066,30.84537505752416,32307.0,0.9193035140825127,0.8756945762068685,20.215309375677098,175.20640266690756,2604.8749429175255,0.06726096511591916,653096.0,67027.0,0.10262962872227054,Dorota_to_analzye_size_spaces_Fulv_E2P4_TNF_3,E2P4_TNF_FULV
846,110,97,656.0,0.8193800370474931,22.628048780487806,43508.0,0.858690985850152,0.9610567471449714,18.469224050749286,52.892498918311716,3507.998236185833,0.015077686862186265,803559.0,14844.0,0.018472819046267915,Dorota_to_analzye_size_spaces_Fulv_E2P4_TNF_3,E2P4_TNF_FULV
847,111,101,523.0,0.7306729730648226,12.72848948374761,17877.0,0.9360773918081776,0.7441618448986388,9.108463388711753,42.168867277861324,1441.4012243333211,0.029255467919673324,162832.0,6657.0,0.0408826274933674,Dorota_to_analzye_size_spaces_Fulv_E2P4_TNF_3,E2P4_TNF_FULV
848,113,106,2197.0,0.8299387495150781,10.375512061902594,32799.0,0.7481456964184448,0.9276259969455286,4.238909722857404,177.14149409074824,2644.5443171062593,0.06698374950455807,139032.0,22795.0,0.1639550607054491,Dorota_to_analzye_size_spaces_Fulv_E2P4_TNF_3,E2P4_TNF_FULV
849,114,101,1244.0,0.70769797938431,14.030546623794212,17877.0,0.9360773918081776,0.7441618448986388,9.108463388711753,100.3022388024082,1441.4012243333211,0.06958661967891705,162832.0,17454.0,0.10719023287805837,Dorota_to_analzye_size_spaces_Fulv_E2P4_TNF_3,E2P4_TNF_FULV
850,115,103,1685.0,0.7324634392700633,12.109792284866469,38626.0,0.8414107061941898,0.8404081721459499,8.539325842696629,135.85954371548056,3114.368389052909,0.04362346605913116,329840.0,20405.0,0.06186332767402377,Dorota_to_analzye_size_spaces_Fulv_E2P4_TNF_3,E2P4_TNF_FULV
851,116,105,1920.0,0.7833410896207214,18.819270833333334,30030.0,0.9373916878971096,0.9058003800561035,13.081718281718281,154.8073139072538,2421.2831440806417,0.06393606393606394,392844.0,36133.0,0.09197798617262833,Dorota_to_analzye_size_spaces_Fulv_E2P4_TNF_3,E2P4_TNF_FULV
852,117,104,1810.0,0.882991046142638,14.2707182320442,22323.0,0.9570824726337326,0.7808247927524572,10.551180396900058,145.93814488131738,1799.8769105998056,0.08108229180665681,235534.0,25830.0,0.10966569582310834,Dorota_to_analzye_size_spaces_Fulv_E2P4_TNF_3,E2P4_TNF_FULV
853,118,103,1124.0,0.4898858692723564,11.512455516014235,38626.0,0.8414107061941898,0.8404081721459499,8.539325842696629,90.62678168320484,3114.368389052909,0.02909957023766375,329840.0,12940.0,0.03923114237205918,Dorota_to_analzye_size_spaces_Fulv_E2P4_TNF_3,E2P4_TNF_FULV
854,119,103,645.0,0.6756290224936261,14.66046511627907,38626.0,0.8414107061941898,0.8404081721459499,8.539325842696629,52.005582015718076,3114.368389052909,0.016698596800082847,329840.0,9456.0,0.028668445306815424,Dorota_to_analzye_size_spaces_Fulv_E2P4_TNF_3,E2P4_TNF_FULV
855,120,109,2140.0,0.7029308107025415,10.376635514018691,28805.0,0.9228264447479421,0.9260569040347211,7.1722964763061965,172.54565195912664,2322.512852655441,0.0742926575247353,206598.0,22206.0,0.10748409955565881,Dorota_to_analzye_size_spaces_Fulv_E2P4_TNF_3,E2P4_TNF_FULV
856,121,115,3454.0,0.8010792072914054,11.342790966994789,30932.0,0.8633254644613176,0.9620552376212989,9.102903142376826,278.4919074144035,2494.01033009332,0.1116642958748222,281571.0,39178.0,0.1391407495800349,Dorota_to_analzye_size_spaces_Fulv_E2P4_TNF_3,E2P4_TNF_FULV
857,122,114,1831.0,0.7161078281802705,20.77007099945385,17614.0,0.599900264230212,0.9246194225721784,13.80345179970478,147.631349877178,1420.1958474804003,0.10395140229363006,243134.0,38030.0,0.1564158036309196,Dorota_to_analzye_size_spaces_Fulv_E2P4_TNF_3,E2P4_TNF_FULV
858,123,113,1774.0,0.8515522358570605,8.03945885005637,16235.0,0.9087289025153931,0.8717246563573883,4.981706190329535,143.0355077455564,1309.0087194188884,0.10927009547274408,80878.0,14262.0,0.1763396720987166,Dorota_to_analzye_size_spaces_Fulv_E2P4_TNF_3,E2P4_TNF_FULV
859,124,118,1894.0,0.7645906392103137,8.808342133051742,29113.0,0.7657112578324338,0.9512497957850025,6.3328409988664855,152.71096486475975,2347.346525928063,0.06505684745646274,184368.0,16683.0,0.09048750325436085,Dorota_to_analzye_size_spaces_Fulv_E2P4_TNF_3,E2P4_TNF_FULV
860,12,15,1925.0,0.7734073573335084,29.618181818181817,14151.0,0.7258706671755563,0.9689147552208148,30.46420747650343,155.2104579538873,1140.9782807820566,0.1360327892021765,431099.0,57015.0,0.13225500407099067,Dorota_to_analzye_size_spaces_Fulv_TNF_3,FULV_TNF
861,14,13,2259.0,0.7928376925191742,11.418769366976539,24140.0,0.9381314366424445,0.8741625927937715,8.559486329743164,182.14048026900332,1946.37945714641,0.09357912178956089,206625.99999999997,25795.000000000004,0.12483908123856634,Dorota_to_analzye_size_spaces_Fulv_TNF_3,FULV_TNF
862,15,16,2086.0,0.8501505581790334,14.842761265580057,13774.0,0.7532719796834662,0.8814795853065404,12.697255699143314,168.19169625548514,1110.5812196658928,0.15144475098010746,174892.0,30962.0,0.1770349701530087,Dorota_to_analzye_size_spaces_Fulv_TNF_3,FULV_TNF
863,16,19,2155.0,0.7447665527165823,17.34106728538283,6787.0,0.5870158618566766,0.9068679850347408,14.77884190363931,173.75508409902707,547.2277289002769,0.3175187859142478,100304.0,37370.0,0.37256739511883874,Dorota_to_analzye_size_spaces_Fulv_TNF_3,FULV_TNF
864,17,17,1949.0,0.7564427745571045,8.56900974858902,25869.0,0.9033951160108157,0.9435042672696768,5.5137809733658045,157.14554937772797,2085.786668472265,0.07534114190730218,142636.0,16701.0,0.1170882526150481,Dorota_to_analzye_size_spaces_Fulv_TNF_3,FULV_TNF
865,18,24,2263.0,0.6866038543741319,15.397260273972602,3788.0,0.6234623369071817,0.9755343806335308,16.399419218585006,182.4629955063101,305.4219297295195,0.5974128827877508,62121.0,34844.0,0.5609053299206388,Dorota_to_analzye_size_spaces_Fulv_TNF_3,FULV_TNF
866,19,21,2513.0,0.7339990006197799,29.66016713091922,25894.0,0.8168000507155158,0.9672045420588675,26.23750675832239,202.62019783798377,2087.8023887054323,0.09704950953888931,679394.0,74536.0,0.1097095352623073,Dorota_to_analzye_size_spaces_Fulv_TNF_3,FULV_TNF
867,21,23,2167.0,0.8156236878501931,19.78680203045685,22440.0,0.8496931149839929,0.9764163258202071,15.860071301247771,174.7226298109474,1809.310481291029,0.0965686274509804,355900.0,42877.99999999999,0.12047766226468107,Dorota_to_analzye_size_spaces_Fulv_TNF_3,FULV_TNF
868,23,26,1553.0,0.803349981361654,8.708950418544752,19823.0,0.8326263468928681,0.9232023099850969,10.828028048226807,125.21654088435686,1598.3048872830689,0.07834333854613328,214644.0,13525.0,0.06301131175341496,Dorota_to_analzye_size_spaces_Fulv_TNF_3,FULV_TNF
869,24,26,2786.0,0.6082610501503213,9.762742282842785,19823.0,0.8326263468928681,0.9232023099850969,10.828028048226807,224.63186278417143,1598.3048872830689,0.14054381274277356,214644.0,27199.0,0.12671679618344794,Dorota_to_analzye_size_spaces_Fulv_TNF_3,FULV_TNF
870,25,28,2195.0,0.7598643043671445,18.603189066059226,12305.0,0.8062577187001768,0.9679068669865492,18.073791141812272,176.98023647209484,992.1374987649782,0.17838277123120683,222398.0,40834.0,0.1836077662568908,Dorota_to_analzye_size_spaces_Fulv_TNF_3,FULV_TNF
871,26,30,1958.0,0.8548472161811899,11.675689479060265,8914.0,0.9375113272493033,0.9144439885104637,12.576284496297959,157.87120866166822,718.7252063381565,0.21965447610500335,112105.0,22861.0,0.20392489184246912,Dorota_to_analzye_size_spaces_Fulv_TNF_3,FULV_TNF
872,27,27,1266.0,0.7255503162038053,14.875987361769353,9261.0,0.7271597663593848,0.980103714678802,14.137674117265954,102.07607260759548,746.7034031745196,0.13670229996760608,130929.0,18833.0,0.14384131857724416,Dorota_to_analzye_size_spaces_Fulv_TNF_3,FULV_TNF
873,31,37,2104.0,0.7603235320083727,19.844106463878326,19859.0,0.9187448029996347,0.8746916842847076,16.094717760209477,169.64301482336563,1601.20752441883,0.10594692582708091,319625.0,41752.0,0.13062807978099336,Dorota_to_analzye_size_spaces_Fulv_TNF_3,FULV_TNF
874,33,33,2080.0,0.7919693571118821,26.62403846153846,34846.0,0.33894855908973304,0.9052790190169386,18.872639614302933,167.70792339952496,2809.5914897980033,0.05969121276473627,657636.0,55378.0,0.08420767719528736,Dorota_to_analzye_size_spaces_Fulv_TNF_3,FULV_TNF
875,34,40,2335.0,0.6906285776699759,16.689935760171306,27496.0,0.44159964543344765,0.965720708064063,10.335721559499564,188.2682697778321,2216.969741246797,0.08492144311899913,284191.0,38971.0,0.13712960649703895,Dorota_to_analzye_size_spaces_Fulv_TNF_3,FULV_TNF
876,35,35,1237.0,0.5164782188157361,18.088924818108328,35769.0,0.8677586476345006,0.9539163133050644,11.029410942436188,99.73783713712133,2884.0118808065426,0.03458301881517515,394511.0,22376.000000000004,0.056718317106493873,Dorota_to_analzye_size_spaces_Fulv_TNF_3,FULV_TNF
877,36,41,2148.0,0.7755835686822505,18.578677839851025,13403.0,0.9224804938878574,0.9692652588949957,15.90367828098187,173.1906824337402,1080.667931405689,0.16026262776990227,213157.0,39907.0,0.18721881054809367,Dorota_to_analzye_size_spaces_Fulv_TNF_3,FULV_TNF
878,38,35,1046.0,0.513576187200963,15.194072657743785,35769.0,0.8677586476345006,0.9539163133050644,11.029410942436188,84.33773455572265,2884.0118808065426,0.02924319941849087,394511.0,15893.0,0.04028531523835837,Dorota_to_analzye_size_spaces_Fulv_TNF_3,FULV_TNF
879,41,51,2363.0,0.748300575373161,9.697418535759628,21786.0,0.9209962148700065,0.9173825164224356,7.034058569723676,190.52587643897957,1756.5792399913705,0.10846415128981915,153244.0,22915.0,0.149532771266738,Dorota_to_analzye_size_spaces_Fulv_TNF_3,FULV_TNF
880,42,51,1.0,0.0,7.0,21786.0,0.9209962148700065,0.9173825164224356,7.034058569723676,0.0806288093266947,1756.5792399913705,4.590103736344442e-05,153244.0,7.0,4.567878677142335e-05,Dorota_to_analzye_size_spaces_Fulv_TNF_3,FULV_TNF
881,43,42,2280.0,0.8073692190072024,18.398684210526316,25622.0,0.9569301439825285,0.8849514730770559,15.770041370697058,183.8336852648639,2065.8713525685716,0.08898602763250332,404060.0,41949.0,0.10381873979112013,Dorota_to_analzye_size_spaces_Fulv_TNF_3,FULV_TNF
882,44,53,2233.0,0.8261493753776733,14.442006269592477,23873.0,0.9036392126714277,0.9313748439450686,9.077912285845935,180.04413122650925,1924.8515650561824,0.0935366313408453,216717.0,32249.000000000004,0.14880696945786442,Dorota_to_analzye_size_spaces_Fulv_TNF_3,FULV_TNF
883,45,48,1907.0,0.7445998583677476,30.49344520188778,30599.0,0.8351208336818763,0.9203813992660771,19.406091702343215,153.75913938600678,2467.160936587531,0.06232229811431746,593807.0,58151.0,0.09792912511977797,Dorota_to_analzye_size_spaces_Fulv_TNF_3,FULV_TNF
884,46,47,2161.0,0.8496788872661465,14.915316982878297,16665.0,0.9402874087859626,0.902909465243539,12.597419741974198,174.23885695498723,1343.6791074293671,0.12967296729672967,209936.0,32232.0,0.15353250514442496,Dorota_to_analzye_size_spaces_Fulv_TNF_3,FULV_TNF
885,47,49,1781.0,0.841325053082135,19.652442448062885,13145.0,0.9280923417236816,0.9497832369942196,17.130163560289084,143.59990941084325,1059.8656985994019,0.13548877900342335,225176.0,35001.0,0.15543841261946212,Dorota_to_analzye_size_spaces_Fulv_TNF_3,FULV_TNF
886,49,52,2005.0,0.7634282839167422,17.214463840399002,26454.0,0.890616180545445,0.9011445701049189,12.728509866182808,161.66076270002287,2132.9545219283814,0.07579194072730022,336720.0,34515.0,0.10250356379187456,Dorota_to_analzye_size_spaces_Fulv_TNF_3,FULV_TNF
887,50,56,697.0,0.6340006357274204,20.121951219512194,2344.0,0.6708293614138617,0.8077188146106133,16.337457337883958,56.1982801007062,188.99392906177238,0.29735494880546076,38295.0,14025.0,0.3662358010184097,Dorota_to_analzye_size_spaces_Fulv_TNF_3,FULV_TNF
888,51,54,1688.0,0.7603862459588332,21.790876777251185,7176.0,0.9400367717853606,0.8516496558272015,22.32190635451505,136.10143014346065,578.5923357283611,0.23522853957636566,160182.0,36783.0,0.22963254298235758,Dorota_to_analzye_size_spaces_Fulv_TNF_3,FULV_TNF
889,52,59,1954.0,0.8199901845384031,20.28761514841351,9950.0,0.7885093211806041,0.964240721000097,24.629145728643216,157.54869342436143,802.2566528006122,0.19638190954773868,245060.0,39642.0,0.16176446584509915,Dorota_to_analzye_size_spaces_Fulv_TNF_3,FULV_TNF
890,53,58,2390.0,0.8684759291552372,14.428451882845188,15248.0,0.8580282072087392,0.9413507840474132,16.20979800629591,192.70285429080033,1229.4280846134407,0.15674186778593913,247167.00000000003,34484.0,0.13951700672015274,Dorota_to_analzye_size_spaces_Fulv_TNF_3,FULV_TNF
891,54,60,2023.0,0.9030836294442308,8.819080573405833,8323.0,0.8318447563385866,0.9468714448236633,8.192238375585726,163.11208126790336,671.07358002608,0.2430613961312027,68184.0,17841.0,0.26165962689193945,Dorota_to_analzye_size_spaces_Fulv_TNF_3,FULV_TNF
892,55,63,2040.0,0.8455171366533951,16.512254901960784,11537.0,0.949920791713497,0.9602163961714524,15.813383028516945,164.4827710264572,930.2145732020767,0.1768223975036838,182439.0,33685.0,0.18463705676966,Dorota_to_analzye_size_spaces_Fulv_TNF_3,FULV_TNF
893,56,61,2306.0,0.7476755041390282,36.51734605377277,24174.0,0.790926412537452,0.9213354676423507,24.29175974187143,185.93003430735797,1949.1208366635176,0.09539174319516837,587229.0,84209.0,0.14340061543282093,Dorota_to_analzye_size_spaces_Fulv_TNF_3,FULV_TNF
894,57,68,1878.0,0.7793304296189457,14.8136315228967,5152.0,0.8957646970741311,0.9191793041926851,18.536684782608695,151.42090391553265,415.3996256511311,0.36451863354037267,95501.0,27820.0,0.29130585020052147,Dorota_to_analzye_size_spaces_Fulv_TNF_3,FULV_TNF
895,58,57,1990.0,0.8078999620329337,16.252261306532663,29262.0,0.8919762408045236,0.9671470121628768,12.903629280295263,160.45133056012244,2359.36021851774,0.06800628801859067,377586.0,32342.0,0.08565465880620574,Dorota_to_analzye_size_spaces_Fulv_TNF_3,FULV_TNF
896,61,62,2264.0,0.8354284942144463,24.052120141342755,27090.0,0.9364502525395035,0.899253112033195,19.415245478036177,182.54362431563678,2184.234444660159,0.08357327427094868,525959.0,54454.0,0.10353278487486667,Dorota_to_analzye_size_spaces_Fulv_TNF_3,FULV_TNF
897,62,66,989.0,0.42345452833905134,31.055611729019212,25876.0,0.601622024764633,0.9738803161460293,17.236860411191838,79.74189242410105,2086.351070137552,0.03822074509197712,446021.0,30714.0,0.06886222846009493,Dorota_to_analzye_size_spaces_Fulv_TNF_3,FULV_TNF
898,63,66,883.0,0.691555648617085,29.58210645526614,25876.0,0.601622024764633,0.9738803161460293,17.236860411191838,71.19523863547141,2086.351070137552,0.03412428505178544,446021.0,26121.0,0.05856450705235852,Dorota_to_analzye_size_spaces_Fulv_TNF_3,FULV_TNF
899,64,71,1897.0,0.8506278939895903,9.307327358987875,7761.0,0.907592544218608,0.9834009123162697,7.757634325473521,152.95285129273984,625.7601891844776,0.24442726452776703,60207.0,17656.0,0.2932549371335559,Dorota_to_analzye_size_spaces_Fulv_TNF_3,FULV_TNF
900,66,65,926.0,0.6849575768826838,14.781857451403887,26452.0,0.930900909361228,0.882527608180696,12.780697111749584,74.66227743651929,2132.793264309728,0.035006804778466655,338075.0,13688.0,0.04048805738371663,Dorota_to_analzye_size_spaces_Fulv_TNF_3,FULV_TNF
901,67,65,1165.0,0.6639199861425656,18.49098712446352,26452.0,0.930900909361228,0.882527608180696,12.780697111749584,93.93256286559932,2132.793264309728,0.04404203840919401,338075.0,21542.0,0.06371958884862826,Dorota_to_analzye_size_spaces_Fulv_TNF_3,FULV_TNF
902,68,74,906.0,0.4399865344396082,11.027593818984547,11261.0,0.9742864232960575,0.8487977689002789,10.070064825503952,73.04970124998539,907.961021827909,0.08045466654826391,113399.0,9991.0,0.08810483337595569,Dorota_to_analzye_size_spaces_Fulv_TNF_3,FULV_TNF
903,69,74,1288.0,0.6920849617067774,12.017857142857142,11261.0,0.9742864232960575,0.8487977689002789,10.070064825503952,103.84990641278277,907.961021827909,0.1143770535476423,113399.0,15479.0,0.1365003218723269,Dorota_to_analzye_size_spaces_Fulv_TNF_3,FULV_TNF
904,70,75,1882.0,0.8630189449173208,19.427205100956428,16656.0,0.8021749205320672,0.9003243243243243,14.235650816522574,151.7434191528394,1342.9534481454268,0.11299231508165226,237109.0,36562.0,0.15419912360981658,Dorota_to_analzye_size_spaces_Fulv_TNF_3,FULV_TNF
905,71,73,1411.0,0.38896375869533506,14.451452870304749,22620.0,0.7728629248545887,0.9466415568110483,10.54129089301503,113.76724995996621,1823.823666969834,0.06237842617152962,238444.0,20391.0,0.08551693479391388,Dorota_to_analzye_size_spaces_Fulv_TNF_3,FULV_TNF
906,72,67,1383.0,0.7231068697738803,11.365148228488792,21280.0,0.8814796611396908,0.9359194264854642,7.4570018796992485,111.50964329881876,1715.781062472063,0.0649906015037594,158685.0,15718.0,0.09905158017455966,Dorota_to_analzye_size_spaces_Fulv_TNF_3,FULV_TNF
907,73,73,872.0,0.7081588735086105,13.979357798165138,22620.0,0.7728629248545887,0.9466415568110483,10.54129089301503,70.30832173287777,1823.823666969834,0.0385499557913351,238444.0,12190.0,0.05112311486135109,Dorota_to_analzye_size_spaces_Fulv_TNF_3,FULV_TNF
908,74,80,1682.0,0.6766310114245034,11.33769322235434,37926.0,0.5582354073456636,0.9783062914334356,8.415651531930601,135.61765728750046,3057.928222524223,0.04434952275483837,319172.0,19070.0,0.05974834885265625,Dorota_to_analzye_size_spaces_Fulv_TNF_3,FULV_TNF
909,75,83,1991.0,0.8277545107760744,16.467101958814666,15287.0,0.9153735903817859,0.932532178368816,14.114607182573428,160.53195936944914,1232.5726081771818,0.1302413815660365,215770.0,32786.0,0.15194883440700746,Dorota_to_analzye_size_spaces_Fulv_TNF_3,FULV_TNF
910,76,78,2412.0,0.7852793403469508,13.51285240464345,32125.0,0.7728110213957344,0.89509612705489,9.39835019455253,194.4766880959876,2590.200499620067,0.0750817120622568,301922.0,32593.0,0.10795172263034823,Dorota_to_analzye_size_spaces_Fulv_TNF_3,FULV_TNF
911,78,77,1061.0,0.6251553462142825,14.90009425070688,27166.0,0.9387231951767683,0.9236366109071128,14.743760583081793,85.54716669562308,2190.362234168988,0.0390561731576235,400529.0,15809.0,0.039470300527552314,Dorota_to_analzye_size_spaces_Fulv_TNF_3,FULV_TNF
912,79,82,1044.0,0.8295721647558587,18.86685823754789,32530.0,0.8911702674132129,0.9443767055681356,13.794866277282509,84.17647693706927,2622.8551673973784,0.032093452197971106,448747.0,19697.0,0.04389332964900044,Dorota_to_analzye_size_spaces_Fulv_TNF_3,FULV_TNF
913,81,77,1106.0,0.5347706853973218,14.863471971066907,27166.0,0.9387231951767683,0.9236366109071128,14.743760583081793,89.17546311532433,2190.362234168988,0.040712655525288965,400529.0,16439.0,0.0410432203410989,Dorota_to_analzye_size_spaces_Fulv_TNF_3,FULV_TNF
914,82,82,1272.0,0.7812787059413029,22.717767295597483,32530.0,0.8911702674132129,0.9443767055681356,13.794866277282509,102.55984546355565,2622.8551673973784,0.039102367045803874,448747.0,28896.999999999996,0.06439485946424153,Dorota_to_analzye_size_spaces_Fulv_TNF_3,FULV_TNF
915,83,76,2226.0,0.7745670187824194,18.720575022461816,35281.0,0.8734039709967943,0.941027419182759,13.333040446699357,179.4797295612224,2844.6650218551154,0.06309344973215045,470403.0,41672.0,0.0885878704004864,Dorota_to_analzye_size_spaces_Fulv_TNF_3,FULV_TNF
916,84,79,2186.0,0.8561478806681408,15.612076852698994,19540.0,0.9408899615110614,0.8370817804052607,15.570726714431935,176.2545771881546,1575.4869342436143,0.11187308085977482,304252.0,34128.0,0.1121701747235844,Dorota_to_analzye_size_spaces_Fulv_TNF_3,FULV_TNF
917,86,81,2270.0,0.848286292827275,17.01409691629956,21720.0,0.9532848536127386,0.9096620178414374,15.567541436464088,183.02739717159696,1751.2577385758088,0.10451197053406998,338127.0,38622.0,0.11422335394688977,Dorota_to_analzye_size_spaces_Fulv_TNF_3,FULV_TNF
918,87,87,2130.0,0.857529645489481,19.31032863849765,9942.0,0.8406483232012353,0.9707088459285296,14.892476362904848,171.7393638658597,801.6116223259986,0.21424260712130355,148061.0,41131.0,0.2777976644761281,Dorota_to_analzye_size_spaces_Fulv_TNF_3,FULV_TNF
919,89,92,2271.0,0.7776182894679885,10.217084984588286,32028.0,0.9376832417766586,0.9382744983155119,7.686992631447484,183.10802598092366,2582.3795051153775,0.07090670663169726,246199.0,23202.999999999996,0.0942448994512569,Dorota_to_analzye_size_spaces_Fulv_TNF_3,FULV_TNF
920,90,93,2331.0,0.7776227304960304,8.788073788073788,22361.0,0.6577752353632373,0.9296939963412606,6.215330262510621,187.94575454052534,1802.9408053542202,0.10424399624345959,138981.0,20485.0,0.1473942481346371,Dorota_to_analzye_size_spaces_Fulv_TNF_3,FULV_TNF
921,91,94,2111.0,0.8074661058693714,17.820937944102322,32748.0,0.8867204982354222,0.882410002155637,12.363014535238793,170.2074164886525,2640.432247830598,0.06446195187492366,404864.0,37620.0,0.09292009168510908,Dorota_to_analzye_size_spaces_Fulv_TNF_3,FULV_TNF
922,92,91,2841.0,0.7306890725771943,12.081309398099261,61943.0,0.6959119196356363,0.9720818555600892,5.813376814167864,229.06644729713963,4994.39033612345,0.045864746621894326,360098.0,34323.0,0.09531571960966181,Dorota_to_analzye_size_spaces_Fulv_TNF_3,FULV_TNF
923,93,102,885.0,0.4068594872169945,10.466666666666667,10874.0,0.9489444516664078,0.8729929351316634,8.595273128563546,71.3564962541248,876.7576726184781,0.0813867941879713,93465.0,9263.0,0.09910661745038249,Dorota_to_analzye_size_spaces_Fulv_TNF_3,FULV_TNF
924,94,102,978.0,0.4082620592915379,10.950920245398773,10874.0,0.9489444516664078,0.8729929351316634,8.595273128563546,78.85497552150741,876.7576726184781,0.08993930476365643,93465.0,10710.0,0.11458834857968224,Dorota_to_analzye_size_spaces_Fulv_TNF_3,FULV_TNF
925,96,105,460.0,0.5529311204655915,17.193478260869565,15301.0,0.9625346826413917,0.9176562312582464,9.645186589111823,37.08925229027956,1233.7014115077554,0.030063394549375858,147581.0,7909.0,0.053590909398906365,Dorota_to_analzye_size_spaces_Fulv_TNF_3,FULV_TNF
926,97,95,2860.0,0.7193262118369176,12.733566433566434,18666.0,0.7026968924513584,0.9186023622047244,7.968231008250295,230.59839467434682,1505.0173548920832,0.1532197578484946,148735.0,36418.0,0.2448515816721014,Dorota_to_analzye_size_spaces_Fulv_TNF_3,FULV_TNF
927,98,107,2093.0,0.8137477982077844,18.650262780697563,10811.0,0.9591726290953156,0.91891202719932,16.579779853852557,168.756097920772,871.6780576308963,0.19359911201553973,179244.0,39035.0,0.217775769342349,Dorota_to_analzye_size_spaces_Fulv_TNF_3,FULV_TNF
928,99,108,1087.0,0.5599576966785401,14.278748850045998,21844.0,0.9046093591343992,0.9723137185079676,12.120353415125434,87.64351573811713,1761.2557109323188,0.04976194836110603,264757.0,15521.0,0.05862356802652999,Dorota_to_analzye_size_spaces_Fulv_TNF_3,FULV_TNF
929,100,108,990.0,0.5907578576598881,14.484848484848484,21844.0,0.9046093591343992,0.9723137185079676,12.120353415125434,79.82252123342775,1761.2557109323188,0.045321369712506866,264757.0,14340.0,0.054162873880577285,Dorota_to_analzye_size_spaces_Fulv_TNF_3,FULV_TNF
930,101,109,876.0,0.637072913265661,10.1837899543379,14815.0,0.9473498939297785,0.9259953747109194,8.292068849139385,70.63083697018455,1194.5158101749819,0.05912926088423895,122846.99999999999,8921.0,0.07261878596953936,Dorota_to_analzye_size_spaces_Fulv_TNF_3,FULV_TNF
931,102,109,1084.0,0.5969973667085031,10.35239852398524,14815.0,0.9473498939297785,0.9259953747109194,8.292068849139385,87.40162931013705,1194.5158101749819,0.07316908538643267,122846.99999999999,11222.0,0.09134940210180144,Dorota_to_analzye_size_spaces_Fulv_TNF_3,FULV_TNF
932,104,111,2483.0,0.7143828755590692,14.006041079339509,20974.0,0.892561831757853,0.7971570825890312,8.284685801468484,200.20133355818294,1691.1086468180945,0.11838466673023744,173763.0,34777.0,0.20014042114834574,Dorota_to_analzye_size_spaces_Fulv_TNF_3,FULV_TNF
933,105,114,2278.0,0.779406676445161,23.34108867427568,10732.0,0.7080076544540408,0.9668468468468469,21.80115542303392,183.6724276462105,865.3083816940874,0.21226239284383153,233970.00000000003,53171.0,0.22725563106381158,Dorota_to_analzye_size_spaces_Fulv_TNF_3,FULV_TNF
934,106,117,2552.0,0.4895190585153089,9.681426332288401,5034.0,0.7305441478736315,0.9810953030598324,11.151767977751291,205.76472140172487,405.8854261505811,0.5069527214938419,56138.0,24707.0,0.44011186718443834,Dorota_to_analzye_size_spaces_Fulv_TNF_3,FULV_TNF
935,107,115,2061.0,0.8099463030916865,19.100436681222707,22457.0,0.8824818890818535,0.9572871818918113,14.114797167920916,166.17597602231777,1810.6811710495829,0.09177539297323774,316976.0,39366.0,0.12419236787643229,Dorota_to_analzye_size_spaces_Fulv_TNF_3,FULV_TNF
936,108,117,1646.0,0.7597412969617345,11.563791008505468,5034.0,0.7305441478736315,0.9810953030598324,11.151767977751291,132.71502015173948,405.8854261505811,0.3269765593961065,56138.0,19034.0,0.3390573230254017,Dorota_to_analzye_size_spaces_Fulv_TNF_3,FULV_TNF
937,109,123,2123.0,0.7983443501634568,16.576071596796986,17810.0,0.9315624744610909,0.86632940947563,11.31819202695115,171.17496220057285,1435.9990941084325,0.11920269511510387,201577.0,35191.0,0.17457844893018548,Dorota_to_analzye_size_spaces_Fulv_TNF_3,FULV_TNF
938,110,122,1871.0,0.7657058990761904,11.613575628006414,20765.0,0.7946288087079558,0.8902465166130761,10.995473151938358,150.85650225024577,1674.2572256688154,0.09010353960992054,228321.0,21729.0,0.09516864414574218,Dorota_to_analzye_size_spaces_Fulv_TNF_3,FULV_TNF
939,111,129,674.0,0.6933695242027241,6.508902077151335,3139.0,0.8642742870071157,0.9791016843418591,7.080917489646384,54.34381748619222,253.09383247649464,0.2147180630774132,22227.0,4387.0,0.19737256489854682,Dorota_to_analzye_size_spaces_Fulv_TNF_3,FULV_TNF
940,112,121,2028.0,0.7158117840345607,19.792899408284022,32530.0,0.6797279773392311,0.9221044276886445,15.901383338456808,163.51522531453685,2622.8551673973784,0.06234245312019674,517272.0,40140.0,0.07759940611515798,Dorota_to_analzye_size_spaces_Fulv_TNF_3,FULV_TNF
941,113,120,1942.0,0.8701639724742871,7.327497425334706,13088.0,0.8835264692423886,0.9682621883554043,5.755424816625917,156.5811477124411,1055.26985646778,0.148380195599022,75327.0,14230.0,0.18890968709758785,Dorota_to_analzye_size_spaces_Fulv_TNF_3,FULV_TNF
942,114,129,1274.0,0.8068132340734874,6.115384615384615,3139.0,0.8642742870071157,0.9791016843418591,7.080917489646384,102.72110308220904,253.09383247649464,0.4058617394074546,22227.0,7790.999999999999,0.3505196382777702,Dorota_to_analzye_size_spaces_Fulv_TNF_3,FULV_TNF
943,115,122,1824.0,0.7076281850739209,11.712171052631579,20765.0,0.7946288087079558,0.8902465166130761,10.995473151938358,147.06694821189112,1674.2572256688154,0.08784011557909945,228321.0,21363.0,0.09356563785197157,Dorota_to_analzye_size_spaces_Fulv_TNF_3,FULV_TNF
944,116,124,955.0,0.886672602942292,47.75497382198953,10680.0,0.8097931266127608,0.9616423554835224,44.4128277153558,77.00051290699344,861.1156836090994,0.08941947565543071,474329.0,45606.0,0.09614845392122345,Dorota_to_analzye_size_spaces_Fulv_TNF_3,FULV_TNF
945,117,130,892.0,0.6727668602373847,6.473094170403588,10002.0,0.827619269639802,0.920231852056307,5.194361127774445,71.92089791941167,806.4493508856003,0.08918216356728655,51954.0,5774.0,0.1111367748392809,Dorota_to_analzye_size_spaces_Fulv_TNF_3,FULV_TNF
946,118,130,1189.0,0.2433371433517563,5.818334735071488,10002.0,0.827619269639802,0.920231852056307,5.194361127774445,95.86765428944,806.4493508856003,0.11887622475504898,51954.0,6917.999999999999,0.13315625360896174,Dorota_to_analzye_size_spaces_Fulv_TNF_3,FULV_TNF
947,119,125,1392.0,0.46088502053924973,16.04310344827586,32673.0,0.9102403158142309,0.9504043283495258,10.756924677868577,112.23530258275902,2634.3850871310956,0.042603984941694976,351461.0,22332.0,0.06354047817538788,Dorota_to_analzye_size_spaces_Fulv_TNF_3,FULV_TNF
948,120,131,1110.0,0.7718518705172218,42.490990990990994,7348.0,0.866903729030574,0.9302443347259147,44.61077844311377,89.49797835263111,592.4604909325526,0.15106151333696244,327800.0,47165.0,0.14388346552776082,Dorota_to_analzye_size_spaces_Fulv_TNF_3,FULV_TNF
949,121,125,865.0,0.6993247234989269,14.158381502890174,32673.0,0.9102403158142309,0.9504043283495258,10.756924677868577,69.7439200675909,2634.3850871310956,0.026474459033452698,351461.0,12247.0,0.03484597153026936,Dorota_to_analzye_size_spaces_Fulv_TNF_3,FULV_TNF
950,122,128,816.0,0.6662973539078906,14.75,50676.0,0.5094607345067045,0.9219014353544726,11.202028573683796,65.79310841058287,4085.94554143958,0.01610229694529955,567674.0,12036.0,0.021202309776385743,Dorota_to_analzye_size_spaces_Fulv_TNF_3,FULV_TNF
951,124,128,1081.0,0.49170931704998255,20.580018501387602,50676.0,0.5094607345067045,0.9219014353544726,11.202028573683796,87.15974288215696,4085.94554143958,0.021331596811113743,567674.0,22247.0,0.03918974622758837,Dorota_to_analzye_size_spaces_Fulv_TNF_3,FULV_TNF
952,125,128,1818.0,0.7572819867044313,15.171617161716172,50676.0,0.5094607345067045,0.9219014353544726,11.202028573683796,146.58317535593096,4085.94554143958,0.035874970400189436,567674.0,27582.0,0.048587745783671615,Dorota_to_analzye_size_spaces_Fulv_TNF_3,FULV_TNF
953,126,136,1906.0,0.8740687135251565,12.889821615949632,7052.0,0.7848035334998957,0.9633879781420766,13.349262620533182,153.67851057668008,568.5943633718509,0.2702779353374929,94139.0,24568.0,0.2609757911173902,Dorota_to_analzye_size_spaces_Fulv_TNF_3,FULV_TNF
954,127,135,2035.0,0.8217733294933695,13.653071253071253,22091.0,0.8581313756451928,0.9486816112685734,9.214793354759857,164.0796269798237,1781.1710268360125,0.09211896247340545,203564.0,27784.0,0.13648778762453087,Dorota_to_analzye_size_spaces_Fulv_TNF_3,FULV_TNF
955,128,134,1891.0,0.8386811646446228,17.721311475409838,14077.0,0.9337927682418578,0.8495986480777356,14.469205086311003,152.46907843677965,1135.0117488918813,0.1343325992754138,203683.0,33511.0,0.16452526720443042,Dorota_to_analzye_size_spaces_Fulv_TNF_3,FULV_TNF
956,129,140,1850.0,0.8317212179833553,21.385945945945945,4423.0,0.298100888155691,0.966775956284153,16.799231290978973,149.16329725438518,356.62122365197064,0.4182681437938051,74303.0,39564.0,0.5324684063900516,Dorota_to_analzye_size_spaces_Fulv_TNF_3,FULV_TNF
957,130,132,2166.0,0.7060445450406854,13.01061865189289,27481.0,0.9545083093231148,0.8760839071665392,11.892252829227466,174.6420010016207,2215.760309106897,0.07881809250027291,326811.0,28181.0,0.08623026764704983,Dorota_to_analzye_size_spaces_Fulv_TNF_3,FULV_TNF
958,131,139,1122.0,0.7614177830636156,10.596256684491978,23247.0,0.7014903402942824,0.9527459016393443,12.136662795199381,90.46552406455145,1874.3779304176717,0.04826429216673119,282141.0,11889.0,0.042138505215477365,Dorota_to_analzye_size_spaces_Fulv_TNF_3,FULV_TNF
959,133,139,487.0,0.7207315655779987,17.84394250513347,23247.0,0.7014903402942824,0.9527459016393443,12.136662795199381,39.26623014210032,1874.3779304176717,0.02094893964812664,282141.0,8690.0,0.030800202735511678,Dorota_to_analzye_size_spaces_Fulv_TNF_3,FULV_TNF
960,134,144,1895.0,0.7560238448782876,4.834300791556728,2865.0,0.717992611163946,0.9798221614227086,4.9113438045375215,152.79159367408644,231.0015387209803,0.6614310645724258,14071.0,9161.0,0.6510553620922465,Dorota_to_analzye_size_spaces_Fulv_TNF_3,FULV_TNF
961,136,139,1718.0,0.7314373747296464,13.969732246798603,23247.0,0.7014903402942824,0.9527459016393443,12.136662795199381,138.52029442326148,1874.3779304176717,0.07390200886135845,282141.0,24000.0,0.0850638510531968,Dorota_to_analzye_size_spaces_Fulv_TNF_3,FULV_TNF
962,145,148,441.0,0.6632264508472512,11.510204081632653,6704.0,0.7575274435491272,0.9715942028985507,10.934964200477326,35.55730491307236,540.5355377261612,0.06578162291169451,73308.0,5076.0,0.06924210181699132,Dorota_to_analzye_size_spaces_Fulv_TNF_3,FULV_TNF
963,7,11,2425.0,0.7871060237217457,2.0214432989690723,10323.0,0.7020549194076301,0.9870912220309811,1.3550324518066454,195.52486261723465,832.3311986794694,0.23491233168652523,13988.000000000002,4902.0,0.35044323706033736,Dorota_to_analzye_size_spaces_E2P4_TNF24h,E2P4_TNF
964,8,13,2160.0,0.7866250131044298,4.457870370370371,5619.0,0.4923504998239192,0.9878691983122363,4.143797828795159,174.15822814566053,453.0532796066975,0.38441003737319807,23283.999999999996,9629.0,0.413545782511596,Dorota_to_analzye_size_spaces_E2P4_TNF24h,E2P4_TNF
965,9,9,1757.0,0.8035295124478128,1.9197495731360272,21023.0,0.8354757984008814,0.8196101364522417,0.915806497645436,141.66481798700258,1695.0594584751025,0.08357513199828759,19253.0,3373.0,0.1751934763413494,Dorota_to_analzye_size_spaces_E2P4_TNF24h,E2P4_TNF
966,10,13,360.0,0.6351711667470337,4.080555555555556,5619.0,0.4923504998239192,0.9878691983122363,4.143797828795159,29.02637135761009,453.0532796066975,0.06406833956219968,23283.999999999996,1469.0,0.06309053427246179,Dorota_to_analzye_size_spaces_E2P4_TNF24h,E2P4_TNF
967,11,10,2909.0,0.55693259175232,6.149535922997594,28343.0,0.9201172068150412,0.9438228438228439,3.4053911018593657,234.54920633135487,2285.262342746508,0.10263557139328935,96519.0,17889.0,0.18534174618468902,Dorota_to_analzye_size_spaces_E2P4_TNF24h,E2P4_TNF
968,12,13,1676.0,0.819945810641692,4.369928400954654,5619.0,0.4923504998239192,0.9878691983122363,4.143797828795159,135.1338844315403,453.0532796066975,0.2982737141840185,23283.999999999996,7324.0,0.3145507644734582,Dorota_to_analzye_size_spaces_E2P4_TNF24h,E2P4_TNF
969,15,12,4028.0,0.7525666834526547,3.25124131082423,55485.0,0.5111930712195746,0.8307132590729429,1.3191132738577993,324.77284396792624,4473.689485491655,0.07259619717040641,73191.0,13096.0,0.17892910330505116,Dorota_to_analzye_size_spaces_E2P4_TNF24h,E2P4_TNF
970,16,14,1888.0,0.8396503255714447,1.9443855932203389,21886.0,0.7316647472064546,0.9391520768966701,0.9602942520332632,152.2271920087996,1764.64212092404,0.08626519236041305,21017.0,3671.0,0.17466812580292143,Dorota_to_analzye_size_spaces_E2P4_TNF24h,E2P4_TNF
971,17,20,1159.0,0.702074596611878,3.614322691975841,10784.0,0.8656054887114094,0.931985135251923,2.314354599406528,93.44879000963915,869.5010797790756,0.10747403560830861,24958.0,4189.0,0.16784197451718888,Dorota_to_analzye_size_spaces_E2P4_TNF24h,E2P4_TNF
972,18,18,2084.0,0.7805334830459922,2.267754318618042,3977.0,0.8169084820512416,0.941747572815534,2.126728689967312,168.03043863683175,320.6607746922648,0.5240130751822982,8458.0,4726.0,0.558760936391582,Dorota_to_analzye_size_spaces_E2P4_TNF24h,E2P4_TNF
973,19,15,2204.0,0.780350761825681,2.188294010889292,14153.0,0.8828748674517136,0.9327138526426783,1.006359075814315,177.70589575603512,1141.13953840071,0.15572670105278033,14243.000000000002,4823.0,0.3386224812188443,Dorota_to_analzye_size_spaces_E2P4_TNF24h,E2P4_TNF
974,20,20,1050.0,0.16489190398388126,3.399047619047619,10784.0,0.8656054887114094,0.931985135251923,2.314354599406528,84.66024979302944,869.5010797790756,0.09736646884272997,24958.0,3569.0,0.14300024040387851,Dorota_to_analzye_size_spaces_E2P4_TNF24h,E2P4_TNF
975,21,16,2224.0,0.8424697664490435,4.211780575539568,19177.0,0.8958378325686721,0.906028536331853,2.170933931271836,179.318471942569,1546.2186764580242,0.1159722584345831,41632.0,9367.0,0.22499519600307455,Dorota_to_analzye_size_spaces_E2P4_TNF24h,E2P4_TNF
976,23,23,1949.0,0.8279249718974672,5.003078501795793,16889.0,0.8959192072397197,0.9426243232684043,2.416069631120848,157.14554937772797,1361.7399607185466,0.1154005565752857,40805.0,9751.0,0.23896581301311115,Dorota_to_analzye_size_spaces_E2P4_TNF24h,E2P4_TNF
977,24,26,843.0,0.7340977637113152,1.395017793594306,4099.0,0.8134059142045098,0.9813263107493416,5.159307148084899,67.97008626240363,330.49748943012156,0.20565991705293973,21148.0,1176.0,0.055608095328163416,Dorota_to_analzye_size_spaces_E2P4_TNF24h,E2P4_TNF
978,25,26,1442.0,0.42141609917729195,10.156726768377254,4099.0,0.8134059142045098,0.9813263107493416,5.159307148084899,116.26674304909375,330.49748943012156,0.3517931202732374,21148.0,14646.0,0.6925477586533005,Dorota_to_analzye_size_spaces_E2P4_TNF24h,E2P4_TNF
979,26,22,2394.0,0.5622712113672614,1.5935672514619883,24447.0,0.5434581256781009,0.9737125104552515,1.0416411011576063,193.0253695281071,1971.1325016097053,0.09792612590501902,25465.000000000004,3815.0,0.1498134694678971,Dorota_to_analzye_size_spaces_E2P4_TNF24h,E2P4_TNF
980,27,17,1209.0,0.5784649193864914,2.182795698924731,23727.0,0.6081904656575987,0.9045404292630856,1.065031398828339,97.48023047597388,1913.079758894485,0.050954608673662916,25270.0,2639.0,0.10443213296398891,Dorota_to_analzye_size_spaces_E2P4_TNF24h,E2P4_TNF
981,28,25,2374.0,0.641108332874375,4.124684077506318,12441.0,0.796204676504336,0.9656162682396772,2.829193794711036,191.4127933415732,1003.1030168334087,0.19082067357929428,35198.0,9791.999999999998,0.2781976248650491,Dorota_to_analzye_size_spaces_E2P4_TNF24h,E2P4_TNF
982,29,17,698.0,0.6761849423568627,1.820916905444126,23727.0,0.6081904656575987,0.9045404292630856,1.065031398828339,56.2789089100329,1913.079758894485,0.02941796265857462,25270.0,1271.0,0.05029679461812426,Dorota_to_analzye_size_spaces_E2P4_TNF24h,E2P4_TNF
983,30,21,857.0,0.5514710359537311,5.131855309218203,28283.0,0.6701806808871029,0.9637441646505606,2.3414772124597816,69.09888959297736,2280.424614186906,0.03030088745889757,66224.0,4398.0,0.06641096883305146,Dorota_to_analzye_size_spaces_E2P4_TNF24h,E2P4_TNF
984,31,21,1270.0,0.5986689693961015,5.981102362204725,28283.0,0.6701806808871029,0.9637441646505606,2.3414772124597816,102.39858784490227,2280.424614186906,0.044903298801400135,66224.0,7596.000000000001,0.11470161874848998,Dorota_to_analzye_size_spaces_E2P4_TNF24h,E2P4_TNF
985,32,32,2176.0,0.8009983963395796,3.8814338235294117,11973.0,0.922041819070029,0.8716511357018055,2.2995072245886576,175.44828909488766,965.3687340685156,0.18174225340349118,27531.999999999996,8446.0,0.30677030364666574,Dorota_to_analzye_size_spaces_E2P4_TNF24h,E2P4_TNF
986,33,31,2270.0,0.7459750374538775,4.95022026431718,10106.0,0.5611490964019765,0.8431503420657434,3.261725707500495,183.02739717159696,814.8347470555766,0.2246190381951316,32963.0,11237.0,0.3408973697782362,Dorota_to_analzye_size_spaces_E2P4_TNF24h,E2P4_TNF
987,34,24,1282.0,0.6590153483181813,3.4282371294851792,25387.0,0.9608565649543371,0.9119221236394985,1.611612242486312,103.3661335568226,2046.9235823767983,0.05049828652459921,40914.0,4395.0,0.1074204428801877,Dorota_to_analzye_size_spaces_E2P4_TNF24h,E2P4_TNF
988,36,27,3223.0,0.8654759712831014,5.098976109215017,24271.0,0.9035126171442578,0.92556152995462,2.2700341971900624,259.86665245993703,1956.941831168207,0.1327922211692967,55096.00000000001,16434.0,0.29827936692318857,Dorota_to_analzye_size_spaces_E2P4_TNF24h,E2P4_TNF
989,37,35,1737.0,0.42612454318544785,1.7881404720782959,3548.0,0.33255667398063127,0.9733882030178327,1.8083427282976325,140.0522418004687,286.0710154911128,0.48957158962795944,6416.0,3106.0,0.48410224438902744,Dorota_to_analzye_size_spaces_E2P4_TNF24h,E2P4_TNF
990,38,30,835.0,0.4916897306938039,2.5497005988023953,14820.0,0.5986238523911293,0.946360153256705,1.4416329284750338,67.32505578779006,1194.9189542216154,0.05634278002699055,21365.0,2129.0,0.0996489585771121,Dorota_to_analzye_size_spaces_E2P4_TNF24h,E2P4_TNF
991,39,30,986.0,0.14930125394903274,2.843813387423935,14820.0,0.5986238523911293,0.946360153256705,1.4416329284750338,79.50000599612098,1194.9189542216154,0.06653171390013496,21365.0,2804.0,0.13124268663702318,Dorota_to_analzye_size_spaces_E2P4_TNF24h,E2P4_TNF
992,40,24,1231.0,0.6973164714280041,3.484971567831032,25387.0,0.9608565649543371,0.9119221236394985,1.611612242486312,99.25406428116116,2046.9235823767983,0.048489384330562886,40914.0,4290.0,0.10485408417656548,Dorota_to_analzye_size_spaces_E2P4_TNF24h,E2P4_TNF
993,42,29,1856.0,0.6369395786328681,1.7914870689655173,17159.0,0.9019800900544112,0.7349552405019917,1.250364240340346,149.64707011034534,1383.5097392367543,0.10816481146919983,21455.0,3325.0,0.15497553017944535,Dorota_to_analzye_size_spaces_E2P4_TNF24h,E2P4_TNF
994,43,33,2080.0,0.8465629382417064,1.5966346153846154,21679.0,0.7843171286477718,0.8623309466984884,1.1920291526361917,167.70792339952496,1747.9519573934142,0.09594538493472946,25842.0,3321.0,0.12851172509867656,Dorota_to_analzye_size_spaces_E2P4_TNF24h,E2P4_TNF
995,44,39,895.0,0.8107864489948304,1.8893854748603351,2659.0,0.6264679702305214,0.985910270671116,1.899586310643099,72.16278434739175,214.39200399968118,0.3365927040240692,5051.0,1691.0,0.33478519105127696,Dorota_to_analzye_size_spaces_E2P4_TNF24h,E2P4_TNF
996,45,34,1754.0,0.7060636916491275,1.2542759407069555,12204.0,0.3178030245362109,0.9459731803736144,0.7952310717797444,141.4229315590225,983.9939890229821,0.14372336938708621,9705.0,2200.0,0.22668727460072127,Dorota_to_analzye_size_spaces_E2P4_TNF24h,E2P4_TNF
997,46,37,1987.0,0.815332220025088,2.3714141922496226,11583.0,0.9493171216298774,0.8672506738544474,2.6758180091513424,160.20944413214235,933.9234984311047,0.1715445048778382,30994.0,4712.0,0.1520294250500097,Dorota_to_analzye_size_spaces_E2P4_TNF24h,E2P4_TNF
998,47,39,679.0,0.7642231934230843,2.2650957290132547,2659.0,0.6264679702305214,0.985910270671116,1.899586310643099,54.7469615328257,214.39200399968118,0.25535915757803684,5051.0,1538.0,0.3044941595723619,Dorota_to_analzye_size_spaces_E2P4_TNF24h,E2P4_TNF
999,48,38,2053.0,0.733945504128262,1.7988309790550414,15747.0,0.6564947066971891,0.9073465859982713,1.1137994538642282,165.53094554770422,1269.6618604674613,0.13037403949958723,17539.0,3693.0,0.21055932493300644,Dorota_to_analzye_size_spaces_E2P4_TNF24h,E2P4_TNF
1000,49,40,1626.0,0.9128438552435967,2.56150061500615,14448.0,0.8777318459701129,0.9439435515484124,1.9177740863787376,131.10244396520557,1164.925037152085,0.11254152823920266,27708.0,4165.0,0.15031759780568787,Dorota_to_analzye_size_spaces_E2P4_TNF24h,E2P4_TNF
1001,50,36,3839.0,0.8404816637346275,4.576973170096379,20495.0,0.8915956463337181,0.9589201328779301,2.638887533544767,309.53399900518093,1652.4874471506077,0.187313979019273,54084.0,17571.0,0.3248835145329487,Dorota_to_analzye_size_spaces_E2P4_TNF24h,E2P4_TNF
1002,51,42,939.0,0.5860877837184371,2.0042598509052185,6802.0,0.6301476292754349,0.9453787352328006,1.5505733607762422,75.71045195776632,548.4371610401773,0.1380476330491032,10547.0,1882.0000000000002,0.1784393666445435,Dorota_to_analzye_size_spaces_E2P4_TNF24h,E2P4_TNF
1003,52,42,784.0,0.7717034525769181,2.184948979591837,6802.0,0.6301476292754349,0.9453787352328006,1.5505733607762422,63.21298651212864,548.4371610401773,0.1152602175830638,10547.0,1713.0,0.16241585284915142,Dorota_to_analzye_size_spaces_E2P4_TNF24h,E2P4_TNF
1004,53,45,1941.0,0.6196899061700691,2.704791344667697,13132.0,0.7139094231193905,0.9801462904911181,3.8342217484008527,156.5005189031144,1058.8175240781547,0.1478068839476089,50351.0,5250.0,0.10426803837063812,Dorota_to_analzye_size_spaces_E2P4_TNF24h,E2P4_TNF
1005,55,46,795.0,0.7107926924431472,3.657861635220126,15480.0,0.8850781618480349,0.8897574433842971,2.1822997416020673,64.09990341472228,1248.133968377234,0.05135658914728682,33782.0,2908.0,0.08608134509502102,Dorota_to_analzye_size_spaces_E2P4_TNF24h,E2P4_TNF
1006,56,43,1269.0,0.6047438064120115,1.624113475177305,17621.0,0.7746351983677242,0.9468056525710601,1.1398331536235173,102.31795903557557,1420.760249145687,0.07201634413483911,20085.0,2061.0,0.10261389096340552,Dorota_to_analzye_size_spaces_E2P4_TNF24h,E2P4_TNF
1007,57,44,2492.0,0.8661708213253158,4.51645264847512,15013.0,0.9445801956404755,0.8703188405797101,2.6383800706054754,200.92699284212318,1210.4803144216673,0.1659894757876507,39610.0,11254.999999999998,0.28414541782378183,Dorota_to_analzye_size_spaces_E2P4_TNF24h,E2P4_TNF
1008,58,43,1680.0,0.46684750378721007,1.9232142857142858,17621.0,0.7746351983677242,0.9468056525710601,1.1398331536235173,135.4563996688471,1420.760249145687,0.09534078656148913,20085.0,3231.0,0.16086631814787156,Dorota_to_analzye_size_spaces_E2P4_TNF24h,E2P4_TNF
1009,60,46,1169.0,0.6033656716199484,3.0650128314798972,15480.0,0.8850781618480349,0.8897574433842971,2.1822997416020673,94.2550781029061,1248.133968377234,0.07551679586563308,33782.0,3583.0,0.106062400094725,Dorota_to_analzye_size_spaces_E2P4_TNF24h,E2P4_TNF
1010,61,50,1096.0,0.5397668793179995,2.0063868613138687,7799.0,0.7719690266155338,0.917313573276876,1.491216822669573,88.36917502205739,628.8240839388919,0.14053083728683163,11630.0,2199.0,0.1890799656061909,Dorota_to_analzye_size_spaces_E2P4_TNF24h,E2P4_TNF
1011,62,50,1193.0,0.5423227934902997,1.7803855825649624,7799.0,0.7719690266155338,0.917313573276876,1.491216822669573,96.19016952674677,628.8240839388919,0.1529683292729837,11630.0,2124.0,0.1826311263972485,Dorota_to_analzye_size_spaces_E2P4_TNF24h,E2P4_TNF
1012,63,57,2715.0,0.7559776532656318,2.1370165745856355,3377.0,0.7407257597981731,0.9831149927219797,2.1003849570624813,218.9072173219761,272.283489096248,0.8039680189517323,7092.999999999999,5802.000000000001,0.817989567178909,Dorota_to_analzye_size_spaces_E2P4_TNF24h,E2P4_TNF
1013,65,49,943.0,0.7993470430118,1.7391304347826086,10770.0,0.9574625633741715,0.9075587764388641,0.9773444753946147,76.0329671950731,868.3722764485019,0.08755803156917363,10526.0,1640.0,0.1558046741402242,Dorota_to_analzye_size_spaces_E2P4_TNF24h,E2P4_TNF
1014,66,54,1104.0,0.8545091365762906,5.679347826086956,14448.0,0.8302643933415614,0.9191424390864559,2.7943660022148396,89.01420549667094,1164.925037152085,0.07641196013289037,40373.0,6269.999999999999,0.15530181061600573,Dorota_to_analzye_size_spaces_E2P4_TNF24h,E2P4_TNF
1015,67,52,2390.0,0.8640396747505583,3.8263598326359833,23823.0,0.9190235237641298,0.9550210463018641,1.5669730932292323,192.70285429080033,1920.8201245898476,0.10032321705914453,37330.0,9145.0,0.24497723010983125,Dorota_to_analzye_size_spaces_E2P4_TNF24h,E2P4_TNF
1016,68,47,1070.0,0.5815160605680878,2.6906542056074767,26387.0,0.9234682594500425,0.7419164370466176,1.3291014514723158,86.27282597956332,2127.552391703493,0.04055027096676394,35071.0,2879.0,0.0820906161786091,Dorota_to_analzye_size_spaces_E2P4_TNF24h,E2P4_TNF
1017,69,48,2025.0,0.8029775492003648,4.744197530864198,17029.0,0.936690293000939,0.9405689036177851,2.6572317810793353,163.27333888655676,1373.027994024284,0.11891479241294263,45250.0,9607.0,0.21230939226519338,Dorota_to_analzye_size_spaces_E2P4_TNF24h,E2P4_TNF
1018,70,49,771.0,0.5869444980641114,1.464332036316472,10770.0,0.9574625633741715,0.9075587764388641,0.9773444753946147,62.16481199088161,868.3722764485019,0.07158774373259053,10526.0,1129.0,0.1072582177465324,Dorota_to_analzye_size_spaces_E2P4_TNF24h,E2P4_TNF
1019,71,51,2440.0,0.7870346589815238,2.4676229508196723,28774.0,0.7982784592689042,0.8491913587533939,1.0993952874122472,196.73429475713505,2320.0133595663133,0.0847987766733857,31634.000000000004,6021.0,0.19033318581273312,Dorota_to_analzye_size_spaces_E2P4_TNF24h,E2P4_TNF
1020,72,59,1795.0,0.7577861159481695,2.402785515320334,18197.0,0.8444380383093282,0.7786145222711908,1.760839698851459,144.72871274141698,1467.2024433178633,0.09864263340111007,32042.0,4313.0,0.13460458148679857,Dorota_to_analzye_size_spaces_E2P4_TNF24h,E2P4_TNF
1021,73,63,1534.0,0.5653996747819937,3.4041720990873534,5744.0,0.8953289069892889,0.976538592315539,3.174616991643454,123.68459350714966,463.1318807725343,0.2670612813370474,18235.0,5222.0,0.28637236084452977,Dorota_to_analzye_size_spaces_E2P4_TNF24h,E2P4_TNF
1022,74,53,2309.0,0.6770909976423989,1.9900389779125163,19921.0,0.9319966238261466,0.9178915357323872,1.3002861302143467,186.17192073533806,1606.206510597085,0.11590783595201044,25903.0,4595.0,0.17739258001003744,Dorota_to_analzye_size_spaces_E2P4_TNF24h,E2P4_TNF
1023,75,47,745.0,0.7168734076516199,3.0483221476510067,26387.0,0.9234682594500425,0.7419164370466176,1.3291014514723158,60.06846294838755,2127.552391703493,0.02823359987872816,35071.0,2271.0,0.0647543554503721,Dorota_to_analzye_size_spaces_E2P4_TNF24h,E2P4_TNF
1024,76,55,1638.0,0.7269971335151088,2.3943833943833943,16713.0,0.939714211008005,0.9727039925503433,1.317836414766948,132.0699896771259,1347.5492902770484,0.09800753904146473,22025.0,3922.0,0.17807037457434732,Dorota_to_analzye_size_spaces_E2P4_TNF24h,E2P4_TNF
1025,77,61,1190.0,0.4327819153549459,2.0100840336134453,7422.0,0.9390574163009264,0.9510507432086109,1.6149285906763675,95.94828309876668,598.4270228227281,0.16033414174077068,11986.0,2392.0,0.19956616052060738,Dorota_to_analzye_size_spaces_E2P4_TNF24h,E2P4_TNF
1026,78,58,1817.0,0.6054454382444703,2.078150798018712,16554.0,0.909170813743478,0.8961186596654577,1.279449075752084,146.50254654660426,1334.729309594104,0.10976199105956265,21180.0,3775.9999999999995,0.17828139754485361,Dorota_to_analzye_size_spaces_E2P4_TNF24h,E2P4_TNF
1027,79,63,1110.0,0.7442379138463862,3.5936936936936936,5744.0,0.8953289069892889,0.976538592315539,3.174616991643454,89.49797835263111,463.1318807725343,0.1932451253481894,18235.0,3989.0,0.21875514121195502,Dorota_to_analzye_size_spaces_E2P4_TNF24h,E2P4_TNF
1028,80,60,1644.0,0.7568122217356301,1.933698296836983,11708.0,0.8721550025340682,0.8840897077701427,1.6696276050563716,132.5537625330861,944.0020995969414,0.14041680901947387,19548.0,3179.0,0.16262533251483527,Dorota_to_analzye_size_spaces_E2P4_TNF24h,E2P4_TNF
1029,81,61,1141.0,0.28266803547865604,1.7204206836108678,7422.0,0.9390574163009264,0.9510507432086109,1.6149285906763675,91.99747144175865,598.4270228227281,0.15373214766909188,11986.0,1963.0,0.16377440347071584,Dorota_to_analzye_size_spaces_E2P4_TNF24h,E2P4_TNF
1030,82,62,2398.0,0.7285309538634368,2.656380316930776,23706.0,0.8986374229018776,0.9484296859371875,1.3212688770775332,193.34788476541388,1911.3865538986245,0.10115582552940183,31322.0,6370.0,0.20337143222016474,Dorota_to_analzye_size_spaces_E2P4_TNF24h,E2P4_TNF
1031,83,65,2971.0,0.7160151384105817,3.8054527095254125,17924.0,0.8074906392217107,0.9478081539844535,2.386799821468422,239.54819250960995,1445.1907783716756,0.16575541173845124,42781.0,11306.0,0.2642761973773404,Dorota_to_analzye_size_spaces_E2P4_TNF24h,E2P4_TNF
1032,84,67,2028.0,0.8255271533865799,4.311143984220907,14413.0,0.9344638258742096,0.9011504314117794,2.5082911260667453,163.51522531453685,1162.1030288256507,0.14070630680635537,36152.0,8743.0,0.24184000885151583,Dorota_to_analzye_size_spaces_E2P4_TNF24h,E2P4_TNF
1033,86,68,1931.0,0.7284371283749974,1.6965302951838426,12666.0,0.8524768922402836,0.9631939163498099,1.338859939996842,155.69423080984745,1021.244498931915,0.1524553923890731,16958.0,3276.0,0.19318315839131972,Dorota_to_analzye_size_spaces_E2P4_TNF24h,E2P4_TNF
1034,87,70,1816.0,0.7612087093559831,3.844713656387665,12094.0,0.7830547067813103,0.9025373134328358,3.200429965272036,146.42191773727757,975.1248199970456,0.15015710269555152,38706.0,6982.0,0.18038546995297886,Dorota_to_analzye_size_spaces_E2P4_TNF24h,E2P4_TNF
1035,88,76,1587.0,0.7102727251355254,2.0264650283553873,12055.0,0.865764034206709,0.8682656295015846,1.5571961841559518,127.95792040146448,971.9802964333046,0.13164661965989216,18772.0,3215.9999999999995,0.17131898572341783,Dorota_to_analzye_size_spaces_E2P4_TNF24h,E2P4_TNF
1036,89,74,1957.0,0.7620857778118159,5.235053653551354,27413.0,0.8586560449681204,0.9385121024341813,2.281143982781892,157.79057985234152,2210.2775500726816,0.07138948673986795,62533.00000000001,10245.0,0.1638334959141573,Dorota_to_analzye_size_spaces_E2P4_TNF24h,E2P4_TNF
1037,90,69,1792.0,0.8268003585209512,1.4162946428571428,18498.0,0.9672873655877702,0.884648493543759,1.2119688614985404,144.4868263134369,1491.4717149251985,0.0968753378743648,22419.0,2538.0,0.11320754716981132,Dorota_to_analzye_size_spaces_E2P4_TNF24h,E2P4_TNF
1038,91,75,2721.0,0.7643766877593543,4.689452407203234,16204.0,0.7499628260097031,0.986544901065449,2.3012219205134534,219.39099017793626,1306.5092263297608,0.1679215008639842,37289.0,12760.0,0.34219206736571106,Dorota_to_analzye_size_spaces_E2P4_TNF24h,E2P4_TNF
1039,94,79,1617.0,0.7759273419711595,3.5918367346938775,7157.0,0.8680078461789168,0.9528691252829183,3.6371384658376416,130.37678468126532,577.060388351154,0.2259326533463742,26031.0,5808.0,0.22311858937420767,Dorota_to_analzye_size_spaces_E2P4_TNF24h,E2P4_TNF
1040,95,72,1504.0,0.5416572459372734,4.509308510638298,25408.0,0.9592778233683313,0.8964470945206929,1.3305651763224182,121.26572922734883,2048.616787372659,0.05919395465994962,33807.0,6782.0,0.20060934126068566,Dorota_to_analzye_size_spaces_E2P4_TNF24h,E2P4_TNF
1041,96,73,1569.0,0.5186174542755626,2.337157425111536,13519.0,0.9398297051217132,0.884809215262779,1.304164509209261,126.50660183358397,1090.0208732875856,0.11605888009468156,17631.0,3667.0,0.20798593386648517,Dorota_to_analzye_size_spaces_E2P4_TNF24h,E2P4_TNF
1042,97,82,1967.0,0.804318999116924,3.2648703609557703,5574.0,0.8923645768672858,0.9787532923617208,2.5147111589522786,158.59686794560847,449.4249831869962,0.35288841047721564,14017.0,6422.0,0.45815795105942786,Dorota_to_analzye_size_spaces_E2P4_TNF24h,E2P4_TNF
1043,98,77,3038.0,0.8265702028242522,3.738314680710994,17454.0,0.9612091877224499,0.8135925045448189,2.8086398533287498,244.95032273449849,1407.2952379881292,0.17405752263091556,49022.0,11357.0,0.23167149443107177,Dorota_to_analzye_size_spaces_E2P4_TNF24h,E2P4_TNF
1044,99,80,1914.0,0.8321034417570596,2.4070010449320796,14235.0,0.9201074592011218,0.8893539922529051,1.500597119775202,154.32354105129366,1147.751100765499,0.13445732349841938,21361.0,4607.0,0.215673423528861,Dorota_to_analzye_size_spaces_E2P4_TNF24h,E2P4_TNF
1045,100,72,777.0,0.7225938456071243,3.709137709137709,25408.0,0.9592778233683313,0.8964470945206929,1.3305651763224182,62.64858484684178,2048.616787372659,0.030580919395465995,33807.0,2882.0,0.08524861715029432,Dorota_to_analzye_size_spaces_E2P4_TNF24h,E2P4_TNF
1046,101,81,1153.0,0.6566615239347641,3.757155247181266,17093.0,0.8529660206750652,0.9457754661649975,2.028374188264202,92.96501715367899,1378.1882378211924,0.06745451354355585,34671.0,4332.0,0.12494592022151077,Dorota_to_analzye_size_spaces_E2P4_TNF24h,E2P4_TNF
1047,103,87,940.0,0.8166038479333562,3.375531914893617,3490.0,0.7047570819971639,0.9726867335562988,3.8097421203438397,75.791080767093,281.3945445501645,0.2693409742120344,13296.0,3173.0,0.23864320096269553,Dorota_to_analzye_size_spaces_E2P4_TNF24h,E2P4_TNF
1048,104,83,2217.0,0.8815339033063082,4.995940460081191,23450.0,0.8770475963973248,0.979859602206251,2.3678464818763327,178.75407027728212,1890.7455787109907,0.09454157782515991,55526.0,11076.0,0.1994741202319634,Dorota_to_analzye_size_spaces_E2P4_TNF24h,E2P4_TNF
1049,105,84,1944.0,0.8118387094346612,3.79320987654321,15832.0,0.9040533291414278,0.9206256905274176,2.8149949469429005,156.7424053310945,1276.5153092602304,0.12278928751894896,44567.0,7374.0,0.16545874750375839,Dorota_to_analzye_size_spaces_E2P4_TNF24h,E2P4_TNF
1050,106,91,2176.0,0.7182774206953146,3.0372242647058822,3335.0,0.6651482014622024,0.9808823529411764,3.147226386806597,175.44828909488766,268.8970791045268,0.6524737631184407,10496.0,6609.0,0.6296684451219512,Dorota_to_analzye_size_spaces_E2P4_TNF24h,E2P4_TNF
1051,107,81,888.0,0.447672858972997,2.8186936936936937,17093.0,0.8529660206750652,0.9457754661649975,2.028374188264202,71.59838268210488,1378.1882378211924,0.05195109108991985,34671.0,2503.0,0.07219289896455251,Dorota_to_analzye_size_spaces_E2P4_TNF24h,E2P4_TNF
1052,108,87,801.0,0.6940108107426596,3.6666666666666665,3490.0,0.7047570819971639,0.9726867335562988,3.8097421203438397,64.58367627068245,281.3945445501645,0.22951289398280803,13296.0,2937.0,0.22089350180505415,Dorota_to_analzye_size_spaces_E2P4_TNF24h,E2P4_TNF
1053,110,86,792.0,0.5835909228158086,2.5643939393939394,7633.0,0.7950137712433533,0.9696392276422764,2.0974715053059088,63.8580169867422,615.4397015906607,0.10375998951919298,16010.000000000002,2031.0,0.1268582136164897,Dorota_to_analzye_size_spaces_E2P4_TNF24h,E2P4_TNF
1054,111,89,2089.0,0.8520738644452786,2.628051699377693,13756.0,0.9295462597085855,0.9824310812741037,1.7502907822041291,168.4335826834652,1109.1299010980122,0.15186100610642628,24077.0,5490.0,0.2280184408356523,Dorota_to_analzye_size_spaces_E2P4_TNF24h,E2P4_TNF
1055,112,88,1114.0,0.7332260989801603,2.2172351885098744,12944.0,0.8547920163207826,0.978530390081645,1.3609394313967862,89.8204935899379,1043.6593079247361,0.08606304079110012,17616.0,2470.0,0.14021344232515895,Dorota_to_analzye_size_spaces_E2P4_TNF24h,E2P4_TNF
1056,113,94,1787.0,0.84348073873899,4.736989367655288,10575.0,0.8902559513953817,0.9240650122334848,2.157446808510638,144.0836822668034,852.6496586297964,0.16898345153664301,22815.0,8465.0,0.3710278325662941,Dorota_to_analzye_size_spaces_E2P4_TNF24h,E2P4_TNF
1057,114,86,1259.0,0.4676197633879628,2.4336775218427324,7633.0,0.7950137712433533,0.9696392276422764,2.0974715053059088,101.51167094230863,615.4397015906607,0.16494170051093934,16010.000000000002,3064.0,0.19138038725796375,Dorota_to_analzye_size_spaces_E2P4_TNF24h,E2P4_TNF
1058,115,88,784.0,0.7941532913899678,2.457908163265306,12944.0,0.8547920163207826,0.978530390081645,1.3609394313967862,63.21298651212864,1043.6593079247361,0.06056860321384425,17616.0,1926.9999999999998,0.10938919164396002,Dorota_to_analzye_size_spaces_E2P4_TNF24h,E2P4_TNF
1059,116,93,1234.0,0.2964110218264509,3.9027552674230144,23928.0,0.9068687856060187,0.8429507503699006,2.3953109327983952,99.49595070914125,1929.2861495691507,0.05157138080909395,57315.0,4816.0,0.0840268690569659,Dorota_to_analzye_size_spaces_E2P4_TNF24h,E2P4_TNF
1060,117,93,1214.0,0.4104819517593497,4.224876441515651,23928.0,0.9068687856060187,0.8429507503699006,2.3953109327983952,97.88337452260735,1929.2861495691507,0.05073553995319291,57315.0,5129.0,0.08948791764808514,Dorota_to_analzye_size_spaces_E2P4_TNF24h,E2P4_TNF
1061,118,100,2059.0,0.7625658442166534,3.4322486644001944,2710.0,0.7343453133044188,0.9786926688335139,3.3623616236162364,166.01471840366438,218.50407327534262,0.7597785977859779,9112.0,7067.0,0.7755706760316067,Dorota_to_analzye_size_spaces_E2P4_TNF24h,E2P4_TNF
1062,119,92,2346.0,0.8190963922304447,5.091219096334186,16841.0,0.8690963886413388,0.9213808950651056,3.3418443085327474,189.15518668042574,1357.8697778708654,0.13930289175227123,56280.0,11944.0,0.21222459132906893,Dorota_to_analzye_size_spaces_E2P4_TNF24h,E2P4_TNF
1063,120,99,1835.0,0.6489733703620713,1.9618528610354224,4299.0,0.6360116881506817,0.979048052835345,1.8001860897883228,147.95386511448476,346.6232512954605,0.4268434519655734,7739.0,3600.0,0.46517637937718054,Dorota_to_analzye_size_spaces_E2P4_TNF24h,E2P4_TNF
1064,121,90,2126.0,0.7547233966389725,2.2808090310442144,17825.0,0.8540839414780769,0.9664913517323646,1.6665357643758765,171.4168486285529,1437.2085262483329,0.11927068723702665,29705.999999999996,4849.0,0.16323301689894298,Dorota_to_analzye_size_spaces_E2P4_TNF24h,E2P4_TNF
1065,123,95,2119.0,0.7869022993691265,1.6503067484662577,12355.0,0.8126131725108191,0.942482264093371,1.442250101173614,170.85244696326606,996.168939231313,0.17150951031970862,17819.0,3497.0,0.196251192547281,Dorota_to_analzye_size_spaces_E2P4_TNF24h,E2P4_TNF
1066,124,104,1591.0,0.7138053974511059,2.3771213073538653,1952.0,0.733868906386272,0.9696969696969697,2.4651639344262297,128.28043563877125,157.38743580570804,0.8150614754098361,4812.0,3781.9999999999995,0.7859517871986699,Dorota_to_analzye_size_spaces_E2P4_TNF24h,E2P4_TNF
1067,125,98,1202.0,0.6368393596047095,1.9034941763727122,12252.0,0.8592445981439386,0.9626021370207417,1.7736696049624552,96.91582881068702,987.8641718706634,0.09810643160300359,21731.0,2288.0,0.10528737747917721,Dorota_to_analzye_size_spaces_E2P4_TNF24h,E2P4_TNF
1068,126,102,2359.0,0.8036205391996653,3.2539211530309453,15930.0,0.8393889526195811,0.9456250742015909,1.9289391086001255,190.20336120167278,1284.4169325742464,0.14808537350910234,30728.0,7676.0,0.24980473834938818,Dorota_to_analzye_size_spaces_E2P4_TNF24h,E2P4_TNF
1069,127,97,2327.0,0.7736750841951877,1.975504941985389,11259.0,0.9039406834271739,0.9146222583265637,1.5315747402078337,187.62323930321855,907.7997642092556,0.20667910116351362,17244.0,4597.0,0.26658547900719093,Dorota_to_analzye_size_spaces_E2P4_TNF24h,E2P4_TNF
1070,128,101,2258.0,0.7832739554110121,3.8724534986713905,17799.0,0.608866627874341,0.9736338274711449,1.9238159447159953,182.05985145967662,1435.1121772058389,0.12686105961009045,34242.0,8744.0,0.25535891595117105,Dorota_to_analzye_size_spaces_E2P4_TNF24h,E2P4_TNF
1071,129,107,1687.0,0.5963340271225142,2.005334914048607,2224.0,0.49077257421091236,0.9775824175824176,2.1133093525179856,136.02080133413395,179.318471942569,0.7585431654676259,4700.0,3383.0,0.7197872340425532,Dorota_to_analzye_size_spaces_E2P4_TNF24h,E2P4_TNF
1072,130,98,1229.0,0.611069397316594,1.8901545972335232,12252.0,0.8592445981439386,0.9626021370207417,1.7736696049624552,99.09280666250778,987.8641718706634,0.10031015344433562,21731.0,2323.0,0.10689797984446182,Dorota_to_analzye_size_spaces_E2P4_TNF24h,E2P4_TNF
1073,132,103,1291.0,0.5212840132004168,3.635941130906274,15944.0,0.7485635931207584,0.8470938263733928,2.5691169091821373,104.09179284076285,1285.5457359048203,0.08097089814350225,40962.0,4694.0,0.11459401396416191,Dorota_to_analzye_size_spaces_E2P4_TNF24h,E2P4_TNF
1074,133,106,852.0,0.5577038729835994,2.2136150234741785,11644.0,0.21829337353811937,0.974637984431238,1.607007901064926,68.69574554634389,938.841855800033,0.07317073170731707,18712.0,1886.0,0.10079093629756306,Dorota_to_analzye_size_spaces_E2P4_TNF24h,E2P4_TNF
1075,134,105,1372.0,0.5527134358431163,2.4001457725947524,8914.0,0.8333180388645468,0.9137878011276268,2.457258245456585,110.62272639622512,718.7252063381565,0.15391518958940992,21904.0,3293.0000000000005,0.15033783783783786,Dorota_to_analzye_size_spaces_E2P4_TNF24h,E2P4_TNF
1076,135,112,1296.0,0.7302659646588687,2.7854938271604937,4049.0,0.7286651765712271,0.9832442933462846,2.469498641639911,104.49493688739632,326.4660489637868,0.3200790318597184,9999.0,3610.0,0.36103610361036104,Dorota_to_analzye_size_spaces_E2P4_TNF24h,E2P4_TNF
1077,136,106,1065.0,0.5386946369430098,1.9295774647887325,11644.0,0.21829337353811937,0.974637984431238,1.607007901064926,85.86968193292985,938.841855800033,0.09146341463414634,18712.0,2055.0,0.10982257374946558,Dorota_to_analzye_size_spaces_E2P4_TNF24h,E2P4_TNF
1078,137,109,2624.0,0.7818807387818004,2.408536585365854,19795.0,0.8662018473200415,0.9344757588632394,1.499823187673655,211.56999567324686,1596.0472806219216,0.13255872695125032,29689.0,6320.0,0.21287345481491463,Dorota_to_analzye_size_spaces_E2P4_TNF24h,E2P4_TNF
1079,138,112,1126.0,0.5633027690348558,2.9511545293072823,4049.0,0.7286651765712271,0.9832442933462846,2.469498641639911,90.78803930185822,326.4660489637868,0.27809335638429244,9999.0,3323.0,0.3323332333233323,Dorota_to_analzye_size_spaces_E2P4_TNF24h,E2P4_TNF
1080,139,105,737.0,0.6692366827856623,2.5725915875169605,8914.0,0.8333180388645468,0.9137878011276268,2.457258245456585,59.42343247377399,718.7252063381565,0.08267893201705183,21904.0,1895.9999999999998,0.08655953250547845,Dorota_to_analzye_size_spaces_E2P4_TNF24h,E2P4_TNF
1081,140,110,2655.0,0.7081461931754591,3.6911487758945385,17501.0,0.7595344408711165,0.9735758789497108,2.106451059939432,214.06948876237442,1411.084792026484,0.1517056168218959,36865.0,9800.0,0.265834802658348,Dorota_to_analzye_size_spaces_E2P4_TNF24h,E2P4_TNF
1082,141,113,2150.0,0.6908494038620961,1.4437209302325582,4652.0,0.7697809755892039,0.933012434817489,1.3693035253654342,173.3519400523936,375.0852209877837,0.4621668099742046,6370.0,3104.0,0.4872841444270016,Dorota_to_analzye_size_spaces_E2P4_TNF24h,E2P4_TNF
1083,142,108,2122.0,0.8612859281409797,2.933081998114986,26189.0,0.9512655966921504,0.9244916690200509,1.2897399671617855,171.09433339124615,2111.5878874568075,0.08102638512352514,33777.0,6224.0,0.18426740089409954,Dorota_to_analzye_size_spaces_E2P4_TNF24h,E2P4_TNF
1084,143,115,1957.0,0.8164447640137602,2.113438937148697,6591.0,0.7825053234232512,0.9776030851379413,1.6730389925656197,157.79057985234152,531.4244822722447,0.2969200424821727,11027.0,4136.0,0.37507935068468307,Dorota_to_analzye_size_spaces_E2P4_TNF24h,E2P4_TNF
1085,145,119,1987.0,0.8331932448543431,2.7055863110216407,4453.0,0.931938654083604,0.8621490803484995,2.4567707163709858,160.20944413214235,359.0400879317715,0.4462160341342915,10940.0,5376.0,0.49140767824497256,Dorota_to_analzye_size_spaces_E2P4_TNF24h,E2P4_TNF
1086,146,114,1485.0,0.6023996529849193,2.7845117845117846,23254.0,0.924055936565942,0.9055295950155763,1.7956910639029844,119.73378185014163,1874.9423320829585,0.06385998107852413,41757.0,4135.0,0.09902531312115334,Dorota_to_analzye_size_spaces_E2P4_TNF24h,E2P4_TNF
1087,147,123,1411.0,0.6704064942343321,1.9893692416725726,4324.0,0.789928644431858,0.9816118047673099,1.6179463459759482,113.76724995996621,348.63897152862785,0.32631822386679,6996.0,2807.0,0.40122927387078333,Dorota_to_analzye_size_spaces_E2P4_TNF24h,E2P4_TNF
1088,148,114,1389.0,0.649996867434651,2.6299496040316774,23254.0,0.924055936565942,0.9055295950155763,1.7956910639029844,111.99341615477893,1874.9423320829585,0.05973165906940742,41757.0,3653.0,0.087482338290586,Dorota_to_analzye_size_spaces_E2P4_TNF24h,E2P4_TNF
1089,149,122,2351.0,0.8161712336925143,2.1088898341131435,10460.0,0.8113323063900918,0.9757462686567164,1.4326003824091778,189.55833072705923,843.3773455572265,0.22476099426386234,14985.0,4958.0,0.3308641975308642,Dorota_to_analzye_size_spaces_E2P4_TNF24h,E2P4_TNF
1090,150,125,2154.0,0.8352441853456684,2.7186629526462394,6097.0,0.6436506223550382,0.8365806805708014,1.886501558143349,173.67445528970038,491.59385046485755,0.3532885025422339,11502.0,5856.0,0.5091288471570161,Dorota_to_analzye_size_spaces_E2P4_TNF24h,E2P4_TNF
1091,151,120,3034.0,0.7044847755946506,4.168094924192485,18921.0,0.7533358267526095,0.9518084410684642,2.4075365995454785,244.6278074971917,1525.5777012703902,0.16035093282596058,45553.0,12646.0,0.2776106952341229,Dorota_to_analzye_size_spaces_E2P4_TNF24h,E2P4_TNF
1092,152,123,714.0,0.6714718524114525,1.8697478991596639,4324.0,0.789928644431858,0.9816118047673099,1.6179463459759482,57.568969859260015,348.63897152862785,0.16512488436632747,6996.0,1335.0,0.19082332761578044,Dorota_to_analzye_size_spaces_E2P4_TNF24h,E2P4_TNF
1093,153,118,2239.0,0.7125174519192645,4.1621259490844125,15114.0,0.9157801448687805,0.9697786333012512,1.8911605134312557,180.52790408246943,1218.6238241636636,0.14814079661241233,28583.0,9319.0,0.3260329566525557,Dorota_to_analzye_size_spaces_E2P4_TNF24h,E2P4_TNF
1094,155,127,1053.0,0.3116363446649302,1.4890788224121558,3473.0,0.8236784142385912,0.975835908963192,1.6012093291102794,84.90213622100951,280.0238547916107,0.3031960840771667,5561.0,1568.0,0.281963675597914,Dorota_to_analzye_size_spaces_E2P4_TNF24h,E2P4_TNF
1095,157,129,476.0,0.7891659920006353,2.1995798319327733,14073.0,0.8761584375461342,0.9444332595127843,1.4597456121651389,38.37931323950667,1134.6892336545745,0.033823633908903576,20543.0,1047.0,0.0509662658813221,Dorota_to_analzye_size_spaces_E2P4_TNF24h,E2P4_TNF
1096,160,129,1424.0,0.6866433811949632,1.9712078651685394,14073.0,0.8761584375461342,0.9444332595127843,1.4597456121651389,114.81542448121324,1134.6892336545745,0.10118666950898884,20543.0,2807.0,0.13664021807915105,Dorota_to_analzye_size_spaces_E2P4_TNF24h,E2P4_TNF
1097,161,127,998.0,0.45403875250421843,1.623246492985972,3473.0,0.8236784142385912,0.975835908963192,1.6012093291102794,80.4675517080413,280.0238547916107,0.2873596314425569,5561.0,1620.0,0.29131451177845713,Dorota_to_analzye_size_spaces_E2P4_TNF24h,E2P4_TNF
1098,162,121,1597.0,0.5303867070960235,1.8090169067000625,22954.0,0.8660879573306524,0.9842631105012649,1.0478783654265051,128.76420849473143,1850.75368928495,0.06957393046963492,24053.0,2889.0,0.12010975761859227,Dorota_to_analzye_size_spaces_E2P4_TNF24h,E2P4_TNF
1099,163,121,593.0,0.7307748737542314,1.669477234401349,22954.0,0.8660879573306524,0.9842631105012649,1.0478783654265051,47.81288393072995,1850.75368928495,0.025834277250152478,24053.0,990.0,0.041159106972103274,Dorota_to_analzye_size_spaces_E2P4_TNF24h,E2P4_TNF
1100,164,128,2688.0,0.8008169550765313,2.597842261904762,25019.0,0.7352612985869785,0.9115053920139901,1.0320156680922499,216.73023947015534,2017.2521805445745,0.10743834685638914,25820.0,6983.0,0.2704492641363284,Dorota_to_analzye_size_spaces_E2P4_TNF24h,E2P4_TNF
1101,165,135,1868.0,0.712282328395518,2.689507494646681,3993.0,0.6496432398716203,0.979877300613497,2.2136238417230154,150.61461582226568,321.9508356414919,0.46781868269471577,8839.0,5024.0,0.5683900893766263,Dorota_to_analzye_size_spaces_E2P4_TNF24h,E2P4_TNF
1102,166,134,1208.0,0.4822024806582328,4.060430463576159,19906.0,0.7821710296453585,0.9586323139898868,1.8813925449613182,97.39960166664719,1604.9970784571847,0.06068522053652165,37451.0,4905.0,0.1309711356172065,Dorota_to_analzye_size_spaces_E2P4_TNF24h,E2P4_TNF
1103,167,136,953.0,0.5685850796655166,1.9150052465897167,3032.0,0.7367145255559153,0.9768041237113402,2.0534300791556728,76.83925528834004,244.4665498785383,0.3143139841688654,6226.0,1825.0,0.2931256023128815,Dorota_to_analzye_size_spaces_E2P4_TNF24h,E2P4_TNF
1104,168,134,934.0,0.758697602524471,3.226980728051392,19906.0,0.7821710296453585,0.9586323139898868,1.8813925449613182,75.30730791113284,1604.9970784571847,0.04692052647442982,37451.0,3014.0,0.08047849189607754,Dorota_to_analzye_size_spaces_E2P4_TNF24h,E2P4_TNF
1105,169,133,1060.0,0.329911976714128,2.3075471698113206,13953.0,0.6088033490694759,0.9589690721649484,1.611768078549416,85.46653788629638,1125.013776535371,0.07596932559306242,22489.0,2446.0,0.10876428476143893,Dorota_to_analzye_size_spaces_E2P4_TNF24h,E2P4_TNF
1106,170,133,776.0,0.6451079839735443,2.3002577319587627,13953.0,0.6088033490694759,0.9589690721649484,1.611768078549416,62.56795603751508,1125.013776535371,0.05561527986812872,22489.0,1784.9999999999998,0.07937213748943928,Dorota_to_analzye_size_spaces_E2P4_TNF24h,E2P4_TNF
1107,171,136,1179.0,0.4507407649802372,2.010178117048346,3032.0,0.7367145255559153,0.9768041237113402,2.0534300791556728,95.06136619617304,244.4665498785383,0.3888522427440633,6226.0,2370.0,0.38066174108576933,Dorota_to_analzye_size_spaces_E2P4_TNF24h,E2P4_TNF
1108,172,137,2080.0,0.8040914560049949,2.792307692307692,2998.0,0.7863221048356327,0.9816633922724296,2.828552368245497,167.70792339952496,241.72517036143068,0.6937958639092728,8480.0,5808.0,0.6849056603773584,Dorota_to_analzye_size_spaces_E2P4_TNF24h,E2P4_TNF
1109,173,140,1818.0,0.5620880773330124,1.9972497249724972,5784.0,0.8387516328960268,0.964964964964965,1.5122752420470262,146.58317535593096,466.3570331456021,0.31431535269709543,8747.0,3631.0,0.4151137532868412,Dorota_to_analzye_size_spaces_E2P4_TNF24h,E2P4_TNF
1110,174,139,2206.0,0.7666434936999347,1.6069809610154124,7437.0,0.7230583390557367,0.9773951899066895,1.1799112545381203,177.86715337468848,599.6364549626285,0.29662498319214736,8775.0,3545.0,0.403988603988604,Dorota_to_analzye_size_spaces_E2P4_TNF24h,E2P4_TNF
1111,175,138,3413.0,0.7207121672339563,2.150307647231175,24815.0,0.8383282916499875,0.8961719032141567,1.2371146483981463,275.186126232009,2000.803903441929,0.1375377795688092,30699.0,7339.000000000001,0.23906316166650382,Dorota_to_analzye_size_spaces_E2P4_TNF24h,E2P4_TNF
1112,177,142,781.0,0.6980175493497595,3.4571062740076823,3417.0,0.8683304241079992,0.8483118172790467,2.5937957272461225,62.97110008414856,275.50864146931576,0.22856306701785192,8863.0,2700.0,0.30463725600812364,Dorota_to_analzye_size_spaces_E2P4_TNF24h,E2P4_TNF
1113,178,141,2639.0,0.7308656563439816,2.072754831375521,13142.0,0.7344156887182455,0.9647628835706945,1.4556384112007306,212.7794278131473,1059.6238121714216,0.2008065743418049,19130.0,5470.0,0.2859383167799268,Dorota_to_analzye_size_spaces_E2P4_TNF24h,E2P4_TNF
1114,179,142,794.0,0.8520058922096002,2.9219143576826196,3417.0,0.8683304241079992,0.8483118172790467,2.5937957272461225,64.0192746053956,275.50864146931576,0.23236757389522975,8863.0,2320.0,0.2617623829403137,Dorota_to_analzye_size_spaces_E2P4_TNF24h,E2P4_TNF
1115,180,143,1344.0,0.6360691590142762,1.9181547619047619,4933.0,0.7778950234216668,0.9731702505425133,1.8726941009527671,108.36511973507767,397.7419164085849,0.27245084127305896,9238.0,2578.0,0.27906473262610954,Dorota_to_analzye_size_spaces_E2P4_TNF24h,E2P4_TNF
1116,182,146,993.0,0.525794372116623,2.365558912386707,2990.0,0.7765604106010289,0.9829059829059829,2.334113712374582,80.06440766140783,241.08013988681714,0.3321070234113712,6979.0,2349.0,0.33658117208769167,Dorota_to_analzye_size_spaces_E2P4_TNF24h,E2P4_TNF
1117,183,148,2604.0,0.6176342130262665,2.1447772657450077,4351.0,0.6410807871854639,0.9832768361581921,2.0105722822339693,209.95741948671298,350.8159493804486,0.5984831073316479,8748.0,5585.0,0.6384316415180613,Dorota_to_analzye_size_spaces_E2P4_TNF24h,E2P4_TNF
1118,184,143,865.0,0.6290343556825636,2.1861271676300578,4933.0,0.7778950234216668,0.9731702505425133,1.8726941009527671,69.7439200675909,397.7419164085849,0.17534968578958038,9238.0,1891.0,0.20469798657718122,Dorota_to_analzye_size_spaces_E2P4_TNF24h,E2P4_TNF
1119,185,146,1037.0,0.574368703419517,2.528447444551591,2990.0,0.7765604106010289,0.9829059829059829,2.334113712374582,83.6120752717824,241.08013988681714,0.3468227424749164,6979.0,2622.0,0.3756985241438601,Dorota_to_analzye_size_spaces_E2P4_TNF24h,E2P4_TNF
1120,186,149,1461.0,0.5994814578757499,2.486652977412731,9986.0,0.8239806488655287,0.9565134099616859,1.295413579010615,117.79869042630095,805.1592899363732,0.14630482675746045,12936.0,3633.0,0.28084415584415584,Dorota_to_analzye_size_spaces_E2P4_TNF24h,E2P4_TNF
1121,187,149,818.0,0.42972746987749966,2.371638141809291,9986.0,0.8239806488655287,0.9565134099616859,1.295413579010615,65.95436602923625,805.1592899363732,0.08191468055277389,12936.0,1940.0,0.14996907854050712,Dorota_to_analzye_size_spaces_E2P4_TNF24h,E2P4_TNF
1122,188,144,554.0,0.5159328248782521,1.3194945848375452,9944.0,0.9362060639709796,0.9463266082984393,0.9128117457763475,44.668360366988864,801.772879944652,0.055711987127916335,9077.0,731.0,0.08053321582020491,Dorota_to_analzye_size_spaces_E2P4_TNF24h,E2P4_TNF
1123,189,144,974.0,0.646330522297466,1.2145790554414784,9944.0,0.9362060639709796,0.9463266082984393,0.9128117457763475,78.53246028420064,801.772879944652,0.09794851166532582,9077.0,1183.0,0.1303294039881018,Dorota_to_analzye_size_spaces_E2P4_TNF24h,E2P4_TNF
1124,190,145,1043.0,0.42496451088139187,2.165867689357622,11235.0,0.7347316206220241,0.8765701802293828,1.2534045393858477,84.09584812774257,905.8646727854149,0.09283489096573208,14082.0,2259.0,0.16041755432466978,Dorota_to_analzye_size_spaces_E2P4_TNF24h,E2P4_TNF
1125,191,153,2260.0,0.78204660849411,1.3287610619469026,4572.0,0.7495908749590546,0.9678238780694327,1.4300087489063866,182.22110907833002,368.63491624164817,0.49431321084864394,6538.0,3003.0,0.4593147751605996,Dorota_to_analzye_size_spaces_E2P4_TNF24h,E2P4_TNF
1126,192,151,1216.0,0.6536446199118245,1.680921052631579,11275.0,0.8732414657765392,0.9412304866850322,0.9216851441241685,98.04463214126075,909.0898251584827,0.10784922394678492,10392.0,2044.0,0.1966897613548884,Dorota_to_analzye_size_spaces_E2P4_TNF24h,E2P4_TNF
1127,193,151,655.0,0.4894694625014934,1.483969465648855,11275.0,0.8732414657765392,0.9412304866850322,0.9216851441241685,52.811870108985026,909.0898251584827,0.05809312638580931,10392.0,972.0,0.09353348729792148,Dorota_to_analzye_size_spaces_E2P4_TNF24h,E2P4_TNF
1128,194,150,509.0,0.8229458314559273,2.330058939096267,15325.0,0.8223583090681861,0.9827497755547006,0.9738336052202284,41.0400639472876,1235.6365029315962,0.033213703099510605,14924.0,1186.0,0.07946931117662825,Dorota_to_analzye_size_spaces_E2P4_TNF24h,E2P4_TNF
1129,195,150,265.0,0.4457467506510136,2.2528301886792454,15325.0,0.8223583090681861,0.9827497755547006,0.9738336052202284,21.366634471574095,1235.6365029315962,0.01729200652528548,14924.0,597.0,0.040002680246582684,Dorota_to_analzye_size_spaces_E2P4_TNF24h,E2P4_TNF
1130,196,145,530.0,0.7070157737474123,2.267924528301887,11235.0,0.7347316206220241,0.8765701802293828,1.2534045393858477,42.73326894314819,905.8646727854149,0.04717400979083222,14082.0,1202.0,0.08535719358045732,Dorota_to_analzye_size_spaces_E2P4_TNF24h,E2P4_TNF
1131,197,150,686.0,0.5061919976140749,1.8061224489795917,15325.0,0.8223583090681861,0.9827497755547006,0.9738336052202284,55.31136319811256,1235.6365029315962,0.04476345840130506,14924.0,1239.0,0.08302063789868667,Dorota_to_analzye_size_spaces_E2P4_TNF24h,E2P4_TNF
1132,198,155,502.0,0.8221657162223301,1.402390438247012,9042.0,0.7572788125544138,0.9700675893144513,1.2527095775270958,40.475662282000734,729.0456939319735,0.055518690555186906,11327.0,704.0,0.062152379270768957,Dorota_to_analzye_size_spaces_E2P4_TNF24h,E2P4_TNF
1133,199,155,516.0,0.8015425493968651,1.558139534883721,9042.0,0.7572788125544138,0.9700675893144513,1.2527095775270958,41.604465612574465,729.0456939319735,0.05706702057067021,11327.0,804.0,0.07098084223536683,Dorota_to_analzye_size_spaces_E2P4_TNF24h,E2P4_TNF
1134,200,152,4179.0,0.7539882853588805,1.9727207465900933,13764.0,0.7929030548500148,0.9376021798365123,1.7223190932868353,336.9477941762571,1109.7749315726257,0.30361813426329554,23706.0,8244.0,0.3477600607441154,Dorota_to_analzye_size_spaces_E2P4_TNF24h,E2P4_TNF
1135,201,155,2286.0,0.8633585702764468,1.6176727909011372,9042.0,0.7572788125544138,0.9700675893144513,1.2527095775270958,184.31745812082409,729.0456939319735,0.2528201725282017,11327.0,3697.9999999999995,0.32647656043082895,Dorota_to_analzye_size_spaces_E2P4_TNF24h,E2P4_TNF
1136,202,154,1781.0,0.8440768189576475,2.146546883773161,6264.0,0.7801559030364825,0.9311728853872454,2.1109514687100894,143.59990941084325,505.0588616224156,0.28432311621966794,13223.0,3823.0,0.28911744687287305,Dorota_to_analzye_size_spaces_E2P4_TNF24h,E2P4_TNF
1137,203,155,1.0,0.0,0.0,9042.0,0.7572788125544138,0.9700675893144513,1.2527095775270958,0.0806288093266947,729.0456939319735,0.00011059500110595002,11327.0,0.0,0.0,Dorota_to_analzye_size_spaces_E2P4_TNF24h,E2P4_TNF
1138,204,157,2183.0,0.5756625728346405,1.6454420522217132,3528.0,0.2810627461476188,0.9838259899609593,1.5751133786848073,176.0126907601745,284.45843930457886,0.6187641723356009,5557.0,3592.0,0.646391938096095,Dorota_to_analzye_size_spaces_E2P4_TNF24h,E2P4_TNF
1139,205,159,846.0,0.3509528445452916,1.6347517730496455,2964.0,0.7881969077156636,0.9798347107438017,1.5077597840755737,68.21197269038372,238.98379084432307,0.2854251012145749,4469.0,1383.0,0.3094652047437906,Dorota_to_analzye_size_spaces_E2P4_TNF24h,E2P4_TNF
1140,206,158,1723.0,0.5824782129530597,1.6192687173534532,2973.0,0.2838309444249461,0.9798945286750165,1.677766565758493,138.92343846989496,239.70945012826334,0.5795492768247561,4988.0,2790.0,0.5593424218123496,Dorota_to_analzye_size_spaces_E2P4_TNF24h,E2P4_TNF
1141,207,159,876.0,0.5885260411809751,1.5319634703196348,2964.0,0.7881969077156636,0.9798347107438017,1.5077597840755737,70.63083697018455,238.98379084432307,0.29554655870445345,4469.0,1342.0,0.3002908928171851,Dorota_to_analzye_size_spaces_E2P4_TNF24h,E2P4_TNF
1142,208,156,698.0,0.6650390263876648,1.7664756446991403,17967.0,0.842815691084743,0.9647747409117757,0.9898703178048645,56.2789089100329,1448.6578171727235,0.03884900094617911,17785.0,1233.0,0.06932808546527973,Dorota_to_analzye_size_spaces_E2P4_TNF24h,E2P4_TNF
1143,209,156,1086.0,0.524441722271243,2.116022099447514,17967.0,0.842815691084743,0.9647747409117757,0.9898703178048645,87.56288692879043,1448.6578171727235,0.06044414760394056,17785.0,2298.0,0.12921000843407365,Dorota_to_analzye_size_spaces_E2P4_TNF24h,E2P4_TNF
1144,210,156,279.0,0.3420831262922763,1.982078853046595,17967.0,0.842815691084743,0.9647747409117757,0.9898703178048645,22.49543780214782,1448.6578171727235,0.01552846885957589,17785.0,553.0,0.031093618217599102,Dorota_to_analzye_size_spaces_E2P4_TNF24h,E2P4_TNF
1145,211,160,1722.0,0.6623123467803336,1.348432055749129,3510.0,0.7119768235457024,0.980720871751886,1.367806267806268,138.84280966056826,283.00712073669837,0.4905982905982906,4801.0,2322.0,0.48364923974172047,Dorota_to_analzye_size_spaces_E2P4_TNF24h,E2P4_TNF
1146,212,161,2471.0,0.7768437800371765,1.7320922703358963,3546.0,0.7877614368615296,0.9844530816213215,1.6435420191765369,199.2337878462626,285.9097578724594,0.6968415115623238,5828.0,4280.0,0.7343857240905971,Dorota_to_analzye_size_spaces_E2P4_TNF24h,E2P4_TNF
1147,213,163,1908.0,0.591120920097246,1.370545073375262,3469.0,0.4661732078806957,0.9813295615275813,1.445085038916114,153.83976819533348,279.7013395543039,0.5500144133756125,5013.0,2615.0,0.5216437263115898,Dorota_to_analzye_size_spaces_E2P4_TNF24h,E2P4_TNF
1148,214,162,820.0,0.8270380692141813,2.0341463414634147,2429.0,0.8851063119378219,0.9755020080321285,1.629477151090984,66.11562364788965,195.8473778545414,0.33758748456154797,3958.0,1668.0,0.42142496210207175,Dorota_to_analzye_size_spaces_E2P4_TNF24h,E2P4_TNF
1149,215,164,1246.0,0.6476504184845285,1.6669341894060996,3301.0,0.7864003807274174,0.9792346484722634,1.6882762799151771,100.46349642106159,266.1556995874192,0.3774613753408058,5573.0,2077.0,0.37268975417190026,Dorota_to_analzye_size_spaces_E2P4_TNF24h,E2P4_TNF
1150,216,165,1040.0,0.46730647272408893,2.148076923076923,3163.0,0.8268928529460574,0.9795602353669867,1.8887132469174834,83.85396169976248,255.02892390033531,0.3288017704710718,5974.0,2234.0,0.37395379979912957,Dorota_to_analzye_size_spaces_E2P4_TNF24h,E2P4_TNF
1151,218,162,475.0,0.4432438940695242,1.5115789473684211,2429.0,0.8851063119378219,0.9755020080321285,1.629477151090984,38.29868443017998,195.8473778545414,0.1955537258130918,3958.0,718.0,0.18140474987367358,Dorota_to_analzye_size_spaces_E2P4_TNF24h,E2P4_TNF
1152,219,164,788.0,0.6261514658759346,1.5558375634517767,3301.0,0.7864003807274174,0.9792346484722634,1.6882762799151771,63.53550174943542,266.1556995874192,0.23871554074522872,5573.0,1226.0,0.21998923380584964,Dorota_to_analzye_size_spaces_E2P4_TNF24h,E2P4_TNF
1153,220,165,834.0,0.4777979947745594,1.9784172661870503,3163.0,0.8268928529460574,0.9795602353669867,1.8887132469174834,67.24442697846338,255.02892390033531,0.26367372747391715,5974.0,1650.0,0.2761968530297958,Dorota_to_analzye_size_spaces_E2P4_TNF24h,E2P4_TNF
1154,221,166,1637.0,0.8300865408497137,2.0604764813683567,3293.0,0.805665189720217,0.9829850746268657,1.828727604008503,131.9893608677992,265.51066911280566,0.4971150926207106,6022.0,3373.0,0.560112919295915,Dorota_to_analzye_size_spaces_E2P4_TNF24h,E2P4_TNF
1155,222,167,1699.0,0.8062734806571507,2.652148322542672,3466.0,0.7839991639511824,0.9804809052333805,2.355452971725332,136.9883470460543,279.4594531263238,0.49019042123485285,8164.0,4506.0,0.5519353258206762,Dorota_to_analzye_size_spaces_E2P4_TNF24h,E2P4_TNF
1156,16,15,1706.0,0.9233220994580799,3.0844079718640094,7659.0,0.9736152247760672,0.969003036437247,2.215824520172346,137.55274871134114,617.5360506331547,0.22274448361404883,16971.0,5262.0,0.3100583348064345,Dorota_to_analzye_size_spaces_TNF24h,TNF
1157,19,16,88.0,0.8412170203888395,1.1931818181818181,2297.0,0.6279862904212175,0.9671578947368421,1.2333478450152373,7.095335220749133,185.20437502341773,0.03831084022638224,2833.0,105.0,0.0370631839039887,Dorota_to_analzye_size_spaces_TNF24h,TNF
1158,23,17,3754.0,0.808345325064048,2.18193926478423,21123.0,0.9374064279120081,0.7540427658587084,1.5810254225252094,302.6805502124119,1703.122339407772,0.1777209676655778,33396.0,8190.999999999999,0.24526889447838063,Dorota_to_analzye_size_spaces_TNF24h,TNF
1159,24,18,3563.0,0.7279995491188072,2.264664608476003,44892.0,0.8367215750026095,0.8014138817480719,0.9222801390002673,287.2804476310132,3619.588508293978,0.07936826160563129,41403.0,8068.999999999999,0.19488925923242276,Dorota_to_analzye_size_spaces_TNF24h,TNF
1160,25,21,3132.0,0.7445297179339185,1.4987228607918264,19768.0,0.9345093205831629,0.9613850792724443,0.6678470254957507,252.5294308112078,1593.8703027701008,0.1584378794010522,13202.0,4694.0,0.35555218906226327,Dorota_to_analzye_size_spaces_TNF24h,TNF
1161,26,23,2530.0,0.6917618740196227,2.2553359683794465,24889.0,0.8912348602702809,0.960112641283802,1.3752661818474026,203.9908875965376,2006.7704353321042,0.10165133191369681,34229.0,5706.0,0.16670075082532357,Dorota_to_analzye_size_spaces_TNF24h,TNF
1162,28,23,1169.0,0.7097518363795178,2.5243798118049616,24889.0,0.8912348602702809,0.960112641283802,1.3752661818474026,94.2550781029061,2006.7704353321042,0.046968540319016434,34229.0,2951.0,0.08621344473984048,Dorota_to_analzye_size_spaces_TNF24h,TNF
1163,29,20,2655.0,0.7002570011056101,2.4026365348399246,23577.0,0.8920396416565866,0.9011581240683408,1.2681426814268142,214.06948876237442,1900.9854374954807,0.11260974678712304,29898.999999999996,6379.0,0.2133516171109402,Dorota_to_analzye_size_spaces_TNF24h,TNF
1164,30,19,3931.0,0.7775853858084176,1.9025693207835157,36671.0,0.666909831744371,0.8662509153615383,1.2842300455400726,316.95184946323684,2956.739066819221,0.10719642224100788,47094.0,7479.0,0.15881003949547712,Dorota_to_analzye_size_spaces_TNF24h,TNF
1165,31,22,1791.0,0.7409718712007585,2.4567280848687885,13209.0,0.9569492993452142,0.9281849483521889,1.3502157619804678,144.4061975041102,1065.0259423963103,0.13558937088348852,17835.0,4400.0,0.24670591533501543,Dorota_to_analzye_size_spaces_TNF24h,TNF
1166,32,22,94.0,0.8414650748504237,1.1170212765957446,13209.0,0.9569492993452142,0.9281849483521889,1.3502157619804678,7.579108076709302,1065.0259423963103,0.007116360057536528,17835.0,104.99999999999999,0.0058873002523128675,Dorota_to_analzye_size_spaces_TNF24h,TNF
1167,33,31,1123.0,0.7999601915844082,2.238646482635797,5036.0,0.791078930561929,0.9843627834245504,1.908260524225576,90.54615287387814,406.0466837692345,0.22299444003177124,9610.0,2514.0,0.2616024973985432,Dorota_to_analzye_size_spaces_TNF24h,TNF
1168,34,34,2068.0,0.8206066194473195,1.5111218568665377,3680.0,0.8120498633783074,0.9792442788717403,1.4010869565217392,166.74037768760462,296.7140183222365,0.5619565217391305,5156.0,3125.0,0.6060899922420481,Dorota_to_analzye_size_spaces_TNF24h,TNF
1169,37,35,2362.0,0.7621750080105947,2.418289585097375,5747.0,0.7096550338813562,0.9845811204385815,2.35270575952671,190.44524762965287,463.3737672005144,0.4109970419349226,13521.000000000002,5712.0,0.4224539605058797,Dorota_to_analzye_size_spaces_TNF24h,TNF
1170,38,31,2257.0,0.6623353108025998,1.8373947718210013,5036.0,0.791078930561929,0.9843627834245504,1.908260524225576,181.97922265034993,406.0466837692345,0.4481731532962669,9610.0,4147.0,0.4315296566077003,Dorota_to_analzye_size_spaces_TNF24h,TNF
1171,39,35,1844.0,0.7869771679735658,2.367136659436009,5747.0,0.7096550338813562,0.9845811204385815,2.35270575952671,148.67952439842503,463.3737672005144,0.3208630589872977,13521.000000000002,4365.0,0.32283115154204567,Dorota_to_analzye_size_spaces_TNF24h,TNF
1172,40,27,2040.0,0.7172738518087262,4.818137254901961,13272.0,0.34044071448806984,0.9290214195716086,2.4593881856540083,164.4827710264572,1070.105557383892,0.15370705244122965,32640.999999999996,9829.0,0.3011243528078184,Dorota_to_analzye_size_spaces_TNF24h,TNF
1173,41,25,1911.0,0.7159567297094848,2.173731030873888,19260.0,0.9611101052997503,0.9295815435107871,1.2002596053997923,154.08165462331357,1552.9108676321398,0.09922118380062306,23117.0,4154.0,0.1796945970497902,Dorota_to_analzye_size_spaces_TNF24h,TNF
1174,42,33,5573.0,0.834782079699667,2.2521083796877805,16192.0,0.9701039380511348,0.8644031603672859,1.728013833992095,449.34435437766956,1305.5416806178405,0.3441823122529644,27980.0,12551.000000000002,0.44857040743388144,Dorota_to_analzye_size_spaces_TNF24h,TNF
1175,43,29,4712.0,0.6666806682312458,1.964346349745331,39496.0,0.5984970832612851,0.9754507285749567,1.0069374113834313,379.92294954738543,3184.5154531671337,0.11930322057929917,39770.0,9256.0,0.23273824490822229,Dorota_to_analzye_size_spaces_TNF24h,TNF
1176,44,36,2292.0,0.723501702017975,3.743455497382199,18835.0,0.8037668496802399,0.9680320707200494,2.674488983275816,184.80123097678424,1518.6436236682946,0.12168834616405627,50373.99999999999,8580.0,0.17032596180569343,Dorota_to_analzye_size_spaces_TNF24h,TNF
1177,45,28,3516.0,0.8058887721049249,3.2417519908987487,32137.0,0.6515781779390325,0.9092117919990946,1.6379873665868003,283.49089359265855,2591.1680453319873,0.10940660298098764,52640.0,11398.0,0.2165273556231003,Dorota_to_analzye_size_spaces_TNF24h,TNF
1178,46,38,2368.0,0.7260140757930998,1.616554054054054,31037.0,0.858379888402736,0.9136322157134026,0.8832683571221446,190.92902048561302,2502.4763550726234,0.07629603376615007,27414.0,3827.9999999999995,0.13963668198730575,Dorota_to_analzye_size_spaces_TNF24h,TNF
1179,47,40,2087.0,0.8598380597489363,1.828941063727839,3773.0,0.799764590436944,0.9764492753623188,1.4375828253379275,168.27232506481184,304.2124975896191,0.5531407368142062,5424.0,3817.0,0.7037241887905604,Dorota_to_analzye_size_spaces_TNF24h,TNF
1180,48,37,1947.0,0.7439384439409654,1.9912686183872625,17977.0,0.7142595407469978,0.9538894195054654,0.88123713634088,156.98429175907458,1449.4641052659906,0.10830505646103354,15842.0,3877.0,0.24472920085847746,Dorota_to_analzye_size_spaces_TNF24h,TNF
1181,49,39,2210.0,0.8131381134464809,3.0760180995475115,8670.0,0.9004125452619453,0.9373986376905611,2.707612456747405,178.18966861199527,699.051776862443,0.2549019607843137,23475.0,6798.0,0.2895846645367412,Dorota_to_analzye_size_spaces_TNF24h,TNF
1182,50,41,1344.0,0.6029794970971172,2.658482142857143,8895.0,0.7161935607086705,0.7997662290954864,2.0183249016301295,108.36511973507767,717.1932589609493,0.15109612141652615,17953.0,3573.0,0.1990196624519579,Dorota_to_analzye_size_spaces_TNF24h,TNF
1183,51,41,821.0,0.6538822546314556,3.0401948842874544,8895.0,0.7161935607086705,0.7997662290954864,2.0183249016301295,66.19625245721635,717.1932589609493,0.0922990444069702,17953.0,2496.0,0.1390296886314265,Dorota_to_analzye_size_spaces_TNF24h,TNF
1184,52,42,1676.0,0.6558134827471166,1.5656324582338903,14005.0,0.6193420061086964,0.8478629374016224,0.9755801499464477,135.1338844315403,1129.2064746203591,0.11967154587647269,13663.0,2624.0,0.19205152601917588,Dorota_to_analzye_size_spaces_TNF24h,TNF
1185,53,43,2096.0,0.7580485069625652,2.865935114503817,21482.0,0.289247513784357,0.9194487245334703,1.3750116376501258,168.99798434875208,1732.0680819560555,0.09757005865375663,29538.000000000004,6007.0,0.20336515674724082,Dorota_to_analzye_size_spaces_TNF24h,TNF
1186,54,44,2817.0,0.7479244482998516,3.3209087681931133,22774.0,0.791294719854553,0.9330929651329537,1.8083779748836393,227.13135587329896,1836.240503606145,0.12369368578203215,41184.0,9355.0,0.2271513209013209,Dorota_to_analzye_size_spaces_TNF24h,TNF
1187,55,46,1996.0,0.7929000343353463,2.3021042084168335,14756.0,0.9116673888202139,0.8557179308745071,1.5357820547573868,160.9351034160826,1189.7587104247068,0.1352670100298184,22662.0,4595.0,0.2027623334215868,Dorota_to_analzye_size_spaces_TNF24h,TNF
1188,56,45,2758.0,0.7151967446687156,2.5841189267585207,31535.0,0.8878767673750119,0.9351184651424843,1.742127794514032,222.37425612302397,2542.6295021173173,0.0874583795782464,54938.0,7127.0,0.1297280570825294,Dorota_to_analzye_size_spaces_TNF24h,TNF
1189,58,48,2073.0,0.5957049430635759,1.4881813796430294,25126.0,0.8156718592586243,0.9555792195938236,0.7416222239910849,167.1435217342381,2025.879463142531,0.08250417893815172,18634.0,3085.0,0.1655575829129548,Dorota_to_analzye_size_spaces_TNF24h,TNF
1190,59,53,2204.0,0.7706367651389112,0.9092558983666061,4340.0,0.6650715698502032,0.9847969140004538,0.9486175115207374,177.70589575603512,349.929032477855,0.5078341013824885,4117.0,2004.0,0.48676220548943405,Dorota_to_analzye_size_spaces_TNF24h,TNF
1191,60,45,2345.0,0.8560022621225144,1.7718550106609807,31535.0,0.8878767673750119,0.9351184651424843,1.742127794514032,189.07455787109905,2542.6295021173173,0.07436182019977802,54938.0,4155.0,0.07563071098329026,Dorota_to_analzye_size_spaces_TNF24h,TNF
1192,62,57,2915.0,0.7431199536269065,1.269982847341338,4652.0,0.7671339820081557,0.9544521953221173,1.2362424763542563,235.03297918731502,375.0852209877837,0.6266122098022356,5751.0,3702.0,0.6437141366718832,Dorota_to_analzye_size_spaces_TNF24h,TNF
1193,63,55,461.0,0.2685134493926116,1.5206073752711498,6706.0,0.708195884536067,0.9747093023255814,1.4400536832687145,37.16988109960626,540.6967953448146,0.06874440799284223,9657.0,701.0,0.07258983121052087,Dorota_to_analzye_size_spaces_TNF24h,TNF
1194,64,55,2892.0,0.7775665659545181,1.5114107883817427,6706.0,0.708195884536067,0.9747093023255814,1.4400536832687145,233.17851657280104,540.6967953448146,0.4312555920071578,9657.0,4371.0,0.4526250388319354,Dorota_to_analzye_size_spaces_TNF24h,TNF
1195,67,51,2150.0,0.7583862660442874,2.366046511627907,23202.0,0.8255028776041172,0.9520722199425523,1.169252650633566,173.3519400523936,1870.7496339979702,0.09266442548056202,27129.0,5087.0,0.1875115190386671,Dorota_to_analzye_size_spaces_TNF24h,TNF
1196,68,49,1152.0,0.5366156925707475,3.318576388888889,22310.0,0.9507388252406143,0.9352337036260742,1.3583594800537875,92.88438834435229,1798.8287360785587,0.05163603765127745,30305.0,3823.0,0.12615080019798713,Dorota_to_analzye_size_spaces_TNF24h,TNF
1197,70,55,277.0,0.6356737286543773,1.5270758122743682,6706.0,0.708195884536067,0.9747093023255814,1.4400536832687145,22.334180183494432,540.6967953448146,0.041306292872054874,9657.0,423.0,0.04380242311276794,Dorota_to_analzye_size_spaces_TNF24h,TNF
1198,71,54,2405.0,0.8249613554082029,2.721829521829522,19044.0,0.8452129362705575,0.8397936234951713,1.7911678218861584,193.91228643070073,1535.4950448175737,0.12628649443394244,34111.0,6546.0,0.19190290522118963,Dorota_to_analzye_size_spaces_TNF24h,TNF
1199,72,60,4172.0,0.7285267293280948,1.670182166826462,8774.0,0.7907305901126918,0.9625891387822271,1.4968087531342602,336.3833925109703,707.4371730324192,0.4754957829952131,13132.999999999998,6968.0,0.530571841924922,Dorota_to_analzye_size_spaces_TNF24h,TNF
1200,73,56,2233.0,0.8198411040542795,2.698163905060457,19594.0,0.7706765097187426,0.9537577881619937,1.7053179544758599,180.04413122650925,1579.8408899472558,0.11396345820149026,33414.0,6025.0,0.1803136409888071,Dorota_to_analzye_size_spaces_TNF24h,TNF
1201,74,49,1030.0,0.7260884384620956,3.0223300970873788,22310.0,0.9507388252406143,0.9352337036260742,1.3583594800537875,83.04767360649554,1798.8287360785587,0.04616763783056925,30305.0,3113.0,0.10272232304900182,Dorota_to_analzye_size_spaces_TNF24h,TNF
1202,75,59,577.0,0.6524414150802055,1.755632582322357,8321.0,0.906387173058562,0.9522774090180819,1.120057685374354,46.52282298150284,670.9123224074266,0.06934262708809037,9320.0,1013.0,0.10869098712446353,Dorota_to_analzye_size_spaces_TNF24h,TNF
1203,76,59,619.0,0.5203116397362461,1.5525040387722133,8321.0,0.906387173058562,0.9522774090180819,1.120057685374354,49.909232973224015,670.9123224074266,0.07439009734406922,9320.0,961.0,0.10311158798283261,Dorota_to_analzye_size_spaces_TNF24h,TNF
1204,77,50,2121.0,0.7080212062890553,2.8632720414898634,29699.0,0.9436630462113932,0.9090602999693909,1.0693962759688878,171.01370458191946,2394.5950081935057,0.07141654601165022,31759.999999999996,6073.0,0.19121536523929472,Dorota_to_analzye_size_spaces_TNF24h,TNF
1205,78,62,1020.0,0.7230721171773026,1.2098039215686274,13683.0,0.9734796901442614,0.910379241516966,0.7709566615508295,82.2413855132286,1103.2439980171634,0.07454505590879193,10549.0,1234.0,0.11697791259835055,Dorota_to_analzye_size_spaces_TNF24h,TNF
1206,79,58,1875.0,0.8863033023172631,1.8682666666666667,13484.0,0.9843062435228054,0.8464532328939108,1.0952981311183625,151.17901748755256,1087.1988649611512,0.13905369326609315,14769.0,3503.0,0.2371859976978807,Dorota_to_analzye_size_spaces_TNF24h,TNF
1207,80,65,2334.0,0.6271781165210747,3.5235646958011997,24070.0,0.7660317557349726,0.8854798955229372,1.7322393020357292,188.1876409685054,1940.7354404935413,0.09696717906107187,41695.0,8224.0,0.19724187552464326,Dorota_to_analzye_size_spaces_TNF24h,TNF
1208,81,67,1281.0,0.61252377403353,2.031225604996097,16127.0,0.6055783938471769,0.9163588840275015,0.8117442797792522,103.2855047474959,1300.3008080116053,0.07943200843306257,13091.0,2602.0,0.19876250859369032,Dorota_to_analzye_size_spaces_TNF24h,TNF
1209,82,63,1883.0,0.7606828650966289,1.3754646840148699,20125.0,0.5999898436198333,0.8717782109594975,0.962136645962733,151.8240479621661,1622.6547876997308,0.09356521739130434,19363.0,2590.0,0.13376026442183547,Dorota_to_analzye_size_spaces_TNF24h,TNF
1210,83,66,2316.0,0.8315702286958314,2.237910189982729,17072.0,0.8767447329585777,0.8613521695257316,1.611117619493908,186.7363224006249,1376.495032825332,0.13566073102155576,27505.0,5183.0,0.188438465733503,Dorota_to_analzye_size_spaces_TNF24h,TNF
1211,84,61,2097.0,0.6673660517389255,2.004768717215069,21245.0,0.9181663122783579,0.8885403596821414,1.0633560837844198,169.07861315807878,1712.959054145629,0.09870557778300777,22591.0,4204.0,0.18609180647160373,Dorota_to_analzye_size_spaces_TNF24h,TNF
1212,85,64,1745.0,0.785111118247524,3.33810888252149,12681.0,0.9252452882458996,0.9432460577209164,1.838340824856084,140.69727227508224,1022.4539310718154,0.13760744420787005,23312.0,5825.0,0.2498713109128346,Dorota_to_analzye_size_spaces_TNF24h,TNF
1213,86,65,1355.0,0.8413207419446751,3.577859778597786,24070.0,0.7660317557349726,0.8854798955229372,1.7322393020357292,109.25203663767131,1940.7354404935413,0.05629414208558371,41695.0,4848.0,0.11627293440460487,Dorota_to_analzye_size_spaces_TNF24h,TNF
1214,87,62,291.0,0.8664546185568311,1.3676975945017182,13683.0,0.9734796901442614,0.910379241516966,0.7709566615508295,23.462983514068156,1103.2439980171634,0.021267265950449463,10549.0,398.0,0.03772869466300123,Dorota_to_analzye_size_spaces_TNF24h,TNF
1215,89,62,668.0,0.416306470418154,1.4910179640718564,13683.0,0.9734796901442614,0.910379241516966,0.7709566615508295,53.86004463023205,1103.2439980171634,0.04881970328144413,10549.0,996.0000000000001,0.09441653237273677,Dorota_to_analzye_size_spaces_TNF24h,TNF
1216,90,70,2550.0,0.7975688498894135,1.2105882352941177,11199.0,0.8258477096172704,0.9847006067000791,1.2663630681310831,205.60346378307148,902.9620356496539,0.2276989016876507,14182.0,3087.0000000000005,0.2176702862783811,Dorota_to_analzye_size_spaces_TNF24h,TNF
1217,91,69,1016.0,0.47360563421156054,1.9665354330708662,12438.0,0.845082282962164,0.9368785778849051,1.0553947579996783,81.9188702759218,1002.8611304054286,0.08168515838559254,13126.999999999998,1998.0,0.15220537822807956,Dorota_to_analzye_size_spaces_TNF24h,TNF
1218,92,71,2250.0,0.7416299553764506,1.0862222222222222,3768.0,0.682621995130082,0.9817613340281397,1.1470276008492568,181.41482098506307,303.8093535429856,0.5971337579617835,4322.0,2444.0,0.5654789449329014,Dorota_to_analzye_size_spaces_TNF24h,TNF
1219,93,69,1133.0,0.4830373258260943,1.7087378640776698,12438.0,0.845082282962164,0.9368785778849051,1.0553947579996783,91.35244096714509,1002.8611304054286,0.09109181540440585,13126.999999999998,1936.0,0.1474822884131942,Dorota_to_analzye_size_spaces_TNF24h,TNF
1220,94,72,2130.0,0.7428838597807104,2.7943661971830984,14906.0,0.8654839380191464,0.8930026359932902,1.785790956661747,171.7393638658597,1201.853031823711,0.14289547833087346,26619.0,5952.0,0.22359968443592923,Dorota_to_analzye_size_spaces_TNF24h,TNF
1221,95,73,3672.0,0.7622206547955542,2.0403050108932463,27504.0,0.7870757684364513,0.944927337066685,1.0180700988947062,296.0689878476229,2217.6147717214108,0.13350785340314136,28001.0,7492.000000000001,0.2675618727902575,Dorota_to_analzye_size_spaces_TNF24h,TNF
1222,96,77,1756.0,0.5323400667425574,2.1440774487471526,15017.0,0.8163260141112637,0.9481027842666835,1.0311646800293002,141.58418917767588,1210.8028296589741,0.11693414130651927,15485.0,3765.0,0.24313852114949952,Dorota_to_analzye_size_spaces_TNF24h,TNF
1223,97,78,3088.0,0.6394881334689325,1.5187823834196892,12853.0,0.8285015453813567,0.9801723480515518,1.2988407375709952,248.98176320083323,1036.322086276007,0.24025519334007625,16694.0,4690.0,0.28093925961423266,Dorota_to_analzye_size_spaces_TNF24h,TNF
1224,98,81,2664.0,0.6794478117403594,1.7961711711711712,7268.0,0.7564464711048178,0.9826933477555435,1.5487066593285637,214.79514804631467,586.0101861864171,0.36653824986241057,11256.0,4785.0,0.42510660980810233,Dorota_to_analzye_size_spaces_TNF24h,TNF
1225,99,76,3866.0,0.8000524859577401,3.1880496637351268,37939.0,0.5704588926223202,0.9362568481318789,2.0101742270486835,311.7109768570017,3058.97639704547,0.10190041909380848,76264.0,12325.0,0.1616096716668415,Dorota_to_analzye_size_spaces_TNF24h,TNF
1226,100,75,1052.0,0.5297900303798704,2.326996197718631,27756.0,0.7963492800133333,0.9731094204676928,0.7799394725464764,84.82150741168282,2237.9332316717378,0.0379017149445165,21648.0,2448.0,0.1130820399113082,Dorota_to_analzye_size_spaces_TNF24h,TNF
1227,102,81,1329.0,0.7384431841846979,1.890142964635064,7268.0,0.7564464711048178,0.9826933477555435,1.5487066593285637,107.15568759517726,586.0101861864171,0.18285635663181068,11256.0,2512.0,0.22316986496090974,Dorota_to_analzye_size_spaces_TNF24h,TNF
1228,103,75,1279.0,0.400586155814066,1.946051602814699,27756.0,0.7963492800133333,0.9731094204676928,0.7799394725464764,103.12424712884251,2237.9332316717378,0.04608012681942643,21648.0,2489.0,0.1149759793052476,Dorota_to_analzye_size_spaces_TNF24h,TNF
1229,104,83,2280.0,0.7240378091563309,2.5048245614035087,23687.0,0.8844637034610155,0.7797419184936467,1.1900620593574534,183.8336852648639,1909.8546065214173,0.0962553299278085,28188.999999999996,5711.0,0.20259675760048249,Dorota_to_analzye_size_spaces_TNF24h,TNF
1230,105,79,2260.0,0.6715765639792839,1.9261061946902656,14557.0,0.7728983904071198,0.9571935823250921,0.952119255341073,182.22110907833002,1173.7135773686946,0.15525176890842893,13860.0,4353.0,0.31406926406926405,Dorota_to_analzye_size_spaces_TNF24h,TNF
1231,106,82,3101.0,0.3601545552648666,1.946791357626572,17950.0,0.9150762196858435,0.8215102974828375,1.2733704735376044,250.02993772208026,1447.2871274141698,0.17275766016713093,22856.999999999996,6037.0,0.26412040075250476,Dorota_to_analzye_size_spaces_TNF24h,TNF
1232,107,80,2174.0,0.7711817777065658,1.7686292548298068,30717.0,0.7507464660703969,0.9197532712519089,0.7260149103102517,175.28703147623426,2476.6751360880808,0.07077514080151057,22301.0,3845.0,0.1724137931034483,Dorota_to_analzye_size_spaces_TNF24h,TNF
1233,108,86,3933.0,0.8114735468227323,2.5136028476989574,39608.0,0.6593126335821228,0.9671102429495788,1.2703241769339528,317.11310708189023,3193.5458798117234,0.09929812159159766,50315.00000000001,9886.0,0.1964821623770247,Dorota_to_analzye_size_spaces_TNF24h,TNF
1234,109,88,2420.0,0.8572549032971982,1.8524793388429752,19317.0,0.8963767801779015,0.8318763188493175,1.095356421804628,195.12171857060116,1557.5067097637614,0.1252782523166123,21159.0,4483.0,0.21187201663594687,Dorota_to_analzye_size_spaces_TNF24h,TNF
1235,110,87,1267.0,0.42368867026005114,1.702446724546172,16683.0,0.8591516679457655,0.9542958471570758,0.9456332793862016,102.15670141692217,1345.1304259972476,0.07594557333812864,15776.0,2157.0,0.13672667342799188,Dorota_to_analzye_size_spaces_TNF24h,TNF
1236,111,91,1895.0,0.7975312394928916,2.0601583113456465,5705.0,0.8081461285207341,0.9768835616438356,1.9002629272567924,152.79159367408644,459.98735720879324,0.33216476774758985,10841.0,3904.0,0.3601143805921963,Dorota_to_analzye_size_spaces_TNF24h,TNF
1237,112,90,1832.0,0.8701039316366778,1.287117903930131,12228.0,0.7638083299040941,0.9653430172890187,0.6788518155053974,147.7119786865047,985.9290804468227,0.1498200850507033,8301.0,2358.0,0.28406216118539934,Dorota_to_analzye_size_spaces_TNF24h,TNF
1238,113,87,877.0,0.5270253131278295,1.7867730900798175,16683.0,0.8591516679457655,0.9542958471570758,0.9456332793862016,70.71146577951124,1345.1304259972476,0.05256848288677096,15776.0,1567.0,0.09932809330628803,Dorota_to_analzye_size_spaces_TNF24h,TNF
1239,114,89,3318.0,0.8292419334188422,2.8685955394816154,12581.0,0.9009879061212445,0.9306850125758248,2.0771798744137984,267.526389345973,1014.3910501391459,0.263731022971147,26132.999999999996,9518.0,0.3642138292580263,Dorota_to_analzye_size_spaces_TNF24h,TNF
1240,115,94,3035.0,0.8773467978665251,1.487314662273476,6588.0,0.8085254328648213,0.9834303627407076,1.1593806921675773,244.7084363065184,531.1825958442646,0.46068609593199755,7637.999999999999,4514.0,0.5909924063891072,Dorota_to_analzye_size_spaces_TNF24h,TNF
1241,116,93,1460.0,0.7516841056269579,4.419178082191781,22302.0,0.45247279949084224,0.9554041896928416,1.4777598421666218,117.71806161697425,1798.183705603945,0.06546498071921801,32957.0,6452.0,0.19577024607822313,Dorota_to_analzye_size_spaces_TNF24h,TNF
1242,117,92,999.0,0.8036015240017819,3.991991991991992,14181.0,0.7172586823229868,0.9802986312733306,2.568225089909033,80.548180517368,1143.3971450618574,0.0704463719060715,36420.0,3988.0,0.10950027457440967,Dorota_to_analzye_size_spaces_TNF24h,TNF
1243,119,97,1819.0,0.7902785286749868,1.4667399670148433,6617.0,0.41519584807212384,0.9654216515903122,1.1808976877739157,146.66380416525766,533.5208313147388,0.2748979900256914,7814.0,2668.0,0.3414384438187868,Dorota_to_analzye_size_spaces_TNF24h,TNF
1244,120,100,2553.0,0.5300111488466649,2.1414022718370544,3508.0,0.5533941163417823,0.9787946428571429,2.0213797035347776,205.84535021105157,282.845863118045,0.7277651083238312,7091.0,5467.0,0.7709772951628825,Dorota_to_analzye_size_spaces_TNF24h,TNF
1245,121,96,1028.0,0.8432801268930847,3.2811284046692606,18259.0,0.7941877815462259,0.9817722335735025,2.1379593625061615,82.88641598784214,1472.2014294961184,0.05630100224546799,39037.0,3373.0,0.08640520531803161,Dorota_to_analzye_size_spaces_TNF24h,TNF
1246,122,98,2040.0,0.7659258308255517,1.4720588235294119,11144.0,0.6421475977315083,0.8811575867794734,0.9742462311557789,164.4827710264572,898.5274511366857,0.18305814788226848,10857.0,3003.0,0.2765957446808511,Dorota_to_analzye_size_spaces_TNF24h,TNF
1247,123,103,2255.0,0.8000621350423155,0.9210643015521064,4157.0,0.6952403868215818,0.9885850178359097,0.747895116670676,181.81796503169653,335.1739603710698,0.5424585037286505,3109.0,2077.0,0.6680604696043744,Dorota_to_analzye_size_spaces_TNF24h,TNF
1248,124,102,3221.0,0.7422804708605651,1.5454827693262962,6197.0,0.6042786154240676,0.8921681543334293,1.2233338712280135,259.70539484128363,499.65673139752704,0.5197676294981443,7581.0,4978.0,0.656641604010025,Dorota_to_analzye_size_spaces_TNF24h,TNF
1249,125,99,2193.0,0.7824111832734707,2.0506155950752394,33743.0,0.8955427281809679,0.8911395748052291,0.8483537326260261,176.81897885344148,2720.657913110659,0.0649912574459888,28626.0,4497.0,0.15709494864808216,Dorota_to_analzye_size_spaces_TNF24h,TNF
1250,126,101,2059.0,0.8081348473110682,1.1714424477901895,8756.0,0.7799930606043276,0.9843732433951659,1.0212425765189583,166.01471840366438,705.9858544645388,0.23515303791685702,8942.0,2412.0,0.2697383135763811,Dorota_to_analzye_size_spaces_TNF24h,TNF
1251,127,104,1849.0,0.6694722900086115,1.0557057869118442,5510.0,0.40025602524674625,0.9818246614397719,1.1535390199637023,149.0826684450585,444.26473939008775,0.3355716878402904,6356.0,1952.0,0.30711139081183136,Dorota_to_analzye_size_spaces_TNF24h,TNF
1252,128,95,1733.0,0.8278157938853139,1.840738603577611,16858.0,0.8833141617831718,0.9586034345502104,1.1298493296951002,139.7297265631619,1359.240467629419,0.10279985763435757,19047.0,3190.0,0.16748044311440122,Dorota_to_analzye_size_spaces_TNF24h,TNF
1253,129,105,2024.0,0.853732438979013,1.983201581027668,4583.0,0.7110961000484136,0.9813704496788008,1.7324896356098625,163.19271007723006,369.5218331442418,0.4416321186995418,7940.0,4014.0,0.5055415617128464,Dorota_to_analzye_size_spaces_TNF24h,TNF
1254,130,106,1065.0,0.5068619817803448,1.523943661971831,13333.0,0.8771183336912688,0.9526973919256877,0.9166729168229206,85.86968193292985,1075.0239147528205,0.07987699692492313,12222.0,1623.0,0.132793323514973,Dorota_to_analzye_size_spaces_TNF24h,TNF
1255,131,106,1234.0,0.5180800915674981,1.4335494327390599,13333.0,0.8771183336912688,0.9526973919256877,0.9166729168229206,99.49595070914125,1075.0239147528205,0.09255231380784519,12222.0,1769.0,0.14473899525445919,Dorota_to_analzye_size_spaces_TNF24h,TNF
1256,133,109,1061.0,0.6207606090380107,0.8341187558906692,4785.0,0.5399363743438786,0.9849732400164677,0.6727272727272727,85.54716669562308,385.8088526282341,0.22173458725182862,3219.0,885.0,0.2749301025163094,Dorota_to_analzye_size_spaces_TNF24h,TNF
1257,134,107,1877.0,0.8192419804190304,2.120404901438466,4376.0,0.8270330874174031,0.9619696636623434,1.7120658135283364,151.34027510620595,352.831669613616,0.4289305301645338,7492.0,3980.0000000000005,0.5312333155365724,Dorota_to_analzye_size_spaces_TNF24h,TNF
1258,135,111,1986.0,0.5970915587214629,2.111278952668681,6745.0,0.7957919775591874,0.9859669638941675,1.6040029651593772,160.12881532281565,543.8413189085558,0.2944403261675315,10819.0,4193.0,0.3875589241149829,Dorota_to_analzye_size_spaces_TNF24h,TNF
1259,136,109,683.0,0.6882357149336091,0.6925329428989752,4785.0,0.5399363743438786,0.9849732400164677,0.6727272727272727,55.069476770132475,385.8088526282341,0.14273772204806687,3219.0,473.00000000000006,0.14694004349176765,Dorota_to_analzye_size_spaces_TNF24h,TNF
1260,137,112,2242.0,0.6249960223524361,2.9272970561998215,21241.0,0.9445000085229237,0.9651928931703548,0.9104561932112424,180.7697905104495,1712.636538908322,0.1055505861305965,19339.0,6563.0,0.3393660478825172,Dorota_to_analzye_size_spaces_TNF24h,TNF
1261,139,111,1417.0,0.43329390937919715,1.6803105151729005,6745.0,0.7957919775591874,0.9859669638941675,1.6040029651593772,114.25102281592638,543.8413189085558,0.2100815418828762,10819.0,2381.0,0.22007579258711527,Dorota_to_analzye_size_spaces_TNF24h,TNF
1262,140,113,1708.0,0.7172445909503037,1.2704918032786885,8245.0,0.7886210387748905,0.9834208015267175,1.1975742874469375,137.71400632999453,664.7845328985977,0.20715585203153428,9874.0,2170.0,0.21976909054081425,Dorota_to_analzye_size_spaces_TNF24h,TNF
1263,141,114,1870.0,0.7605902362819078,1.3053475935828878,6322.0,0.8379777747410294,0.9150383557678391,1.0181904460613729,150.77587344091907,509.73533256336384,0.2957924707371085,6436.999999999999,2441.0,0.37921391952773037,Dorota_to_analzye_size_spaces_TNF24h,TNF
1264,142,115,1817.0,0.8628215100528781,1.5074298293891029,3751.0,0.7349187418466901,0.9847729062746128,1.277525993068515,146.50254654660426,302.4386637844318,0.4844041588909624,4792.0,2739.0,0.5715776293823038,Dorota_to_analzye_size_spaces_TNF24h,TNF
1265,143,110,2244.0,0.7955850363797902,2.517825311942959,26583.0,0.8060074717766271,0.8574884681139318,0.7965240943460106,180.9310481291029,2143.355638331525,0.08441485159688522,21174.0,5650.000000000001,0.2668366865023142,Dorota_to_analzye_size_spaces_TNF24h,TNF
1266,145,117,1727.0,0.7872733817050933,1.7510133178922989,3083.0,0.7427451932946334,0.9802861685214627,1.6175802789490756,139.24595370720175,248.57861915419974,0.5601686668829062,4987.0,3024.0,0.6063765791056748,Dorota_to_analzye_size_spaces_TNF24h,TNF
1267,146,118,914.0,0.636362638936773,1.2614879649890591,4210.0,0.7447344473713079,0.9827264239028944,1.0717339667458432,73.69473172459895,339.44728726538466,0.2171021377672209,4512.0,1153.0,0.25554078014184395,Dorota_to_analzye_size_spaces_TNF24h,TNF
1268,147,120,2508.0,0.7718964712181413,1.7025518341307815,3915.0,0.7001802501789075,0.9408795962509012,1.60970625798212,202.21705379135028,315.66178851400974,0.6406130268199234,6302.0,4270.0,0.6775626785147573,Dorota_to_analzye_size_spaces_TNF24h,TNF
1269,148,118,1072.0,0.5551087377278561,1.1940298507462686,4210.0,0.7447344473713079,0.9827264239028944,1.0717339667458432,86.43408359821672,339.44728726538466,0.25463182897862235,4512.0,1280.0,0.28368794326241137,Dorota_to_analzye_size_spaces_TNF24h,TNF
1270,149,122,1496.0,0.8443664085445596,1.1657754010695187,4141.0,0.6148841796338799,0.9838441435020194,0.9171697657570635,120.62069875273527,333.8838994218427,0.36126539483216613,3798.0,1744.0,0.459189046866772,Dorota_to_analzye_size_spaces_TNF24h,TNF
1271,151,119,2673.0,0.7946544096987818,1.7418630751964086,5691.0,0.8221279684134954,0.9550260110756839,1.5628184853277105,215.5208073302549,458.8585538782195,0.46968898260411174,8894.0,4656.0,0.5234989880818529,Dorota_to_analzye_size_spaces_TNF24h,TNF
1272,152,116,2092.0,0.7095138963789905,1.560229445506692,17311.0,0.9152710335968273,0.9618290921213468,0.9710588643059327,168.6754691114453,1395.7653182544118,0.12084801571255271,16810.0,3264.0,0.19417013682331946,Dorota_to_analzye_size_spaces_TNF24h,TNF
1273,153,120,233.0,0.47348438483288796,0.7553648068669528,3915.0,0.7001802501789075,0.9408795962509012,1.60970625798212,18.786512573119865,315.66178851400974,0.059514687100894,6302.0,176.0,0.027927642018406855,Dorota_to_analzye_size_spaces_TNF24h,TNF
1274,154,124,735.0,0.5004093073359916,0.5605442176870749,4533.0,0.6960922183238338,0.9867218110579016,0.49216854180454445,59.2621748551206,365.49039267790704,0.16214427531436135,2231.0,412.0,0.184670551322277,Dorota_to_analzye_size_spaces_TNF24h,TNF
1275,155,123,2165.0,0.8332849453188159,1.2808314087759816,6253.0,0.8763239221706691,0.9594905631425502,0.9932832240524548,174.56137219229402,504.1719447198219,0.3462338077722693,6211.0,2773.0,0.44646594751247787,Dorota_to_analzye_size_spaces_TNF24h,TNF
1276,157,124,724.0,0.6641901093210419,0.5096685082872928,4533.0,0.6960922183238338,0.9867218110579016,0.49216854180454445,58.37525795252696,365.49039267790704,0.15971762629605118,2231.0,369.0,0.1653966831017481,Dorota_to_analzye_size_spaces_TNF24h,TNF
1277,158,126,467.0,0.6447125627267161,0.7537473233404711,4490.0,0.7428168504678268,0.9818499890662584,0.7064587973273943,37.65365395556642,362.0233538768592,0.10400890868596882,3172.0,352.0,0.11097099621689786,Dorota_to_analzye_size_spaces_TNF24h,TNF
1278,160,126,1306.0,0.7235660050057219,0.9050535987748851,4490.0,0.7428168504678268,0.9818499890662584,0.7064587973273943,105.30122498066328,362.0233538768592,0.29086859688195993,3172.0,1182.0,0.37263556116015134,Dorota_to_analzye_size_spaces_TNF24h,TNF
1279,161,127,430.0,0.6823781379944122,1.0046511627906978,1676.0,0.7490073029344375,0.9738524113887275,1.0125298329355608,34.67038801047872,135.1338844315403,0.256563245823389,1696.9999999999998,432.00000000000006,0.25456688273423694,Dorota_to_analzye_size_spaces_TNF24h,TNF
1280,163,128,3799.0,0.7692550628421814,1.5893656225322452,6554.0,0.7297295028998209,0.9857121371634833,1.559047909673482,306.30884663211316,528.441216327157,0.5796460176991151,10218.0,6038.0,0.5909179878645527,Dorota_to_analzye_size_spaces_TNF24h,TNF
1281,164,129,629.0,0.6311417971873527,1.616852146263911,3643.0,0.8130347624976351,0.9795643990319979,1.3790831732088937,50.715521066490965,293.73075237714875,0.17265989569036508,5024.0,1017.0,0.20242834394904458,Dorota_to_analzye_size_spaces_TNF24h,TNF
1282,165,131,2085.0,0.8062594431051002,1.1059952038369305,3888.0,0.7533586288791684,0.9835567923096382,1.0583847736625513,168.11106744615844,313.484810662189,0.5362654320987654,4115.0,2306.0,0.5603888213851762,Dorota_to_analzye_size_spaces_TNF24h,TNF
1283,167,129,1443.0,0.6667721109694982,1.5107415107415108,3643.0,0.8130347624976351,0.9795643990319979,1.3790831732088937,116.34737185842044,293.73075237714875,0.3961021136426022,5024.0,2180.0,0.4339171974522293,Dorota_to_analzye_size_spaces_TNF24h,TNF
1284,16,15,1816.0,0.8398578010929105,3.4058370044052864,13522.0,0.967706746731782,0.9385715277295759,3.3739091850318,146.42191773727757,1090.2627597155656,0.13429965981363703,45622.0,6185.0,0.13557055806409188,Dorota_to_analzye_size_spaces_TNF24h_000,TNF
1285,19,19,594.0,0.5445683697291386,3.632996632996633,2268.0,0.8604305784643931,0.9738085015027909,4.802469135802469,47.89351274005665,182.86613955294357,0.2619047619047619,10892.0,2158.0,0.19812706573632025,Dorota_to_analzye_size_spaces_TNF24h_000,TNF
1286,20,18,3067.0,0.7210503625089125,2.6159113139876102,9650.0,0.944987302117178,0.8281129322921136,2.0449740932642486,247.28855820497262,778.0680100026038,0.3178238341968912,19734.0,8023.000000000001,0.40655721090503705,Dorota_to_analzye_size_spaces_TNF24h_000,TNF
1287,21,19,882.0,0.7054387846269107,5.860544217687075,2268.0,0.8604305784643931,0.9738085015027909,4.802469135802469,71.11460982614472,182.86613955294357,0.3888888888888889,10892.0,5169.0,0.4745684906353287,Dorota_to_analzye_size_spaces_TNF24h_000,TNF
1288,22,16,2691.0,0.6956830289001646,6.737272389446303,32802.0,0.8026516096054009,0.9379503602882305,5.662886409365282,216.97212589813543,2644.7862035342396,0.08203768062922992,185754.0,18130.0,0.09760220506691646,Dorota_to_analzye_size_spaces_TNF24h_000,TNF
1289,23,14,2473.0,0.8094347977224696,8.034371209057824,13396.0,0.9623231918856785,0.835891676026457,11.731561660197073,199.39504546491597,1080.103529740402,0.18460734547626156,157156.0,19868.999999999996,0.12642851688767845,Dorota_to_analzye_size_spaces_TNF24h_000,TNF
1290,24,20,1969.0,0.712760604672505,5.918740477399695,29974.0,0.8303911273496892,0.9731502223953767,4.677787415760325,158.75812556426186,2416.7679307583467,0.06569026489624341,140212.0,11654.0,0.08311699426582604,Dorota_to_analzye_size_spaces_TNF24h_000,TNF
1291,25,13,2061.0,0.7487162924958102,4.056283357593402,17880.0,0.9288732822832882,0.8373138522056758,3.0870246085011184,166.17597602231777,1441.6431107613012,0.11526845637583892,55196.0,8360.0,0.15146025074280745,Dorota_to_analzye_size_spaces_TNF24h_000,TNF
1292,26,21,1170.0,0.6022950716769288,4.35042735042735,30525.0,0.7783123127533094,0.8753943217665615,4.083046683046683,94.3357069122328,2461.1944046973554,0.03832923832923833,124634.99999999999,5090.0,0.04083925061178642,Dorota_to_analzye_size_spaces_TNF24h_000,TNF
1293,29,17,1853.0,0.8258224915134404,3.638963842417701,17846.0,0.9632770060459211,0.8996320008065736,3.015521685531772,149.40518368236528,1438.9017312441936,0.10383279166199709,53815.0,6743.0,0.12529963764749605,Dorota_to_analzye_size_spaces_TNF24h_000,TNF
1294,30,21,989.0,0.6684295981576425,6.236602628918099,30525.0,0.7783123127533094,0.8753943217665615,4.083046683046683,79.74189242410105,2461.1944046973554,0.0323996723996724,124634.99999999999,6168.0,0.0494885064388013,Dorota_to_analzye_size_spaces_TNF24h_000,TNF
1295,32,25,2018.0,0.8281744091304568,8.815659068384539,15804.0,0.9449572774842744,0.8638897999344047,10.172614527967603,162.7089372212699,1274.257702599083,0.12768919260946596,160768.0,17790.0,0.11065634952229299,Dorota_to_analzye_size_spaces_TNF24h_000,TNF
1296,33,23,1254.0,0.30040201868292243,6.32695374800638,14119.0,0.9765286331763061,0.7640151515151515,6.796656987038742,101.10852689567514,1138.3981588836025,0.08881648841985976,95962.0,7934.000000000001,0.08267856026343762,Dorota_to_analzye_size_spaces_TNF24h_000,TNF
1297,34,23,1052.0,0.6144105882927088,4.611216730038023,14119.0,0.9765286331763061,0.7640151515151515,6.796656987038742,84.82150741168282,1138.3981588836025,0.07450952617040867,95962.0,4851.0,0.05055125987370001,Dorota_to_analzye_size_spaces_TNF24h_000,TNF
1298,35,26,2030.0,0.6984243756644202,8.426108374384237,24892.0,0.7818211923120398,0.9466798509165589,6.829543628475012,163.67648293319024,2007.0123217600844,0.08155230596175478,170001.0,17105.0,0.10061705519379298,Dorota_to_analzye_size_spaces_TNF24h_000,TNF
1299,36,24,1945.0,0.8486203655996258,5.084318766066838,19659.0,0.9591399806780486,0.8743939865676289,5.675670176509486,156.82303414042119,1585.081762553491,0.09893687369652576,111577.99999999999,9889.0,0.08862858269551346,Dorota_to_analzye_size_spaces_TNF24h_000,TNF
1300,37,28,1926.0,0.7477588916763838,5.803738317757009,17159.0,0.864775005504732,0.8486572036203571,5.874584766012005,155.29108676321397,1383.5097392367543,0.11224430328107698,100802.0,11178.0,0.11089065693141009,Dorota_to_analzye_size_spaces_TNF24h_000,TNF
1301,38,27,2221.0,0.7673057111026552,3.5312922107158937,41593.0,0.9017287137034627,0.9434086372709127,3.004063183708797,179.0765855145889,3353.594066325212,0.0533984083860265,124948.0,7843.0,0.06277011236674457,Dorota_to_analzye_size_spaces_TNF24h_000,TNF
1302,39,29,1243.0,0.6566392367156179,7.961383748994368,20987.0,0.9583686720965661,0.9134711643090315,7.6788964597131555,100.2216099930815,1692.1568213393416,0.05922714061085434,161157.0,9896.0,0.0614059581650192,Dorota_to_analzye_size_spaces_TNF24h_000,TNF
1303,41,29,1018.0,0.7543327984750084,7.797642436149312,20987.0,0.9583686720965661,0.9134711643090315,7.6788964597131555,82.0801278945752,1692.1568213393416,0.04850621813503597,161157.0,7938.0,0.04925631527020235,Dorota_to_analzye_size_spaces_TNF24h_000,TNF
1304,42,32,2446.0,0.7485165160668454,4.385936222403925,21702.0,0.8880556179968068,0.797633049103205,6.730209197309004,197.21806761309523,1749.8064200079282,0.11270850612846742,146059.0,10728.0,0.07344977029830412,Dorota_to_analzye_size_spaces_TNF24h_000,TNF
1305,45,35,882.0,0.4458697636052311,4.4603174603174605,13998.0,0.9661852931894864,0.8777276147479308,3.839191313044721,71.11460982614472,1128.6420729550723,0.06300900128589798,53741.0,3934.0,0.07320295491338084,Dorota_to_analzye_size_spaces_TNF24h_000,TNF
1306,46,33,2213.0,0.8809841457377443,4.54405784003615,16992.0,0.978609235721941,0.9595662977185453,6.406014595103578,178.43155503997536,1370.0447280791961,0.13023775894538606,108851.0,10056.0,0.09238316597918256,Dorota_to_analzye_size_spaces_TNF24h_000,TNF
1307,47,35,1025.0,0.692759119280645,3.2243902439024392,13998.0,0.9661852931894864,0.8777276147479308,3.839191313044721,82.64452955986206,1128.6420729550723,0.07322474639234176,53741.0,3305.0,0.06149866954466794,Dorota_to_analzye_size_spaces_TNF24h_000,TNF
1308,48,31,2054.0,0.8579748426118297,4.059883154819864,15002.0,0.9577162276404524,0.9180588703261734,5.038394880682576,165.6115743570309,1209.5933975190737,0.1369150779896014,75586.0,8339.0,0.11032466329743604,Dorota_to_analzye_size_spaces_TNF24h_000,TNF
1309,53,41,3040.0,0.5590855549306473,6.818092105263158,20607.0,0.8497382147821771,0.8756267527832072,5.195807249963605,245.11158035315188,1661.5178737951976,0.14752268646576405,107070.0,20727.0,0.1935836368730737,Dorota_to_analzye_size_spaces_TNF24h_000,TNF
1310,54,38,2270.0,0.7317732195844926,3.9519823788546256,44111.0,0.8427664603478748,0.8073910019401838,4.165740971639727,183.02739717159696,3556.6174082098296,0.051461086803745094,183755.0,8971.0,0.048820440260128974,Dorota_to_analzye_size_spaces_TNF24h_000,TNF
1311,56,37,1383.0,0.7057800314243111,4.825741142443962,43215.0,0.9115146162995234,0.9494672086125453,4.6749045470322805,111.50964329881876,3484.3739950531112,0.03200277681360639,202026.0,6674.0,0.03303535188540089,Dorota_to_analzye_size_spaces_TNF24h_000,TNF
1312,58,37,2076.0,0.07804460683871237,4.40655105973025,43215.0,0.9115146162995234,0.9494672086125453,4.6749045470322805,167.3854081622182,3484.3739950531112,0.04803887539048941,202026.0,9148.0,0.04528130042667775,Dorota_to_analzye_size_spaces_TNF24h_000,TNF
1313,59,43,2342.0,0.8174820700161318,6.532450896669514,22363.0,0.923759772179397,0.9100638912627681,5.624245405357063,188.83267144311898,1803.1020629728735,0.10472655725975942,125775.0,15299.0,0.12163784535877559,Dorota_to_analzye_size_spaces_TNF24h_000,TNF
1314,61,45,4093.0,0.7684885761672025,3.5983386269240167,26832.0,0.8047727753050171,0.8874483214817265,3.6653622540250446,330.0137165741614,2163.432211853872,0.1525417412045319,98349.0,14728.0,0.14975241232752748,Dorota_to_analzye_size_spaces_TNF24h_000,TNF
1315,62,44,2269.0,0.8186829356349121,3.50330542089026,23545.0,0.975403301752162,0.9431581477327351,6.479294967084306,182.94676836227026,1898.4053155970266,0.09636865576555532,152555.0,7949.0,0.05210579790895087,Dorota_to_analzye_size_spaces_TNF24h_000,TNF
1316,63,46,1803.0,0.6794335581258057,2.5446478092068774,19816.0,0.9594959989291887,0.8215929350304739,3.4862232539362132,145.37374321603053,1597.740485617782,0.09098708114654824,69083.0,4588.0,0.06641286568330848,Dorota_to_analzye_size_spaces_TNF24h_000,TNF
1317,64,46,658.0,0.6968911749515743,3.148936170212766,19816.0,0.9594959989291887,0.8215929350304739,3.4862232539362132,53.05375653696511,1597.740485617782,0.033205490512717,69083.0,2072.0,0.029992907082784476,Dorota_to_analzye_size_spaces_TNF24h_000,TNF
1318,65,53,3188.0,0.759863585845549,4.051129234629862,29475.0,0.8472612030357821,0.7894736842105263,2.181340118744699,257.0446441335027,2376.534154904326,0.10815945716709076,64295.0,12915.0,0.20087098530212302,Dorota_to_analzye_size_spaces_TNF24h_000,TNF
1319,66,49,2431.0,0.7716772526331447,3.4479638009049776,14710.0,0.9118098831192688,0.9505654281098546,3.4342624065261727,196.0086354731948,1186.0497851956789,0.16526172671651937,50518.0,8382.0,0.16592105784076963,Dorota_to_analzye_size_spaces_TNF24h_000,TNF
1320,67,51,1975.0,0.8791398597704259,2.2911392405063293,15976.0,0.9697623285090502,0.9564176245210728,3.7853655483224835,159.24189842022201,1288.1258578032744,0.12362293440160241,60475.0,4525.0,0.07482430756510955,Dorota_to_analzye_size_spaces_TNF24h_000,TNF
1321,68,47,2316.0,0.8339332202639805,2.7884283246977546,19285.0,0.9694156639075932,0.8124104810851799,2.666528389940368,186.7363224006249,1554.9265878653073,0.12009333679025148,51424.0,6458.0,0.12558338518979464,Dorota_to_analzye_size_spaces_TNF24h_000,TNF
1322,69,48,2032.0,0.8491773823399714,3.65994094488189,31875.0,0.9661573972390985,0.9657335029994546,3.7591843137254903,163.8377405518436,2570.043297288393,0.06374901960784314,119824.0,7437.0,0.0620660301775938,Dorota_to_analzye_size_spaces_TNF24h_000,TNF
1323,70,56,2015.0,0.8858735533932,4.0401985111662535,4146.0,0.8566224319793505,0.9748412885022337,4.656536420646407,162.46705079328981,334.2870434684762,0.4860106126386879,19306.0,8141.000000000001,0.4216823785351705,Dorota_to_analzye_size_spaces_TNF24h_000,TNF
1324,71,55,4048.0,0.6516986864397003,7.752223320158103,24399.0,0.6993220467163326,0.9659909731570195,10.11127505225624,326.3854201544601,1967.2623187620238,0.1659084388704455,246704.99999999997,31381.0,0.12720050262459215,Dorota_to_analzye_size_spaces_TNF24h_000,TNF
1325,72,52,1237.0,0.6695287160739083,2.2037186742118027,8769.0,0.9481531160353301,0.9389656280115644,2.0765195575322157,99.73783713712133,707.0340289857858,0.14106511574866004,18209.0,2726.0,0.14970618924707563,Dorota_to_analzye_size_spaces_TNF24h_000,TNF
1326,73,58,2186.0,0.8720651518630759,4.822049405306496,5852.0,0.5229611293572572,0.9372197309417041,4.961893369788107,176.2545771881546,471.8397921798174,0.3735475051264525,29037.0,10541.0,0.3630195956882598,Dorota_to_analzye_size_spaces_TNF24h_000,TNF
1327,74,54,1202.0,0.7756463195631972,4.200499168053245,5949.0,0.9774438909565991,0.8785999113867966,5.09968061859136,96.91582881068702,479.6607866845067,0.20205076483442597,30338.0,5049.0,0.16642494561276286,Dorota_to_analzye_size_spaces_TNF24h_000,TNF
1328,75,52,308.0,0.8646808590657422,2.6006493506493507,8769.0,0.9481531160353301,0.9389656280115644,2.0765195575322157,24.833673272621965,707.0340289857858,0.03512373132626297,18209.0,801.0,0.043989236092042396,Dorota_to_analzye_size_spaces_TNF24h_000,TNF
1329,76,52,619.0,0.5294815426673551,2.011308562197092,8769.0,0.9481531160353301,0.9389656280115644,2.0765195575322157,49.909232973224015,707.0340289857858,0.07058957691869085,18209.0,1245.0,0.06837278268987863,Dorota_to_analzye_size_spaces_TNF24h_000,TNF
1330,78,59,1104.0,0.5009965734770923,3.61231884057971,2461.0,0.717320241594211,0.9244928625093914,3.484762291751321,89.01420549667094,198.42749975299566,0.4485981308411215,8576.0,3988.0,0.4650186567164179,Dorota_to_analzye_size_spaces_TNF24h_000,TNF
1331,79,52,95.0,0.6925594765305674,1.5789473684210527,8769.0,0.9481531160353301,0.9389656280115644,2.0765195575322157,7.659736886035996,707.0340289857858,0.010833618428555137,18209.0,150.0,0.00823768466143116,Dorota_to_analzye_size_spaces_TNF24h_000,TNF
1332,80,54,664.0,0.5997448487896471,3.3659638554216866,5949.0,0.9774438909565991,0.8785999113867966,5.09968061859136,53.53752939292528,479.6607866845067,0.11161539754580602,30338.0,2235.0,0.07366998483749752,Dorota_to_analzye_size_spaces_TNF24h_000,TNF
1333,82,57,2424.0,0.5530029081646388,5.637376237623762,29361.0,0.7050148376073707,0.9684665369264769,3.5669425428289228,195.44423380790795,2367.342470641083,0.08255849596403392,104729.0,13665.0,0.13047961882573117,Dorota_to_analzye_size_spaces_TNF24h_000,TNF
1334,83,60,157.0,0.6594244389090669,4.649681528662421,7781.0,0.885585674931472,0.9489024390243902,3.7385940110525637,12.658723064291067,627.3727653710114,0.020177355095746047,29090.0,730.0,0.025094534204193882,Dorota_to_analzye_size_spaces_TNF24h_000,TNF
1335,84,61,3138.0,0.71082525028048,3.7791586998087956,24079.0,0.7192628697786433,0.958826106000876,4.614768055151792,253.01320366716794,1941.4610997774816,0.13032102662070685,111119.0,11859.0,0.10672342263699278,Dorota_to_analzye_size_spaces_TNF24h_000,TNF
1336,86,67,991.0,0.6837155440571155,3.104944500504541,4161.0,0.7172506626045613,0.9788285109386027,2.9935111751982695,79.90315004275445,335.4964756083766,0.2381639029079548,12456.0,3077.0,0.2470295439948619,Dorota_to_analzye_size_spaces_TNF24h_000,TNF
1337,87,65,1583.0,0.7534785095523053,13.033480732785849,17575.0,0.748404219441612,0.9147452245875188,9.10429587482219,127.6354051641577,1417.0513239166592,0.09007112375533428,160008.0,20632.0,0.1289435528223589,Dorota_to_analzye_size_spaces_TNF24h_000,TNF
1338,88,67,1170.0,0.31040100142448873,2.8777777777777778,4161.0,0.7172506626045613,0.9788285109386027,2.9935111751982695,94.3357069122328,335.4964756083766,0.28118240807498196,12456.0,3367.0,0.27031149646756586,Dorota_to_analzye_size_spaces_TNF24h_000,TNF
1339,89,70,1917.0,0.9349061027518799,6.07094418362024,3686.0,0.9171566489429365,0.9544277576385293,5.620184481823115,154.56542747927372,297.19779117819667,0.5200759631036354,20716.0,11638.0,0.5617879899594517,Dorota_to_analzye_size_spaces_TNF24h_000,TNF
1340,90,65,2813.0,0.5306716508721092,10.16103803768219,17575.0,0.748404219441612,0.9147452245875188,9.10429587482219,226.80884063599217,1417.0513239166592,0.16005689900426742,160008.0,28583.0,0.17863481825908706,Dorota_to_analzye_size_spaces_TNF24h_000,TNF
1341,93,69,692.0,0.29801916237292175,3.020231213872832,5475.0,0.9257929449707641,0.9544979079497908,2.722191780821918,55.79513605407273,441.44273106365347,0.12639269406392695,14904.0,2090.0,0.1402308105206656,Dorota_to_analzye_size_spaces_TNF24h_000,TNF
1342,97,69,898.0,0.8007465257041456,2.8853006681514475,5475.0,0.9257929449707641,0.9544979079497908,2.722191780821918,72.40467077537184,441.44273106365347,0.16401826484018264,14904.0,2591.0,0.17384594739667203,Dorota_to_analzye_size_spaces_TNF24h_000,TNF
1343,98,66,1784.0,0.8114518033218142,4.553811659192825,15808.0,0.9779100825235505,0.8538403370422383,3.4629301619433197,143.84179583882334,1274.5802178363897,0.11285425101214575,54742.0,8124.0,0.1484052464287019,Dorota_to_analzye_size_spaces_TNF24h_000,TNF
1344,99,68,1919.0,0.8182467894173788,4.360604481500782,27878.0,0.806772992574494,0.8806267176295922,5.245641724657436,154.72668509792712,2247.769946409595,0.06883564100724586,146238.0,8368.0,0.05722178913825408,Dorota_to_analzye_size_spaces_TNF24h_000,TNF
1345,100,77,2355.0,0.7224596135635585,4.379617834394905,4713.0,0.628720748733511,0.9769900497512438,4.607680882664969,189.88084596436602,380.00357835671207,0.4996817313812858,21716.0,10314.0,0.47494934610425493,Dorota_to_analzye_size_spaces_TNF24h_000,TNF
1346,101,78,2479.0,0.7697829156185192,2.643807987091569,23877.0,0.8865102322772431,0.9290661478599221,3.83720735435775,199.87881832087615,1925.1740802934892,0.10382376345437032,91621.0,6554.0,0.07153381866602634,Dorota_to_analzye_size_spaces_TNF24h_000,TNF
1347,102,79,1231.0,0.5512684591068092,3.1819658813972382,4308.0,0.7436161610883737,0.9822161422708618,5.246053853296194,99.25406428116116,347.34891057940075,0.28574744661095636,22600.000000000004,3917.0000000000005,0.17331858407079645,Dorota_to_analzye_size_spaces_TNF24h_000,TNF
1348,104,79,1024.0,0.6236117606922813,3.8603515625,4308.0,0.7436161610883737,0.9822161422708618,5.246053853296194,82.56390075053537,347.34891057940075,0.23769730733519034,22600.000000000004,3953.0,0.17491150442477874,Dorota_to_analzye_size_spaces_TNF24h_000,TNF
1349,105,80,1355.0,0.8084149656099239,4.205166051660517,2398.0,0.777098120936247,0.9807770961145195,4.3807339449541285,109.25203663767131,193.34788476541388,0.5650542118432027,10505.0,5698.0,0.5424083769633508,Dorota_to_analzye_size_spaces_TNF24h_000,TNF
1350,106,71,1275.0,0.6766063173968615,3.590588235294118,30521.0,0.8488256789741996,0.9618063214949737,3.940860391206055,102.80173189153574,2460.871889460049,0.041774515907080374,120279.0,4578.0,0.03806150699623376,Dorota_to_analzye_size_spaces_TNF24h_000,TNF
1351,109,71,2983.0,0.6287522278070999,3.0663761314113307,30521.0,0.8488256789741996,0.9618063214949737,3.940860391206055,240.51573822153028,2460.871889460049,0.09773598505946725,120279.0,9147.0,0.07604818796298606,Dorota_to_analzye_size_spaces_TNF24h_000,TNF
1352,110,82,1901.0,0.7730198808821952,3.158337716991057,6447.0,0.8059319276609956,0.9771142770536526,3.442221188149527,153.27536653004663,519.8139337292007,0.29486582906778347,22192.0,6004.0,0.2705479452054795,Dorota_to_analzye_size_spaces_TNF24h_000,TNF
1353,111,76,1080.0,0.7020881301212408,6.502777777777778,42239.0,0.8720606920852253,0.9512002882493357,5.8458770330737,87.07911407283027,3405.680277150257,0.02556878713984706,246924.0,7023.000000000001,0.028441949749720564,Dorota_to_analzye_size_spaces_TNF24h_000,TNF
1354,112,84,2082.0,0.8358376328555824,2.1037463976945245,12875.0,0.8212297166536734,0.926059123930087,2.752854368932039,167.86918101817835,1038.0959200811942,0.16170873786407766,35443.0,4380.0,0.12357870383432554,Dorota_to_analzye_size_spaces_TNF24h_000,TNF
1355,113,76,2575.0,0.37987018286513285,8.13864077669903,42239.0,0.8720606920852253,0.9512002882493357,5.8458770330737,207.61918401623885,3405.680277150257,0.06096261748620943,246924.0,20957.0,0.08487226839027392,Dorota_to_analzye_size_spaces_TNF24h_000,TNF
1356,114,83,2172.0,0.7736313973144584,7.498618784530387,9865.0,0.882994285500583,0.9646035005377921,8.692143943233654,175.12577385758087,795.4032040078432,0.2201723264064876,85748.0,16287.0,0.18994029015254,Dorota_to_analzye_size_spaces_TNF24h_000,TNF
1357,115,87,2533.0,0.8229135288350958,3.565732333201737,17667.0,0.6886114120581901,0.8406852248394004,6.086885153110319,204.23277402451765,1424.469174374715,0.14337465330842813,107537.0,9032.0,0.08398969656955281,Dorota_to_analzye_size_spaces_TNF24h_000,TNF
1358,116,88,2176.0,0.7768698258902144,3.978860294117647,18967.0,0.8988306165377695,0.9570109490892578,6.218695629250804,175.44828909488766,1529.2866264994184,0.11472557600042178,117950.0,8658.0,0.07340398473929631,Dorota_to_analzye_size_spaces_TNF24h_000,TNF
1359,118,91,1914.0,0.857888218592166,11.31556948798328,10283.0,0.8973944979548761,0.9700028299217055,18.837109792862005,154.32354105129366,829.1060463064016,0.18613245161917727,193702.0,21658.0,0.11181092606168237,Dorota_to_analzye_size_spaces_TNF24h_000,TNF
1360,119,94,1652.0,0.45810805864010656,16.513317191283292,11124.0,0.7584752455154535,0.911579119888552,8.96628910463862,133.19879300769963,896.9148749501518,0.14850773103200288,99741.0,27280.0,0.273508386721609,Dorota_to_analzye_size_spaces_TNF24h_000,TNF
1361,120,93,471.0,0.6291833484086993,11.286624203821656,9437.0,0.9269696377398466,0.9037540701015131,12.30910246900498,37.9761691928732,760.8940736160179,0.04990992900286108,116161.0,5316.0,0.04576406883549556,Dorota_to_analzye_size_spaces_TNF24h_000,TNF
1362,121,93,891.0,0.5387551389741561,6.7833894500561165,9437.0,0.9269696377398466,0.9037540701015131,12.30910246900498,71.84026911008498,760.8940736160179,0.09441559817738689,116161.0,6044.0,0.0520312325134942,Dorota_to_analzye_size_spaces_TNF24h_000,TNF
1363,122,96,2116.0,0.813617588774302,1.5103969754253308,4819.0,0.6994490407967925,0.9723567393058918,1.7460053953102304,170.61056053528597,388.55023214534174,0.43909524797675864,8414.0,3196.0,0.3798431186118374,Dorota_to_analzye_size_spaces_TNF24h_000,TNF
1364,123,95,1174.0,0.4086860122693955,3.1660988074957412,13417.0,0.8389537541050742,0.9574680653678727,2.5355146455988673,94.65822214953957,1081.7967347362628,0.08750093165387195,34019.0,3717.0,0.10926247097210383,Dorota_to_analzye_size_spaces_TNF24h_000,TNF
1365,124,98,1750.0,0.7724676496914676,6.546857142857143,8362.0,0.48569837615901146,0.8975955345641906,7.328390337239894,141.10041632171573,674.218103589821,0.2092800765367137,61280.0,11457.0,0.18696148825065273,Dorota_to_analzye_size_spaces_TNF24h_000,TNF
1366,125,93,510.0,0.6240089079213222,6.135294117647059,9437.0,0.9269696377398466,0.9037540701015131,12.30910246900498,41.1206927566143,760.8940736160179,0.05404259828335276,116161.0,3129.0,0.026936751577551845,Dorota_to_analzye_size_spaces_TNF24h_000,TNF
1367,126,98,868.0,0.5878165913522683,6.0449308755760365,8362.0,0.48569837615901146,0.8975955345641906,7.328390337239894,69.985806495571,674.218103589821,0.10380291796221,61280.0,5247.0,0.0856233681462141,Dorota_to_analzye_size_spaces_TNF24h_000,TNF
1368,127,98,1178.0,0.7650927050013266,7.194397283531409,8362.0,0.48569837615901146,0.8975955345641906,7.328390337239894,94.98073738684636,674.218103589821,0.14087538866299928,61280.0,8475.0,0.1382996083550914,Dorota_to_analzye_size_spaces_TNF24h_000,TNF
1369,130,98,481.0,0.5847749031733306,10.49064449064449,8362.0,0.48569837615901146,0.8975955345641906,7.328390337239894,38.78245728614015,674.218103589821,0.05752212389380531,61280.0,5046.0,0.08234334203655352,Dorota_to_analzye_size_spaces_TNF24h_000,TNF
1370,131,99,2041.0,0.782557007408478,3.9593336599706026,28046.0,0.7428771258003922,0.8462629371473401,6.04421307851387,164.56339983578388,2261.3155863764796,0.07277330100549098,169516.0,8081.0,0.04767101630524552,Dorota_to_analzye_size_spaces_TNF24h_000,TNF
1371,132,101,1838.0,0.7522790108299813,3.063656147986942,3190.0,0.6784342936506289,0.9806332616046726,3.0542319749216302,148.19575154246485,257.2059017521561,0.5761755485893417,9743.0,5631.0,0.5779534024427795,Dorota_to_analzye_size_spaces_TNF24h_000,TNF
1372,133,100,2080.0,0.7062215313581582,3.676442307692308,6739.0,0.6033668265896949,0.985233918128655,3.6849680961567,167.70792339952496,543.3575460525956,0.3086511351832616,24833.0,7647.0,0.30793701928884953,Dorota_to_analzye_size_spaces_TNF24h_000,TNF
1373,134,102,1696.0,0.8006197686010454,4.6049528301886795,6829.0,0.6740228488063981,0.9758502429265504,4.443110265046127,136.7464606180742,550.6141388919981,0.24835261385268706,30342.000000000004,7810.0,0.25739898490541163,Dorota_to_analzye_size_spaces_TNF24h_000,TNF
1374,135,102,2442.0,0.6171327833670746,5.2207207207207205,6829.0,0.6740228488063981,0.9758502429265504,4.443110265046127,196.89555237578844,550.6141388919981,0.35759261971006,30342.000000000004,12749.0,0.4201766528244677,Dorota_to_analzye_size_spaces_TNF24h_000,TNF
1375,137,103,2386.0,0.7691397564446012,3.7439228834870075,4652.0,0.7157108165636968,0.9814345991561182,4.521711092003439,192.38033905349354,375.0852209877837,0.5128976784178848,21035.0,8933.0,0.4246731637746613,Dorota_to_analzye_size_spaces_TNF24h_000,TNF
1376,138,104,1363.0,0.6459175995264208,4.697725605282465,3586.0,0.8608533408609603,0.9715524248171228,4.5895147796988285,109.89706711228487,289.1349102455272,0.3800892359174568,16458.0,6403.0,0.38905091748693643,Dorota_to_analzye_size_spaces_TNF24h_000,TNF
1377,139,100,635.0,0.8160179352310132,3.6960629921259844,6739.0,0.6033668265896949,0.985233918128655,3.6849680961567,51.19929392245113,543.3575460525956,0.09422763021219766,24833.0,2347.0,0.09451133572262715,Dorota_to_analzye_size_spaces_TNF24h_000,TNF
1378,140,100,906.0,0.6382126898206993,3.3940397350993377,6739.0,0.6033668265896949,0.985233918128655,3.6849680961567,73.04970124998539,543.3575460525956,0.13444131176732452,24833.0,3075.0,0.12382716546530825,Dorota_to_analzye_size_spaces_TNF24h_000,TNF
1379,141,102,151.0,0.7927875553889021,3.8609271523178808,6829.0,0.6740228488063981,0.9758502429265504,4.443110265046127,12.174950208330898,550.6141388919981,0.022111582955044663,30342.000000000004,583.0,0.01921429042251664,Dorota_to_analzye_size_spaces_TNF24h_000,TNF
1380,142,105,2002.0,0.4665863189975669,4.696303696303696,3778.0,0.45209916285781393,0.9825747724317295,4.953679195341451,161.41887627204278,304.6156416362526,0.5299100052938063,18715.0,9402.0,0.5023777718407695,Dorota_to_analzye_size_spaces_TNF24h_000,TNF
1381,143,100,779.0,0.828996919834523,3.3145057766367136,6739.0,0.6033668265896949,0.985233918128655,3.6849680961567,62.809842465495166,543.3575460525956,0.11559578572488499,24833.0,2582.0,0.10397454999395965,Dorota_to_analzye_size_spaces_TNF24h_000,TNF
1382,145,107,1742.0,0.83832738529613,7.2439724454649825,2854.0,0.7924083355015932,0.979073756432247,7.6124737210932025,140.45538584710215,230.11462181838667,0.6103714085494043,21726.0,12619.0,0.5808248181901868,Dorota_to_analzye_size_spaces_TNF24h_000,TNF
1383,146,106,1930.0,0.8149727469326696,3.428497409326425,5466.0,0.8337913266494531,0.9750267570460222,3.2938163190633003,155.61360200052076,440.7170717797132,0.3530918404683498,18004.0,6617.0,0.36752943790268827,Dorota_to_analzye_size_spaces_TNF24h_000,TNF
1384,147,104,855.0,0.2778663490054001,3.8748538011695906,3586.0,0.8608533408609603,0.9715524248171228,4.5895147796988285,68.93763197432396,289.1349102455272,0.23842721695482433,16458.0,3313.0,0.20130027949933163,Dorota_to_analzye_size_spaces_TNF24h_000,TNF
1385,148,108,1899.0,0.7971275770039681,3.982095839915745,3231.0,0.722670869248364,0.9776096822995461,3.8672237697307335,153.11410891139323,260.51168293455055,0.5877437325905293,12495.0,7562.0,0.605202080832333,Dorota_to_analzye_size_spaces_TNF24h_000,TNF
1386,149,110,698.0,0.49046924404842934,3.35243553008596,3434.0,0.7971137236461934,0.9805825242718447,3.4807804309842747,56.2789089100329,276.87933122786956,0.20326150262085033,11953.0,2340.0,0.19576675311637246,Dorota_to_analzye_size_spaces_TNF24h_000,TNF
1387,150,111,1982.0,0.7137518376455521,2.4217961654894045,3151.0,0.653701656001006,0.9810087173100872,2.7715011107584893,159.8063000855089,254.06137818841498,0.6290066645509362,8733.0,4800.0,0.5496392992098935,Dorota_to_analzye_size_spaces_TNF24h_000,TNF
1388,151,110,983.0,0.5335364533756911,3.5839267548321465,3434.0,0.7971137236461934,0.9805825242718447,3.4807804309842747,79.25811956814088,276.87933122786956,0.28625509609784505,11953.0,3523.0,0.29473772274742743,Dorota_to_analzye_size_spaces_TNF24h_000,TNF
1389,152,112,2230.0,0.7971297749371005,3.2,3541.0,0.7293602564496215,0.9847052280311457,3.2894662524710534,179.80224479852916,285.5066138258259,0.6297656029370234,11648.0,7136.0,0.6126373626373627,Dorota_to_analzye_size_spaces_TNF24h_000,TNF
1390,153,109,2246.0,0.7990905644301071,1.7008014247551202,23444.0,0.8640868049075869,0.9267135741955885,1.7461184098276745,181.09230574775628,1890.2618058550304,0.09580276403344139,40936.0,3820.0,0.09331639632597225,Dorota_to_analzye_size_spaces_TNF24h_000,TNF
1391,154,113,1900.0,0.8328363099955884,2.9626315789473683,3092.0,0.8006208887498794,0.9797211660329531,3.1028460543337646,153.19473772071993,249.30427843814,0.6144890038809832,9594.0,5629.0,0.5867208672086721,Dorota_to_analzye_size_spaces_TNF24h_000,TNF
1392,155,114,1609.0,0.635148985367929,3.023617153511498,2545.0,0.5876099081603962,0.9803543913713405,2.874656188605108,129.73175420665177,205.200319736438,0.6322200392927309,7315.999999999999,4865.0,0.6649808638600329,Dorota_to_analzye_size_spaces_TNF24h_000,TNF
1393,156,115,1034.0,0.8567528441448279,6.750483558994198,9294.0,0.7173756553164046,0.962111801242236,6.36001721540779,83.37018884380231,749.3641538823005,0.11125457284269422,59110.0,6980.0,0.11808492640839113,Dorota_to_analzye_size_spaces_TNF24h_000,TNF
1394,159,115,1699.0,0.7555961458275857,6.855797527957622,9294.0,0.7173756553164046,0.962111801242236,6.36001721540779,136.9883470460543,749.3641538823005,0.18280611146976544,59110.0,11648.0,0.19705633564540687,Dorota_to_analzye_size_spaces_TNF24h_000,TNF
1395,162,118,1990.0,0.7034358841393786,3.7829145728643216,4497.0,0.7313145427510054,0.9833807128799475,3.4785412497220367,160.45133056012244,362.58775554214606,0.44251723371136314,15642.999999999998,7528.0,0.4812376142683629,Dorota_to_analzye_size_spaces_TNF24h_000,TNF
1396,163,120,1581.0,0.8844427763351448,4.297912713472486,5368.0,0.9363960775230242,0.8905109489051095,3.8591654247391953,127.47414754550431,432.8154484656971,0.2945230998509687,20716.0,6795.0,0.32800733732380766,Dorota_to_analzye_size_spaces_TNF24h_000,TNF
1397,164,119,579.0,0.591154365739632,3.5751295336787563,6504.0,0.917147603557455,0.9426086956521739,4.309655596555966,46.68408060015623,524.4097758608223,0.08902214022140222,28030.0,2070.0,0.07384944702104887,Dorota_to_analzye_size_spaces_TNF24h_000,TNF
1398,165,119,476.0,0.6568215972665761,3.1260504201680672,6504.0,0.917147603557455,0.9426086956521739,4.309655596555966,38.37931323950667,524.4097758608223,0.07318573185731857,28030.0,1488.0,0.05308597930788441,Dorota_to_analzye_size_spaces_TNF24h_000,TNF
1399,166,118,968.0,0.7429909758543514,3.6549586776859506,4497.0,0.7313145427510054,0.9833807128799475,3.4785412497220367,78.04868742824047,362.58775554214606,0.21525461418723593,15642.999999999998,3538.0,0.22617145048903667,Dorota_to_analzye_size_spaces_TNF24h_000,TNF
1400,167,121,2098.0,0.6901475923797281,3.3717826501429933,5397.0,0.860406843995245,0.9043230563002681,3.750787474522883,169.15924196740548,435.15368393617126,0.38873448211969613,20243.0,7074.0,0.3494541322926444,Dorota_to_analzye_size_spaces_TNF24h_000,TNF
1401,168,119,611.0,0.699499789253725,3.351882160392799,6504.0,0.917147603557455,0.9426086956521739,4.309655596555966,49.26420249861046,524.4097758608223,0.09394218942189422,28030.0,2048.0,0.07306457367106671,Dorota_to_analzye_size_spaces_TNF24h_000,TNF
1402,169,122,559.0,0.7290345142500001,2.3452593917710196,11135.0,0.1953051808345727,0.9019846091535034,2.876246070947463,45.071504413622336,897.8017918527454,0.05020206555904805,32027.0,1311.0,0.04093421175882849,Dorota_to_analzye_size_spaces_TNF24h_000,TNF
1403,170,122,1747.0,0.5993609403038096,2.8603319977103605,11135.0,0.1953051808345727,0.9019846091535034,2.876246070947463,140.85852989373564,897.8017918527454,0.1568926807364167,32027.0,4997.0,0.15602460424017237,Dorota_to_analzye_size_spaces_TNF24h_000,TNF
1404,173,125,252.0,0.8510696808586107,2.6944444444444446,17608.0,0.626406402552287,0.9658274367835006,3.766015447523853,20.318459950327064,1419.7120746244402,0.014311676510676965,66312.0,679.0,0.010239474001688986,Dorota_to_analzye_size_spaces_TNF24h_000,TNF
1405,174,127,599.0,0.6868359975109887,2.669449081803005,2953.0,0.7711380831020488,0.9820419022281344,2.246528953606502,48.29665678669012,238.09687394172943,0.2028445648493058,6634.0,1599.0,0.24103105215556225,Dorota_to_analzye_size_spaces_TNF24h_000,TNF
1406,175,128,840.0,0.6823983511710863,4.070238095238095,4082.0,0.6150116290407792,0.9855142443264123,3.119549240568349,67.72819983442355,329.12679967156777,0.20578147966683,12734.0,3419.0,0.26849379613632796,Dorota_to_analzye_size_spaces_TNF24h_000,TNF
1407,176,125,1054.0,0.6646034770367798,2.9734345351043645,17608.0,0.626406402552287,0.9658274367835006,3.766015447523853,84.98276503033621,1419.7120746244402,0.05985915492957746,66312.0,3134.0,0.047261430811919414,Dorota_to_analzye_size_spaces_TNF24h_000,TNF
1408,177,127,1077.0,0.6622376291456247,2.3017641597028784,2953.0,0.7711380831020488,0.9820419022281344,2.246528953606502,86.83722764485019,238.09687394172943,0.3647138503217067,6634.0,2479.0,0.3736810370817003,Dorota_to_analzye_size_spaces_TNF24h_000,TNF
1409,178,125,684.0,0.6164969205542682,2.7719298245614037,17608.0,0.626406402552287,0.9658274367835006,3.766015447523853,55.15010557945917,1419.7120746244402,0.038845979100408906,66312.0,1896.0000000000002,0.028592110025334783,Dorota_to_analzye_size_spaces_TNF24h_000,TNF
1410,179,128,938.0,0.8864394609045184,3.136460554371002,4082.0,0.6150116290407792,0.9855142443264123,3.119549240568349,75.62982314843963,329.12679967156777,0.22978931896129348,12734.0,2942.0,0.23103502434427517,Dorota_to_analzye_size_spaces_TNF24h_000,TNF
1411,181,128,52.0,0.8525500594972911,4.730769230769231,4082.0,0.6150116290407792,0.9855142443264123,3.119549240568349,4.192698084988124,329.12679967156777,0.012738853503184714,12734.0,246.0,0.019318360295272497,Dorota_to_analzye_size_spaces_TNF24h_000,TNF
1412,182,125,748.0,0.800011370119826,2.478609625668449,17608.0,0.626406402552287,0.9658274367835006,3.766015447523853,60.31034937636763,1419.7120746244402,0.04248069059518401,66312.0,1854.0,0.02795874049945711,Dorota_to_analzye_size_spaces_TNF24h_000,TNF
1413,184,129,1878.0,0.7735787630871279,2.8285410010649628,9178.0,0.7929575848475842,0.9813943541488451,2.5268032251035084,151.42090391553265,740.0112120004039,0.20461974286336893,23191.0,5312.0,0.22905437454184813,Dorota_to_analzye_size_spaces_TNF24h_000,TNF
1414,185,125,901.0,0.5722903059448649,2.630410654827969,17608.0,0.626406402552287,0.9658274367835006,3.766015447523853,72.64655720335192,1419.7120746244402,0.051169922762380735,66312.0,2370.0,0.03574013753166848,Dorota_to_analzye_size_spaces_TNF24h_000,TNF
1415,186,129,1889.0,0.42877433996857733,2.3811540497617787,9178.0,0.7929575848475842,0.9813943541488451,2.5268032251035084,152.3078208181263,740.0112120004039,0.20581826105905426,23191.0,4498.0,0.19395455133456946,Dorota_to_analzye_size_spaces_TNF24h_000,TNF
1416,187,129,694.0,0.633195086092577,2.2953890489913547,9178.0,0.7929575848475842,0.9813943541488451,2.5268032251035084,55.956393672726115,740.0112120004039,0.07561560252778383,23191.0,1593.0000000000002,0.06869044025699626,Dorota_to_analzye_size_spaces_TNF24h_000,TNF
1417,188,129,142.0,0.6528860653186842,2.492957746478873,9178.0,0.7929575848475842,0.9813943541488451,2.5268032251035084,11.449290924390647,740.0112120004039,0.01547178034430159,23191.0,353.99999999999994,0.015264542279332497,Dorota_to_analzye_size_spaces_TNF24h_000,TNF
1418,189,129,214.0,0.6960730689491178,2.705607476635514,9178.0,0.7929575848475842,0.9813943541488451,2.5268032251035084,17.254565195912665,740.0112120004039,0.023316626716060145,23191.0,579.0,0.024966581863654004,Dorota_to_analzye_size_spaces_TNF24h_000,TNF
1419,190,129,66.0,0.6348066809015707,1.1363636363636365,9178.0,0.7929575848475842,0.9813943541488451,2.5268032251035084,5.321501415561849,740.0112120004039,0.007191109174112007,23191.0,75.0,0.0032340131947738346,Dorota_to_analzye_size_spaces_TNF24h_000,TNF
1420,17,26,2206.0,0.7737370569176694,3.915231187669991,11792.0,0.9112741705669124,0.9591670733691231,4.392554274084125,177.86715337468848,950.7749195803839,0.18707598371777476,51797.0,8637.0,0.1667471089059212,Dorota_to_analzye_size_spaces_E2P4_TNF24h_000,E2P4_TNF
1421,19,30,2236.0,0.8667191070457241,2.548747763864043,6981.0,0.8221198752648781,0.9501837484687627,5.139664804469274,180.28601765448934,562.8697179096557,0.3202979515828678,35880.0,5699.0,0.15883500557413602,Dorota_to_analzye_size_spaces_E2P4_TNF24h_000,E2P4_TNF
1422,20,29,2201.0,0.8144381512563699,5.04089050431622,21497.0,0.7786473405919678,0.8558404331555061,3.1490905707773176,177.46400932805503,1733.277514095956,0.10238637949481323,67696.0,11095.0,0.1638944693925786,Dorota_to_analzye_size_spaces_E2P4_TNF24h_000,E2P4_TNF
1423,21,20,2146.0,0.7889060914852716,2.863932898415657,22256.0,0.96565989983921,0.8486235033935788,2.0069644140905822,173.02942481508683,1794.4747803749171,0.0964234363767074,44667.0,6146.0,0.13759598808964113,Dorota_to_analzye_size_spaces_E2P4_TNF24h_000,E2P4_TNF
1424,22,22,1423.0,0.72017628834204,4.0330288123682365,9463.0,0.939021720725051,0.9531627719580983,3.9961957096058334,114.73479567188654,762.9904226585119,0.1503751453027581,37816.0,5739.000000000001,0.1517611592976518,Dorota_to_analzye_size_spaces_E2P4_TNF24h_000,E2P4_TNF
1425,23,19,1963.0,0.8123598729920772,8.076923076923077,19091.0,0.6721537393265665,0.7766251728907331,5.371693468126343,158.27435270830168,1539.2845988559284,0.10282331988895291,102551.0,15855.0,0.1546060009166171,Dorota_to_analzye_size_spaces_E2P4_TNF24h_000,E2P4_TNF
1426,25,38,4978.0,0.7784024183733108,4.221574929690639,8642.0,0.7922824812115368,0.8310414462929128,3.7006479981485767,401.3702128282862,696.7941702012955,0.5760240685026614,31981.0,21015.0,0.6571089084143711,Dorota_to_analzye_size_spaces_E2P4_TNF24h_000,E2P4_TNF
1427,26,27,1865.0,0.8942414294757415,4.353887399463807,12599.0,0.9613265773738879,0.8419540229885057,4.795142471624732,150.3727293942856,1015.8423687070265,0.14802762123978094,60414.0,8120.0,0.13440593239977489,Dorota_to_analzye_size_spaces_E2P4_TNF24h_000,E2P4_TNF
1428,29,37,2180.0,0.8003970428055976,11.212844036697248,8931.0,0.8367912496246718,0.9580562111134949,13.410592318889263,175.77080433219444,720.0958960967104,0.24409360653902137,119770.0,24444.0,0.20409117475160723,Dorota_to_analzye_size_spaces_E2P4_TNF24h_000,E2P4_TNF
1429,30,31,1443.0,0.48570626221905816,3.6424116424116426,21017.0,0.956863546908707,0.8785269406010952,2.6713136984346004,116.34737185842044,1694.5756856191424,0.06865870485797211,56143.0,5256.0,0.0936180823967369,Dorota_to_analzye_size_spaces_E2P4_TNF24h_000,E2P4_TNF
1430,31,32,2377.0,0.8024935226968033,3.6512410601598653,20277.0,0.9709112025222219,0.9250456204379562,3.139172461409479,191.6546797695533,1634.9103667173883,0.11722641416383094,63653.00000000001,8679.0,0.13634864028404,Dorota_to_analzye_size_spaces_E2P4_TNF24h_000,E2P4_TNF
1431,32,41,1995.0,0.753019865045951,3.1924812030075187,8110.0,0.895491239737896,0.9538932015996237,3.108877928483354,160.85447460675593,653.899643639494,0.24599260172626386,25213.0,6369.0,0.2526077816999167,Dorota_to_analzye_size_spaces_E2P4_TNF24h_000,E2P4_TNF
1432,34,40,1364.0,0.8182040435272195,3.7565982404692084,12259.0,0.9422730408575223,0.9626226933647428,2.6598417489191615,109.97769592161157,988.4285735359502,0.11126519291948772,32607.0,5124.0,0.15714417149691784,Dorota_to_analzye_size_spaces_E2P4_TNF24h_000,E2P4_TNF
1433,35,39,856.0,0.6138128612035071,3.6273364485981308,12668.0,0.9153238591001263,0.9254821741671537,4.482001894537417,69.01826078365066,1021.4057565505684,0.06757183454373224,56778.0,3105.0,0.0546866744161471,Dorota_to_analzye_size_spaces_E2P4_TNF24h_000,E2P4_TNF
1434,36,35,2506.0,0.7977879368560655,5.357940941739824,32490.0,0.9296321165444951,0.9496390261011896,5.873437980917205,202.05579617269692,2619.6300150243105,0.07713142505386272,190828.0,13426.999999999998,0.07036179177059969,Dorota_to_analzye_size_spaces_E2P4_TNF24h_000,E2P4_TNF
1435,38,31,723.0,0.7207389220535283,3.912863070539419,21017.0,0.956863546908707,0.8785269406010952,2.6713136984346004,58.29462914320026,1694.5756856191424,0.03440072322405672,56143.0,2829.0,0.050389184760344125,Dorota_to_analzye_size_spaces_E2P4_TNF24h_000,E2P4_TNF
1436,39,39,1308.0,0.6754353052134717,4.181957186544342,12668.0,0.9153238591001263,0.9254821741671537,4.482001894537417,105.46248259931666,1021.4057565505684,0.10325228923271235,56778.0,5470.0,0.09634013174116736,Dorota_to_analzye_size_spaces_E2P4_TNF24h_000,E2P4_TNF
1437,40,44,2203.0,0.7806778475946498,4.077621425329097,17969.0,0.9042953398168809,0.8812221077926536,3.335299682787022,177.62526694670842,1448.819074791377,0.12260003339083977,59932.0,8983.0,0.1498865380764867,Dorota_to_analzye_size_spaces_E2P4_TNF24h_000,E2P4_TNF
1438,41,41,64.0,0.7305355921907479,2.546875,8110.0,0.895491239737896,0.9538932015996237,3.108877928483354,5.1602437969084605,653.899643639494,0.007891491985203452,25213.0,163.0,0.006464918891048269,Dorota_to_analzye_size_spaces_E2P4_TNF24h_000,E2P4_TNF
1439,42,33,1245.0,0.7396016899205152,4.314859437751004,20564.0,0.933153229630282,0.9424381301558203,4.4398463333981715,100.3828676117349,1658.0508349941497,0.060542695973546,91301.0,5372.0,0.05883834788227949,Dorota_to_analzye_size_spaces_E2P4_TNF24h_000,E2P4_TNF
1440,43,45,979.0,0.47960446759132797,5.053115423901941,19729.0,0.8928922754837526,0.9051245584254713,4.841958538192508,78.93560433083411,1590.7257792063597,0.04962238329362867,95527.0,4947.0,0.05178640593758833,Dorota_to_analzye_size_spaces_E2P4_TNF24h_000,E2P4_TNF
1441,44,34,3277.0,0.6889185148175043,8.511443393347575,16821.0,0.9588129026460117,0.8744086915839268,5.009571369121931,264.2206081635785,1356.2572016843314,0.19481600380476785,84266.0,27892.000000000004,0.33099945410960535,Dorota_to_analzye_size_spaces_E2P4_TNF24h_000,E2P4_TNF
1442,45,33,1141.0,0.7941083347800829,4.197195442594215,20564.0,0.933153229630282,0.9424381301558203,4.4398463333981715,91.99747144175865,1658.0508349941497,0.05548531414121766,91301.0,4789.0,0.05245287565305966,Dorota_to_analzye_size_spaces_E2P4_TNF24h_000,E2P4_TNF
1443,46,45,1050.0,0.4278988284555011,4.798095238095238,19729.0,0.8928922754837526,0.9051245584254713,4.841958538192508,84.66024979302944,1590.7257792063597,0.0532211465355568,95527.0,5038.0,0.052739016194374363,Dorota_to_analzye_size_spaces_E2P4_TNF24h_000,E2P4_TNF
1444,47,42,2214.0,0.8944372094823504,2.9810298102981028,17547.0,0.974063421892022,0.9077129998448089,2.458596911152904,178.51218384930206,1414.7937172555119,0.12617541460078646,43141.0,6599.999999999999,0.1529867179713034,Dorota_to_analzye_size_spaces_E2P4_TNF24h_000,E2P4_TNF
1445,49,43,1276.0,0.3761181094062218,2.707680250783699,16673.0,0.9304559460281455,0.9319731693683622,3.0511605589875845,102.88236070086244,1344.3241379039807,0.07653091825106459,50872.0,3455.0,0.06791555275986791,Dorota_to_analzye_size_spaces_E2P4_TNF24h_000,E2P4_TNF
1446,50,52,154.0,0.6461463791953069,4.714285714285714,2536.0,0.48138590769470907,0.9434523809523809,2.8584384858044163,12.416836636310983,204.47466045249774,0.06072555205047318,7249.0,726.0,0.10015174506828528,Dorota_to_analzye_size_spaces_E2P4_TNF24h_000,E2P4_TNF
1447,51,50,2288.0,0.7849729666872386,3.1875,23056.0,0.9190419189813532,0.8539891843840285,4.531228313671062,184.47871573947745,1858.9778278362728,0.09923664122137404,104472.0,7293.0,0.06980817826786125,Dorota_to_analzye_size_spaces_E2P4_TNF24h_000,E2P4_TNF
1448,52,47,2626.0,0.8128538769575804,2.613861386138614,13860.0,0.9155952600878351,0.8514036488727809,2.5364357864357863,211.73125329190026,1117.5152972679884,0.18946608946608948,35155.0,6864.0,0.19524960887498222,Dorota_to_analzye_size_spaces_E2P4_TNF24h_000,E2P4_TNF
1449,53,55,2254.0,0.6736770690804742,5.579858030168589,10350.0,0.7570004619148805,0.9330208239430271,4.319420289855072,181.73733622236983,834.5081765312901,0.21777777777777776,44706.0,12577.0,0.281326891245023,Dorota_to_analzye_size_spaces_E2P4_TNF24h_000,E2P4_TNF
1450,54,48,2094.0,0.845472145069707,4.164756446991404,24921.0,0.9057426963034388,0.9175288096903649,5.327675454436018,168.8367267300987,2009.3505572305585,0.08402552064523895,132771.0,8720.999999999998,0.06568452448200283,Dorota_to_analzye_size_spaces_E2P4_TNF24h_000,E2P4_TNF
1451,55,46,2127.0,0.827485553275761,3.223789374706159,25469.0,0.9563923874241744,0.9629839685420448,3.018336016333582,171.4974774378796,2053.5351447415874,0.08351329066708547,76874.0,6857.0,0.08919790826547337,Dorota_to_analzye_size_spaces_E2P4_TNF24h_000,E2P4_TNF
1452,56,43,950.0,0.6098822294209827,2.6136842105263156,16673.0,0.9304559460281455,0.9319731693683622,3.0511605589875845,76.59736886035996,1344.3241379039807,0.05697834822767348,50872.0,2483.0,0.04880877496461708,Dorota_to_analzye_size_spaces_E2P4_TNF24h_000,E2P4_TNF
1453,57,34,631.0,0.8770823456884124,14.702060221870047,16821.0,0.9588129026460117,0.8744086915839268,5.009571369121931,50.87677868514435,1356.2572016843314,0.037512633018250995,84266.0,9277.0,0.11009185199249993,Dorota_to_analzye_size_spaces_E2P4_TNF24h_000,E2P4_TNF
1454,58,53,734.0,0.6271751254253051,4.459128065395095,13369.0,0.9706190916449612,0.9174444139445512,3.910464507442591,59.18154604579391,1077.9265518885813,0.05490313411623906,52279.0,3273.0,0.0626064002754452,Dorota_to_analzye_size_spaces_E2P4_TNF24h_000,E2P4_TNF
1455,59,49,958.0,0.39612784411633106,3.3340292275574113,19787.0,0.9602619994169944,0.9551554354122418,4.885682518825491,77.24239933497351,1595.402250147308,0.04841562642138778,96672.99999999999,3194.0,0.03303921467214217,Dorota_to_analzye_size_spaces_E2P4_TNF24h_000,E2P4_TNF
1456,60,54,2208.0,0.7663397010868583,3.660326086956522,13513.0,0.9674837952904077,0.9479480883900386,2.9180048841855992,178.02841099334188,1089.5371004316255,0.16339820913194703,39431.0,8082.000000000001,0.20496563617458347,Dorota_to_analzye_size_spaces_E2P4_TNF24h_000,E2P4_TNF
1457,61,53,1700.0,0.6976112037840252,3.7211764705882353,13369.0,0.9706190916449612,0.9174444139445512,3.910464507442591,137.06897585538098,1077.9265518885813,0.12715984740818312,52279.0,6326.0,0.12100460988159682,Dorota_to_analzye_size_spaces_E2P4_TNF24h_000,E2P4_TNF
1458,62,59,2187.0,0.7778140753503255,3.54503886602652,28839.0,0.5980724478603524,0.936088029083355,2.450188980200423,176.3352059974813,2325.254232172548,0.07583480703214397,70661.0,7753.0,0.10972106253803371,Dorota_to_analzye_size_spaces_E2P4_TNF24h_000,E2P4_TNF
1459,64,49,1107.0,0.6058271585608881,4.1409214092140925,19787.0,0.9602619994169944,0.9551554354122418,4.885682518825491,89.25609192465103,1595.402250147308,0.05594582301511093,96672.99999999999,4584.0,0.04741758298594231,Dorota_to_analzye_size_spaces_E2P4_TNF24h_000,E2P4_TNF
1460,65,56,2218.0,0.7725736727667165,5.590171325518485,19724.0,0.9765103482268779,0.8155468265453794,6.318038937335226,178.83469908660882,1590.3226351597261,0.11245183532751978,124617.0,12399.0,0.09949685837405811,Dorota_to_analzye_size_spaces_E2P4_TNF24h_000,E2P4_TNF
1461,66,57,2237.0,0.7239733897994918,5.061242735806884,29594.0,0.8874839451977603,0.9142980721700444,5.636784483341218,180.36664646381604,2386.128983214203,0.07558964654997635,166815.0,11322.0,0.06787159428108983,Dorota_to_analzye_size_spaces_E2P4_TNF24h_000,E2P4_TNF
1462,67,60,2312.0,0.8152487663141019,4.211072664359862,14079.0,0.8008528103229718,0.9182156133828996,4.694864692094609,186.41380716331813,1135.1730065105346,0.16421620853753818,66099.0,9736.0,0.14729421019985173,Dorota_to_analzye_size_spaces_E2P4_TNF24h_000,E2P4_TNF
1463,70,61,2136.0,0.827802226071334,3.9911048689138577,26862.0,0.9075633401543768,0.9045358116981513,4.141501005137369,172.22313672181986,2165.851076133673,0.07951753406298862,111249.0,8525.0,0.07662990229125655,Dorota_to_analzye_size_spaces_E2P4_TNF24h_000,E2P4_TNF
1464,72,75,2052.0,0.7894322473661425,5.3050682261208575,3350.0,0.7736902289039984,0.9690483077813132,5.564179104477612,165.45031673837752,270.1065112444272,0.6125373134328358,18640.0,10886.0,0.5840128755364807,Dorota_to_analzye_size_spaces_E2P4_TNF24h_000,E2P4_TNF
1465,73,74,2149.0,0.8297106254233637,3.834806886924151,3565.0,0.8559701786153701,0.9743099207433725,3.5859747545582046,173.2713112430669,287.4417052496666,0.6028050490883591,12784.0,8241.0,0.6446339173967459,Dorota_to_analzye_size_spaces_E2P4_TNF24h_000,E2P4_TNF
1466,74,68,3022.0,0.6870250811999973,3.5244870946393116,30186.0,0.5357868827899687,0.9250145558177305,2.087159610415424,243.66026178527136,2433.8612383356062,0.10011263499635592,63002.99999999999,10651.0,0.16905544180435855,Dorota_to_analzye_size_spaces_E2P4_TNF24h_000,E2P4_TNF
1467,75,63,2452.0,0.8272890464613718,2.6582381729200653,34714.0,0.9366306747152159,0.9080778486972899,4.823270150371608,197.70184046905538,2798.9484869668795,0.07063432620844616,167434.99999999997,6518.0,0.038928539433212894,Dorota_to_analzye_size_spaces_E2P4_TNF24h_000,E2P4_TNF
1468,76,78,2012.0,0.7892097954777387,2.9140159045725644,3454.0,0.744574982253126,0.9793025233909839,2.705848291835553,162.22516436530972,278.4919074144035,0.582513028372901,9346.0,5863.0,0.6273271988016264,Dorota_to_analzye_size_spaces_E2P4_TNF24h_000,E2P4_TNF
1469,78,77,2338.0,0.8185139195983505,5.907613344739093,4450.0,0.8338698952026731,0.9788825340959085,6.429887640449438,188.5101562058122,358.7982015037914,0.5253932584269663,28613.0,13811.999999999998,0.4827176458253241,Dorota_to_analzye_size_spaces_E2P4_TNF24h_000,E2P4_TNF
1470,79,67,1345.0,0.6533486202242993,3.6639405204460966,25990.0,0.8428179213256934,0.8946643717728056,2.4189688341669875,108.44574854440437,2095.5427544007953,0.051750673335898424,62869.00000000001,4928.0,0.07838521369832507,Dorota_to_analzye_size_spaces_E2P4_TNF24h_000,E2P4_TNF
1471,80,69,995.0,0.6463730941223279,3.0472361809045228,25975.0,0.9152019723099075,0.9620014073552832,3.9842155919153033,80.22566528006122,2094.333322260895,0.0383060635226179,103490.0,3032.0,0.029297516668277127,Dorota_to_analzye_size_spaces_E2P4_TNF24h_000,E2P4_TNF
1472,81,67,1484.0,0.6709554232631054,3.31266846361186,25990.0,0.8428179213256934,0.8946643717728056,2.4189688341669875,119.65315304081493,2095.5427544007953,0.05709888418622547,62869.00000000001,4916.0,0.07819434061302072,Dorota_to_analzye_size_spaces_E2P4_TNF24h_000,E2P4_TNF
1473,82,71,2018.0,0.8807108647424718,8.805748265609514,28601.0,0.8423553791005756,0.8533536221506146,8.41309744414531,162.7089372212699,2306.064575552795,0.07055697353239397,240623.0,17770.0,0.07384996446723713,Dorota_to_analzye_size_spaces_E2P4_TNF24h_000,E2P4_TNF
1474,83,69,1342.0,0.42646031407911816,2.8353204172876305,25975.0,0.9152019723099075,0.9620014073552832,3.9842155919153033,108.20386211642428,2094.333322260895,0.051665062560154,103490.0,3805.0,0.036766837375591846,Dorota_to_analzye_size_spaces_E2P4_TNF24h_000,E2P4_TNF
1475,84,76,1030.0,0.5457032042444724,3.3689320388349513,21626.0,0.9624657085792705,0.924030080328149,6.792194580597429,83.04767360649554,1743.6786304990994,0.04762785535928974,146888.0,3470.0,0.023623440989052884,Dorota_to_analzye_size_spaces_E2P4_TNF24h_000,E2P4_TNF
1476,85,83,864.0,0.7611929776960711,6.917824074074074,10943.0,0.9489906180348968,0.7839386775556988,4.987754729050534,69.66329125826422,882.32106046202,0.07895458283834415,54581.0,5977.0,0.10950697129037577,Dorota_to_analzye_size_spaces_E2P4_TNF24h_000,E2P4_TNF
1477,86,72,1968.0,0.8431151590696634,3.635670731707317,13981.0,0.969117867078051,0.8187035193535164,5.488448608826264,158.67749675493516,1127.2713831965186,0.14076246334310852,76734.0,7155.0,0.0932441942294159,Dorota_to_analzye_size_spaces_E2P4_TNF24h_000,E2P4_TNF
1478,87,83,572.0,0.36755918666755083,5.25,10943.0,0.9489906180348968,0.7839386775556988,4.987754729050534,46.11967893486936,882.32106046202,0.05227085808279265,54581.0,3003.0,0.05501914585661677,Dorota_to_analzye_size_spaces_E2P4_TNF24h_000,E2P4_TNF
1479,88,82,1871.0,0.9074946928867751,4.53981827899519,8825.0,0.8916568030553408,0.8225370491192097,5.16328611898017,150.85650225024577,711.5492423080807,0.2120113314447592,45566.0,8494.0,0.18641092042312252,Dorota_to_analzye_size_spaces_E2P4_TNF24h_000,E2P4_TNF
1480,89,76,1179.0,0.6232165140074998,3.854113655640373,21626.0,0.9624657085792705,0.924030080328149,6.792194580597429,95.06136619617304,1743.6786304990994,0.054517710163691856,146888.0,4544.0,0.03093513425194706,Dorota_to_analzye_size_spaces_E2P4_TNF24h_000,E2P4_TNF
1481,90,89,2262.0,0.8984166394827557,4.3664898320070735,4143.0,0.8410714108066293,0.9789697542533081,4.745353608496258,182.3823666969834,334.0451570404961,0.5459811730629979,19660.0,9877.0,0.5023906408952187,Dorota_to_analzye_size_spaces_E2P4_TNF24h_000,E2P4_TNF
1482,92,81,2467.0,0.8361507544470497,4.812322659100122,36566.0,0.8824295764334698,0.7417038539553753,6.722447081988733,198.9112726089558,2948.2730418399183,0.06746704588962424,245813.0,11872.000000000002,0.04829687608059786,Dorota_to_analzye_size_spaces_E2P4_TNF24h_000,E2P4_TNF
1483,93,88,1081.0,0.7157196071785781,3.4412580943570767,14143.0,0.9267689140613438,0.9507260016133369,6.590822314926112,87.15974288215696,1140.333250307443,0.07643357137806689,93214.0,3720.0,0.03990816830089901,Dorota_to_analzye_size_spaces_E2P4_TNF24h_000,E2P4_TNF
1484,94,87,2857.0,0.7152886251281699,6.897444872243613,26439.0,0.5856352040812959,0.9593599187198374,3.3167668973864366,230.35650824636673,2131.745089788481,0.10806006278603578,87692.0,19706.0,0.22471833234502578,Dorota_to_analzye_size_spaces_E2P4_TNF24h_000,E2P4_TNF
1485,95,91,2427.0,0.8164225436829926,4.4004944375772554,17634.0,0.7263252257918706,0.9108471074380166,4.198480208687762,195.686120235888,1421.8084236669342,0.13763184756719973,74036.0,10679.999999999998,0.14425414663136849,Dorota_to_analzye_size_spaces_E2P4_TNF24h_000,E2P4_TNF
1486,96,85,1393.0,0.38342442339463617,3.8284278535534817,25766.0,0.8644046114608578,0.869826480318682,3.640572847939145,112.31593139208572,2077.4819011116156,0.054063494527672125,93803.0,5333.0,0.056853192328603565,Dorota_to_analzye_size_spaces_E2P4_TNF24h_000,E2P4_TNF
1487,97,88,919.0,0.6274688252116621,3.309031556039173,14143.0,0.9267689140613438,0.9507260016133369,6.590822314926112,74.09787577123242,1140.333250307443,0.06497914162483208,93214.0,3041.0,0.0326238547857618,Dorota_to_analzye_size_spaces_E2P4_TNF24h_000,E2P4_TNF
1488,98,90,947.0,0.8023187479447389,2.853220696937698,20487.0,0.8132889271387422,0.9728844144743091,2.491043100502758,76.35548243237987,1651.8424166759942,0.046224435007565776,51034.0,2702.0,0.05294509542657836,Dorota_to_analzye_size_spaces_E2P4_TNF24h_000,E2P4_TNF
1489,99,92,2911.0,0.6638959395400792,4.388869804191,9938.0,0.8446956324518496,0.962984496124031,4.396458039847052,234.71046395000826,801.2891070886918,0.29291607969410344,43692.0,12776.0,0.2924105099331685,Dorota_to_analzye_size_spaces_E2P4_TNF24h_000,E2P4_TNF
1490,100,85,1065.0,0.5283110563752222,6.744600938967136,25766.0,0.8644046114608578,0.869826480318682,3.640572847939145,85.86968193292985,2077.4819011116156,0.04133354032445859,93803.0,7183.0,0.07657537605407076,Dorota_to_analzye_size_spaces_E2P4_TNF24h_000,E2P4_TNF
1491,101,98,1840.0,0.6272114671679049,8.569565217391304,4450.0,0.8087389627699871,0.8973583383746723,7.06808988764045,148.35700916111824,358.7982015037914,0.4134831460674157,31453.0,15768.0,0.5013194289892856,Dorota_to_analzye_size_spaces_E2P4_TNF24h_000,E2P4_TNF
1492,102,86,2174.0,0.7527159499352782,5.340846366145354,44193.0,0.52361669657373,0.9044636826917173,4.969610571810015,175.28703147623426,3563.228970574619,0.04919331115787568,219621.99999999997,11611.0,0.052868109752210624,Dorota_to_analzye_size_spaces_E2P4_TNF24h_000,E2P4_TNF
1493,103,90,1662.0,0.6402449480431049,3.0860409145607703,20487.0,0.8132889271387422,0.9728844144743091,2.491043100502758,134.00508110096658,1651.8424166759942,0.08112461560989896,51034.0,5129.0,0.1005016263667359,Dorota_to_analzye_size_spaces_E2P4_TNF24h_000,E2P4_TNF
1494,104,95,2634.0,0.742266602153189,5.478359908883827,10399.0,0.8023698560232143,0.9546497750849169,5.6522742571401094,212.37628376651384,838.4589881882981,0.25329358592172324,58778.0,14430.0,0.2455000170131682,Dorota_to_analzye_size_spaces_E2P4_TNF24h_000,E2P4_TNF
1495,105,96,1932.0,0.827404639691513,3.5817805383022776,11164.0,0.842562880020925,0.9402846795249726,4.023826585453243,155.77485961917415,900.1400273232196,0.17305625223934074,44922.00000000001,6920.0,0.15404478874493563,Dorota_to_analzye_size_spaces_E2P4_TNF24h_000,E2P4_TNF
1496,106,97,2558.0,0.7003245654560271,13.29945269741986,20196.0,0.6633454917535896,0.9708215161274816,9.275995246583483,206.24849425768502,1628.379433161926,0.12665874430580312,187338.0,34020.0,0.18159689972135926,Dorota_to_analzye_size_spaces_E2P4_TNF24h_000,E2P4_TNF
1497,107,101,937.0,0.6789191900229457,5.354322305229456,3513.0,0.6214977144046296,0.9530656538252849,4.930543694847708,75.54919433911293,283.24900716467846,0.2667235980643325,17321.0,5017.0,0.2896484036718434,Dorota_to_analzye_size_spaces_E2P4_TNF24h_000,E2P4_TNF
1498,108,101,740.0,0.737426860288761,5.837837837837838,3513.0,0.6214977144046296,0.9530656538252849,4.930543694847708,59.66531890175408,283.24900716467846,0.21064617136350697,17321.0,4320.0,0.24940823278101726,Dorota_to_analzye_size_spaces_E2P4_TNF24h_000,E2P4_TNF
1499,109,93,2566.0,0.8205815885591927,4.450116913484022,32911.0,0.7596060504548724,0.7963751633354305,4.416426118926802,206.89352473229857,2653.574743750849,0.07796785269362827,145349.0,11419.0,0.07856263200985215,Dorota_to_analzye_size_spaces_E2P4_TNF24h_000,E2P4_TNF
1500,110,104,2057.0,0.8340150100445997,5.030627126883811,3815.0,0.7897970674545133,0.9804677460806991,4.717693315858454,165.85346078501098,307.59890758134026,0.5391874180865006,17998.0,10348.0,0.5749527725302811,Dorota_to_analzye_size_spaces_E2P4_TNF24h_000,E2P4_TNF
1501,112,99,4009.0,0.820012489901634,3.564479920179596,35460.0,0.5084255153351305,0.9598310957124296,1.5665256627185562,323.24089659071905,2859.097578724594,0.11305696559503665,55549.0,14290.0,0.25725035554195397,Dorota_to_analzye_size_spaces_E2P4_TNF24h_000,E2P4_TNF
1502,113,102,2300.0,0.7811348451007472,3.090869565217391,17142.0,0.5094237823242773,0.9474382357817941,3.9735153424337883,185.4462614513978,1382.1390494782004,0.13417337533543344,68114.0,7109.0,0.10436914584373257,Dorota_to_analzye_size_spaces_E2P4_TNF24h_000,E2P4_TNF
1503,114,100,2971.0,0.8901873667928113,6.749915853248065,15885.0,0.8997341253960172,0.9298718023766317,4.337802958766131,239.54819250960995,1280.7886361545452,0.18703179099779665,68906.0,20054.0,0.29103416248222214,Dorota_to_analzye_size_spaces_E2P4_TNF24h_000,E2P4_TNF
1504,115,105,2114.0,0.8445627549915975,4.470671712393567,10698.0,0.9626820660511257,0.9335078534031414,4.1353524023181905,170.44930291663258,862.5670021769798,0.1976070293512806,44240.0,9451.0,0.21363019891500903,Dorota_to_analzye_size_spaces_E2P4_TNF24h_000,E2P4_TNF
1505,116,105,2.0,1.0,2.5,10698.0,0.9626820660511257,0.9335078534031414,4.1353524023181905,0.1612576186533894,862.5670021769798,0.0001869508319312021,44240.0,5.0,0.00011301989150090416,Dorota_to_analzye_size_spaces_E2P4_TNF24h_000,E2P4_TNF
1506,118,109,444.0,0.5183940696352516,3.855855855855856,4159.0,0.8877778222049859,0.9792794914056981,3.8581389757153164,35.79919134105244,335.3352179897232,0.10675643183457562,16046.0,1712.0,0.10669325688645145,Dorota_to_analzye_size_spaces_E2P4_TNF24h_000,E2P4_TNF
1507,119,109,619.0,0.7185529016712265,3.5363489499192244,4159.0,0.8877778222049859,0.9792794914056981,3.8581389757153164,49.909232973224015,335.3352179897232,0.14883385429189708,16046.0,2189.0,0.13642029166147326,Dorota_to_analzye_size_spaces_E2P4_TNF24h_000,E2P4_TNF
1508,120,109,1133.0,0.6722032471272281,4.561341571050309,4159.0,0.8877778222049859,0.9792794914056981,3.8581389757153164,91.35244096714509,335.3352179897232,0.2724212551094013,16046.0,5168.0,0.32207403714321325,Dorota_to_analzye_size_spaces_E2P4_TNF24h_000,E2P4_TNF
1509,121,106,2387.0,0.8337996052937097,2.8617511520737327,29589.0,0.9163949469046515,0.9206571455241296,1.9716448680252796,192.46096786282024,2385.725839167569,0.08067187130352496,58339.0,6831.0,0.11709148254169595,Dorota_to_analzye_size_spaces_E2P4_TNF24h_000,E2P4_TNF
1510,122,110,1899.0,0.6934445450907243,4.750921537651395,11300.0,0.6509420232522481,0.9345794392523364,5.284778761061947,153.11410891139323,911.10554539165,0.16805309734513274,59718.0,9022.0,0.15107672728490573,Dorota_to_analzye_size_spaces_E2P4_TNF24h_000,E2P4_TNF
1511,123,111,2118.0,0.8602443804451683,3.523607176581681,15647.0,0.9556926777635828,0.908283508446044,4.369335974947274,170.77181815393936,1261.5989795347919,0.13536141113312455,68367.0,7463.0,0.10916085245805725,Dorota_to_analzye_size_spaces_E2P4_TNF24h_000,E2P4_TNF
1512,124,108,2013.0,0.8334356496319181,5.082960755091903,20708.0,0.9438137203272332,0.8012071500425598,3.5077264825188332,162.30579317463642,1669.6613835371938,0.09720880819007147,72638.0,10232.0,0.14086290922106887,Dorota_to_analzye_size_spaces_E2P4_TNF24h_000,E2P4_TNF
1513,125,112,2415.0,0.6887590582122152,2.565631469979296,12689.0,0.9343508150619265,0.8966857465903469,2.352352431239656,194.71857452396767,1023.098961546429,0.19032232642446215,29848.999999999996,6196.0,0.20757814332138433,Dorota_to_analzye_size_spaces_E2P4_TNF24h_000,E2P4_TNF
1514,126,113,1597.0,0.7253481448517561,4.375078271759549,4859.0,0.8250459659521037,0.9114612643031326,8.18378267133155,128.76420849473143,391.7753845184095,0.3286684502984153,39765.0,6987.0,0.17570728027159563,Dorota_to_analzye_size_spaces_E2P4_TNF24h_000,E2P4_TNF
1515,127,114,2462.0,0.7806185603646137,5.0199025182778225,22620.0,0.8799720578891561,0.9267453294001966,3.783289124668435,198.50812856232233,1823.823666969834,0.10884173297966401,85578.0,12358.999999999998,0.14441795788637266,Dorota_to_analzye_size_spaces_E2P4_TNF24h_000,E2P4_TNF
1516,128,119,1964.0,0.8291931480676551,4.560081466395112,6146.0,0.8094145969143925,0.8942237741888549,3.822974292222584,158.35498151762837,495.5446621218656,0.31955743573055645,23496.0,8956.0,0.3811712631937351,Dorota_to_analzye_size_spaces_E2P4_TNF24h_000,E2P4_TNF
1517,129,116,989.0,0.6930809872133219,3.0667340748230534,33248.0,0.9009576040716593,0.9147133267304941,2.0605449951876804,79.74189242410105,2680.746652493945,0.029746150144369585,68509.0,3033.0,0.044271555562042944,Dorota_to_analzye_size_spaces_E2P4_TNF24h_000,E2P4_TNF
1518,130,116,1451.0,0.602674060629363,2.735354927636113,33248.0,0.9009576040716593,0.9147133267304941,2.0605449951876804,116.99240233303401,2680.746652493945,0.04364172281039461,68509.0,3969.0,0.05793399407377133,Dorota_to_analzye_size_spaces_E2P4_TNF24h_000,E2P4_TNF
1519,131,115,2015.0,0.9284491973942433,3.638709677419355,10585.0,0.9782874498183212,0.7914018691588786,4.594142654700048,162.46705079328981,853.4559467230633,0.19036372224846482,48629.00000000001,7332.0,0.15077422936930635,Dorota_to_analzye_size_spaces_E2P4_TNF24h_000,E2P4_TNF
1520,132,118,2435.0,0.7645545996798914,4.0435318275154,33312.0,0.821287144007018,0.9109105824446267,6.56649255523535,196.3311507105016,2685.9068962908536,0.07309678194044188,218743.0,9845.999999999998,0.04501172608952057,Dorota_to_analzye_size_spaces_E2P4_TNF24h_000,E2P4_TNF
1521,133,120,2228.0,0.8192280934275696,6.460502692998205,8449.0,0.9857553104913291,0.9130105900151286,6.32926973606344,179.6409871798758,681.2328100012435,0.26369984613563735,53476.0,14394.0,0.2691674769990276,Dorota_to_analzye_size_spaces_E2P4_TNF24h_000,E2P4_TNF
1522,134,121,2159.0,0.8058985234723446,2.7948124131542382,20818.0,0.9472721092734571,0.9302055406613048,2.659333269286195,174.07759933633383,1678.5305525631302,0.10370832933038716,55362.00000000001,6034.0,0.10899172717748634,Dorota_to_analzye_size_spaces_E2P4_TNF24h_000,E2P4_TNF
1523,135,126,1244.0,0.5372721678865587,2.75,16271.0,0.9704886785660553,0.8629541235746486,4.499846352406121,100.3022388024082,1311.9113565546493,0.0764550427140311,73217.0,3421.0,0.046724121447204885,Dorota_to_analzye_size_spaces_E2P4_TNF24h_000,E2P4_TNF
1524,136,126,1159.0,0.39953256664118875,2.9490940465918896,16271.0,0.9704886785660553,0.8629541235746486,4.499846352406121,93.44879000963915,1311.9113565546493,0.07123102452215599,73217.0,3418.0,0.04668314735648825,Dorota_to_analzye_size_spaces_E2P4_TNF24h_000,E2P4_TNF
1525,139,127,1918.0,0.7847405428771411,2.494786235662148,18944.0,0.7782656695714536,0.9588500278382346,4.348711993243243,154.64605628860042,1527.4321638849042,0.10124577702702703,82382.0,4785.0,0.05808307640018451,Dorota_to_analzye_size_spaces_E2P4_TNF24h_000,E2P4_TNF
1526,140,124,712.0,0.45465432828672786,2.220505617977528,12476.0,0.884855945966439,0.9412297246322142,2.1635139467778135,57.40771224060662,1005.925025159843,0.05706957358127605,26992.0,1581.0,0.05857291049199763,Dorota_to_analzye_size_spaces_E2P4_TNF24h_000,E2P4_TNF
1527,141,122,2363.0,0.7743471531334852,3.0435886584849765,24906.0,0.8892912596515731,0.8474022659997958,2.7652372922187425,190.52587643897957,2008.141125090658,0.09487673652935036,68871.0,7191.999999999999,0.10442711736434783,Dorota_to_analzye_size_spaces_E2P4_TNF24h_000,E2P4_TNF
1528,142,123,4265.0,0.8218184171973754,3.4797186400937865,29187.0,0.9422310303876636,0.9146375857854658,2.8937540685921816,343.8818717783529,2353.313057818238,0.146126700243259,84460.0,14841.0,0.17571631541558133,Dorota_to_analzye_size_spaces_E2P4_TNF24h_000,E2P4_TNF
1529,143,124,560.0,0.8268667216762431,2.442857142857143,12476.0,0.884855945966439,0.9412297246322142,2.1635139467778135,45.15213322294903,1005.925025159843,0.04488618146841936,26992.0,1368.0,0.05068168346176645,Dorota_to_analzye_size_spaces_E2P4_TNF24h_000,E2P4_TNF
1530,144,124,776.0,0.5734731899823704,1.8865979381443299,12476.0,0.884855945966439,0.9412297246322142,2.1635139467778135,62.56795603751508,1005.925025159843,0.06219942289195255,26992.0,1464.0,0.05423829282750445,Dorota_to_analzye_size_spaces_E2P4_TNF24h_000,E2P4_TNF
1531,145,128,2227.0,0.7379001913470837,3.7516838796587337,16577.0,0.9144359696697184,0.9240245261984392,4.915244012788804,179.5603583705491,1336.583772208618,0.13434276407070037,81480.0,8355.0,0.10254050073637702,Dorota_to_analzye_size_spaces_E2P4_TNF24h_000,E2P4_TNF
1532,147,129,1261.0,0.427865325103413,2.6518636003172085,24865.0,0.9210455361795723,0.7711512219327626,3.003820631409612,101.672928560962,2004.8353439082637,0.05071385481600643,74690.0,3344.0,0.04477172312223859,Dorota_to_analzye_size_spaces_E2P4_TNF24h_000,E2P4_TNF
1533,149,129,875.0,0.6516198535938104,2.946285714285714,24865.0,0.9210455361795723,0.7711512219327626,3.003820631409612,70.55020816085786,2004.8353439082637,0.035190026141162276,74690.0,2578.0,0.03451599946445307,Dorota_to_analzye_size_spaces_E2P4_TNF24h_000,E2P4_TNF
1534,150,133,911.0,0.8542409548573003,3.380900109769484,39241.0,0.658210151421697,0.9260850069619805,2.262353151041003,73.45284529661886,3163.9551067888265,0.023215514385464184,88777.0,3080.0,0.034693670657940684,Dorota_to_analzye_size_spaces_E2P4_TNF24h_000,E2P4_TNF
1535,151,130,1866.0,0.8470206211562967,5.727224008574491,14330.0,0.8751877858403294,0.8357634433687158,4.544940683879972,150.4533582036123,1155.410837651535,0.13021632937892533,65128.99999999999,10687.0,0.16408972961353624,Dorota_to_analzye_size_spaces_E2P4_TNF24h_000,E2P4_TNF
1536,152,131,2439.0,0.7866587412598681,3.188191881918819,28037.0,0.8937114794256515,0.8963808427648826,3.1884295752041947,196.65366594780835,2260.5899270925393,0.08699218889324821,89394.0,7776.0,0.08698570373850593,Dorota_to_analzye_size_spaces_E2P4_TNF24h_000,E2P4_TNF
1537,153,133,1624.0,0.8168811075207167,3.2789408866995076,39241.0,0.658210151421697,0.9260850069619805,2.262353151041003,130.94118634655217,3163.9551067888265,0.04138528579801738,88777.0,5325.0,0.05998175203036823,Dorota_to_analzye_size_spaces_E2P4_TNF24h_000,E2P4_TNF
1538,154,140,1934.0,0.84637521216366,3.5325749741468457,5883.0,0.6808754702282429,0.959236915049731,3.2718001019887812,155.93611723782755,474.3392852689449,0.32874383817780045,19248.0,6832.0,0.3549459684123026,Dorota_to_analzye_size_spaces_E2P4_TNF24h_000,E2P4_TNF
1539,155,138,1867.0,0.7722149081753469,3.1842528119978577,12231.0,0.6813619197620803,0.9747370098820529,1.753658735998692,150.533987012939,986.1709668748028,0.15264491864933366,21449.0,5945.0,0.2771690987924845,Dorota_to_analzye_size_spaces_E2P4_TNF24h_000,E2P4_TNF
1540,156,141,1157.0,0.5579089565316129,1.6179775280898876,16847.0,0.9743361107938363,0.8539206244614527,1.3782869353594112,93.28753239098576,1358.3535507268255,0.06867691577135394,23220.0,1872.0,0.08062015503875969,Dorota_to_analzye_size_spaces_E2P4_TNF24h_000,E2P4_TNF
1541,157,141,965.0,0.48292236488400825,1.405181347150259,16847.0,0.9743361107938363,0.8539206244614527,1.3782869353594112,77.80680100026038,1358.3535507268255,0.05728022793375675,23220.0,1356.0,0.05839793281653747,Dorota_to_analzye_size_spaces_E2P4_TNF24h_000,E2P4_TNF
1542,158,144,547.0,0.7109007981004583,4.409506398537477,11958.0,0.9092656026054589,0.9622595960408787,3.3011373139320956,44.103958701702,964.1593019286152,0.045743435357083126,39475.0,2412.0,0.06110196326789107,Dorota_to_analzye_size_spaces_E2P4_TNF24h_000,E2P4_TNF
1543,159,144,980.0,0.5479609514094403,4.3704081632653065,11958.0,0.9092656026054589,0.9622595960408787,3.3011373139320956,79.01623314016081,964.1593019286152,0.08195350393042315,39475.0,4283.0,0.10849905003166561,Dorota_to_analzye_size_spaces_E2P4_TNF24h_000,E2P4_TNF
1544,160,145,1395.0,0.6336734456555879,5.480286738351254,16727.0,0.966513994710529,0.8638640706502092,5.281640461529264,112.4771890107391,1348.6780936076223,0.083398098882047,88346.0,7645.0,0.086534761053132,Dorota_to_analzye_size_spaces_E2P4_TNF24h_000,E2P4_TNF
1545,161,145,852.0,0.35217724845833337,5.429577464788732,16727.0,0.966513994710529,0.8638640706502092,5.281640461529264,68.69574554634389,1348.6780936076223,0.050935613080648055,88346.0,4626.0,0.05236230276413194,Dorota_to_analzye_size_spaces_E2P4_TNF24h_000,E2P4_TNF
1546,162,150,1860.0,0.7777182232051117,2.3016129032258066,3125.0,0.7828902983761,0.9820867379006913,1.94016,149.96958534765213,251.9650291459209,0.5952,6063.0,4281.0,0.7060860959920832,Dorota_to_analzye_size_spaces_E2P4_TNF24h_000,E2P4_TNF
1547,163,146,1869.0,0.7516470638331837,5.774210807918673,29815.0,0.9138843730815399,0.9087168546174946,3.8787858460506457,150.69524463159237,2403.9479500754023,0.0626865671641791,115646.0,10792.0,0.09331926741953894,Dorota_to_analzye_size_spaces_E2P4_TNF24h_000,E2P4_TNF
1548,164,152,1199.0,0.6310517952333031,3.2335279399499584,3570.0,0.8729442252553994,0.9756764143208527,3.1708683473389354,96.67394238270694,287.8448492963001,0.33585434173669465,11320.0,3877.0,0.3424911660777385,Dorota_to_analzye_size_spaces_E2P4_TNF24h_000,E2P4_TNF
1549,165,152,775.0,0.2707344666708661,3.0632258064516127,3570.0,0.8729442252553994,0.9756764143208527,3.1708683473389354,62.48732722818839,287.8448492963001,0.21708683473389356,11320.0,2374.0,0.2097173144876325,Dorota_to_analzye_size_spaces_E2P4_TNF24h_000,E2P4_TNF
1550,166,148,2131.0,0.8670881068775215,2.549976536837166,17502.0,0.9643514447273672,0.9137994047929828,2.1018169352074048,171.8199926751864,1411.1654208358104,0.1217575134270369,36786.0,5434.0,0.14771924101560377,Dorota_to_analzye_size_spaces_E2P4_TNF24h_000,E2P4_TNF
1551,167,149,2295.0,0.7741542795158277,3.5028322440087147,29558.0,0.9088772186393473,0.8747558449245338,4.737871303877123,185.04311740476433,2383.2263460784416,0.07764395425942215,140042.0,8039.0,0.0574042073092358,Dorota_to_analzye_size_spaces_E2P4_TNF24h_000,E2P4_TNF
1552,170,151,1047.0,0.5995263598218759,2.6007640878701053,25900.0,0.9107003921965441,0.8993680116674769,1.5586100386100386,84.41836336504934,2088.2861615613924,0.04042471042471042,40368.0,2723.0,0.06745441934205311,Dorota_to_analzye_size_spaces_E2P4_TNF24h_000,E2P4_TNF
1553,171,147,2369.0,0.8892384803014893,2.0557197129590543,18955.0,0.9454919119043891,0.9537586796819966,2.4476391453442363,191.00964929493972,1528.319080787498,0.12498021630176734,46395.0,4870.0,0.10496820778101089,Dorota_to_analzye_size_spaces_E2P4_TNF24h_000,E2P4_TNF
1554,172,154,2189.0,0.7851848769128307,3.815897670169027,11363.0,0.9029570056647609,0.9506400066928804,3.85056763178738,176.4964636161347,916.1851603792318,0.19264278799612777,43754.0,8353.0,0.19090825981624537,Dorota_to_analzye_size_spaces_E2P4_TNF24h_000,E2P4_TNF
1555,173,151,1110.0,0.57298823208832,2.5558558558558557,25900.0,0.9107003921965441,0.8993680116674769,1.5586100386100386,89.49797835263111,2088.2861615613924,0.04285714285714286,40368.0,2837.0,0.07027843836702338,Dorota_to_analzye_size_spaces_E2P4_TNF24h_000,E2P4_TNF
1556,174,155,1375.0,0.42343616959076247,2.0392727272727273,13865.0,0.7335017893198951,0.9000908854842898,1.3694194013703571,110.86461282420521,1117.918441314622,0.0991705733862243,18987.0,2804.0,0.14767999157318165,Dorota_to_analzye_size_spaces_E2P4_TNF24h_000,E2P4_TNF
1557,175,156,779.0,0.6349387551575554,3.3902439024390243,3731.0,0.8369558249388716,0.9818421052631578,2.7874564459930316,62.809842465495166,300.8260875978979,0.2087912087912088,10400.0,2641.0,0.2539423076923077,Dorota_to_analzye_size_spaces_E2P4_TNF24h_000,E2P4_TNF
1558,176,155,933.0,0.5720548256990241,1.9442658092175777,13865.0,0.7335017893198951,0.9000908854842898,1.3694194013703571,75.22667910180616,1117.918441314622,0.06729174179588893,18987.0,1814.0,0.09553905303628799,Dorota_to_analzye_size_spaces_E2P4_TNF24h_000,E2P4_TNF
1559,177,157,578.0,0.7326549615379343,3.167820069204152,8401.0,0.6700216220682096,0.8133410785167974,5.157838352577074,46.60345179082953,677.3626271535621,0.06880133317462207,43331.0,1830.9999999999998,0.04225612148346449,Dorota_to_analzye_size_spaces_E2P4_TNF24h_000,E2P4_TNF
1560,178,153,2047.0,0.818024931746532,5.160234489496824,23097.0,0.8964904450643669,0.9358589951377634,5.055505043945101,165.04717269174404,1862.2836090186674,0.0886262285145257,116767.0,10563.0,0.09046220250584497,Dorota_to_analzye_size_spaces_E2P4_TNF24h_000,E2P4_TNF
1561,180,156,1150.0,0.662060253830845,2.683478260869565,3731.0,0.8369558249388716,0.9818421052631578,2.7874564459930316,92.7231307256989,300.8260875978979,0.3082283570088448,10400.0,3086.0,0.29673076923076924,Dorota_to_analzye_size_spaces_E2P4_TNF24h_000,E2P4_TNF
1562,181,157,1306.0,0.4871294772061385,2.8522205206738134,8401.0,0.6700216220682096,0.8133410785167974,5.157838352577074,105.30122498066328,677.3626271535621,0.15545768360909415,43331.0,3725.0000000000005,0.08596616740901435,Dorota_to_analzye_size_spaces_E2P4_TNF24h_000,E2P4_TNF
1563,182,161,1987.0,0.8946525929462622,4.949169602415702,12270.0,0.9588570452422116,0.8894527002537151,5.052974735126324,160.20944413214235,989.3154904385439,0.1619396903015485,62000.0,9834.0,0.15861290322580646,Dorota_to_analzye_size_spaces_E2P4_TNF24h_000,E2P4_TNF
1564,183,163,1989.0,0.7504991307962733,3.8436400201106085,2933.0,0.7034067365487066,0.9786453119786453,3.4459597681554723,160.37070175079575,236.48429775519554,0.678145243777702,10107.0,7645.0,0.756406450974572,Dorota_to_analzye_size_spaces_E2P4_TNF24h_000,E2P4_TNF
1565,184,164,1794.0,0.702494335659515,3.391304347826087,2601.0,0.6462597397429807,0.955547391623806,3.0899653979238755,144.6480839320903,209.7155330587329,0.6897347174163783,8037.0,6084.0,0.7569988801791714,Dorota_to_analzye_size_spaces_E2P4_TNF24h_000,E2P4_TNF
1566,187,158,2149.0,0.7654162513480433,7.5537459283387625,32248.0,0.9006359782147307,0.9023953436310723,4.367712726370628,173.2713112430669,2600.1178431672506,0.06663979161498387,140850.0,16233.0,0.11525026624068158,Dorota_to_analzye_size_spaces_E2P4_TNF24h_000,E2P4_TNF
1567,10,13,1554.0,0.6852188688639582,2.747104247104247,3178.0,0.6124961021381382,0.9802590993214065,2.5950283196979234,125.29716969368356,256.2383560402357,0.4889867841409692,8247.0,4269.0,0.5176427791924336,Dorota_to_analzye_size_spaces_E2P4_000,E2P4
1568,13,15,847.0,0.4688575755333188,3.708382526564345,3490.0,0.7564856112834387,0.9751327186364906,3.663896848137536,68.2926014997104,281.3945445501645,0.24269340974212034,12787.0,3141.0,0.2456401032298428,Dorota_to_analzye_size_spaces_E2P4_000,E2P4
1569,14,16,1417.0,0.7712798030471121,5.734650670430487,4189.0,0.20824996006510396,0.9710245711636533,4.550728097397947,114.25102281592638,337.7540822695241,0.3382668894724278,19063.0,8126.000000000001,0.42627078634003046,Dorota_to_analzye_size_spaces_E2P4_000,E2P4
1570,15,17,2030.0,0.803210053742675,2.846305418719212,3756.0,0.6955887977127377,0.9824744964687419,2.5085197018104366,163.67648293319024,302.8418078310653,0.5404685835995741,9422.0,5778.0,0.6132455954149862,Dorota_to_analzye_size_spaces_E2P4_000,E2P4
1571,19,14,1914.0,0.7189116158130651,2.111807732497388,11154.0,0.3450074974007911,0.9736382681564246,1.3327954097184866,154.32354105129366,899.3337392299526,0.17159763313609466,14866.0,4042.0000000000005,0.27189560069958296,Dorota_to_analzye_size_spaces_E2P4_000,E2P4
1572,20,20,1882.0,0.6747780909475084,2.3071200850159403,3429.0,0.6650376090213864,0.9833667909377689,2.1399825021872267,151.7434191528394,276.4761871812361,0.5488480606590843,7338.000000000001,4342.0,0.5917143635868083,Dorota_to_analzye_size_spaces_E2P4_000,E2P4
1573,21,15,760.0,0.41326397278173355,3.6210526315789475,3490.0,0.7564856112834387,0.9751327186364906,3.663896848137536,61.27789508828797,281.3945445501645,0.2177650429799427,12787.0,2752.0,0.21521858137170563,Dorota_to_analzye_size_spaces_E2P4_000,E2P4
1574,22,19,1436.0,0.7844508229679574,5.082869080779944,10683.0,0.599297176454814,0.9813521954804336,3.111953571094262,115.78297019313358,861.3575700370794,0.13441917064494993,33245.0,7299.0,0.2195518123026019,Dorota_to_analzye_size_spaces_E2P4_000,E2P4
1575,23,21,2296.0,0.8071874098431453,3.081881533101045,8316.0,0.6681211978950765,0.9254395726685956,1.6753246753246753,185.12374621409103,670.509178360793,0.2760942760942761,13932.0,7076.0,0.5078954923916165,Dorota_to_analzye_size_spaces_E2P4_000,E2P4
1576,24,22,1686.0,0.8069245537909512,3.972123368920522,3214.0,0.7663427709484673,0.9786845310596833,4.296204107031736,135.94017252480725,259.14099317599675,0.5245799626633478,13807.999999999998,6697.0,0.4850086906141368,Dorota_to_analzye_size_spaces_E2P4_000,E2P4
1577,26,23,1779.0,0.7850931155026892,3.054525014052839,3468.0,0.76921996616052,0.9738837405223252,2.6133217993079585,143.43865179218986,279.6207107449772,0.5129757785467128,9063.0,5434.0,0.59958071278826,Dorota_to_analzye_size_spaces_E2P4_000,E2P4
1578,27,19,883.0,0.7290359264361688,3.4224235560588903,10683.0,0.599297176454814,0.9813521954804336,3.111953571094262,71.19523863547141,861.3575700370794,0.08265468501357297,33245.0,3022.0,0.09090088735148143,Dorota_to_analzye_size_spaces_E2P4_000,E2P4
1579,29,24,1400.0,0.4598151512295188,3.1464285714285714,19914.0,0.8913479729825897,0.938012246820537,1.631314653007934,112.88033305737257,1605.6421089317982,0.07030229988952495,32486.0,4405.0,0.1355968724989226,Dorota_to_analzye_size_spaces_E2P4_000,E2P4
1580,30,24,1184.0,0.7188535394703152,3.1190878378378377,19914.0,0.8913479729825897,0.938012246820537,1.631314653007934,95.46451024280651,1605.6421089317982,0.0594556593351411,32486.0,3693.0,0.113679738964477,Dorota_to_analzye_size_spaces_E2P4_000,E2P4
1581,31,28,1896.0,0.7989769282165963,4.366561181434599,8316.0,0.8671969134590575,0.9654051543998142,3.5467772967772966,152.87222248341314,670.509178360793,0.227994227994228,29495.0,8279.0,0.2806916426512968,Dorota_to_analzye_size_spaces_E2P4_000,E2P4
1582,32,29,1988.0,0.7854533844909406,2.6574446680080483,4337.0,0.7776518965893198,0.9781235904375282,2.1404196449158404,160.29007294146905,349.6871460498749,0.4583813696103297,9283.0,5283.0,0.5691048152536895,Dorota_to_analzye_size_spaces_E2P4_000,E2P4
1583,33,26,846.0,0.5674222056104367,2.0319148936170213,12764.0,0.9621260434965434,0.8166869281463945,1.547869006581009,68.21197269038372,1029.146122245931,0.06628016295832027,19757.0,1719.0,0.08700713671103913,Dorota_to_analzye_size_spaces_E2P4_000,E2P4
1584,35,26,962.0,0.6669412277735063,2.8814968814968815,12764.0,0.9621260434965434,0.8166869281463945,1.547869006581009,77.5649145722803,1029.146122245931,0.07536822312754622,19757.0,2772.0,0.14030470213089033,Dorota_to_analzye_size_spaces_E2P4_000,E2P4
1585,36,32,2438.0,0.7719837037005282,3.958982772764561,4343.0,0.6805251713220396,0.9763938848920863,3.306700437485609,196.57303713848165,350.17091890583504,0.5613631130554916,14361.0,9652.0,0.672098043311747,Dorota_to_analzye_size_spaces_E2P4_000,E2P4
1586,37,33,1274.0,0.437159617756079,4.3791208791208796,4000.0,0.6519680224406059,0.9815950920245399,3.51275,102.72110308220904,322.5152373067788,0.3185,14051.0,5579.000000000001,0.39705359049178,Dorota_to_analzye_size_spaces_E2P4_000,E2P4
1587,38,34,2215.0,0.7966858708200726,4.1313769751693,3534.0,0.7474019170301069,0.9803051317614424,3.99320882852292,178.59281265862876,284.94221216053904,0.6267685342388228,14112.0,9151.0,0.6484552154195011,Dorota_to_analzye_size_spaces_E2P4_000,E2P4
1588,39,30,1816.0,0.7258743481428275,4.160242290748899,15150.0,0.9584754778981064,0.8385454142912493,1.538019801980198,146.42191773727757,1221.5264612994247,0.11986798679867987,23301.0,7555.000000000001,0.3242350113729025,Dorota_to_analzye_size_spaces_E2P4_000,E2P4
1589,40,33,632.0,0.7812257552768315,2.8591772151898733,4000.0,0.6519680224406059,0.9815950920245399,3.51275,50.95740749447105,322.5152373067788,0.158,14051.0,1807.0,0.12860294640950823,Dorota_to_analzye_size_spaces_E2P4_000,E2P4
1590,41,31,976.0,0.6505402041390823,3.0102459016393444,21044.0,0.8101601158810647,0.9268034880648287,1.3972628777798897,78.69371790285402,1696.7526634709632,0.046379015396312485,29403.999999999996,2938.0,0.09991837845191132,Dorota_to_analzye_size_spaces_E2P4_000,E2P4
1591,43,37,675.0,0.7439228500748468,2.3674074074074074,13871.0,0.9628041289610453,0.8990213234817551,1.4634849686396079,54.42444629551892,1118.402214170582,0.04866267752865691,20300.0,1598.0,0.0787192118226601,Dorota_to_analzye_size_spaces_E2P4_000,E2P4
1592,44,37,429.0,0.7822851893595248,2.090909090909091,13871.0,0.9628041289610453,0.8990213234817551,1.4634849686396079,34.58975920115203,1118.402214170582,0.030927835051546393,20300.0,897.0,0.0441871921182266,Dorota_to_analzye_size_spaces_E2P4_000,E2P4
1593,46,31,1240.0,0.6522049143383113,2.208064516129032,21044.0,0.8101601158810647,0.9268034880648287,1.3972628777798897,99.97972356510142,1696.7526634709632,0.05892415890515111,29403.999999999996,2738.0,0.09311658277785337,Dorota_to_analzye_size_spaces_E2P4_000,E2P4
1594,47,35,2253.0,0.8012126123983166,2.3213493120284068,16213.0,0.8053376569559779,0.9765690880616793,1.2377104792450502,181.65670741304314,1307.2348856137012,0.1389625609079134,20067.0,5230.000000000001,0.260626899885384,Dorota_to_analzye_size_spaces_E2P4_000,E2P4
1595,48,37,915.0,0.8344585993713493,1.7934426229508196,13871.0,0.9628041289610453,0.8990213234817551,1.4634849686396079,73.77536053392565,1118.402214170582,0.06596496287217937,20300.0,1641.0,0.08083743842364532,Dorota_to_analzye_size_spaces_E2P4_000,E2P4
1596,50,37,163.0,0.7267151325435617,2.4907975460122698,13871.0,0.9628041289610453,0.8990213234817551,1.4634849686396079,13.142495920251235,1118.402214170582,0.011751135462475668,20300.0,406.0,0.02,Dorota_to_analzye_size_spaces_E2P4_000,E2P4
1597,52,38,1218.0,0.6740309713426739,3.396551724137931,4070.0,0.6929213412228923,0.9833293065957961,2.516216216216216,98.20588975991414,328.1592539596474,0.2992628992628993,10241.0,4137.0,0.4039644565960355,Dorota_to_analzye_size_spaces_E2P4_000,E2P4
1598,53,38,936.0,0.790313638270521,2.5822649572649574,4070.0,0.6929213412228923,0.9833293065957961,2.516216216216216,75.46856552978623,328.1592539596474,0.22997542997542997,10241.0,2417.0,0.23601210819255933,Dorota_to_analzye_size_spaces_E2P4_000,E2P4
1599,54,39,1049.0,0.6905505324417124,3.092469018112488,5657.0,0.8066716740192276,0.9550903258483876,2.3321548523952624,84.57962098370274,456.1171743611119,0.18543397560544458,13193.0,3243.9999999999995,0.2458879708936557,Dorota_to_analzye_size_spaces_E2P4_000,E2P4
1600,55,41,3572.0,0.7292743240618531,3.895296752519597,5385.0,0.7019331034572639,0.9844606946983546,3.567502321262767,288.0061069149535,434.18613822425095,0.6633240482822655,19211.0,13914.0,0.7242725521836448,Dorota_to_analzye_size_spaces_E2P4_000,E2P4
1601,57,39,1032.0,0.4430018591867856,2.862403100775194,5657.0,0.8066716740192276,0.9550903258483876,2.3321548523952624,83.20893122514893,456.1171743611119,0.18242884921336397,13193.0,2954.0,0.22390661714545593,Dorota_to_analzye_size_spaces_E2P4_000,E2P4
1602,58,42,1516.0,0.8991067463707777,1.6635883905013193,8676.0,0.9907747969403254,0.8903940886699507,1.163785154449055,122.23327493926915,699.5355497184032,0.1747349008759797,10097.0,2522.0,0.24977716153312865,Dorota_to_analzye_size_spaces_E2P4_000,E2P4
1603,59,45,862.0,0.6951274846329616,3.30046403712297,2951.0,0.6658584836219084,0.9790975447909754,3.1494408675025416,69.50203363961083,237.93561632307603,0.2921043713995256,9294.0,2845.0,0.30611146976544007,Dorota_to_analzye_size_spaces_E2P4_000,E2P4
1604,63,45,875.0,0.5871230554017466,2.9565714285714284,2951.0,0.6658584836219084,0.9790975447909754,3.1494408675025416,70.55020816085786,237.93561632307603,0.2965096577431379,9294.0,2587.0,0.2783516247041102,Dorota_to_analzye_size_spaces_E2P4_000,E2P4
1605,64,44,3620.0,0.689523683410164,5.2066298342541435,18395.0,0.6767325324983493,0.9661239495798319,2.2655612938298453,291.87628976263477,1483.166947564549,0.19679260668659962,41675.00000000001,18848.0,0.45226154769046184,Dorota_to_analzye_size_spaces_E2P4_000,E2P4
1606,65,46,1240.0,0.6381949852167135,3.2814516129032256,14811.0,0.8499295004424956,0.9457854406130268,1.42589966916481,99.97972356510142,1194.193294937675,0.08372155830126257,21119.0,4069.0,0.1926701074861499,Dorota_to_analzye_size_spaces_E2P4_000,E2P4
1607,66,46,1097.0,0.624423946436257,2.3463992707383774,14811.0,0.8499295004424956,0.9457854406130268,1.42589966916481,88.44980383138407,1194.193294937675,0.07406657214232665,21119.0,2574.0,0.12188077086983286,Dorota_to_analzye_size_spaces_E2P4_000,E2P4
1608,67,49,1937.0,0.753862778313829,4.528136293236964,2913.0,0.7178018914931729,0.9781732706514439,4.852042567799519,156.17800366580764,234.87172156866166,0.6649502231376587,14134.0,8771.0,0.620560350926843,Dorota_to_analzye_size_spaces_E2P4_000,E2P4
1609,68,48,389.0,0.8264872992161431,1.4575835475578407,15814.0,0.8652175860257271,0.9107348537203409,1.211964082458581,31.364606828084238,1275.06399069235,0.024598457063361577,19166.0,567.0,0.0295836376917458,Dorota_to_analzye_size_spaces_E2P4_000,E2P4
1610,69,48,1770.0,0.7799512760217782,2.74180790960452,15814.0,0.8652175860257271,0.9107348537203409,1.211964082458581,142.7129925082496,1275.06399069235,0.11192614139370179,19166.0,4853.0,0.2532088072628613,Dorota_to_analzye_size_spaces_E2P4_000,E2P4
1611,70,50,1953.0,0.8880342026441708,2.198668714797747,16170.0,0.9289156934051386,0.8714632174616006,1.3329004329004328,157.46806461503473,1303.7678468126533,0.12077922077922078,21553.0,4294.0,0.19922980559550874,Dorota_to_analzye_size_spaces_E2P4_000,E2P4
1612,71,52,1957.0,0.8368117863853592,2.533980582524272,7328.0,0.8693275444193258,0.9788939353459791,2.0712336244541483,157.79057985234152,590.8479147460188,0.26705786026200873,15177.999999999998,4959.0,0.3267228883910924,Dorota_to_analzye_size_spaces_E2P4_000,E2P4
1613,72,53,1932.0,0.892224713348544,2.18944099378882,11300.0,0.928028400005971,0.9074847414070029,1.4067256637168142,155.77485961917415,911.10554539165,0.17097345132743363,15896.0,4230.0,0.2661046804227479,Dorota_to_analzye_size_spaces_E2P4_000,E2P4
1614,73,54,927.0,0.7217975088557405,2.2470334412081985,4534.0,0.7712755268547404,0.9813852813852814,2.1254962505513895,74.74290624584599,365.57102148723374,0.20445522717247464,9637.0,2083.0,0.21614610355919892,Dorota_to_analzye_size_spaces_E2P4_000,E2P4
1615,74,51,2517.0,0.7832412592930508,3.845450933651172,14424.0,0.7502746023790284,0.898747585519347,1.3711175818080976,202.94271307529056,1162.9899457282443,0.17450083194675542,19777.0,9679.0,0.4894068867876827,Dorota_to_analzye_size_spaces_E2P4_000,E2P4
1616,75,54,1324.0,0.5771820519117952,2.576283987915408,4534.0,0.7712755268547404,0.9813852813852814,2.1254962505513895,106.75254354854377,365.57102148723374,0.29201588001764445,9637.0,3411.0,0.35394832416727195,Dorota_to_analzye_size_spaces_E2P4_000,E2P4
1617,79,59,1735.0,0.786779545176179,2.6328530259365994,12212.0,0.8851505999682748,0.9259231177496399,1.88945299705208,139.8909841818153,984.6390194975957,0.14207337045528987,23074.0,4568.0,0.19797174308745774,Dorota_to_analzye_size_spaces_E2P4_000,E2P4
1618,80,61,3563.0,0.726346417175562,3.595284872298625,8846.0,0.4881280211568785,0.9669873196327066,2.8686411937598915,287.2804476310132,713.2424473039413,0.40278091792900744,25376.0,12810.0,0.5048076923076923,Dorota_to_analzye_size_spaces_E2P4_000,E2P4
1619,81,57,1947.0,0.8157023469607413,2.9563430919363123,16582.0,0.9110916362893122,0.9529885057471265,1.4779278735978771,156.98429175907458,1336.9869162552513,0.11741647569653842,24507.0,5756.0,0.23487166931897008,Dorota_to_analzye_size_spaces_E2P4_000,E2P4
1620,82,63,1846.0,0.8144460673808473,5.3429035752979415,9372.0,0.3834410246875978,0.8486824232545503,2.742744344857021,148.8407820170784,755.6532010097827,0.19696969696969696,25705.0,9863.0,0.383699669325034,Dorota_to_analzye_size_spaces_E2P4_000,E2P4
1621,83,56,1947.0,0.7904110190096134,2.495634309193631,16097.0,0.8293610139346573,0.9175216598267214,1.6779524134931976,156.98429175907458,1297.8819437318045,0.12095421507113127,27010.0,4859.0,0.17989633469085523,Dorota_to_analzye_size_spaces_E2P4_000,E2P4
1622,84,67,1205.0,0.751475717717582,2.4074688796680497,5846.0,0.9027346932384923,0.9567921440261866,2.183373246664386,97.15771523866711,471.3560193238572,0.2061238453643517,12764.0,2901.0,0.22727984957693512,Dorota_to_analzye_size_spaces_E2P4_000,E2P4
1623,85,66,1985.0,0.8398105572777814,2.382367758186398,10421.0,0.983583213470595,0.9078316926561547,1.80875155935131,160.04818651348896,840.2328219934855,0.1904807600038384,18849.0,4729.0,0.25088864130723115,Dorota_to_analzye_size_spaces_E2P4_000,E2P4
1624,86,67,707.0,0.46870357818379565,2.5134370579915135,5846.0,0.9027346932384923,0.9567921440261866,2.183373246664386,57.00456819397315,471.3560193238572,0.12093739308929183,12764.0,1777.0,0.13921968035098714,Dorota_to_analzye_size_spaces_E2P4_000,E2P4
1625,87,65,1176.0,0.8020235346107147,5.218537414965986,8172.0,0.8234514354835076,0.951560316721006,4.37151248164464,94.81947976819296,658.898629817749,0.14390602055800295,35724.0,6137.0,0.1717892733176576,Dorota_to_analzye_size_spaces_E2P4_000,E2P4
1626,88,68,1842.0,0.8610375482659142,5.890879478827362,3591.0,0.7820381377300101,0.9766113679630133,4.998329156223893,148.51826677977164,289.53805429216067,0.5129490392648287,17949.0,10851.0,0.6045462142737758,Dorota_to_analzye_size_spaces_E2P4_000,E2P4
1627,89,69,1738.0,0.8249495577310617,3.196777905638665,3343.0,0.8003093353688231,0.9757734967892586,2.906969787615914,140.1328706097954,269.54210957914034,0.5198923122943464,9718.0,5556.0,0.5717225766618645,Dorota_to_analzye_size_spaces_E2P4_000,E2P4
1628,90,62,1885.0,0.8278489868277796,1.6122015915119363,5614.0,0.9100611596627186,0.9082672706681767,1.3900961881011755,151.9853055808195,452.65013556006403,0.33576772354827217,7803.999999999999,3039.0,0.3894156842644798,Dorota_to_analzye_size_spaces_E2P4_000,E2P4
1629,91,65,751.0,0.8777948860228463,6.3355525965379496,8172.0,0.8234514354835076,0.951560316721006,4.37151248164464,60.55223580434772,658.898629817749,0.09189916789035732,35724.0,4758.0,0.1331877729257642,Dorota_to_analzye_size_spaces_E2P4_000,E2P4
1630,92,72,946.0,0.7463797585530985,2.941860465116279,8037.0,0.9686278232434006,0.9261350541599447,1.400522583053378,76.27485362305318,648.0137405586453,0.11770561154659699,11256.0,2783.0,0.2472459132906894,Dorota_to_analzye_size_spaces_E2P4_000,E2P4
1631,93,72,801.0,0.6593552036586748,2.5692883895131087,8037.0,0.9686278232434006,0.9261350541599447,1.400522583053378,64.58367627068245,648.0137405586453,0.09966405375139978,11256.0,2058.0,0.1828358208955224,Dorota_to_analzye_size_spaces_E2P4_000,E2P4
1632,94,64,2034.0,0.6124194085193745,2.911504424778761,13380.0,0.7502887632633476,0.9173808707576278,1.4747384155455905,163.998998170497,1078.813468791175,0.15201793721973095,19732.0,5922.0,0.300121629839854,Dorota_to_analzye_size_spaces_E2P4_000,E2P4
1633,95,73,1108.0,0.4947367689781408,2.3429602888086642,6176.0,0.6264528018796994,0.9444869246062089,2.248056994818653,89.33672073397773,497.96352640166646,0.1794041450777202,13884.0,2596.0,0.18697781619129933,Dorota_to_analzye_size_spaces_E2P4_000,E2P4
1634,96,65,1835.0,0.691035957396974,5.118801089918256,8172.0,0.8234514354835076,0.951560316721006,4.37151248164464,147.95386511448476,658.898629817749,0.22454723445912872,35724.0,9393.0,0.26293248236479677,Dorota_to_analzye_size_spaces_E2P4_000,E2P4
1635,97,73,892.0,0.7001803393501292,1.6345291479820627,6176.0,0.6264528018796994,0.9444869246062089,2.248056994818653,71.92089791941167,497.96352640166646,0.14443005181347152,13884.0,1458.0,0.10501296456352636,Dorota_to_analzye_size_spaces_E2P4_000,E2P4
1636,98,75,2010.0,0.8510206033397875,2.262686567164179,5998.0,0.8149708228350225,0.972911597729116,1.8249416472157385,162.06390674665633,483.61159834151476,0.3351117039013004,10946.0,4548.0,0.4154942444728668,Dorota_to_analzye_size_spaces_E2P4_000,E2P4
1637,100,80,3622.0,0.7595875417837008,3.588901159580342,5367.0,0.7449854009751451,0.9786652078774617,3.490217998882057,292.03754738128816,432.7348196563704,0.674864915222657,18732.0,12999.0,0.6939461883408071,Dorota_to_analzye_size_spaces_E2P4_000,E2P4
1638,102,83,1483.0,0.798278154850908,6.967633175994606,6573.0,0.6791419682169957,0.9830990128626982,7.167503423094478,119.57252423148823,529.9731637043642,0.2256199604442416,47112.0,10333.0,0.21932840889794533,Dorota_to_analzye_size_spaces_E2P4_000,E2P4
1639,103,71,3200.0,0.7407610360107577,1.9890625,52595.0,0.838891437887755,0.9701189707645486,0.7738378172830117,258.012189845423,4240.672226537507,0.0608422853883449,40700.0,6365.0,0.15638820638820639,Dorota_to_analzye_size_spaces_E2P4_000,E2P4
1640,104,83,900.0,0.5143546725067024,6.493333333333333,6573.0,0.6791419682169957,0.9830990128626982,7.167503423094478,72.56592839402522,529.9731637043642,0.13692377909630304,47112.0,5844.0,0.12404482934284258,Dorota_to_analzye_size_spaces_E2P4_000,E2P4
1641,105,81,1677.0,0.6755960317642222,1.8336314847942754,11735.0,0.8785071277144535,0.8984075945490736,1.4155943757988922,135.214513240867,946.1790774487622,0.14290583723902855,16612.0,3075.0,0.18510715145677822,Dorota_to_analzye_size_spaces_E2P4_000,E2P4
1642,106,85,1083.0,0.5245648008214242,4.698984302862419,3305.0,0.8096524528437539,0.9810032650638172,3.68018154311649,87.32100050081036,266.47821482472597,0.32768532526475036,12163.0,5089.0,0.41840006577324673,Dorota_to_analzye_size_spaces_E2P4_000,E2P4
1643,107,84,768.0,0.5920853629973335,2.7434895833333335,3599.0,0.8313862005263136,0.9822598253275109,3.127535426507363,61.922925562901526,290.1830847667742,0.2133926090580717,11256.0,2107.0,0.18718905472636815,Dorota_to_analzye_size_spaces_E2P4_000,E2P4
1644,108,74,1978.0,0.8478919213455013,3.559150657229525,19170.0,0.4392732654215719,0.8797209857280529,1.6660406885758998,159.4837848482021,1545.6542747927374,0.10318205529473135,31938.0,7040.0,0.22042707746258375,Dorota_to_analzye_size_spaces_E2P4_000,E2P4
1645,109,82,2360.0,0.7059419830274406,3.0050847457627117,10709.0,0.8956559828602185,0.9774552756480467,1.8791670557475022,190.28399001099947,863.4539190795734,0.22037538519002708,20124.0,7092.0,0.35241502683363146,Dorota_to_analzye_size_spaces_E2P4_000,E2P4
1646,110,85,818.0,0.4998412378283384,3.5990220048899757,3305.0,0.8096524528437539,0.9810032650638172,3.68018154311649,65.95436602923625,266.47821482472597,0.24750378214826022,12163.0,2944.0,0.24204554797336184,Dorota_to_analzye_size_spaces_E2P4_000,E2P4
1647,111,83,538.0,0.7956511507157997,8.643122676579926,6573.0,0.6791419682169957,0.9830990128626982,7.167503423094478,43.378299417761745,529.9731637043642,0.08184999239312338,47112.0,4650.0,0.09870096790626592,Dorota_to_analzye_size_spaces_E2P4_000,E2P4
1648,112,84,1047.0,0.5615669263285401,3.355300859598854,3599.0,0.8313862005263136,0.9822598253275109,3.127535426507363,84.41836336504934,290.1830847667742,0.2909141428174493,11256.0,3513.0,0.31210021321961623,Dorota_to_analzye_size_spaces_E2P4_000,E2P4
1649,113,83,799.0,0.8941248811373544,7.826032540675845,6573.0,0.6791419682169957,0.9830990128626982,7.167503423094478,64.42241865202907,529.9731637043642,0.12155788833105127,47112.0,6253.0,0.1327262693156733,Dorota_to_analzye_size_spaces_E2P4_000,E2P4
1650,114,86,2237.0,0.8359010018954519,2.094322753687975,18735.0,0.9563050666541439,0.8853551344454421,1.1036562583400054,180.36664646381604,1510.580742735625,0.11940218841740059,20677.0,4685.0,0.2265802582579678,Dorota_to_analzye_size_spaces_E2P4_000,E2P4
1651,115,89,2058.0,0.765128822305199,2.826044703595724,11381.0,0.8764031328454105,0.9240074693513031,1.677620595729725,165.93408959433768,917.6364789471123,0.1808276952816097,19093.0,5816.0,0.3046142565338082,Dorota_to_analzye_size_spaces_E2P4_000,E2P4
1652,116,91,2228.0,0.7426087831156616,2.4789048473967683,7306.0,0.9196935441014477,0.961442295038821,1.8672324117163974,179.6409871798758,589.0740809408314,0.3049548316452231,13642.0,5523.0,0.40485266090016125,Dorota_to_analzye_size_spaces_E2P4_000,E2P4
1653,117,88,888.0,0.6751217547384004,5.675675675675675,19690.0,0.8286464782791518,0.8626128099535617,1.9805485017775522,71.59838268210488,1587.5812556426185,0.045099035043169124,38997.0,5040.0,0.12924071082390953,Dorota_to_analzye_size_spaces_E2P4_000,E2P4
1654,118,90,2082.0,0.8431397066963272,2.7190201729106627,13513.0,0.9631174705005566,0.8749676249676249,1.6808258713831126,167.86918101817835,1089.5371004316255,0.15407385480648264,22713.0,5661.0,0.24924052304847444,Dorota_to_analzye_size_spaces_E2P4_000,E2P4
1655,119,88,1027.0,0.6086651078445028,4.931840311587147,19690.0,0.8286464782791518,0.8626128099535617,1.9805485017775522,82.80578717851544,1587.5812556426185,0.052158456069070595,38997.0,5065.0,0.1298817857783932,Dorota_to_analzye_size_spaces_E2P4_000,E2P4
1656,120,98,1989.0,0.7771880886302568,2.641025641025641,4613.0,0.5696718945709058,0.8672682835119383,2.62865814003902,160.37070175079575,371.94069742404264,0.43117277259917625,12126.0,5253.0,0.43320138545274617,Dorota_to_analzye_size_spaces_E2P4_000,E2P4
1657,121,96,1769.0,0.8182516710168938,2.6133408705483325,2975.0,0.7281692741921553,0.9818481848184818,2.2272268907563024,142.63236369892292,239.8707077469167,0.5946218487394958,6626.0,4623.0,0.6977060066405071,Dorota_to_analzye_size_spaces_E2P4_000,E2P4
1658,122,97,930.0,0.33459310165942907,11.28494623655914,3282.0,0.7888275038149969,0.9817529165420281,6.9079829372333945,74.98479267382606,264.623752210212,0.283363802559415,22672.0,10495.0,0.4629057868736768,Dorota_to_analzye_size_spaces_E2P4_000,E2P4
1659,124,95,327.0,0.6852340796601452,2.5351681957186543,13428.0,0.8829243135331123,0.9249845009299442,2.573205242776288,26.365620649829165,1082.6836516388564,0.024352100089365506,34553.0,829.0,0.023992128035192312,Dorota_to_analzye_size_spaces_E2P4_000,E2P4
1660,125,93,1875.0,0.7839072598129757,7.232,18546.0,0.709108987554798,0.8694388448736581,3.59128653078831,151.17901748755256,1495.3418977728797,0.10109996764801035,66604.0,13560.0,0.20359137589333973,Dorota_to_analzye_size_spaces_E2P4_000,E2P4
1661,126,92,2144.0,0.7902958821447859,3.4029850746268657,23922.0,0.7101774636763576,0.9399237750972457,1.4726611487333836,172.86816719643343,1928.8023767131906,0.08962461332664493,35229.0,7296.0,0.20710210338073745,Dorota_to_analzye_size_spaces_E2P4_000,E2P4
1662,127,95,1752.0,0.4910949025270371,3.88527397260274,13428.0,0.8829243135331123,0.9249845009299442,2.573205242776288,141.2616739403691,1082.6836516388564,0.13047363717605004,34553.0,6807.0,0.19700170752177815,Dorota_to_analzye_size_spaces_E2P4_000,E2P4
1663,128,94,2095.0,0.7552890972458548,3.0085918854415272,19286.0,0.9518121463239657,0.7883098303699162,1.6072280410660582,168.9173555394254,1555.0072166746338,0.10862802032562481,30997.0,6302.999999999999,0.20334225892828336,Dorota_to_analzye_size_spaces_E2P4_000,E2P4
1664,130,97,941.0,0.3537003805201991,5.87672688629118,3282.0,0.7888275038149969,0.9817529165420281,6.9079829372333945,75.8717095764197,264.623752210212,0.28671541742839735,22672.0,5530.0,0.24391319689484828,Dorota_to_analzye_size_spaces_E2P4_000,E2P4
1665,131,95,432.0,0.5523690711687138,4.361111111111111,13428.0,0.8829243135331123,0.9249845009299442,2.573205242776288,34.83164562913211,1082.6836516388564,0.032171581769437,34553.0,1883.9999999999998,0.054524932712065516,Dorota_to_analzye_size_spaces_E2P4_000,E2P4
1666,132,103,2203.0,0.64016021211375,4.512936904221516,3928.0,0.5582281454927462,0.9834752128192289,3.8979124236252547,177.62526694670842,316.70996303525675,0.5608452138492872,15311.0,9942.0,0.6493370779178369,Dorota_to_analzye_size_spaces_E2P4_000,E2P4
1667,134,102,1937.0,0.8010415495001196,3.619514713474445,13186.0,0.9504106413745496,0.8671006773196555,4.060063703928409,156.17800366580764,1063.1714797817963,0.14689822539056574,53536.00000000001,7011.0,0.13095860729228928,Dorota_to_analzye_size_spaces_E2P4_000,E2P4
1668,136,100,1958.0,0.8088760615348773,2.061797752808989,13065.0,0.9320748683789746,0.974055021248043,1.5787217757367011,157.87120866166822,1053.415393853266,0.1498660543436663,20626.0,4037.0,0.19572384369242704,Dorota_to_analzye_size_spaces_E2P4_000,E2P4
1669,137,105,2138.0,0.6783781842688223,2.3844714686623014,3818.0,0.6711141636282854,0.9832603656966263,2.176008381351493,172.38439434047325,307.84079400932035,0.5599790466212676,8308.0,5098.0,0.6136254212806933,Dorota_to_analzye_size_spaces_E2P4_000,E2P4
1670,138,107,1255.0,0.7342126033177576,2.0318725099601593,5062.0,0.7239771949991067,0.9846333398171562,2.157447649150533,101.18915570500184,408.1430328117285,0.24792572105887,10921.0,2550.0,0.2334951011812105,Dorota_to_analzye_size_spaces_E2P4_000,E2P4
1671,140,107,2119.0,0.4607207839759382,2.6229353468617274,5062.0,0.7239771949991067,0.9846333398171562,2.157447649150533,170.85244696326606,408.1430328117285,0.41860924535756616,10921.0,5558.0,0.5089277538686934,Dorota_to_analzye_size_spaces_E2P4_000,E2P4
1672,141,104,2024.0,0.7790448132500962,5.871541501976284,20996.0,0.701553352976578,0.8024153481617367,2.426176414555153,163.19271007723006,1692.8824806232817,0.09639931415507716,50940.0,11884.0,0.23329407145661563,Dorota_to_analzye_size_spaces_E2P4_000,E2P4
1673,143,110,1723.0,0.8728391380549548,5.337782936738248,12275.0,0.9537035893303931,0.8271563342318059,6.0162932790224035,138.92343846989496,989.7186344851774,0.1403665987780041,73850.0,9197.0,0.1245362220717671,Dorota_to_analzye_size_spaces_E2P4_000,E2P4
1674,144,109,2117.0,0.7850891336749958,1.6041568256967407,23237.0,0.9351001387586564,0.8726200758571482,1.0633042131084047,170.69118934461267,1873.5716423244046,0.09110470370529758,24708.0,3396.0,0.13744536182612918,Dorota_to_analzye_size_spaces_E2P4_000,E2P4
1675,145,111,2062.0,0.7482209006382734,5.430649854510184,4288.0,0.8329064880014053,0.9499335400974745,3.752098880597015,166.25660483164447,345.73633439286687,0.4808768656716418,16089.0,11198.0,0.6960034806389459,Dorota_to_analzye_size_spaces_E2P4_000,E2P4
1676,146,115,2127.0,0.7823419604782541,3.7879642689233664,3523.0,0.74547379916863,0.9810637705374547,4.253193301163781,171.4974774378796,284.05529525794543,0.6037468066988362,14983.999999999998,8057.0,0.537706887346503,Dorota_to_analzye_size_spaces_E2P4_000,E2P4
1677,148,116,1860.0,0.7577898408200857,3.868817204301075,12801.0,0.874583506365312,0.877502056484782,1.9247715022263885,149.96958534765213,1032.1293881910187,0.14530114834778532,24639.0,7196.0,0.29205730752059744,Dorota_to_analzye_size_spaces_E2P4_000,E2P4
1678,149,113,869.0,0.7489307749323455,5.6133486766398155,22559.0,0.7146805579600268,0.9259532898247342,1.6200629460525733,70.0664353048977,1818.9053096009056,0.03852121104658895,36547.0,4878.0,0.13347196760336005,Dorota_to_analzye_size_spaces_E2P4_000,E2P4
1679,150,117,1706.0,0.8325280489663757,3.67936694021102,12802.0,0.8743729149199377,0.9148860144357893,2.2594907045774097,137.55274871134114,1032.2100170003455,0.13326042805811592,28926.0,6277.0,0.2170020051165042,Dorota_to_analzye_size_spaces_E2P4_000,E2P4
1680,151,112,2104.0,0.7156257228784113,1.6582699619771863,16559.0,0.9442464870330608,0.8356378683891804,1.4359562775529924,169.64301482336563,1335.1324536407374,0.12706081285101758,23778.0,3489.0,0.14673227353015392,Dorota_to_analzye_size_spaces_E2P4_000,E2P4
1681,152,113,1361.0,0.5312360524287852,2.5488611315209404,22559.0,0.7146805579600268,0.9259532898247342,1.6200629460525733,109.73580949363148,1818.9053096009056,0.060330688417039764,36547.0,3469.0,0.09491887159000739,Dorota_to_analzye_size_spaces_E2P4_000,E2P4
1682,153,122,878.0,0.6163799435082435,2.7585421412300684,2354.0,0.7399320877489748,0.9812421842434348,2.1257434154630417,70.79209458883794,189.80021715503932,0.372982158028887,5004.0,2422.0,0.48401278976818546,Dorota_to_analzye_size_spaces_E2P4_000,E2P4
1683,154,108,1162.0,0.4483158363356008,2.9716006884681585,48993.0,0.8531638132209751,0.9179188368868738,2.109832016818729,93.69067643761923,3950.2472553427533,0.023717673953421916,103366.99999999999,3453.0,0.03340524538779301,Dorota_to_analzye_size_spaces_E2P4_000,E2P4
1684,155,108,2931.0,0.3889771882680262,2.606960081883316,48993.0,0.8531638132209751,0.9179188368868738,2.109832016818729,236.32304013654215,3950.2472553427533,0.05982487294103239,103366.99999999999,7640.999999999999,0.07392107732641946,Dorota_to_analzye_size_spaces_E2P4_000,E2P4
1685,156,122,671.0,0.6474446731859267,2.104321907600596,2354.0,0.7399320877489748,0.9812421842434348,2.1257434154630417,54.10193105821214,189.80021715503932,0.2850467289719626,5004.0,1412.0,0.2821742605915268,Dorota_to_analzye_size_spaces_E2P4_000,E2P4
1686,158,126,1644.0,0.8335073420453237,2.48661800486618,2602.0,0.777941375975565,0.9719835636906985,2.238662567255957,132.5537625330861,209.79616186805958,0.6318216756341276,5825.0,4087.9999999999995,0.701802575107296,Dorota_to_analzye_size_spaces_E2P4_000,E2P4
1687,159,128,1004.0,0.5606671691614842,1.9800796812749004,3855.0,0.7462815519532567,0.977681968044636,1.804928664072633,80.95132456400147,310.824059954408,0.26044098573281455,6958.0,1988.0,0.2857142857142857,Dorota_to_analzye_size_spaces_E2P4_000,E2P4
1688,160,120,1013.0,0.3128861635778099,3.2714708785784796,19936.0,0.9299074012278951,0.87174778083869,1.4073535313001606,81.67698384794173,1607.4159427369855,0.05081260032102729,28057.000000000004,3314.0,0.11811669102184837,Dorota_to_analzye_size_spaces_E2P4_000,E2P4
1689,161,129,2200.0,0.7036478353872981,3.810909090909091,3732.0,0.6454116519063171,0.9818468823993686,3.7706323687031085,177.38338051872833,300.9067164072246,0.5894962486602358,14072.0,8384.0,0.595793064241046,Dorota_to_analzye_size_spaces_E2P4_000,E2P4
1690,162,128,1207.0,0.5579895091582274,2.3893951946975975,3855.0,0.7462815519532567,0.977681968044636,1.804928664072633,97.3189728573205,310.824059954408,0.3130998702983139,6958.0,2884.0,0.41448692152917505,Dorota_to_analzye_size_spaces_E2P4_000,E2P4
1691,163,130,806.0,0.7237644026032225,3.3089330024813894,3129.0,0.7426483400677204,0.9802631578947368,3.71780121444551,64.98682031731592,252.2875443832277,0.257590284435922,11633.0,2667.0,0.22926158342645922,Dorota_to_analzye_size_spaces_E2P4_000,E2P4
1692,164,131,870.0,0.6987230184708615,2.829885057471264,3006.0,0.7247010432797891,0.9813907933398629,2.662674650698603,70.14706411422438,242.37020083604426,0.2894211576846307,8004.000000000001,2462.0,0.30759620189905046,Dorota_to_analzye_size_spaces_E2P4_000,E2P4
1693,165,120,964.0,0.5459975515653653,2.4564315352697097,19936.0,0.9299074012278951,0.87174778083869,1.4073535313001606,77.72617219093368,1607.4159427369855,0.04835473515248796,28057.000000000004,2368.0,0.08439961506932316,Dorota_to_analzye_size_spaces_E2P4_000,E2P4
1694,166,131,1106.0,0.6303057203580007,3.2233273056057867,3006.0,0.7247010432797891,0.9813907933398629,2.662674650698603,89.17546311532433,242.37020083604426,0.36793080505655357,8004.000000000001,3565.0,0.44540229885057464,Dorota_to_analzye_size_spaces_E2P4_000,E2P4
1695,167,125,2132.0,0.7806506391834218,1.9315196998123827,14423.0,0.6072288210743656,0.9097388671628611,1.4120501976010538,171.9006214845131,1162.9093169189175,0.14781945503709354,20366.0,4118.0,0.20219974467249338,Dorota_to_analzye_size_spaces_E2P4_000,E2P4
1696,168,127,2013.0,0.7712024678008038,3.3929458519622453,15307.0,0.9187390519421067,0.8750357285771452,1.3191350362579213,162.30579317463642,1234.1851843637157,0.13150846018161624,20192.0,6830.0,0.3382527733755943,Dorota_to_analzye_size_spaces_E2P4_000,E2P4
1697,169,130,999.0,0.6832420570729965,2.961961961961962,3129.0,0.7426483400677204,0.9802631578947368,3.71780121444551,80.548180517368,252.2875443832277,0.3192713326941515,11633.0,2959.0,0.25436258918593657,Dorota_to_analzye_size_spaces_E2P4_000,E2P4
1698,170,133,2450.0,0.7756066376266714,2.2155102040816326,3892.0,0.7135310852897059,0.9825801565261297,1.9529804727646454,197.540582850402,313.80732589949577,0.6294964028776978,7601.0,5428.0,0.7141165636100513,Dorota_to_analzye_size_spaces_E2P4_000,E2P4
1699,171,123,1956.0,0.8098278215069687,2.967280163599182,23806.0,0.8817023912452543,0.9159676798768758,1.1156011089641267,157.70995104301483,1919.449434831294,0.08216416029572376,26558.0,5804.0,0.2185405527524663,Dorota_to_analzye_size_spaces_E2P4_000,E2P4
1700,172,134,1999.0,0.7983337997874549,2.174087043521761,3142.0,0.7606051103770872,0.9815682599187754,2.0824315722469766,161.1769898440627,253.33571890447473,0.6362189688096753,6543.000000000001,4346.0,0.6642213052116765,Dorota_to_analzye_size_spaces_E2P4_000,E2P4
1701,174,136,1920.0,0.8240621660141992,2.5484375,7349.0,0.7106699184908187,0.9198898485417449,1.7704449584977549,154.8073139072538,592.5411197418794,0.26126003537896314,13011.0,4893.0,0.3760664053493198,Dorota_to_analzye_size_spaces_E2P4_000,E2P4
1702,176,135,1079.0,0.8146892271460822,3.054680259499537,24112.0,0.9531812723107734,0.8656566381848209,1.9604346383543463,86.99848526350358,1944.1218504852625,0.04474950232249502,47270.0,3296.0,0.06972709964036387,Dorota_to_analzye_size_spaces_E2P4_000,E2P4
1703,177,135,1468.0,0.800936903844011,2.612397820163488,24112.0,0.9531812723107734,0.8656566381848209,1.9604346383543463,118.36309209158782,1944.1218504852625,0.06088254810882548,47270.0,3835.0,0.08112968055849376,Dorota_to_analzye_size_spaces_E2P4_000,E2P4
1704,178,135,1880.0,0.6216856539375496,2.6558510638297874,24112.0,0.9531812723107734,0.8656566381848209,1.9604346383543463,151.582161534186,1944.1218504852625,0.07796947577969476,47270.0,4993.0,0.10562724772583033,Dorota_to_analzye_size_spaces_E2P4_000,E2P4
1705,179,137,1894.0,0.6965863237765786,2.1890179514255546,13057.0,0.8682851546509587,0.9834299917149959,1.5809144520180747,152.71096486475975,1052.7703633786525,0.1450562916443287,20642.0,4146.0,0.20085263055905436,Dorota_to_analzye_size_spaces_E2P4_000,E2P4
1706,180,142,2021.0,0.842639914600055,2.7689262741217218,3518.0,0.8038062962481987,0.9742453613957353,2.415861284820921,162.95082364924997,283.65215121131195,0.5744741330301307,8499.0,5596.0,0.6584304035768914,Dorota_to_analzye_size_spaces_E2P4_000,E2P4
1707,181,141,568.0,0.7248748975622634,1.676056338028169,20590.0,0.7591129333567392,0.7682549158613484,1.3226809130645945,45.79716369756259,1660.1471840366437,0.027586206896551724,27234.0,952.0,0.03495630461922597,Dorota_to_analzye_size_spaces_E2P4_000,E2P4
1708,182,143,1946.0,0.8345167916598005,1.935251798561151,3144.0,0.7780280585914948,0.9812734082397003,1.8177480916030535,156.90366294974788,253.49697652312813,0.6189567430025446,5715.0,3766.0,0.6589676290463692,Dorota_to_analzye_size_spaces_E2P4_000,E2P4
1709,183,138,1985.0,0.8027396919743837,1.145088161209068,13628.0,0.7102462209773689,0.8068679692125518,1.0620046962136778,160.04818651348896,1098.8094135041954,0.14565600234810683,14473.0,2273.0,0.1570510605955918,Dorota_to_analzye_size_spaces_E2P4_000,E2P4
1710,184,139,2028.0,0.8168653200973932,2.592209072978304,7866.0,0.9588608442821014,0.9306672976810223,1.5129672006102213,163.51522531453685,634.2262141637805,0.2578184591914569,11901.0,5257.0,0.44172758591714983,Dorota_to_analzye_size_spaces_E2P4_000,E2P4
1711,185,141,3103.0,0.6601533757058292,1.9590718659361908,20590.0,0.7591129333567392,0.7682549158613484,1.3226809130645945,250.19119534073363,1660.1471840366437,0.15070422535211267,27234.0,6079.0,0.2232136300212969,Dorota_to_analzye_size_spaces_E2P4_000,E2P4
1712,186,146,2079.0,0.8132116130825644,2.5954785954785953,3755.0,0.7599196874599645,0.9814427600627287,3.008255659121172,167.62729459019826,302.7611790217386,0.5536617842876165,11296.0,5396.0,0.4776912181303116,Dorota_to_analzye_size_spaces_E2P4_000,E2P4
1713,187,140,2228.0,0.8518195132196416,2.1912028725314183,12180.0,0.9731654656172469,0.8807578277532722,1.7720853858784893,179.6409871798758,982.0588975991413,0.18292282430213463,21584.0,4882.0,0.22618606375092662,Dorota_to_analzye_size_spaces_E2P4_000,E2P4
1714,188,148,3267.0,0.7624708204490054,3.085705540250995,4572.0,0.7261502858031844,0.9834372983437298,2.9269466316710413,263.4143200703116,368.63491624164817,0.7145669291338582,13382.0,10081.0,0.753325362427141,Dorota_to_analzye_size_spaces_E2P4_000,E2P4
1715,189,144,1920.0,0.8286643966361821,2.5875,14343.0,0.8723788678659211,0.9178932548316908,1.4353343094192288,154.8073139072538,1156.459012172782,0.13386320853377953,20587.0,4968.0,0.2413173361830281,Dorota_to_analzye_size_spaces_E2P4_000,E2P4
1716,190,145,1311.0,0.6206537123015775,2.4858886346300535,11525.0,0.8670596243978138,0.9350154145708259,1.4111062906724512,105.70436902729675,929.2470274901564,0.1137527114967462,16263.0,3259.0,0.20039353132878313,Dorota_to_analzye_size_spaces_E2P4_000,E2P4
1717,191,145,727.0,0.7413246568346783,2.0206327372764785,11525.0,0.8670596243978138,0.9350154145708259,1.4111062906724512,58.61714438050704,929.2470274901564,0.06308026030368763,16263.0,1468.9999999999998,0.09032773780975219,Dorota_to_analzye_size_spaces_E2P4_000,E2P4
1718,192,154,2097.0,0.7216311065499735,5.461134954697187,3717.0,0.6706687103300911,0.953076923076923,4.166263115415658,169.07861315807878,299.69728426732416,0.5641646489104116,15486.000000000002,11452.0,0.7395066511687975,Dorota_to_analzye_size_spaces_E2P4_000,E2P4
1719,193,149,1978.0,0.8212379403949591,1.8538928210313448,11470.0,0.9435415871949107,0.9484041673557135,1.1166521360069748,159.4837848482021,924.8124429771882,0.17244986922406277,12808.0,3667.0,0.2863054341036852,Dorota_to_analzye_size_spaces_E2P4_000,E2P4
1720,194,157,938.0,0.5518146534497673,1.939232409381663,3225.0,0.7969781580514601,0.9814363968350578,2.4328682170542635,75.62982314843963,260.02791007859037,0.2908527131782946,7846.0,1819.0,0.23183787917410145,Dorota_to_analzye_size_spaces_E2P4_000,E2P4
1721,195,158,1906.0,0.4863423391626522,5.700944386149003,3181.0,0.389758206044473,0.9845249148870319,4.513674944985853,153.67851057668008,256.4802424682158,0.5991826469663628,14357.999999999998,10866.0,0.7567906393648142,Dorota_to_analzye_size_spaces_E2P4_000,E2P4
1722,196,151,4513.0,0.7018787057621426,2.0740084201196543,21676.0,0.8184372073268953,0.8889800270680392,1.4439010887617643,363.87781649137315,1747.7100709654342,0.2082026204096697,31298.000000000004,9360.0,0.2990606428525784,Dorota_to_analzye_size_spaces_E2P4_000,E2P4
1723,197,150,1816.0,0.8297273196215504,2.1398678414096914,9997.0,0.9348296310522602,0.8624051069703244,1.4896468940682204,146.42191773727757,806.0462068389669,0.18165449634890468,14891.999999999998,3885.9999999999995,0.260945474080043,Dorota_to_analzye_size_spaces_E2P4_000,E2P4
1724,198,159,2258.0,0.7081471460119789,2.8937112488928256,9287.0,0.8740631890014698,0.9312142785520906,2.014751803596425,182.05985145967662,748.7997522170136,0.2431355658447292,18711.0,6534.0,0.3492063492063492,Dorota_to_analzye_size_spaces_E2P4_000,E2P4
1725,199,157,905.0,0.35863049468563324,3.107182320441989,3225.0,0.7969781580514601,0.9814363968350578,2.4328682170542635,72.96907244065869,260.02791007859037,0.2806201550387597,7846.0,2812.0,0.3583991842977313,Dorota_to_analzye_size_spaces_E2P4_000,E2P4
1726,201,162,2069.0,0.7555163679860444,3.944417593040116,3676.0,0.6962068084064797,0.981051507872965,4.017682263329706,166.82100649693132,296.3915030849297,0.5628400435255713,14769.0,8161.0,0.5525763423386824,Dorota_to_analzye_size_spaces_E2P4_000,E2P4
1727,203,166,1555.0,0.8363707321775583,2.562700964630225,2667.0,0.7885868296000268,0.9794344473007712,2.1946006749156357,125.37779850301025,215.03703447429476,0.5830521184851893,5853.0,3985.0,0.6808474286690586,Dorota_to_analzye_size_spaces_E2P4_000,E2P4
1728,205,164,1891.0,0.7445127902465689,6.240613432046536,11118.0,0.7810679889336103,0.9532710280373832,2.2462673142651557,152.46907843677965,896.4311020941916,0.1700845475805001,24974.0,11801.0,0.4725314326899976,Dorota_to_analzye_size_spaces_E2P4_000,E2P4
1729,206,163,3474.0,0.7090458190253341,3.9499136442141625,31760.0,0.9204817237972455,0.9032221369052698,1.9105793450881612,280.1044836009374,2560.7709842158233,0.10938287153652393,60680.0,13722.0,0.22613711272247858,Dorota_to_analzye_size_spaces_E2P4_000,E2P4
1730,207,161,2241.0,0.7906764072716973,2.7978580990629185,16936.0,0.3755720564728625,0.9840218464935215,2.2023500236183278,180.6891617011228,1365.5295147569013,0.13232168162494096,37299.0,6270.0,0.16810102147510658,Dorota_to_analzye_size_spaces_E2P4_000,E2P4
1731,208,165,1884.0,0.8569197600056332,2.4278131634819533,9073.0,0.8641240841247168,0.9374870841082869,1.7964289650611704,151.9046767714928,731.545187021101,0.20764906866527058,16299.0,4574.0,0.280630713540708,Dorota_to_analzye_size_spaces_E2P4_000,E2P4
1732,209,155,831.0,0.8139686558717036,4.02647412755716,44313.0,0.8013461977693821,0.8764958363826968,2.422517094306411,67.00254055048329,3572.904427693822,0.01875296188477422,107349.0,3346.0,0.031169363478001658,Dorota_to_analzye_size_spaces_E2P4_000,E2P4
1733,210,155,1163.0,0.8414655907081541,2.693035253654342,44313.0,0.8013461977693821,0.8764958363826968,2.422517094306411,93.77130524694593,3572.904427693822,0.026245119942229143,107349.0,3132.0,0.029175865634519186,Dorota_to_analzye_size_spaces_E2P4_000,E2P4
1734,211,155,1193.0,0.5781147000465341,5.008382229673093,44313.0,0.8013461977693821,0.8764958363826968,2.422517094306411,96.19016952674677,3572.904427693822,0.026922122176336515,107349.0,5975.0,0.05565957763928867,Dorota_to_analzye_size_spaces_E2P4_000,E2P4
1735,213,170,1906.0,0.8288008459288182,3.5020986358866737,3179.0,0.7865563487345386,0.9811728395061728,2.994023277760302,153.67851057668008,256.3189848495624,0.5995596099402328,9518.0,6675.0,0.7013027947047699,Dorota_to_analzye_size_spaces_E2P4_000,E2P4
1736,214,168,1829.0,0.8099362719169898,3.5254237288135593,5514.0,0.7351358066842023,0.9574578919951381,2.206383750453391,147.4700922585246,444.58725462739454,0.33170112441059124,12165.999999999998,6448.0,0.5300016439256946,Dorota_to_analzye_size_spaces_E2P4_000,E2P4
1737,215,172,2302.0,0.824226776505181,5.515204170286707,4111.0,0.7935571962685575,0.9834928229665072,4.30260277304792,185.60751907005118,331.46503514204187,0.55996108002919,17688.0,12696.0,0.7177747625508819,Dorota_to_analzye_size_spaces_E2P4_000,E2P4
1738,216,155,1284.0,0.8791654044907392,4.938473520249222,44313.0,0.8013461977693821,0.8764958363826968,2.422517094306411,103.52739117547598,3572.904427693822,0.028975695619795544,107349.0,6341.000000000001,0.05906901787627273,Dorota_to_analzye_size_spaces_E2P4_000,E2P4
1739,217,169,455.0,0.7093043179146455,3.3384615384615386,35376.0,0.8306461431592114,0.9224270553570963,1.653748303934871,36.68610824364609,2852.3247587411515,0.01286182722749887,58503.0,1519.0,0.025964480453993813,Dorota_to_analzye_size_spaces_E2P4_000,E2P4
1740,218,173,942.0,0.779235496780698,2.3089171974522293,14717.0,0.6936133076729043,0.9798921366269392,2.2327920092410136,75.9523383857464,1186.614186860966,0.06400761024665352,32860.0,2175.0,0.06618989653073645,Dorota_to_analzye_size_spaces_E2P4_000,E2P4
1741,219,171,1906.0,0.855945960903746,2.951731374606506,16396.0,0.7645277137893638,0.9406230279387299,1.5899609660892902,153.67851057668008,1321.9899577204862,0.11624786533300806,26069.0,5626.0,0.2158118838467145,Dorota_to_analzye_size_spaces_E2P4_000,E2P4
1742,220,173,1658.0,0.650126106878487,3.894451145958987,14717.0,0.6936133076729043,0.9798921366269392,2.2327920092410136,133.68256586365982,1186.614186860966,0.11265882992457701,32860.0,6457.0,0.19650030432136337,Dorota_to_analzye_size_spaces_E2P4_000,E2P4
1743,221,169,3499.0,0.7626675811601855,3.3515290082880824,35376.0,0.8306461431592114,0.9224270553570963,1.653748303934871,282.12020383410476,2852.3247587411515,0.09890886476707372,58503.0,11727.0,0.2004512589097995,Dorota_to_analzye_size_spaces_E2P4_000,E2P4
1744,222,176,2943.0,0.6292344160312973,3.0509683995922527,4729.0,0.6189013236287572,0.9819352159468439,2.3990272784943962,237.29058584846248,381.2936393059392,0.6223303023895115,11345.0,8979.0,0.7914499779638607,Dorota_to_analzye_size_spaces_E2P4_000,E2P4
1745,223,175,2142.0,0.8442734884752335,2.15266106442577,11963.0,0.8656628897854218,0.8767956610964527,1.7179637214745465,172.70690957778004,964.5624459752486,0.17905207723815098,20552.0,4611.0,0.22435772674192292,Dorota_to_analzye_size_spaces_E2P4_000,E2P4
1746,225,177,803.0,0.6949246244485998,3.895392278953923,18822.0,0.9499888972890418,0.9039477475746807,2.7498140473913506,64.74493388933584,1517.5954491470475,0.04266284135586016,51757.0,3128.0,0.06043626949011728,Dorota_to_analzye_size_spaces_E2P4_000,E2P4
1747,226,177,1204.0,0.48971347143331206,2.5813953488372094,18822.0,0.9499888972890418,0.9039477475746807,2.7498140473913506,97.07708642934041,1517.5954491470475,0.06396769737541175,51757.0,3108.0,0.06004984832969453,Dorota_to_analzye_size_spaces_E2P4_000,E2P4
1748,230,185,1034.0,0.7595009158699491,6.584139264990329,7432.0,0.6442818304924338,0.9120137440176709,4.057185145317546,83.37018884380231,599.2333109159949,0.1391280947255113,30153.000000000004,6808.0,0.22578184591914566,Dorota_to_analzye_size_spaces_E2P4_000,E2P4
1749,231,185,335.0,0.45515091598547264,3.062686567164179,7432.0,0.6442818304924338,0.9120137440176709,4.057185145317546,27.010651124442724,599.2333109159949,0.04507534983853606,30153.000000000004,1026.0,0.034026465028355386,Dorota_to_analzye_size_spaces_E2P4_000,E2P4
1750,232,188,2000.0,0.7874466169729921,2.044,3912.0,0.7603263722978172,0.9758044400099776,1.8693762781186094,161.2576186533894,315.41990208602965,0.5112474437627812,7313.0,4088.0,0.559004512511965,Dorota_to_analzye_size_spaces_E2P4_000,E2P4
1751,233,185,587.0,0.6316033640010118,2.5383304940374787,7432.0,0.6442818304924338,0.9120137440176709,4.057185145317546,47.329111074769784,599.2333109159949,0.07898277717976318,30153.000000000004,1490.0,0.049414651941763664,Dorota_to_analzye_size_spaces_E2P4_000,E2P4
1752,234,178,1646.0,0.8222613927441526,1.6743620899149454,15387.0,0.9112080512949859,0.9237003241685676,1.1976343666731657,132.71502015173948,1240.6354891098513,0.1069734191200364,18428.0,2756.0,0.14955502496201434,Dorota_to_analzye_size_spaces_E2P4_000,E2P4
1753,235,185,625.0,0.816375323003334,7.0208,7432.0,0.6442818304924338,0.9120137440176709,4.057185145317546,50.39300582918418,599.2333109159949,0.08409580193756727,30153.000000000004,4388.0,0.1455244917586973,Dorota_to_analzye_size_spaces_E2P4_000,E2P4
1754,236,189,1714.0,0.8791561575249107,1.6697782963827306,8972.0,0.9141048330990428,0.9162581699346405,0.927329469460544,138.19777918595472,723.4016772791048,0.19103878733838608,8320.0,2862.0,0.3439903846153846,Dorota_to_analzye_size_spaces_E2P4_000,E2P4
1755,238,183,54.0,0.7311944411985067,1.9444444444444444,31434.0,0.8051677509356479,0.9133807932587534,1.1708659413374054,4.353955703641514,2534.485992375321,0.0017178850925749188,36805.0,105.0,0.0028528732509169948,Dorota_to_analzye_size_spaces_E2P4_000,E2P4
1756,239,185,1142.0,0.8905201737911733,3.7942206654991244,7432.0,0.6442818304924338,0.9120137440176709,4.057185145317546,92.07810025108535,599.2333109159949,0.15365984930032292,30153.000000000004,4333.0,0.14370046098232347,Dorota_to_analzye_size_spaces_E2P4_000,E2P4
1757,240,192,1205.0,0.43127996268623,1.7983402489626557,3891.0,0.7152227325500434,0.9830722587165235,1.4713441274736572,97.15771523866711,313.72669709016907,0.30968902595733744,5725.0,2167.0,0.37851528384279476,Dorota_to_analzye_size_spaces_E2P4_000,E2P4
1758,241,183,2986.0,0.8378275805364976,2.364701942397857,31434.0,0.8051677509356479,0.9133807932587534,1.1708659413374054,240.75762464951035,2534.485992375321,0.09499268308201311,36805.0,7061.0,0.19184893356880858,Dorota_to_analzye_size_spaces_E2P4_000,E2P4
1759,242,182,4981.0,0.765597649995741,2.6691427424212004,32259.0,0.6004453243307928,0.9794449842118047,1.7205431042499768,401.6120992562663,2601.004760069844,0.15440652221085588,55503.0,13295.0,0.23953660162513737,Dorota_to_analzye_size_spaces_E2P4_000,E2P4
1760,243,186,2016.0,0.759026073561999,4.743551587301587,53743.0,0.5631442482274727,0.9312920219033756,1.9752525910351115,162.5476796026165,4333.234099644553,0.03751186200993618,106156.0,9563.0,0.0900844040845548,Dorota_to_analzye_size_spaces_E2P4_000,E2P4
1761,244,181,1784.0,0.6867041847448927,5.234304932735426,24320.0,0.8551530933551306,0.8939204587223406,2.106784539473684,143.84179583882334,1960.892642825215,0.07335526315789474,51237.0,9338.0,0.18225110759802488,Dorota_to_analzye_size_spaces_E2P4_000,E2P4
1762,245,187,1659.0,0.8205568116373791,4.172393007836046,12866.0,0.9613645302630456,0.8742270843242509,2.1422353489818127,133.7631946729865,1037.3702607972539,0.12894450489662676,27562.0,6922.0,0.2511428778753356,Dorota_to_analzye_size_spaces_E2P4_000,E2P4
1763,246,192,760.0,0.8218859267745202,1.8486842105263157,3891.0,0.7152227325500434,0.9830722587165235,1.4713441274736572,61.27789508828797,313.72669709016907,0.19532253919300951,5725.0,1405.0,0.24541484716157205,Dorota_to_analzye_size_spaces_E2P4_000,E2P4
1764,247,194,1622.0,0.8360119127504234,3.2743526510480887,12515.0,0.9302598271891784,0.9392120075046905,3.381781861765881,130.7799287278988,1009.0695487235841,0.12960447463044347,42323.0,5311.0,0.12548732367743307,Dorota_to_analzye_size_spaces_E2P4_000,E2P4
1765,248,195,1613.0,0.8458110559866333,2.845629262244265,7099.0,0.743456166707613,0.9372854502244521,3.306662910269052,130.05426944395853,572.3839174102056,0.22721510071841106,23474.0,4590.0,0.19553548606969412,Dorota_to_analzye_size_spaces_E2P4_000,E2P4
1766,250,186,1556.0,0.8964838982367772,2.62853470437018,53743.0,0.5631442482274727,0.9312920219033756,1.9752525910351115,125.45842731233695,4333.234099644553,0.02895260778147852,106156.0,4090.0000000000005,0.03852820377557557,Dorota_to_analzye_size_spaces_E2P4_000,E2P4
1767,251,191,1775.0,0.6579187999529951,1.9419718309859155,14799.0,0.8003645088828424,0.9456230031948882,1.3557672815730792,143.11613655488307,1193.2257492257547,0.11994053652273802,20064.0,3447.0,0.17180023923444976,Dorota_to_analzye_size_spaces_E2P4_000,E2P4
1768,252,195,817.0,0.7585587309033344,7.072215422276622,7099.0,0.743456166707613,0.9372854502244521,3.306662910269052,65.87373721990957,572.3839174102056,0.11508663191998873,23474.0,5778.0,0.2461446706994973,Dorota_to_analzye_size_spaces_E2P4_000,E2P4
1769,253,190,1930.0,0.7249581239907139,2.300518134715026,14537.0,0.9001716035147337,0.9646957329617095,2.5741899979363003,155.61360200052076,1172.1010011821609,0.13276466946412602,37421.0,4440.0,0.11864995590711098,Dorota_to_analzye_size_spaces_E2P4_000,E2P4
1770,254,196,1938.0,0.7294915973314161,5.556759545923633,5882.0,0.8631681086593901,0.9806602200733577,4.2737164229853795,156.2586324751343,474.2586564596182,0.32947976878612717,25138.000000000004,10769.0,0.4283952581748746,Dorota_to_analzye_size_spaces_E2P4_000,E2P4
1771,255,186,518.0,0.6032445077107198,2.857142857142857,53743.0,0.5631442482274727,0.9312920219033756,1.9752525910351115,41.76572323122785,4333.234099644553,0.009638464544219712,106156.0,1480.0,0.013941746109499227,Dorota_to_analzye_size_spaces_E2P4_000,E2P4
1772,256,195,1420.0,0.643438529900575,2.9028169014084506,7099.0,0.743456166707613,0.9372854502244521,3.306662910269052,114.49290924390647,572.3839174102056,0.20002817298211015,23474.0,4122.0,0.17559853454886257,Dorota_to_analzye_size_spaces_E2P4_000,E2P4
1773,257,195,128.0,0.7852738756935416,3.890625,7099.0,0.743456166707613,0.9372854502244521,3.306662910269052,10.320487593816921,572.3839174102056,0.018030708550500072,23474.0,498.0,0.021214961233705375,Dorota_to_analzye_size_spaces_E2P4_000,E2P4
1774,258,196,1643.0,0.7046440365963006,3.890444309190505,5882.0,0.8631681086593901,0.9806602200733577,4.2737164229853795,132.4731337237594,474.2586564596182,0.27932675960557635,25138.000000000004,6392.0,0.25427639430344495,Dorota_to_analzye_size_spaces_E2P4_000,E2P4
1775,261,198,2274.0,0.6095085978984918,2.7994722955145117,17887.0,0.5368196382088002,0.8278718874386745,1.4767149326326383,183.34991240890375,1442.207512426588,0.12713143623860904,26414.0,6366.0,0.2410085560687514,Dorota_to_analzye_size_spaces_E2P4_000,E2P4
1776,262,198,739.0,0.6943271948861777,3.5520974289580516,17887.0,0.5368196382088002,0.8278718874386745,1.4767149326326383,59.58469009242738,1442.207512426588,0.04131492145133337,26414.0,2625.0,0.09937911713485273,Dorota_to_analzye_size_spaces_E2P4_000,E2P4
1777,265,205,651.0,0.8431449598319727,2.2857142857142856,6446.0,0.6675633252025506,0.9853255885050444,2.8403661185231153,52.489354871678245,519.7333049198741,0.1009928637914986,18309.0,1488.0,0.0812715058168114,Dorota_to_analzye_size_spaces_E2P4_000,E2P4
1778,269,205,3532.0,0.5953674091047204,3.415628539071348,6446.0,0.6675633252025506,0.9853255885050444,2.8403661185231153,284.78095454188565,519.7333049198741,0.5479367049332919,18309.0,12064.0,0.6589109181276968,Dorota_to_analzye_size_spaces_E2P4_000,E2P4
1779,270,206,1014.0,0.7119778760808434,5.110453648915187,5907.0,0.698670307604226,0.9721856484529295,4.298459454884036,81.75761265726842,476.27437669278555,0.17166074149314373,25390.999999999996,5182.0,0.2040880626993817,Dorota_to_analzye_size_spaces_E2P4_000,E2P4
1780,272,206,893.0,0.7963820689302241,2.671892497200448,5907.0,0.698670307604226,0.9721856484529295,4.298459454884036,72.00152672873837,476.27437669278555,0.15117657017098357,25390.999999999996,2386.0,0.0939703044385806,Dorota_to_analzye_size_spaces_E2P4_000,E2P4
1781,274,204,2041.0,0.788619815567532,3.0764331210191083,9801.0,0.8934942287301644,0.7757638119360456,2.5340271400877463,164.56339983578388,790.2429602109347,0.20824405672890522,24836.0,6279.0,0.2528184892897407,Dorota_to_analzye_size_spaces_E2P4_000,E2P4
1782,7,9,841.0,0.4770412943207391,1.3674197384066586,3024.0,0.7758374184463175,0.9830949284785435,1.4057539682539681,67.80882864375023,243.82151940392475,0.2781084656084656,4251.0,1150.0,0.27052458245118793,Dorota_to_analzye_size_spaces_ctrl_000,NONE
1783,8,8,747.0,0.40085995918659467,14.757697456492638,2988.0,0.807019231058788,0.9780687397708674,9.81760374832664,60.229720567040935,240.91888226816374,0.25,29335.0,11024.0,0.37579682972558376,Dorota_to_analzye_size_spaces_ctrl_000,NONE
1784,10,9,978.0,0.5570565560666768,1.5593047034764826,3024.0,0.7758374184463175,0.9830949284785435,1.4057539682539681,78.85497552150741,243.82151940392475,0.32341269841269843,4251.0,1525.0,0.3587391202070101,Dorota_to_analzye_size_spaces_ctrl_000,NONE
1785,12,8,894.0,0.5707473257491691,8.917225950782997,2988.0,0.807019231058788,0.9780687397708674,9.81760374832664,72.08215553806505,240.91888226816374,0.2991967871485944,29335.0,7972.0,0.2717572865178115,Dorota_to_analzye_size_spaces_ctrl_000,NONE
1786,13,11,2044.0,0.7296793272760147,2.933953033268102,4131.0,0.6825875933657748,0.9826355851569933,2.494553376906318,164.80528626376395,333.07761132857576,0.49479544904381506,10305.0,5997.0,0.5819505094614265,Dorota_to_analzye_size_spaces_ctrl_000,NONE
1787,16,13,2157.0,0.7826963787116087,3.4135373203523414,7323.0,0.8612644087067545,0.9663499604117182,1.81919978151031,173.91634171768047,590.4447706993852,0.2945514133551823,13322.0,7363.0,0.5526947905719862,Dorota_to_analzye_size_spaces_ctrl_000,NONE
1788,17,12,2340.0,0.6113925036135099,3.454700854700855,32261.0,0.899306178981821,0.9501104402886172,1.7415145221784818,188.6714138244656,2601.1660176884975,0.07253339946064909,56183.0,8084.0,0.14388694088959295,Dorota_to_analzye_size_spaces_ctrl_000,NONE
1789,18,15,1056.0,0.7458382293818313,3.9554924242424243,4433.0,0.6122315380394393,0.981186365648517,3.9778930746672683,85.14402264898959,357.4275117452376,0.23821339950372208,17634.0,4177.0,0.23687195191108087,Dorota_to_analzye_size_spaces_ctrl_000,NONE
1790,19,16,2282.0,0.7661044773190845,1.6866783523225242,5196.0,0.862840178637411,0.9670575097710776,1.4784449576597383,183.9949428835173,418.94729326150565,0.43918398768283295,7682.0,3849.0,0.5010413954699297,Dorota_to_analzye_size_spaces_ctrl_000,NONE
1791,20,17,1897.0,0.8052741434359739,1.720611491829204,3304.0,0.7533426585264235,0.979253112033195,1.6464891041162228,152.95285129273984,266.39758601539927,0.5741525423728814,5440.0,3264.0,0.6,Dorota_to_analzye_size_spaces_ctrl_000,NONE
1792,22,15,983.0,0.6987838020531182,3.894201424211597,4433.0,0.6122315380394393,0.981186365648517,3.9778930746672683,79.25811956814088,357.4275117452376,0.22174599593954433,17634.0,3828.0,0.21708063967335828,Dorota_to_analzye_size_spaces_ctrl_000,NONE
1793,23,19,2102.0,0.8016502978248159,2.1845861084681255,16670.0,0.7426146709363525,0.792112140650986,1.2989802039592082,169.48175720471224,1344.0822514760005,0.12609478104379124,21654.0,4592.0,0.21206243650133924,Dorota_to_analzye_size_spaces_ctrl_000,NONE
1794,24,20,1191.0,0.7297396814636034,2.910159529806885,3256.0,0.8024333718869644,0.9830917874396136,3.323095823095823,96.02891190809338,262.5274031677179,0.3657862407862408,10820.0,3466.0000000000005,0.3203327171903882,Dorota_to_analzye_size_spaces_ctrl_000,NONE
1795,25,20,666.0,0.598871024112947,3.0885885885885886,3256.0,0.8024333718869644,0.9830917874396136,3.323095823095823,53.698787011578666,262.5274031677179,0.20454545454545456,10820.0,2057.0,0.1901109057301294,Dorota_to_analzye_size_spaces_ctrl_000,NONE
1796,26,18,1918.0,0.7733542402085463,2.0422314911366004,14211.0,0.9499673305147784,0.9517144387891776,1.2703539511645907,154.64605628860042,1145.8160093416584,0.13496587150798678,18053.0,3916.9999999999995,0.21697224837977064,Dorota_to_analzye_size_spaces_ctrl_000,NONE
1797,27,22,1887.0,0.7743913807798641,2.5347111817700054,3128.0,0.7365486696805554,0.980564263322884,2.196291560102302,152.1465631994729,252.206915573901,0.6032608695652174,6870.0,4783.0,0.6962154294032024,Dorota_to_analzye_size_spaces_ctrl_000,NONE
1798,28,21,1976.0,0.7865251540856527,2.644230769230769,16863.0,0.9455666403135006,0.9563318777292577,1.4854414991401292,159.3225272295487,1359.6436116760526,0.1171796240289391,25049.0,5225.0,0.20859116132380534,Dorota_to_analzye_size_spaces_ctrl_000,NONE
1799,29,24,3507.0,0.6645164137110026,6.4043341887653265,10361.0,0.8282373083216438,0.9059986009094089,4.1812566354598975,282.7652343087183,835.3950934338837,0.3384808416176045,43322.0,22460.0,0.5184432851668898,Dorota_to_analzye_size_spaces_ctrl_000,NONE
1800,30,25,2072.0,0.7154998249379366,2.9903474903474905,3891.0,0.6876688790599028,0.9848139711465452,2.7561038293497817,167.0628929249114,313.72669709016907,0.5325109226419944,10724.0,6196.0,0.577769488996643,Dorota_to_analzye_size_spaces_ctrl_000,NONE
1801,31,24,433.0,0.7020226911177836,7.69284064665127,10361.0,0.8282373083216438,0.9059986009094089,4.1812566354598975,34.9122744384588,835.3950934338837,0.04179133288292636,43322.0,3331.0,0.07688934028899866,Dorota_to_analzye_size_spaces_ctrl_000,NONE
1802,32,26,1860.0,0.8517401726706145,2.3344086021505377,7511.0,0.9017824005335204,0.9534145722264534,1.6756756756756757,149.96958534765213,605.6029868528038,0.2476367993609373,12586.0,4342.0,0.34498649292865086,Dorota_to_analzye_size_spaces_ctrl_000,NONE
1803,33,27,1571.0,0.6583979505345356,5.00381922342457,3464.0,0.6712684886337948,0.9826950354609929,5.076212471131639,126.66785945223737,279.2981955076704,0.4535219399538106,17584.0,7861.0,0.44705414012738853,Dorota_to_analzye_size_spaces_ctrl_000,NONE
1804,34,28,2291.0,0.8315191024698084,2.363160192055871,21190.0,0.7487301055242257,0.8978433117240795,1.2494572911750825,184.72060216745754,1708.5244696326606,0.10811703633789524,26476.0,5414.0,0.2044870826408823,Dorota_to_analzye_size_spaces_ctrl_000,NONE
1805,35,29,2353.0,0.4345087784198643,4.202294942626434,3861.0,0.4695791728402834,0.9857033443962216,4.013986013986014,189.71958834571262,311.3078328103682,0.6094276094276094,15498.0,9888.0,0.6380178087495161,Dorota_to_analzye_size_spaces_ctrl_000,NONE
1806,36,24,842.0,0.6427596648938798,4.682897862232779,10361.0,0.8282373083216438,0.9059986009094089,4.1812566354598975,67.88945745307693,835.3950934338837,0.0812662870379307,43322.0,3943.0,0.09101611190619086,Dorota_to_analzye_size_spaces_ctrl_000,NONE
1807,37,32,2649.0,0.706350157527105,2.833899584748962,4495.0,0.6625584239765131,0.9842347273921611,2.506117908787542,213.58571590641424,362.42649792349266,0.589321468298109,11265.0,7507.0,0.6664003550821127,Dorota_to_analzye_size_spaces_ctrl_000,NONE
1808,38,30,2121.0,0.8015490230691594,1.6044318717586044,16136.0,0.9623272462469257,0.8223422688818673,1.6903817550818048,171.01370458191946,1301.0264672955457,0.13144521566683193,27276.0,3403.0,0.12476169526323508,Dorota_to_analzye_size_spaces_ctrl_000,NONE
1809,39,23,1065.0,0.7244871289540785,2.247887323943662,19934.0,0.9340374880472536,0.9406823651550187,1.0849302698906391,85.86968193292985,1607.254685118332,0.053426306812481186,21627.0,2394.0,0.1106949646275489,Dorota_to_analzye_size_spaces_ctrl_000,NONE
1810,40,33,2145.0,0.810715075826243,2.071328671328671,8609.0,0.8528278139993208,0.9729882459312839,1.2672784295504704,172.94879600576013,694.1334194935147,0.2491578580555233,10910.0,4443.0,0.4072410632447296,Dorota_to_analzye_size_spaces_ctrl_000,NONE
1811,41,23,966.0,0.777019996804371,2.346790890269151,19934.0,0.9340374880472536,0.9406823651550187,1.0849302698906391,77.88742980958708,1607.254685118332,0.04845991772850406,21627.0,2267.0,0.10482267535950432,Dorota_to_analzye_size_spaces_ctrl_000,NONE
1812,42,34,1805.0,0.7640758642053169,2.4969529085872577,3166.0,0.7117476252808946,0.9835352593973283,2.443461781427669,145.53500083468393,255.2708103283154,0.5701200252684776,7736.0,4507.0,0.5826008273009308,Dorota_to_analzye_size_spaces_ctrl_000,NONE
1813,46,36,2043.0,0.7215397463237639,1.7244248653940284,8842.0,0.9132155176852971,0.958170784568704,1.1585614114453744,164.72465745443725,712.9199320666345,0.23105632209907262,10244.0,3523.0,0.34390862944162437,Dorota_to_analzye_size_spaces_ctrl_000,NONE
1814,47,38,2661.0,0.7068196892676982,3.310785419015408,4081.0,0.6872062278596046,0.9810096153846154,3.1808380298946335,214.55326161833457,329.04617086224107,0.6520460671404068,12981.0,8810.0,0.6786842307988599,Dorota_to_analzye_size_spaces_ctrl_000,NONE
1815,48,37,1979.0,0.8412003641504245,2.4057604850934817,12809.0,0.9497807408474802,0.9566808574202704,3.024982434225935,159.5644136575288,1032.7744186656323,0.15450074166601607,38747.0,4761.0,0.12287402895708055,Dorota_to_analzye_size_spaces_ctrl_000,NONE
1816,49,40,1748.0,0.7999917889755375,3.7705949656750573,3688.0,0.7451638794703773,0.9826805222488676,4.29880694143167,140.93915870306233,297.35904879685006,0.47396963123644253,15854.0,6591.0,0.41573104579285985,Dorota_to_analzye_size_spaces_ctrl_000,NONE
1817,50,44,1391.0,0.6353674645514945,2.406901509705248,4216.0,0.6086849718265234,0.9859681945743686,1.8510436432637571,112.15467377343232,339.93106012134484,0.32993358633776093,7804.0,3348.0000000000005,0.42901076371091756,Dorota_to_analzye_size_spaces_ctrl_000,NONE
1818,51,43,776.0,0.7954431935256777,2.2938144329896906,6169.0,0.7025759182694395,0.9586635586635587,1.7169719565569785,62.56795603751508,497.3991247363796,0.1257902415302318,10592.0,1779.9999999999998,0.1680513595166163,Dorota_to_analzye_size_spaces_ctrl_000,NONE
1819,52,35,637.0,0.6558407151812541,3.065934065934066,16939.0,0.9111819052732063,0.8281509729148333,2.1824192691422164,51.36055154110452,1365.7714011848814,0.03760552570990023,36968.0,1953.0000000000002,0.052829474139796585,Dorota_to_analzye_size_spaces_ctrl_000,NONE
1820,53,35,1655.0,0.6941072604874955,3.8876132930513596,16939.0,0.9111819052732063,0.8281509729148333,2.1824192691422164,133.44067943567973,1365.7714011848814,0.09770352441112226,36968.0,6434.0,0.17404241506167495,Dorota_to_analzye_size_spaces_ctrl_000,NONE
1821,54,43,940.0,0.43352085639398036,2.3638297872340424,6169.0,0.7025759182694395,0.9586635586635587,1.7169719565569785,75.791080767093,497.3991247363796,0.15237477711136327,10592.0,2222.0,0.2097809667673716,Dorota_to_analzye_size_spaces_ctrl_000,NONE
1822,55,46,1542.0,0.6274084331274979,2.556420233463035,4213.0,0.680993841135708,0.9831971995332556,2.317113695703774,124.32962398176322,339.68917369336475,0.3660099691431284,9762.0,3941.9999999999995,0.40381069452980944,Dorota_to_analzye_size_spaces_ctrl_000,NONE
1823,56,44,834.0,0.6717094326532628,1.8249400479616307,4216.0,0.6086849718265234,0.9859681945743686,1.8510436432637571,67.24442697846338,339.93106012134484,0.1978178368121442,7804.0,1522.0,0.19502819067145055,Dorota_to_analzye_size_spaces_ctrl_000,NONE
1824,57,42,2469.0,0.7142003933398361,3.3288780882948563,12546.0,0.797225605736356,0.9485861182519281,2.793081460226367,199.0725302276092,1011.5690418127116,0.19679579148732665,35042.0,8219.0,0.2345471148907026,Dorota_to_analzye_size_spaces_ctrl_000,NONE
1825,58,47,1925.0,0.773815275726096,1.7184415584415584,3222.0,0.7546418420660234,0.9844179651695693,1.675977653631285,155.2104579538873,259.78602365061033,0.5974549968963376,5400.0,3308.0,0.6125925925925926,Dorota_to_analzye_size_spaces_ctrl_000,NONE
1826,59,48,815.0,0.647660552594758,3.1754601226993864,3212.0,0.7745185415325354,0.9825634750688284,6.6506849315068495,65.71247960125618,258.97973555734336,0.2537359900373599,21362.0,2588.0,0.12114970508379365,Dorota_to_analzye_size_spaces_ctrl_000,NONE
1827,61,46,254.0,0.3758044455946904,2.2244094488188977,4213.0,0.680993841135708,0.9831971995332556,2.317113695703774,20.47971756898045,339.68917369336475,0.0602895798718253,9762.0,565.0,0.057877484122106124,Dorota_to_analzye_size_spaces_ctrl_000,NONE
1828,62,48,866.0,0.43703648467969763,6.4110854503464205,3212.0,0.7745185415325354,0.9825634750688284,6.6506849315068495,69.8245488769176,258.97973555734336,0.2696139476961395,21362.0,5552.0,0.25990075835595916,Dorota_to_analzye_size_spaces_ctrl_000,NONE
1829,63,46,429.0,0.8136120948971574,4.027972027972028,4213.0,0.680993841135708,0.9831971995332556,2.317113695703774,34.58975920115203,339.68917369336475,0.10182767624020887,9762.0,1728.0000000000002,0.17701290719114937,Dorota_to_analzye_size_spaces_ctrl_000,NONE
1830,64,51,1404.0,0.798694048908443,5.056267806267806,5694.0,0.6229626684254821,0.9854620976116303,5.359501229364243,113.20284829467936,459.1004403061996,0.2465753424657534,30517.0,7099.0,0.23262443883736933,Dorota_to_analzye_size_spaces_ctrl_000,NONE
1831,65,51,692.0,0.8722261050220265,3.754335260115607,5694.0,0.6229626684254821,0.9854620976116303,5.359501229364243,55.79513605407273,459.1004403061996,0.12153143659992975,30517.0,2598.0,0.08513287675721729,Dorota_to_analzye_size_spaces_ctrl_000,NONE
1832,66,51,272.0,0.4615349187265627,8.150735294117647,5694.0,0.6229626684254821,0.9854620976116303,5.359501229364243,21.931036136860957,459.1004403061996,0.04776958201615736,30517.0,2217.0,0.07264803224432284,Dorota_to_analzye_size_spaces_ctrl_000,NONE
1833,67,52,1976.0,0.720019308141703,1.7808704453441295,3558.0,0.665208012540817,0.9839601769911505,1.5944350758853287,159.3225272295487,286.8773035843797,0.5553681843732434,5673.0,3519.0,0.6203067160232681,Dorota_to_analzye_size_spaces_ctrl_000,NONE
1834,68,50,291.0,0.854276571779616,6.74914089347079,4672.0,0.810676022173711,0.9193231011412829,4.732234589041096,23.462983514068156,376.6977971743176,0.06228595890410959,22109.0,1964.0,0.08883260210773893,Dorota_to_analzye_size_spaces_ctrl_000,NONE
1835,69,45,2178.0,0.75752028896693,4.462350780532598,27858.0,0.7779010609661088,0.9244706975509391,1.8771986502979396,175.60954671354105,2246.1573702230608,0.07818220977816068,52295.0,9719.0,0.1858495076011091,Dorota_to_analzye_size_spaces_ctrl_000,NONE
1836,70,51,770.0,0.6826107880047966,6.761038961038961,5694.0,0.6229626684254821,0.9854620976116303,5.359501229364243,62.08418318155491,459.1004403061996,0.13523006673691607,30517.0,5206.0,0.1705934397221221,Dorota_to_analzye_size_spaces_ctrl_000,NONE
1837,71,54,2303.0,0.8279717618984134,1.5766391663048198,4493.0,0.7912561488290162,0.9846592154284461,1.6358780324949922,185.68814787937788,362.26524030483927,0.5125751168484309,7350.0,3631.0,0.4940136054421769,Dorota_to_analzye_size_spaces_ctrl_000,NONE
1838,72,55,1982.0,0.6727417854611625,5.4576185671039354,3201.0,0.592751448875776,0.9812998160637646,4.828178694158075,159.8063000855089,258.0928186547497,0.619181505779444,15455.0,10817.0,0.6999029440310579,Dorota_to_analzye_size_spaces_ctrl_000,NONE
1839,73,51,771.0,0.6964993793116173,8.817120622568094,5694.0,0.6229626684254821,0.9854620976116303,5.359501229364243,62.16481199088161,459.1004403061996,0.13540569020021076,30517.0,6798.000000000001,0.22276108398597505,Dorota_to_analzye_size_spaces_ctrl_000,NONE
1840,74,56,2070.0,0.7856520568926466,2.5231884057971015,4001.0,0.7346509956800963,0.9751401413599805,2.108972756810797,166.90163530625802,322.59586611610547,0.5173706573356661,8438.0,5223.0,0.6189855415975349,Dorota_to_analzye_size_spaces_ctrl_000,NONE
1841,77,58,989.0,0.7052685527388354,4.6774519716885745,4723.0,0.6276526434502369,0.9780492855663698,3.782553461782765,79.74189242410105,380.80986644997904,0.20940080457336438,17865.0,4626.0,0.25894206549118387,Dorota_to_analzye_size_spaces_ctrl_000,NONE
1842,78,59,1887.0,0.8093414356583706,1.6497085320614733,4144.0,0.8853647696209755,0.9147902869757174,1.3520752895752897,152.1465631994729,334.1257858498228,0.45535714285714285,5603.0,3113.0,0.5555952168481171,Dorota_to_analzye_size_spaces_ctrl_000,NONE
1843,79,58,1157.0,0.6220674798548518,6.294727744165947,4723.0,0.6276526434502369,0.9780492855663698,3.782553461782765,93.28753239098576,380.80986644997904,0.244971416472581,17865.0,7283.0,0.40766862580464597,Dorota_to_analzye_size_spaces_ctrl_000,NONE
1844,80,61,1790.0,0.8543331287878795,2.7167597765363127,7238.0,0.7243762446529457,0.9644237175216522,1.767062724509533,144.3255686947835,583.5913219066161,0.24730588560375794,12790.0,4863.0,0.3802189210320563,Dorota_to_analzye_size_spaces_ctrl_000,NONE
1845,81,63,1133.0,0.5686039541662028,3.259488084730803,2930.0,0.7327470959224054,0.9819034852546917,3.342320819112628,91.35244096714509,236.24241132721545,0.38668941979522187,9793.0,3693.0,0.3771060961911569,Dorota_to_analzye_size_spaces_ctrl_000,NONE
1846,82,64,1491.0,0.8631175727189577,2.915492957746479,2675.0,0.827142756037833,0.9838175799926444,2.5442990654205606,120.2175547061018,215.6820649489083,0.5573831775700935,6806.0,4347.0,0.6387011460476051,Dorota_to_analzye_size_spaces_ctrl_000,NONE
1847,83,65,1825.0,0.8385483373109445,2.227945205479452,3336.0,0.7573640136126342,0.9829110194460813,1.8522182254196642,147.1475770212178,268.9777079138535,0.5470623501199041,6179.0,4066.0000000000005,0.6580352807897719,Dorota_to_analzye_size_spaces_ctrl_000,NONE
1848,84,63,877.0,0.614517580154182,3.88939566704675,2930.0,0.7327470959224054,0.9819034852546917,3.342320819112628,70.71146577951124,236.24241132721545,0.29931740614334473,9793.0,3411.0,0.3483100173593383,Dorota_to_analzye_size_spaces_ctrl_000,NONE
1849,85,62,4124.0,0.6895600754450061,3.9978176527643066,47204.0,0.8514056580444204,0.887476733911147,2.9399203457334124,332.51320966328893,3806.0023154572964,0.08736547750190662,138776.0,16487.0,0.11880296304836571,Dorota_to_analzye_size_spaces_ctrl_000,NONE
1850,87,60,1880.0,0.6525897664932291,2.05,14609.0,0.8560841624390315,0.9352752880921895,1.7188034773085084,151.582161534186,1177.9062754536828,0.12868779519474297,25110.0,3853.9999999999995,0.15348466746316206,Dorota_to_analzye_size_spaces_ctrl_000,NONE
1851,88,67,1053.0,0.6999726273900879,3.091168091168091,3682.0,0.6821019959761694,0.9834401709401709,2.539652362846279,84.90213622100951,296.8752759408899,0.28598587724063007,9351.0,3255.0,0.3480911132499198,Dorota_to_analzye_size_spaces_ctrl_000,NONE
1852,89,67,955.0,0.6914712576260523,2.8094240837696334,3682.0,0.6821019959761694,0.9834401709401709,2.539652362846279,77.00051290699344,296.8752759408899,0.259369907658881,9351.0,2683.0,0.2869211849000107,Dorota_to_analzye_size_spaces_ctrl_000,NONE
1853,90,69,2449.0,0.6590029634141995,3.0808493262556147,4489.0,0.6061705230570001,0.9799170486793276,2.736021385609267,197.45995404107532,361.9427250675325,0.5455558030741813,12282.0,7545.0,0.614313629702003,Dorota_to_analzye_size_spaces_ctrl_000,NONE
1854,91,70,1922.0,0.5916310733617163,2.7513007284079083,3457.0,0.5666374720592052,0.9829400056866647,2.5964709285507666,154.9685715259072,278.73379384238353,0.555973387330055,8976.0,5288.0,0.589126559714795,Dorota_to_analzye_size_spaces_ctrl_000,NONE
1855,92,71,2505.0,0.7879998908190079,2.2750499001996007,3786.0,0.7229770526607715,0.9833766233766233,2.0211304807184365,201.97516736337022,305.2606721108661,0.661648177496038,7652.000000000001,5699.0,0.7447726084683742,Dorota_to_analzye_size_spaces_ctrl_000,NONE
1856,93,68,1323.0,0.6212385587668601,4.9229024943310655,17551.0,0.5822964661680717,0.932324037184595,3.986040681442653,106.67191473921709,1415.1162324928187,0.07538032020967467,69959.0,6513.0,0.09309738561157249,Dorota_to_analzye_size_spaces_ctrl_000,NONE
1857,94,75,1722.0,0.7293069476523164,2.577816492450639,2947.0,0.6993293738978589,0.977770404777704,2.521547336274177,138.84280966056826,237.61310108576927,0.5843230403800475,7430.999999999999,4439.0,0.5973624007535998,Dorota_to_analzye_size_spaces_ctrl_000,NONE
1858,95,76,1817.0,0.8569215049742878,2.8194826637314256,3467.0,0.8125805387485416,0.9821529745042493,2.4222670897029133,146.50254654660426,279.5400819356505,0.524084222670897,8398.0,5123.0,0.6100261967135032,Dorota_to_analzye_size_spaces_ctrl_000,NONE
1859,96,68,871.0,0.7906661965966896,4.524684270952927,17551.0,0.5822964661680717,0.932324037184595,3.986040681442653,70.22769292355107,1415.1162324928187,0.04962680189163011,69959.0,3940.9999999999995,0.05633299503995196,Dorota_to_analzye_size_spaces_ctrl_000,NONE
1860,97,73,2406.0,0.673180146358275,3.3420615128844555,7774.0,0.6745608791386298,0.935274302213667,2.6506303061487007,193.99291524002743,626.8083637057246,0.3094931824028814,20606.0,8041.0,0.3902261477239639,Dorota_to_analzye_size_spaces_ctrl_000,NONE
1861,98,74,2143.0,0.5470370721807497,2.190853943070462,6304.0,0.34236905619106955,0.9839238333073201,1.6094543147208122,172.78753838710674,508.28401399548335,0.33994289340101524,10146.0,4695.0,0.4627439384979302,Dorota_to_analzye_size_spaces_ctrl_000,NONE
1862,101,77,2286.0,0.7500161249359246,2.108923884514436,12949.0,0.824898831550102,0.9670649738610904,1.2121399335856051,184.31745812082409,1044.0624519713697,0.17653872885937139,15696.0,4821.0,0.30714831804281345,Dorota_to_analzye_size_spaces_ctrl_000,NONE
1863,102,72,2412.0,0.751747618318854,5.47636815920398,20808.0,0.8842469786693082,0.9556790520369265,3.7321222606689735,194.4766880959876,1677.724264469863,0.11591695501730104,77658.0,13208.999999999998,0.17009194159004865,Dorota_to_analzye_size_spaces_ctrl_000,NONE
1864,103,81,1665.0,0.8012150772003359,4.2294294294294295,2903.0,0.725741392865053,0.9764547595021863,3.3706510506372718,134.24696752894667,234.0654334753947,0.5735446090251464,9785.0,7042.0,0.7196729688298416,Dorota_to_analzye_size_spaces_ctrl_000,NONE
1865,105,79,1779.0,0.8320119132616381,3.4761101742551994,16090.0,0.834137397594981,0.9353019822124048,1.3448104412678683,143.43865179218986,1297.3175420665177,0.1105655686761964,21638.0,6184.0,0.28579351141510306,Dorota_to_analzye_size_spaces_ctrl_000,NONE
1866,106,82,2200.0,0.8229869978230444,2.8677272727272727,13741.0,0.6594743127156532,0.9663830086503974,1.7134124153991703,177.38338051872833,1107.9204689581118,0.16010479586638526,23544.0,6309.0,0.2679663608562691,Dorota_to_analzye_size_spaces_ctrl_000,NONE
1867,107,86,2094.0,0.7445382004737651,2.2125119388729706,3249.0,0.6977103581053613,0.9812745394140743,2.1086488150200062,168.8367267300987,261.96300150243104,0.644506001846722,6851.0,4633.0,0.6762516420960444,Dorota_to_analzye_size_spaces_ctrl_000,NONE
1868,108,85,940.0,0.5449781790379797,2.474468085106383,14485.0,0.7510528918681025,0.891713863580399,3.2660683465654126,75.791080767093,1167.9083030971726,0.06489471867449086,47309.0,2326.0,0.04916612061130018,Dorota_to_analzye_size_spaces_ctrl_000,NONE
1869,109,88,1956.0,0.8080890411840019,1.7413087934560327,3818.0,0.7897056210990208,0.9830072090628218,1.499214248297538,157.70995104301483,307.84079400932035,0.5123101100052383,5724.0,3406.0,0.5950384346610762,Dorota_to_analzye_size_spaces_ctrl_000,NONE
1870,110,83,2658.0,0.6876413855004261,2.372084273890143,17117.0,0.8444282508590699,0.9801305542830967,1.5158030028626512,214.3113751903545,1380.1233292450331,0.1552842203657183,25946.0,6305.0,0.24300470207353736,Dorota_to_analzye_size_spaces_ctrl_000,NONE
1871,111,89,1498.0,0.34260490392603066,3.64218958611482,2432.0,0.32150280568293144,0.9814366424535916,3.7109375,120.78195637138866,196.0892642825215,0.615953947368421,9025.0,5456.0,0.6045429362880886,Dorota_to_analzye_size_spaces_ctrl_000,NONE
1872,112,84,2404.0,0.7606593543326446,2.841930116472546,20555.0,0.8930689747316558,0.8488540161057196,2.908002918997811,193.83165762137403,1657.3251757102094,0.11695451228411578,59774.00000000001,6832.0,0.11429718606752098,Dorota_to_analzye_size_spaces_ctrl_000,NONE
1873,113,85,1007.0,0.6241121535538294,2.787487586891758,14485.0,0.7510528918681025,0.891713863580399,3.2660683465654126,81.19321099198156,1167.9083030971726,0.06952019330341733,47309.0,2807.0,0.05933331924158194,Dorota_to_analzye_size_spaces_ctrl_000,NONE
1874,114,92,2076.0,0.7413501372139575,2.436897880539499,3368.0,0.6999669250278236,0.9847953216374269,2.4700118764845604,167.3854081622182,271.5578298123077,0.6163895486935868,8319.0,5059.0,0.6081259766798894,Dorota_to_analzye_size_spaces_ctrl_000,NONE
1875,115,91,2313.0,0.7545668899991548,2.2905317769130997,3985.0,0.6914613785256613,0.9829797730636408,2.324215809284818,186.49443597264482,321.3058051668784,0.580426599749059,9262.0,5298.0,0.5720146836536385,Dorota_to_analzye_size_spaces_ctrl_000,NONE
1876,116,90,901.0,0.7365222560341765,2.9755826859045507,15442.0,0.7463836996840918,0.9369577088768886,1.9676207745110736,72.64655720335192,1245.0700736228196,0.058347364331045204,30384.0,2681.0,0.08823723012111638,Dorota_to_analzye_size_spaces_ctrl_000,NONE
1877,117,93,2038.0,0.891845933368863,1.900883218842002,3438.0,0.8365227699593575,0.9808844507845934,1.719022687609075,164.3215134078038,277.20184646517635,0.5927865037812682,5910.0,3874.0,0.6554991539763113,Dorota_to_analzye_size_spaces_ctrl_000,NONE
1878,118,90,1434.0,0.3635389627112636,3.1478382147838215,15442.0,0.7463836996840918,0.9369577088768886,1.9676207745110736,115.6217125744802,1245.0700736228196,0.09286361870224064,30384.0,4514.0,0.14856503422854134,Dorota_to_analzye_size_spaces_ctrl_000,NONE
1879,119,97,1627.0,0.7240387584740208,3.169637369391518,2777.0,0.6674553181430178,0.9826610049539986,3.1552034569679512,131.18307277453226,223.90620350023116,0.5858840475333094,8762.0,5157.0,0.5885642547363615,Dorota_to_analzye_size_spaces_ctrl_000,NONE
1880,120,98,1874.0,0.7202615024029164,1.5458911419423693,3006.0,0.765498324546187,0.9775609756097561,1.3416500332667998,151.09838867822586,242.37020083604426,0.6234198270126414,4033.0,2897.0,0.7183238284155715,Dorota_to_analzye_size_spaces_ctrl_000,NONE
1881,121,99,929.0,0.6337095234611454,2.0247578040904197,3406.0,0.7323752524089671,0.9807083213360207,1.6931884908984145,74.90416386449937,274.62172456672215,0.2727539635936583,5767.0,1881.0,0.32616611756545866,Dorota_to_analzye_size_spaces_ctrl_000,NONE
1882,122,100,2056.0,0.7866658140745932,1.7028210116731517,3239.0,0.817277611369154,0.9563035134337171,1.4356282803334361,165.77283197568428,261.1567134091641,0.6347638159925904,4650.0,3501.0,0.7529032258064516,Dorota_to_analzye_size_spaces_ctrl_000,NONE
1883,123,101,2076.0,0.8354948153927351,1.8742774566473988,3586.0,0.7653591114033725,0.9827349958892847,1.7292247629670943,167.3854081622182,289.1349102455272,0.5789180145008366,6201.0,3891.0,0.6274794388001935,Dorota_to_analzye_size_spaces_ctrl_000,NONE
1884,124,102,1890.0,0.7604305136562062,4.617989417989418,3207.0,0.6888314561574485,0.9831391784181484,3.563766760212036,152.38844962745299,258.5765915107099,0.5893358278765201,11429.0,8728.0,0.7636713623239129,Dorota_to_analzye_size_spaces_ctrl_000,NONE
1885,125,99,1033.0,0.4498133209155291,1.8470474346563408,3406.0,0.7323752524089671,0.9807083213360207,1.6931884908984145,83.28956003447561,274.62172456672215,0.30328831473869644,5767.0,1908.0,0.3308479278654413,Dorota_to_analzye_size_spaces_ctrl_000,NONE
1886,126,94,3929.0,0.6513861204755848,3.423008399083736,35446.0,0.70903655575591,0.9595300614493382,1.5589629295266039,316.79059184458345,2857.96877539402,0.1108446651244146,55259.0,13449.0,0.24338116867840534,Dorota_to_analzye_size_spaces_ctrl_000,NONE
1887,127,103,1009.0,0.70106518728728,1.2983151635282457,3723.0,0.8008813034082067,0.9825811559778306,1.2903572387859252,81.35446861063495,300.18105712328435,0.2710179962395917,4804.0,1310.0,0.2726894254787677,Dorota_to_analzye_size_spaces_ctrl_000,NONE
1888,128,95,421.0,0.92076036794357,4.790973871733967,14967.0,0.639108102018897,0.9131787675411837,4.246275138638338,33.944728726538465,1206.7713891926394,0.028128549475512795,63554.00000000001,2017.0,0.03173679076061302,Dorota_to_analzye_size_spaces_ctrl_000,NONE
1889,129,95,2090.0,0.6766012540971814,4.555502392344498,14967.0,0.639108102018897,0.9131787675411837,4.246275138638338,168.5142114927919,1206.7713891926394,0.1396405425268925,63554.00000000001,9521.0,0.149809610724738,Dorota_to_analzye_size_spaces_ctrl_000,NONE
1890,130,95,1349.0,0.8289417326850177,4.894736842105263,14967.0,0.639108102018897,0.9131787675411837,4.246275138638338,108.76826378171114,1206.7713891926394,0.09013162290372152,63554.00000000001,6603.0,0.10389589954998897,Dorota_to_analzye_size_spaces_ctrl_000,NONE
1891,131,103,1075.0,0.5684156091627268,1.455813953488372,3723.0,0.8008813034082067,0.9825811559778306,1.2903572387859252,86.6759700261968,300.18105712328435,0.28874563524039754,4804.0,1565.0,0.3257701915070774,Dorota_to_analzye_size_spaces_ctrl_000,NONE
1892,132,106,1151.0,0.4939718590024241,5.164205039096438,5430.0,0.5073373087920732,0.9820944112859469,3.773112338858195,92.80375953502559,437.8144346439522,0.2119705340699816,20488.0,5944.0,0.2901210464662241,Dorota_to_analzye_size_spaces_ctrl_000,NONE
1893,133,107,858.0,0.6028106340043082,1.7878787878787878,3573.0,0.8095435889277556,0.9783680175246441,1.581024349286314,69.17951840230405,288.0867357242801,0.2401343408900084,5649.0,1534.0,0.27155248716587005,Dorota_to_analzye_size_spaces_ctrl_000,NONE
1894,134,105,2089.0,0.8142508546492293,2.0593585447582576,5908.0,0.859956917408496,0.9470984289836486,2.199052132701422,168.4335826834652,476.35500550211225,0.3535883547731889,12992.0,4302.0,0.3311268472906404,Dorota_to_analzye_size_spaces_ctrl_000,NONE
1895,135,107,896.0,0.5006651334239351,1.5837053571428572,3573.0,0.8095435889277556,0.9783680175246441,1.581024349286314,72.24341315671845,288.0867357242801,0.2507696613490064,5649.0,1419.0,0.25119490175252257,Dorota_to_analzye_size_spaces_ctrl_000,NONE
1896,136,106,263.0,0.5741089055208177,3.494296577946768,5430.0,0.5073373087920732,0.9820944112859469,3.773112338858195,21.205376852920704,437.8144346439522,0.04843462246777164,20488.0,919.0,0.04485552518547442,Dorota_to_analzye_size_spaces_ctrl_000,NONE
1897,138,106,880.0,0.5953646478071548,4.261363636363637,5430.0,0.5073373087920732,0.9820944112859469,3.773112338858195,70.95335220749133,437.8144346439522,0.16206261510128914,20488.0,3750.0000000000005,0.1830339711050371,Dorota_to_analzye_size_spaces_ctrl_000,NONE
1898,139,110,2349.0,0.7685278888646597,2.0123456790123457,4042.0,0.7111145214249046,0.9858536585365854,2.0380999505195447,189.39707310840583,325.90164729849994,0.5811479465611084,8238.0,4727.0,0.573804321437242,Dorota_to_analzye_size_spaces_ctrl_000,NONE
1899,140,106,317.0,0.7540349951160619,3.1135646687697163,5430.0,0.5073373087920732,0.9820944112859469,3.773112338858195,25.559332556562218,437.8144346439522,0.05837937384898711,20488.0,987.0000000000001,0.048174541194845766,Dorota_to_analzye_size_spaces_ctrl_000,NONE
1900,141,108,1728.0,0.8318892015535958,2.8952546296296298,8883.0,0.7915778985120807,0.9338730025231287,1.8638973319824383,139.32658251652845,716.225713249029,0.1945288753799392,16557.0,5003.0,0.3021682671981639,Dorota_to_analzye_size_spaces_ctrl_000,NONE
1901,144,111,2157.0,0.7365088000534621,2.4534075104311546,4263.0,0.6484866818824778,0.9809019788311091,2.0272108843537415,173.91634171768047,343.7206141596995,0.505981703026038,8642.0,5292.0,0.6123582504049988,Dorota_to_analzye_size_spaces_ctrl_000,NONE
1902,145,113,2125.0,0.7776882367040715,2.0696470588235294,3620.0,0.7570394136007593,0.9828943795818627,1.8171270718232044,171.33621981922622,291.87628976263477,0.5870165745856354,6578.0,4398.0,0.6685922772879295,Dorota_to_analzye_size_spaces_ctrl_000,NONE
1903,146,112,1764.0,0.8395064607026733,1.7369614512471656,3125.0,0.7752113272609747,0.9823954731216599,1.48224,142.22921965228943,251.9650291459209,0.56448,4632.0,3064.0,0.6614853195164075,Dorota_to_analzye_size_spaces_ctrl_000,NONE
1904,147,114,2048.0,0.8488162193461487,1.7333984375,3920.0,0.7742845899238667,0.9814722083124687,1.3854591836734693,165.12780150107073,316.06493256064323,0.5224489795918368,5431.0,3550.0,0.6536549438409133,Dorota_to_analzye_size_spaces_ctrl_000,NONE
1905,149,116,1611.0,0.868566508691534,1.505276225946617,3193.0,0.8197057121078277,0.9725860493451112,1.4112120263075478,129.89301182530517,257.4477881801362,0.5045411838396492,4506.0,2425.0,0.5381713271193964,Dorota_to_analzye_size_spaces_ctrl_000,NONE
1906,151,117,2344.0,0.7580090114482134,2.8447098976109215,3974.0,0.6613002246611904,0.9839069076504086,2.4667840966280825,188.99392906177238,320.4188882642847,0.5898339204831404,9803.0,6668.0,0.6801999387942467,Dorota_to_analzye_size_spaces_ctrl_000,NONE
1907,152,118,1038.0,0.2712333957883654,1.7793834296724471,3247.0,0.7752136325746294,0.9800784787201932,1.63935940868494,83.6927040811091,261.80174388377765,0.31967970434246995,5323.0,1847.0,0.3469847830170956,Dorota_to_analzye_size_spaces_ctrl_000,NONE
1908,153,115,1948.0,0.8002804555995603,1.764887063655031,8334.0,0.5982607806392123,0.9732570360854841,2.590112790976722,157.06492056840128,671.9604969286736,0.23374130069594432,21586.0,3438.0,0.15926989715556378,Dorota_to_analzye_size_spaces_ctrl_000,NONE
1909,154,118,981.0,0.45808987727735656,2.020387359836901,3247.0,0.7752136325746294,0.9800784787201932,1.63935940868494,79.09686194948749,261.80174388377765,0.3021250384970742,5323.0,1982.0,0.37234642119105765,Dorota_to_analzye_size_spaces_ctrl_000,NONE
1910,155,121,915.0,0.6497005678669017,2.191256830601093,4228.0,0.7777891964766871,0.9834845312863456,2.184484389782403,73.77536053392565,340.89860583326515,0.2164143803216651,9236.0,2005.0,0.2170853183196189,Dorota_to_analzye_size_spaces_ctrl_000,NONE
1911,156,123,1824.0,0.8527002371825322,2.700109649122807,3665.0,0.8261560239900685,0.982573726541555,2.2935879945429742,147.06694821189112,295.5045861823361,0.4976807639836289,8406.0,4925.0,0.585891030216512,Dorota_to_analzye_size_spaces_ctrl_000,NONE
1912,157,119,1902.0,0.7149125937102588,5.0573080967402735,14470.0,0.6278752782511886,0.9434085278393533,3.951485832757429,153.35599533937332,1166.6988709572722,0.13144436765722184,57178.0,9619.0,0.16822903914092832,Dorota_to_analzye_size_spaces_ctrl_000,NONE
1913,158,120,2397.0,0.6346323898780838,6.022528160200251,16147.0,0.7873324895347837,0.9735905939101598,3.1786709605499475,193.26725595608718,1301.9133841981393,0.14844862822815383,51326.0,14436.000000000002,0.28126095935783035,Dorota_to_analzye_size_spaces_ctrl_000,NONE
1914,161,125,1891.0,0.8069414205786305,2.130618720253834,2877.0,0.7652994944151531,0.9835897435897436,2.0983663538408064,152.46907843677965,231.96908443290064,0.6572818908585332,6037.0,4029.0,0.667384462481365,Dorota_to_analzye_size_spaces_ctrl_000,NONE
1915,162,121,1288.0,0.3478459672726259,2.229813664596273,4228.0,0.7777891964766871,0.9834845312863456,2.184484389782403,103.84990641278277,340.89860583326515,0.304635761589404,9236.0,2872.0,0.3109571242962321,Dorota_to_analzye_size_spaces_ctrl_000,NONE
1916,163,128,2118.0,0.6834395918444774,4.096789423984891,3689.0,0.7299158275006088,0.9641923680083638,3.350501490918948,170.77181815393936,297.4396776061767,0.5741393331526159,12360.0,8677.0,0.7020226537216828,Dorota_to_analzye_size_spaces_ctrl_000,NONE
1917,164,122,1207.0,0.3814669788996543,2.152444076222038,15789.0,0.6029120207730739,0.9664565097631144,1.9808727595161189,97.3189728573205,1273.0482704591825,0.0764456267021344,31276.0,2598.0,0.08306688834889372,Dorota_to_analzye_size_spaces_ctrl_000,NONE
1918,165,129,2353.0,0.7354980544230391,4.241393965150872,3828.0,0.7284792888588342,0.9820420728578758,4.241379310344827,189.71958834571262,308.6470821025873,0.6146812957157785,16236.0,9980.000000000002,0.6146834195614684,Dorota_to_analzye_size_spaces_ctrl_000,NONE
1919,166,126,1967.0,0.7100017031417959,1.518047788510422,15154.0,0.7851777466545312,0.9327834543887726,0.7557080638775241,158.59686794560847,1221.8489765367315,0.12980071268311996,11452.0,2986.0,0.26074048201187566,Dorota_to_analzye_size_spaces_ctrl_000,NONE
1920,167,124,1719.0,0.7257898249409943,2.4665503199534613,10697.0,0.8429057629246056,0.9760927091887946,1.645882022997102,138.60092323258817,862.4863733676532,0.16069926147517996,17606.0,4240.0,0.24082699079859138,Dorota_to_analzye_size_spaces_ctrl_000,NONE
1921,168,122,920.0,0.6997145336834781,2.393478260869565,15789.0,0.6029120207730739,0.9664565097631144,1.9808727595161189,74.17850458055912,1273.0482704591825,0.05826841471910824,31276.0,2202.0,0.07040542268832331,Dorota_to_analzye_size_spaces_ctrl_000,NONE
1922,169,127,2107.0,0.8005521751026943,4.245847176079734,17994.0,0.926205378225255,0.7030554036102211,1.6504946093142159,169.88490125134572,1450.8347950245443,0.11709458708458376,29699.0,8946.0,0.30122226337587127,Dorota_to_analzye_size_spaces_ctrl_000,NONE
1923,170,130,1772.0,0.6906097779868798,2.0586907449209932,22214.0,0.7506687090113026,0.9347359562381654,1.294994147834699,142.874250126903,1791.088370383196,0.07976951472044656,28767.0,3648.0,0.12681197205130879,Dorota_to_analzye_size_spaces_ctrl_000,NONE
1924,171,130,2068.0,0.7280012440939072,2.0575435203094776,22214.0,0.7506687090113026,0.9347359562381654,1.294994147834699,166.74037768760462,1791.088370383196,0.09309444494462951,28767.0,4255.0,0.14791253867278478,Dorota_to_analzye_size_spaces_ctrl_000,NONE
1925,172,124,753.0,0.7720952963600649,2.0,10697.0,0.8429057629246056,0.9760927091887946,1.645882022997102,60.713493423001104,862.4863733676532,0.07039356829017482,17606.0,1506.0,0.0855390207883676,Dorota_to_analzye_size_spaces_ctrl_000,NONE
1926,174,134,1772.0,0.7415685348856149,1.231941309255079,10072.0,0.9243958712181799,0.9166363305424099,1.0011914217633042,142.874250126903,812.093367538469,0.17593328038125497,10084.0,2183.0,0.21648155493851645,Dorota_to_analzye_size_spaces_ctrl_000,NONE
1927,175,132,1752.0,0.7815002605589659,2.7488584474885847,11734.0,0.828150990193552,0.9638574010185642,3.6557866030339183,141.2616739403691,946.0984486394356,0.14930969831259588,42897.0,4816.0,0.11226892323472504,Dorota_to_analzye_size_spaces_ctrl_000,NONE
1928,176,137,1637.0,0.48362499238733647,2.6255345143555284,15486.0,0.7733540561478259,0.7600117785630153,2.2285289939300013,131.9893608677992,1248.617741233194,0.10570838176417409,34511.0,4298.0,0.1245400017385761,Dorota_to_analzye_size_spaces_ctrl_000,NONE
1929,177,136,2005.0,0.8592051324896135,1.5875311720698255,9419.0,0.8686882123370878,0.945872665193814,1.1885550483066143,161.66076270002287,759.4427550481373,0.21286760802632976,11195.0,3183.0,0.284323358642251,Dorota_to_analzye_size_spaces_ctrl_000,NONE
1930,178,141,757.0,0.874746586093905,3.3025099075297226,4919.0,0.6097138275160529,0.9859691320905993,3.3884935962594023,61.036008660307886,396.6131130780112,0.15389306769668631,16668.0,2500.0,0.1499880009599232,Dorota_to_analzye_size_spaces_ctrl_000,NONE
1931,179,135,1973.0,0.6115559360127232,1.9741510390268626,12103.0,0.881022782698298,0.95713720838276,1.4443526398413618,159.08064080156862,975.8504792809858,0.1630174336941254,17481.0,3895.0,0.22281334019792917,Dorota_to_analzye_size_spaces_ctrl_000,NONE
1932,180,131,913.0,0.5670980419817959,6.294633077765608,19874.0,0.7325597249582857,0.9194115470022206,2.8660058367716617,73.61410291527226,1602.4169565587304,0.04593941833551374,56959.00000000001,5747.0,0.10089713653680717,Dorota_to_analzye_size_spaces_ctrl_000,NONE
1933,181,144,2200.0,0.721409362090614,1.6772727272727272,6906.0,0.781565638496046,0.9634486607142857,1.2599189110918043,177.38338051872833,556.8225572101536,0.3185635679119606,8701.0,3690.0,0.42408918515113203,Dorota_to_analzye_size_spaces_ctrl_000,NONE
1934,182,141,579.0,0.6620665258202907,3.4214162348877375,4919.0,0.6097138275160529,0.9859691320905993,3.3884935962594023,46.68408060015623,396.6131130780112,0.11770685098597276,16668.0,1981.0,0.11885049196064315,Dorota_to_analzye_size_spaces_ctrl_000,NONE
1935,183,142,1117.0,0.4026726222658321,2.2444046553267682,17589.0,0.6252084722202563,0.9692511158869235,1.6583660242196827,90.06238001791797,1418.180127247233,0.06350560009096594,29169.0,2507.0,0.085947409921492,Dorota_to_analzye_size_spaces_ctrl_000,NONE
1936,185,141,1218.0,0.8555008525403189,4.040229885057471,4919.0,0.6097138275160529,0.9859691320905993,3.3884935962594023,98.20588975991414,396.6131130780112,0.2476113031103883,16668.0,4921.0,0.29523638108951283,Dorota_to_analzye_size_spaces_ctrl_000,NONE
1937,186,143,2155.0,0.7071243947879471,2.046403712296984,11531.0,0.6812629351675321,0.9612370790263421,1.1515046396669846,173.75508409902707,929.7308003461166,0.1868875205966525,13278.0,4410.0,0.33212833258020785,Dorota_to_analzye_size_spaces_ctrl_000,NONE
1938,187,146,1994.0,0.8001688034419132,3.013039117352056,14838.0,0.5436035799124757,0.9818037451200953,1.5942175495349777,160.77384579742923,1196.3702727894959,0.13438468796333738,23655.0,6008.0,0.2539843584865779,Dorota_to_analzye_size_spaces_ctrl_000,NONE
1939,188,131,1115.0,0.6866809348028969,5.193721973094171,19874.0,0.7325597249582857,0.9194115470022206,2.8660058367716617,89.90112239926458,1602.4169565587304,0.056103451745999795,56959.00000000001,5791.0,0.10166962200881334,Dorota_to_analzye_size_spaces_ctrl_000,NONE
1940,189,142,1008.0,0.46920646964098894,1.5406746031746033,17589.0,0.6252084722202563,0.9692511158869235,1.6583660242196827,81.27383980130826,1418.180127247233,0.05730854511342316,29169.0,1553.0,0.05324145496931674,Dorota_to_analzye_size_spaces_ctrl_000,NONE
1941,190,140,2136.0,0.7630385975247537,2.340355805243446,17045.0,0.8408893122088651,0.9075661572866195,1.2293927838075682,172.22313672181986,1374.3180549735112,0.12531534174244646,20955.0,4999.0,0.23855881651157243,Dorota_to_analzye_size_spaces_ctrl_000,NONE
1942,191,145,1867.0,0.7514928172242633,1.6588109266202464,9462.0,0.8857778845451445,0.8851262862488307,1.0693299513844854,150.533987012939,762.9097938491852,0.19731557810188122,10118.0,3097.0,0.30608815971535874,Dorota_to_analzye_size_spaces_ctrl_000,NONE
1943,193,147,2388.0,0.5835866584469145,2.075795644891122,11888.0,0.7284715560443373,0.9817491122305723,1.6017833109017496,192.54159667214694,958.5152852757466,0.20087483176312249,19042.0,4957.0,0.26031929419178657,Dorota_to_analzye_size_spaces_ctrl_000,NONE
1944,194,139,2085.0,0.6584319593513392,3.5961630695443647,21735.0,0.8607590723612126,0.9431546973313083,1.9485622268230964,168.11106744615844,1752.4671707157092,0.09592822636300898,42352.0,7498.0,0.17704004533434076,Dorota_to_analzye_size_spaces_ctrl_000,NONE
1945,195,150,1111.0,0.48627699030295596,2.5841584158415842,8982.0,0.7016992737239743,0.9786445848768794,1.3393453573814296,89.5786071619578,724.2079653723717,0.12369182810064573,12030.0,2871.0,0.23865336658354114,Dorota_to_analzye_size_spaces_ctrl_000,NONE
1946,196,148,2051.0,0.6463834532810967,1.8464163822525597,20519.0,0.8338069620631635,0.9241127724734282,1.8885423266241046,165.36968792905083,1654.4225385744485,0.09995613821336323,38751.0,3787.0,0.09772651028360559,Dorota_to_analzye_size_spaces_ctrl_000,NONE
1947,197,150,991.0,0.5605124189550771,1.6579212916246215,8982.0,0.7016992737239743,0.9786445848768794,1.3393453573814296,79.90315004275445,724.2079653723717,0.11033177466043198,12030.0,1643.0,0.13657522859517873,Dorota_to_analzye_size_spaces_ctrl_000,NONE
1948,198,152,1691.0,0.8403468857807901,1.7569485511531637,10659.0,0.9284568313106639,0.9269501695799635,1.4419739187541045,136.34331657144074,859.4224786132387,0.1586452762923351,15370.0,2971.0,0.19329863370201691,Dorota_to_analzye_size_spaces_ctrl_000,NONE
1949,199,151,850.0,0.47221472177062096,1.776470588235294,14427.0,0.8768286501248603,0.9153607004631685,1.2593747833922506,68.53448792769049,1163.2318321562243,0.05891730782560477,18169.0,1510.0,0.08310859155704772,Dorota_to_analzye_size_spaces_ctrl_000,NONE
1950,200,151,957.0,0.585926690331392,2.3187042842215257,14427.0,0.8768286501248603,0.9153607004631685,1.2593747833922506,77.16177052564683,1163.2318321562243,0.06633395716365148,18169.0,2219.0,0.12213110242721119,Dorota_to_analzye_size_spaces_ctrl_000,NONE
1951,201,157,1565.0,0.7692360020928796,1.620447284345048,5795.0,0.7657900641604971,0.9467407286391113,1.1594477998274375,126.1840865962772,467.24395004819576,0.270060396893874,6719.0,2536.0,0.3774371186188421,Dorota_to_analzye_size_spaces_ctrl_000,NONE
1952,202,156,1752.0,0.817135225374183,2.2248858447488584,7702.0,0.8737345527710233,0.9334626105926555,1.6017917424045702,141.2616739403691,621.0030894342026,0.2274733835367437,12337.0,3898.0,0.31596011996433493,Dorota_to_analzye_size_spaces_ctrl_000,NONE
1953,203,154,1776.0,0.9000766995602145,3.0304054054054053,4937.0,0.9247887058262196,0.9348608218140504,2.06826007696982,143.19676536420977,398.0644316458917,0.3597326311525218,10211.0,5382.0,0.5270786406816179,Dorota_to_analzye_size_spaces_ctrl_000,NONE
1954,204,159,1588.0,0.7369184617603002,2.4162468513853903,6540.0,0.770083150573269,0.9155816883662327,1.4091743119266056,128.0385492107912,527.3124129965832,0.24281345565749235,9216.0,3837.0,0.4163411458333333,Dorota_to_analzye_size_spaces_ctrl_000,NONE
1955,205,160,896.0,0.637033332504869,1.90625,5365.0,0.6367383916165014,0.9348318522390661,1.438583410997204,72.24341315671845,432.573562037717,0.16700838769804288,7717.999999999999,1708.0,0.22130085514381967,Dorota_to_analzye_size_spaces_ctrl_000,NONE
1956,206,153,1825.0,0.7451917521989635,1.6531506849315067,12874.0,0.7891149070307355,0.8635631875503086,1.3534255087773808,147.1475770212178,1038.0152912718675,0.14175858319092746,17424.0,3017.0,0.17315197428833792,Dorota_to_analzye_size_spaces_ctrl_000,NONE
1957,207,160,875.0,0.6497476672149501,2.5942857142857143,5365.0,0.6367383916165014,0.9348318522390661,1.438583410997204,70.55020816085786,432.573562037717,0.16309412861137,7717.999999999999,2270.0,0.29411764705882354,Dorota_to_analzye_size_spaces_ctrl_000,NONE
1958,208,163,752.0,0.6024297978094306,1.7486702127659575,8940.0,0.9267540176356285,0.9170171299620474,1.2604026845637584,60.632864613674414,720.8215553806506,0.08411633109619687,11268.0,1315.0,0.11670216542421015,Dorota_to_analzye_size_spaces_ctrl_000,NONE
1959,209,163,1234.0,0.6521720939364926,2.2423014586709886,8940.0,0.9267540176356285,0.9170171299620474,1.2604026845637584,99.49595070914125,720.8215553806506,0.13803131991051454,11268.0,2767.0,0.24556265530706425,Dorota_to_analzye_size_spaces_ctrl_000,NONE
1960,210,162,818.0,0.6533478748847276,2.1136919315403424,9937.0,0.958026532168135,0.9701259396661135,1.5828720941934185,65.95436602923625,801.2084782793652,0.08231860722552078,15729.0,1729.0,0.10992434356920339,Dorota_to_analzye_size_spaces_ctrl_000,NONE
1961,211,162,740.0,0.5011665549291966,1.8364864864864865,9937.0,0.958026532168135,0.9701259396661135,1.5828720941934185,59.66531890175408,801.2084782793652,0.07446915568078898,15729.0,1359.0,0.08640091550638947,Dorota_to_analzye_size_spaces_ctrl_000,NONE
1962,212,166,1779.0,0.8415622987095004,2.861157953906689,6392.0,0.8944178900647417,0.9451426881561438,1.9793491864831039,143.43865179218986,515.3793492162325,0.27831664580725907,12652.0,5090.0,0.4023079355042681,Dorota_to_analzye_size_spaces_ctrl_000,NONE
1963,214,167,1769.0,0.4313047135627275,4.24816280384398,24392.0,0.6755142895800168,0.9558368274618911,1.6869875368973435,142.63236369892292,1966.697917096737,0.07252377828796326,41149.0,7515.0,0.18262898247831053,Dorota_to_analzye_size_spaces_ctrl_000,NONE
1964,216,167,127.0,0.7776437139599268,4.291338582677166,24392.0,0.6755142895800168,0.9558368274618911,1.6869875368973435,10.239858784490226,1966.697917096737,0.0052066251229911445,41149.0,545.0,0.013244550292838221,Dorota_to_analzye_size_spaces_ctrl_000,NONE
1965,217,169,2054.0,0.6404883969718731,1.6343719571567672,7636.0,0.9112412215132244,0.9506972111553785,1.1813776846516502,165.6115743570309,615.6815880186407,0.26898899947616556,9021.0,3357.0,0.3721316927169937,Dorota_to_analzye_size_spaces_ctrl_000,NONE
1966,218,164,2330.0,0.8322461643253262,1.8309012875536481,16568.0,0.87755228436887,0.9472300040020583,0.930045871559633,187.86512573119865,1335.8581129246777,0.14063254466441333,15409.0,4266.0,0.27685119086248294,Dorota_to_analzye_size_spaces_ctrl_000,NONE
1967,219,167,1403.0,0.726757624059743,2.848182466143977,24392.0,0.6755142895800168,0.9558368274618911,1.6869875368973435,113.12221948535266,1966.697917096737,0.05751885864217776,41149.0,3996.0,0.09711050086271841,Dorota_to_analzye_size_spaces_ctrl_000,NONE
1968,220,167,402.0,0.7366009391027993,3.5671641791044775,24392.0,0.6755142895800168,0.9558368274618911,1.6869875368973435,32.41278134933127,1966.697917096737,0.016480813381436536,41149.0,1434.0,0.03484896352280736,Dorota_to_analzye_size_spaces_ctrl_000,NONE
1969,221,173,2152.0,0.7604012082533709,2.0729553903345725,3920.0,0.7124566014290342,0.9773123909249564,1.9017857142857142,173.51319767104698,316.06493256064323,0.5489795918367347,7455.0,4461.0,0.5983903420523139,Dorota_to_analzye_size_spaces_ctrl_000,NONE
1970,222,170,2061.0,0.8005705462896703,4.340126152353227,11333.0,0.6013728307490811,0.9322201200954183,2.430159710579723,166.17597602231777,913.766296099431,0.1818582899497044,27541.0,8945.0,0.3247884971497041,Dorota_to_analzye_size_spaces_ctrl_000,NONE
1971,223,167,210.0,0.5210993776657586,2.604761904761905,24392.0,0.6755142895800168,0.9558368274618911,1.6869875368973435,16.932049958605887,1966.697917096737,0.008609380124631026,41149.0,547.0,0.013293154147123867,Dorota_to_analzye_size_spaces_ctrl_000,NONE
1972,224,174,1906.0,0.858813067483273,2.0120671563483734,9735.0,0.9704398865817192,0.8252097991014665,1.1831535695942477,153.67851057668008,784.9214587953728,0.19578839239856188,11518.000000000002,3834.9999999999995,0.33295711060948074,Dorota_to_analzye_size_spaces_ctrl_000,NONE
1973,225,176,1916.0,0.75040623215272,2.2541753653444676,16461.0,0.7953787144464672,0.9562565353781806,1.279752141425187,154.48479866994703,1327.2308303267214,0.11639633072109835,21066.0,4319.0,0.2050223108326213,Dorota_to_analzye_size_spaces_ctrl_000,NONE
1974,226,167,761.0,0.6891397980700518,3.264126149802891,24392.0,0.6755142895800168,0.9558368274618911,1.6869875368973435,61.35852389761466,1966.697917096737,0.03119875368973434,41149.0,2484.0,0.060365987022770906,Dorota_to_analzye_size_spaces_ctrl_000,NONE
1975,228,178,974.0,0.6034982019244833,1.9527720739219712,4171.0,0.6840880255282636,0.9772727272727273,1.8067609685926636,78.53246028420064,336.3027637016436,0.23351714217214098,7536.0,1902.0,0.25238853503184716,Dorota_to_analzye_size_spaces_ctrl_000,NONE
1976,230,179,125.0,0.8185845572922079,6.368,919.0,0.6949201873134098,0.9787007454739084,5.262241566920566,10.078601165836837,74.09787577123242,0.13601741022850924,4836.0,796.0,0.16459884201819686,Dorota_to_analzye_size_spaces_ctrl_000,NONE
1977,231,171,2490.0,0.715647003641404,2.6244979919678717,17086.0,0.9023260246722197,0.9411181492701735,1.6924382535409106,200.7657352234698,1377.6238361559056,0.14573334894065318,28917.0,6535.000000000001,0.22599163122038943,Dorota_to_analzye_size_spaces_ctrl_000,NONE
1978,232,178,947.0,0.6033235126518792,1.7972544878563885,4171.0,0.6840880255282636,0.9772727272727273,1.8067609685926636,76.35548243237987,336.3027637016436,0.2270438743706545,7536.0,1702.0,0.22584925690021232,Dorota_to_analzye_size_spaces_ctrl_000,NONE
1979,233,177,1952.0,0.8049588619242961,2.17827868852459,7977.0,0.8995115734966961,0.953274378585086,1.52275291462956,157.38743580570804,643.1760119990436,0.2447035226275542,12147.0,4252.0,0.35004527866963037,Dorota_to_analzye_size_spaces_ctrl_000,NONE
1980,234,175,1111.0,0.2996813018315959,1.4446444644464447,12493.0,0.8853294860935434,0.926780415430267,1.2427759545345394,89.5786071619578,1007.2957149183968,0.08892980068838549,15526.0,1605.0,0.10337498389797758,Dorota_to_analzye_size_spaces_ctrl_000,NONE
1981,235,180,1356.0,0.5120433171573493,4.112094395280236,7429.0,0.8031543174302423,0.9468518990568443,1.7516489433301925,109.332665446998,598.9914244880149,0.18252793108089918,13013.0,5576.0,0.4284945823407362,Dorota_to_analzye_size_spaces_ctrl_000,NONE
1982,236,180,954.0,0.7462985972585447,2.1551362683438153,7429.0,0.8031543174302423,0.9468518990568443,1.7516489433301925,76.91988409766674,598.9914244880149,0.1284156683268273,13013.0,2056.0,0.1579958503035426,Dorota_to_analzye_size_spaces_ctrl_000,NONE
1983,237,182,2012.0,0.8381528380986878,1.7112326043737573,5535.0,0.7767496050138729,0.9676573426573427,1.3947606142728093,162.22516436530972,446.2804596232551,0.36350496838301716,7719.999999999999,3443.0,0.4459844559585493,Dorota_to_analzye_size_spaces_ctrl_000,NONE
1984,238,175,799.0,0.6905271565047134,1.446808510638298,12493.0,0.8853294860935434,0.926780415430267,1.2427759545345394,64.42241865202907,1007.2957149183968,0.06395581525654366,15526.0,1156.0,0.07445575164240628,Dorota_to_analzye_size_spaces_ctrl_000,NONE
1985,239,181,1421.0,0.6123361999208704,2.2139338494018297,23780.0,0.8673882496774897,0.9723982825598038,0.7658957106812447,114.57353805323316,1917.3530857888,0.05975609756097561,18213.0,3146.0,0.17273376159885795,Dorota_to_analzye_size_spaces_ctrl_000,NONE
1986,240,184,1703.0,0.8000792481761305,3.163241338813858,20076.0,0.8918660592791534,0.9218054088801139,2.4874975094640366,137.31086228336108,1618.7039760427226,0.08482765491133692,49939.0,5387.0,0.10787160335609444,Dorota_to_analzye_size_spaces_ctrl_000,NONE
1987,241,191,1739.0,0.7671413014194572,2.7251293847038527,6844.0,0.8847534511615892,0.9244900715925976,1.4843658679135008,140.2134994191221,551.8235710318985,0.25409117475160725,10159.0,4739.0,0.4664829215473964,Dorota_to_analzye_size_spaces_ctrl_000,NONE
1988,242,186,1831.0,0.8429249360516502,0.7902785363189514,9224.0,0.8530996890632414,0.9478984688110164,0.8745663486556808,147.631349877178,743.7201372294319,0.19850390286209887,8067.0,1447.0,0.17937275319201687,Dorota_to_analzye_size_spaces_ctrl_000,NONE
1989,243,192,2106.0,0.7706109659536776,3.298195631528965,5564.0,0.7829082821061483,0.8995957962813258,2.9119338605319913,169.80427244201903,448.6186950937293,0.37850467289719625,16202.0,6946.0,0.42871250462905813,Dorota_to_analzye_size_spaces_ctrl_000,NONE
1990,244,190,1010.0,0.3242637403472814,1.7425742574257426,11925.0,0.7728397202911406,0.9154064634988869,1.1225995807127882,81.43509741996164,961.4985512208342,0.08469601677148847,13387.0,1760.0,0.1314708299096138,Dorota_to_analzye_size_spaces_ctrl_000,NONE
1991,245,181,1150.0,0.6523032428375958,1.8191304347826087,23780.0,0.8673882496774897,0.9723982825598038,0.7658957106812447,92.7231307256989,1917.3530857888,0.048359966358284275,18213.0,2092.0,0.11486300993795641,Dorota_to_analzye_size_spaces_ctrl_000,NONE
1992,246,193,660.0,0.7793632801269655,3.0015151515151515,3725.0,0.6830405188750156,0.9825903455552625,3.3409395973154363,53.2150141556185,300.34231474193774,0.17718120805369128,12445.0,1981.0,0.15918039373242265,Dorota_to_analzye_size_spaces_ctrl_000,NONE
1993,247,193,1284.0,0.47085286872264526,3.4470404984423677,3725.0,0.6830405188750156,0.9825903455552625,3.3409395973154363,103.52739117547598,300.34231474193774,0.3446979865771812,12445.0,4426.0,0.35564483728404983,Dorota_to_analzye_size_spaces_ctrl_000,NONE
1994,248,190,931.0,0.6843310404864269,1.6305048335123522,11925.0,0.7728397202911406,0.9154064634988869,1.1225995807127882,75.06542148315276,961.4985512208342,0.07807127882599581,13387.0,1518.0,0.11339359079704191,Dorota_to_analzye_size_spaces_ctrl_000,NONE
1995,249,187,1819.0,0.8115975101007549,1.6487080813633865,5626.0,0.9577416223950089,0.959904453164989,1.5159971560611447,146.66380416525766,453.61768127198434,0.3233202986135798,8529.0,2999.0,0.3516238714972447,Dorota_to_analzye_size_spaces_ctrl_000,NONE
1996,250,196,1721.0,0.7497062239339413,1.4892504357931435,3930.0,0.8486959654387978,0.9800498753117207,1.1870229007633588,138.76218085124157,316.87122065391014,0.43791348600508906,4665.0,2563.0,0.5494105037513398,Dorota_to_analzye_size_spaces_ctrl_000,NONE
1997,251,189,2606.0,0.6849674046649705,2.278587874136608,13064.0,0.5550921264826385,0.9281045751633987,1.7976883037354563,210.11867710536637,1053.3347650439396,0.19947948560930803,23485.0,5938.0,0.25284223972748565,Dorota_to_analzye_size_spaces_ctrl_000,NONE
1998,252,185,1943.0,0.7921488371001744,1.3427689140504375,12063.0,0.7290792068176141,0.8183853459972863,1.0972394926635165,156.6617765217678,972.6253269079181,0.1610710436873083,13236.0,2609.0,0.19711393170142036,Dorota_to_analzye_size_spaces_ctrl_000,NONE
1999,253,194,2038.0,0.7946372399276702,2.2291462217860647,12591.0,0.8878554076487345,0.8202605863192183,1.2467635612739258,164.3215134078038,1015.1973382324129,0.1618616472083234,15698.0,4543.0,0.28939992355714106,Dorota_to_analzye_size_spaces_ctrl_000,NONE
2000,254,199,912.0,0.5928539851803101,1.019736842105263,4015.0,0.6147784663150568,0.9787908337396392,1.046824408468244,73.53347410594556,323.7246694466792,0.22714819427148195,4203.0,929.9999999999999,0.22127052105638828,Dorota_to_analzye_size_spaces_ctrl_000,NONE
2001,255,199,765.0,0.6722494680610471,1.007843137254902,4015.0,0.6147784663150568,0.9787908337396392,1.046824408468244,61.68103913492144,323.7246694466792,0.19053549190535493,4203.0,771.0,0.18344039971448964,Dorota_to_analzye_size_spaces_ctrl_000,NONE
2002,256,203,1958.0,0.7326838224462845,3.209397344228805,3531.0,0.685805839879211,0.9802887284841755,3.038232795242141,157.87120866166822,284.70032573255895,0.5545171339563862,10728.0,6284.0,0.5857568978374348,Dorota_to_analzye_size_spaces_ctrl_000,NONE
2003,257,200,2045.0,0.6967859290937399,2.0440097799511,20798.0,0.890782160179385,0.9080509954593085,0.8943648427733436,164.88591507309064,1676.9179763765962,0.09832676218867199,18601.0,4180.0,0.2247191011235955,Dorota_to_analzye_size_spaces_ctrl_000,NONE
2004,258,201,1967.0,0.8130348080406647,1.4229791560752414,9033.0,0.8957513165652508,0.9684786104856867,1.2380161629580428,158.59686794560847,728.3200346480331,0.21775711280859072,11183.000000000002,2799.0,0.2502906196906018,Dorota_to_analzye_size_spaces_ctrl_000,NONE
2005,260,206,122.0,0.5537518523905691,1.3442622950819672,1159.0,0.5937340308840227,0.9715004191114837,1.2174288179465056,9.836714737856752,93.44879000963915,0.10526315789473684,1411.0,164.0,0.11622962437987243,Dorota_to_analzye_size_spaces_ctrl_000,NONE
2006,263,205,381.0,0.9054577569676192,1.7165354330708662,12411.0,0.2895050279140646,0.9842969307637401,1.1513173797437757,30.71957635347068,1000.6841525536079,0.03069857384578197,14289.0,654.0,0.045769473021205126,Dorota_to_analzye_size_spaces_ctrl_000,NONE
2007,264,205,149.0,0.7348737745030355,1.657718120805369,12411.0,0.2895050279140646,0.9842969307637401,1.1513173797437757,12.01369258967751,1000.6841525536079,0.012005479010555153,14289.0,247.0,0.017286024214430682,Dorota_to_analzye_size_spaces_ctrl_000,NONE
2008,265,208,1771.0,0.7658220006057219,1.1592320722755505,5684.0,0.7830806869960961,0.971790049581125,1.2587966220971147,142.7936213175763,458.29415221293266,0.31157635467980294,7155.0,2053.0,0.286932215234102,Dorota_to_analzye_size_spaces_ctrl_000,NONE
2009,266,205,290.0,0.7169164022624042,2.2241379310344827,12411.0,0.2895050279140646,0.9842969307637401,1.1513173797437757,23.382354704741463,1000.6841525536079,0.023366368544033518,14289.0,645.0,0.045139617887885786,Dorota_to_analzye_size_spaces_ctrl_000,NONE
2010,268,205,1181.0,0.713359416864304,1.2972057578323455,12411.0,0.2895050279140646,0.9842969307637401,1.1513173797437757,95.22262381482643,1000.6841525536079,0.09515752155346063,14289.0,1532.0,0.10721534047169151,Dorota_to_analzye_size_spaces_ctrl_000,NONE
2011,11,9,2330.0,0.7180957375858731,8.914592274678112,3556.0,0.6652582189740878,0.977997799779978,9.050899887514062,187.86512573119865,286.7160459657263,0.6552305961754781,32185.000000000004,20771.0,0.6453627466210967,Dorota_to_analzye_size_spaces_Fulv,FULV
2012,15,8,1923.0,0.762558932479203,2.268330733229329,20835.0,0.6818982491932175,0.9313813142601699,2.1771058315334773,155.0492003352339,1679.9012423216839,0.09229661627069835,45360.0,4362.0,0.09616402116402116,Dorota_to_analzye_size_spaces_Fulv,FULV
2013,16,11,1608.0,0.5999819124277739,8.88681592039801,2929.0,0.49162068324785585,0.9809109176155392,9.675657220894504,129.65112539732507,236.16178251788875,0.5489928303175146,28340.0,14290.000000000002,0.5042342978122796,Dorota_to_analzye_size_spaces_Fulv,FULV
2014,17,12,1990.0,0.7632762724096163,2.2105527638190954,4666.0,0.3446654891484528,0.9248761149653122,2.4159879982854693,160.45133056012244,376.2140243183575,0.4264894984997857,11273.0,4399.0,0.3902244300541116,Dorota_to_analzye_size_spaces_Fulv,FULV
2015,18,10,1781.0,0.5158748128450662,2.578888265019652,24454.0,0.8526937456863173,0.8540793517742387,2.115850167661732,143.59990941084325,1971.696903274992,0.07283062075734031,51740.99999999999,4593.0,0.08876906128602077,Dorota_to_analzye_size_spaces_Fulv,FULV
2016,19,14,1690.0,0.5397283465209046,7.811242603550296,4375.0,0.657625876888184,0.9787472035794184,11.357257142857144,136.26268776211404,352.7510408042893,0.3862857142857143,49688.0,13201.0,0.26567782965706005,Dorota_to_analzye_size_spaces_Fulv,FULV
2017,20,13,1867.0,0.6070866756687434,4.066416711301553,28117.0,0.8862200565133564,0.9490650104637818,4.07518583063627,150.533987012939,2267.0402318386746,0.06640110964896681,114582.00000000001,7591.999999999999,0.06625822555026094,Dorota_to_analzye_size_spaces_Fulv,FULV
2018,21,15,1636.0,0.39693125684628683,5.460268948655257,21770.0,0.5515748221750301,0.9222622325778437,3.70303169499311,131.9087320584725,1755.2891790421436,0.07514928801102434,80615.0,8933.0,0.11081064318054952,Dorota_to_analzye_size_spaces_Fulv,FULV
2019,22,21,2888.0,0.4932732767964279,6.142313019390581,4211.0,0.39021767370924987,0.9864136800187397,6.790311090002374,232.85600133549428,339.52791607471136,0.6858228449299454,28594.0,17739.0,0.6203749038259775,Dorota_to_analzye_size_spaces_Fulv,FULV
2020,23,18,1224.0,0.592015372706291,11.497549019607844,25573.0,0.6761953328340683,0.97718761941154,8.11383099362609,98.68966261587431,2061.9205409115634,0.04786298048723263,207495.0,14073.0,0.06782332104388057,Dorota_to_analzye_size_spaces_Fulv,FULV
2021,24,17,2183.0,0.7877307828927074,7.038021071919377,29110.0,0.6811982630478363,0.9173415687139571,4.5794572311920305,176.0126907601745,2347.1046395000826,0.07499141188594985,133308.0,15364.0,0.11525189786059352,Dorota_to_analzye_size_spaces_Fulv,FULV
2022,25,16,1084.0,0.6236392077189817,7.756457564575646,36090.0,0.7729959805797375,0.8930957683741648,6.52421723469105,87.40162931013705,2909.8937286004116,0.030036021058464948,235459.0,8408.0,0.03570897693441321,Dorota_to_analzye_size_spaces_Fulv,FULV
2023,26,23,1626.0,0.7654962804123067,9.162361623616237,3467.0,0.6826117277178815,0.9793785310734463,9.950389385635997,131.10244396520557,279.5400819356505,0.46899336602249786,34498.0,14898.0,0.4318511218041626,Dorota_to_analzye_size_spaces_Fulv,FULV
2024,27,20,1932.0,0.7119349154524258,3.056935817805383,24125.0,0.457821016595587,0.9218570882690104,2.855046632124352,155.77485961917415,1945.1700250065096,0.08008290155440415,68878.0,5906.0,0.08574581143471065,Dorota_to_analzye_size_spaces_Fulv,FULV
2025,28,18,863.0,0.6138765362719114,11.709154113557359,25573.0,0.6761953328340683,0.97718761941154,8.11383099362609,69.58266244893753,2061.9205409115634,0.033746529542877254,207495.0,10105.0,0.04869996867394395,Dorota_to_analzye_size_spaces_Fulv,FULV
2026,29,16,1061.0,0.7022236666124404,7.961357210179076,36090.0,0.7729959805797375,0.8930957683741648,6.52421723469105,85.54716669562308,2909.8937286004116,0.02939872540870047,235459.0,8447.0,0.03587461086643535,Dorota_to_analzye_size_spaces_Fulv,FULV
2027,30,19,2741.0,0.6617425683894003,6.468077344035024,38093.0,0.7784582501719588,0.9663368848300355,6.500354395820755,221.00356636447015,3071.393233681781,0.07195547738429632,247618.0,17729.0,0.0715981875307934,Dorota_to_analzye_size_spaces_Fulv,FULV
2028,31,22,2857.0,0.6129958823831526,9.701085054252713,14956.0,0.4668214935937875,0.9578583322659152,9.25488098422038,230.35650824636673,1205.8844722900458,0.19102701257020593,138416.0,27716.000000000004,0.20023696682464456,Dorota_to_analzye_size_spaces_Fulv,FULV
2029,32,25,3244.0,0.5299714170881605,6.460542540073983,4362.0,0.4800359740919142,0.9819900945520036,7.153370013755159,261.5598574557976,351.7028662830423,0.7436955524988538,31203.0,20958.0,0.6716661859436592,Dorota_to_analzye_size_spaces_Fulv,FULV
2030,36,24,2197.0,0.6561761914440786,2.4078288575329996,14598.0,0.6424584166227125,0.9515056707078607,2.316002192081107,177.14149409074824,1177.0193585510892,0.15050006850253458,33809.0,5290.0,0.1564672128723121,Dorota_to_analzye_size_spaces_Fulv,FULV
2031,37,28,1681.0,0.7030059959399284,7.250446162998215,3276.0,0.5678375761022487,0.9840793030940223,8.01037851037851,135.5370284781738,264.1399793542518,0.5131257631257631,26242.0,12188.0,0.4644463074460788,Dorota_to_analzye_size_spaces_Fulv,FULV
2032,38,31,2105.0,0.49218541858215836,2.4346793349168645,4753.0,0.49974150477877965,0.9644886363636364,2.948243214811698,169.72364363269233,383.2287307297799,0.44287818220071534,14013.0,5125.0,0.365731820452437,Dorota_to_analzye_size_spaces_Fulv,FULV
2033,40,32,2045.0,0.7276760776855267,2.9452322738386307,7687.0,0.5216263501157161,0.94714144898965,2.8487056068687395,164.88591507309064,619.7936572943021,0.2660335631585794,21898.0,6023.0,0.27504794958443696,Dorota_to_analzye_size_spaces_Fulv,FULV
2034,41,30,2125.0,0.8274735375634821,2.7576470588235296,19499.0,0.6682195579692315,0.8222222222222222,2.969485614646905,171.33621981922622,1572.18115306122,0.10897994768962511,57902.0,5860.0,0.10120548513004732,Dorota_to_analzye_size_spaces_Fulv,FULV
2035,42,33,1719.0,0.6855459221784436,5.055846422338569,3583.0,0.6105681352644482,0.982451329860159,5.574379012001116,138.60092323258817,288.8930238175471,0.47976555958693834,19973.0,8691.0,0.4351374355379763,Dorota_to_analzye_size_spaces_Fulv,FULV
2036,43,29,2262.0,0.6887311493191052,4.006189213085765,31702.0,0.6832993822205291,0.8824741120142523,3.464702542426345,182.3823666969834,2556.094513274875,0.0713519651756987,109838.0,9062.0,0.08250332307580255,Dorota_to_analzye_size_spaces_Fulv,FULV
2037,44,34,2484.0,0.6406855172595874,6.918679549114332,20270.0,0.7733310350417648,0.9179006475569442,4.627232363098175,200.28196236750964,1634.3459650521015,0.12254563394178589,93794.0,17186.0,0.18323133675928097,Dorota_to_analzye_size_spaces_Fulv,FULV
2038,46,36,1980.0,0.5989307279001665,10.853535353535353,7574.0,0.5683152758305102,0.9621443089430894,10.780168999207817,159.6450424668555,610.6826018403856,0.26142064959070505,81649.0,21490.0,0.2631997942412032,Dorota_to_analzye_size_spaces_Fulv,FULV
2039,47,37,1999.0,0.5738518784190888,5.507253626813407,8281.0,0.7829454069286222,0.9658269185910894,6.68349233184398,161.1769898440627,667.6871700343588,0.24139596667069194,55346.0,11009.0,0.19891229718498174,Dorota_to_analzye_size_spaces_Fulv,FULV
2040,49,35,2037.0,0.6431473138703994,4.093765341188021,24924.0,0.752316285401696,0.939783567738773,3.1560744663777887,164.2408845984771,2009.5924436585385,0.08172845450168512,78662.0,8339.0,0.1060105260481554,Dorota_to_analzye_size_spaces_Fulv,FULV
2041,51,37,651.0,0.5718691868948942,5.944700460829493,8281.0,0.7829454069286222,0.9658269185910894,6.68349233184398,52.489354871678245,667.6871700343588,0.07861369399830938,55346.0,3870.0,0.06992375239403029,Dorota_to_analzye_size_spaces_Fulv,FULV
2042,52,39,2099.0,0.6871721429412164,3.6912815626488804,6883.0,0.8159967849473848,0.9131069249137702,3.489176231294494,169.23987077673218,554.9680945956396,0.3049542350719163,24016.0,7748.0,0.322618254497002,Dorota_to_analzye_size_spaces_Fulv,FULV
2043,54,40,2472.0,0.7725665803458083,3.1177184466019416,19736.0,0.6873815124667683,0.9737517268600749,2.721777462505067,199.3144166555893,1591.2901808716465,0.1252533441426834,53717.0,7707.0,0.14347413295604744,Dorota_to_analzye_size_spaces_Fulv,FULV
2044,55,42,2156.0,0.6792945321487156,4.333951762523191,8222.0,0.7345604780367607,0.9661574618096357,4.6775723668207245,173.83571290835377,662.9300702840837,0.26222330333252253,38459.0,9344.0,0.2429600353623339,Dorota_to_analzye_size_spaces_Fulv,FULV
2045,59,44,1505.0,0.7814996349846824,8.513621262458472,27725.0,0.8093841319145142,0.951408668199444,8.294824165915239,121.34635803667551,2235.43373858261,0.054283137962128046,229974.0,12813.0,0.05571499386887213,Dorota_to_analzye_size_spaces_Fulv,FULV
2046,61,44,1073.0,0.8258122833021132,7.835041938490214,27725.0,0.8093841319145142,0.951408668199444,8.294824165915239,86.51471240754341,2235.43373858261,0.038701532912533816,229974.0,8407.0,0.036556306365067355,Dorota_to_analzye_size_spaces_Fulv,FULV
2047,62,44,148.0,0.6787999869105231,7.493243243243243,27725.0,0.8093841319145142,0.951408668199444,8.294824165915239,11.933063780350814,2235.43373858261,0.005338142470694319,229974.0,1109.0,0.004822284258220494,Dorota_to_analzye_size_spaces_Fulv,FULV
2048,64,45,5258.0,0.4598888119219685,5.2459109927729175,7470.0,0.4378536051057356,0.9873116574147502,5.82958500669344,423.9462794397607,602.2972056704094,0.7038821954484605,43547.0,27583.0,0.6334075826118906,Dorota_to_analzye_size_spaces_Fulv,FULV
2049,66,48,2292.0,0.6967860852722991,6.5898778359511345,3689.0,0.5717432072420455,0.9826851358550879,7.5001355380862025,184.80123097678424,297.4396776061767,0.6213065871509894,27668.0,15104.0,0.5459014023420558,Dorota_to_analzye_size_spaces_Fulv,FULV
2050,67,47,2484.0,0.6379150843315204,8.350644122383253,15623.0,0.7887321964710077,0.9045799316773783,9.06195993087115,200.28196236750964,1259.6638881109511,0.1589963515329962,141575.0,20743.0,0.1465159809288363,Dorota_to_analzye_size_spaces_Fulv,FULV
2051,68,51,1623.0,0.6684760237708545,5.565619223659889,8284.0,0.6913308913630702,0.9811678313395712,6.148841139546113,130.8605575372255,667.9290564623388,0.1959198454852728,50937.0,9033.0,0.1773367100535956,Dorota_to_analzye_size_spaces_Fulv,FULV
2052,69,50,2040.0,0.5201371096757169,11.815196078431372,23350.0,0.7194918952248449,0.8795389483200241,8.746895074946467,164.4827710264572,1882.6826977783212,0.0873661670235546,204240.0,24103.0,0.11801312181746965,Dorota_to_analzye_size_spaces_Fulv,FULV
2053,71,52,2132.0,0.5139125173567826,8.372889305816136,3568.0,0.540097363045421,0.978875171467764,9.730100896860986,171.9006214845131,287.6835916776467,0.5975336322869955,34717.0,17851.0,0.5141861335944926,Dorota_to_analzye_size_spaces_Fulv,FULV
2054,72,49,2339.0,0.5551475640798508,9.62847370671227,43972.0,0.7537788761861024,0.9572031869040881,6.533544073501319,188.5907850151389,3545.410003713419,0.053192940962430636,287293.0,22521.0,0.07839035409842914,Dorota_to_analzye_size_spaces_Fulv,FULV
2055,73,54,2065.0,0.6142471956737694,10.042615012106538,3669.0,0.6302548202491602,0.9802297622228159,10.635595530117198,166.49849125962456,295.8271014196428,0.5628236576723903,39022.0,20738.0,0.5314438009328072,Dorota_to_analzye_size_spaces_Fulv,FULV
2056,74,57,2455.0,0.5835231252797202,9.531975560081467,7469.0,0.7767491566499558,0.8977163461538461,10.935868255455885,197.94372689703548,602.2165768610827,0.32869192663007096,81680.0,23401.0,0.28649608227228207,Dorota_to_analzye_size_spaces_Fulv,FULV
2057,75,55,2104.0,0.6632243590435178,6.305133079847908,25048.0,0.7362947999234062,0.9862970546542763,5.796311082721175,169.64301482336563,2019.5904160150487,0.08399872245289045,145186.0,13266.0,0.09137244637912746,Dorota_to_analzye_size_spaces_Fulv,FULV
2058,76,53,1674.0,0.6115872677157224,7.117084826762246,21061.0,0.7481552334132934,0.9669880624426079,9.017093205450834,134.97262681288692,1698.123353229517,0.07948340534637481,189909.00000000003,11914.0,0.06273531006955962,Dorota_to_analzye_size_spaces_Fulv,FULV
2059,77,58,2186.0,0.6437850699596048,9.091948764867338,13853.0,0.35797420545703573,0.9849971558589306,10.473688009817367,176.2545771881546,1116.9508956027016,0.15779975456579803,145092.0,19875.0,0.13698205276652056,Dorota_to_analzye_size_spaces_Fulv,FULV
2060,79,60,2033.0,0.6572489156645891,13.857845548450566,24766.0,0.9093863464908876,0.885132237312366,11.750222078656222,163.9183693611703,1996.8530917849207,0.08208834692723896,291006.0,28173.0,0.09681243685697202,Dorota_to_analzye_size_spaces_Fulv,FULV
2061,80,59,2112.0,0.7612280003852745,8.877367424242424,29436.0,0.8196581305413859,0.8583675968856618,7.4119105856774015,170.28804529797918,2373.389631340585,0.07174887892376682,218177.0,18749.0,0.08593481439381787,Dorota_to_analzye_size_spaces_Fulv,FULV
2062,81,63,2957.0,0.6699110645358315,9.71897193101116,4517.0,0.6053962642219753,0.9838815072968852,10.059331414655745,238.41938917903622,364.20033172867994,0.6546380340934248,45438.0,28739.0,0.63248822571416,Dorota_to_analzye_size_spaces_Fulv,FULV
2063,82,62,2046.0,0.6009384468270947,7.416911045943304,20543.0,0.9113288756518643,0.8504657420823846,8.568514822567298,164.96654388241734,1656.3576299982892,0.09959596942997614,176023.0,15175.0,0.08621032478710168,Dorota_to_analzye_size_spaces_Fulv,FULV
2064,83,67,1080.0,0.6585289325401993,10.305555555555555,3752.0,0.49256248132240754,0.9804024039717795,12.366471215351812,87.07911407283027,302.5192925937585,0.2878464818763326,46399.0,11130.0,0.2398758593935214,Dorota_to_analzye_size_spaces_Fulv,FULV
2065,84,67,1079.0,0.7241359937696492,11.16404077849861,3752.0,0.49256248132240754,0.9804024039717795,12.366471215351812,86.99848526350358,302.5192925937585,0.2875799573560768,46399.0,12046.0,0.25961766417379684,Dorota_to_analzye_size_spaces_Fulv,FULV
2066,87,68,2413.0,0.6997340938110854,3.348114380439287,17590.0,0.7216662423138759,0.9252051335998317,2.9017623649801023,194.5573169053143,1418.2607560565598,0.13718021603183628,51042.0,8078.999999999999,0.1582814153050429,Dorota_to_analzye_size_spaces_Fulv,FULV
2067,88,66,2396.0,0.7882976961899882,8.15025041736227,33894.0,0.5046453095251725,0.9406116445579176,7.04310497433174,193.1866271467605,2732.83286331899,0.07069097775417478,238719.0,19528.0,0.08180329173630922,Dorota_to_analzye_size_spaces_Fulv,FULV
2068,89,70,522.0,0.7737275193361564,4.032567049808429,3345.0,0.7099779136986654,0.9749344214514719,5.431390134529148,42.088238468534634,269.70336719779374,0.15605381165919283,18168.0,2105.0,0.1158630559225011,Dorota_to_analzye_size_spaces_Fulv,FULV
2069,90,70,1898.0,0.6542776465033985,5.224446786090621,3345.0,0.7099779136986654,0.9749344214514719,5.431390134529148,153.03348010206653,269.70336719779374,0.5674140508221226,18168.0,9916.0,0.5457948040510788,Dorota_to_analzye_size_spaces_Fulv,FULV
2070,91,69,2760.0,0.6364021778708298,4.7355072463768115,7863.0,0.5116994230539645,0.9738667327223186,6.104794607656111,222.53551374167736,633.9843277358004,0.35101106447920644,48002.0,13070.0,0.27228032165326443,Dorota_to_analzye_size_spaces_Fulv,FULV
2071,92,73,2201.0,0.657085633582258,9.435711040436166,21482.0,0.7501196321932251,0.958119619999108,11.927939670421749,177.46400932805503,1732.0680819560555,0.10245787170654501,256236.0,20768.0,0.0810502817714919,Dorota_to_analzye_size_spaces_Fulv,FULV
2072,93,71,2235.0,0.8208210917857159,8.411633109619688,35554.0,0.7021136645077883,0.9498543987603858,5.777212128030602,180.20538884516264,2866.6766868013033,0.06286212521797829,205403.0,18800.000000000004,0.09152738762335508,Dorota_to_analzye_size_spaces_Fulv,FULV
2073,94,74,2211.0,0.6895758448864494,4.021257349615558,3297.0,0.7057369402944766,0.9768888888888889,4.597512890506521,178.27029742132197,265.8331843501124,0.6706096451319381,15158.0,8890.999999999998,0.5865549544794827,Dorota_to_analzye_size_spaces_Fulv,FULV
2074,95,72,73.0,0.8618876274572672,8.808219178082192,17188.0,0.6129983279684585,0.8772968558595345,7.942750756341634,5.8859030808487125,1385.8479747072283,0.004247149173842215,136520.0,643.0,0.004709932610606505,Dorota_to_analzye_size_spaces_Fulv,FULV
2075,96,78,1139.0,0.5673785933267433,3.8244073748902547,4945.0,0.6048490458617506,0.9850597609561753,4.164610717896865,91.83621382310525,398.7094621205053,0.23033367037411526,20594.0,4356.0,0.21151791784014762,Dorota_to_analzye_size_spaces_Fulv,FULV
2076,97,72,346.0,0.7693043798262502,9.823699421965317,17188.0,0.6129983279684585,0.8772968558595345,7.942750756341634,27.897568027036364,1385.8479747072283,0.02013032348149872,136520.0,3399.0,0.024897450922941693,Dorota_to_analzye_size_spaces_Fulv,FULV
2077,98,78,1585.0,0.652566234172922,4.215141955835962,4945.0,0.6048490458617506,0.9850597609561753,4.164610717896865,127.7966627828111,398.7094621205053,0.320525783619818,20594.0,6681.0,0.3244148781198407,Dorota_to_analzye_size_spaces_Fulv,FULV
2078,99,79,2450.0,0.6390627790869406,9.737551020408164,20271.0,0.5899249755122841,0.9704150509837713,9.894085146268068,197.540582850402,1634.426593861428,0.12086231562330423,200563.0,23857.0,0.11895015531279449,Dorota_to_analzye_size_spaces_Fulv,FULV
2079,101,76,2266.0,0.6800123231868159,12.045013239187996,34102.0,0.4825097439650933,0.9600518003434588,10.542138291009325,182.70488193429017,2749.6036556589424,0.06644771567649992,359508.0,27294.0,0.07592042458025969,Dorota_to_analzye_size_spaces_Fulv,FULV
2080,102,80,2599.0,0.6863516824155832,7.025779145825317,4523.0,0.5495028674724614,0.9851884121106512,7.7921733362812295,209.55427544007952,364.6841045846401,0.5746186159628565,35244.0,18260.0,0.5181023720349563,Dorota_to_analzye_size_spaces_Fulv,FULV
2081,103,81,2119.0,0.7049046799766385,3.2199150542708823,3405.0,0.6434321992709388,0.9826839826839827,3.323935389133627,170.85244696326606,274.54109575739545,0.6223201174743025,11318.0,6823.0,0.6028450256229015,Dorota_to_analzye_size_spaces_Fulv,FULV
2082,104,77,2285.0,0.5698568258497609,4.577680525164114,54144.0,0.5922520540599733,0.9696796031305407,3.155677452718676,184.2368293114974,4365.566252184558,0.04220227541371158,170861.0,10460.0,0.06121935374368639,Dorota_to_analzye_size_spaces_Fulv,FULV
2083,107,84,2342.0,0.6019320382943224,6.292485055508113,4028.0,0.5506177160329544,0.9769585253456221,7.025819265143992,188.83267144311898,324.77284396792624,0.5814299900695135,28300.0,14737.0,0.5207420494699647,Dorota_to_analzye_size_spaces_Fulv,FULV
2084,108,82,2485.0,0.7345715133581218,8.450301810865191,47147.0,0.8222002719998727,0.8252437380756507,7.091691942223259,200.3625911768363,3801.4064733256746,0.052707489341845715,334352.0,20999.0,0.06280506771306886,Dorota_to_analzye_size_spaces_Fulv,FULV
2085,109,86,1828.0,0.7377391831250915,4.99781181619256,4037.0,0.6570055116103206,0.9846341463414634,5.811493683428289,147.3894634491979,325.4985032518665,0.45281149368342827,23461.0,9136.0,0.3894122160180725,Dorota_to_analzye_size_spaces_Fulv,FULV
2086,110,83,2041.0,0.7272856259690539,5.405193532582068,31418.0,0.6315096959965596,0.968854076723819,4.149181997581005,164.56339983578388,2533.195931426094,0.06496276020115857,130359.00000000001,11032.0,0.08462783543905675,Dorota_to_analzye_size_spaces_Fulv,FULV
2087,111,87,2332.0,0.5523329269473491,4.571612349914237,3910.0,0.4667642163581579,0.9846386300679929,5.2698209718670075,188.02638334985204,315.25864446737626,0.5964194373401535,20605.0,10661.000000000002,0.5173986896384374,Dorota_to_analzye_size_spaces_Fulv,FULV
2088,112,86,724.0,0.8767654205482047,5.958563535911602,4037.0,0.6570055116103206,0.9846341463414634,5.811493683428289,58.37525795252696,325.4985032518665,0.17934109487243002,23461.0,4314.0,0.18387963002429564,Dorota_to_analzye_size_spaces_Fulv,FULV
2089,113,88,877.0,0.768962682640266,6.7480045610034205,4548.0,0.6862777989909071,0.9822894168466523,6.798153034300792,70.71146577951124,366.6998248178075,0.1928320140721196,30918.0,5918.0,0.19140953489876447,Dorota_to_analzye_size_spaces_Fulv,FULV
2090,114,85,1353.0,0.7341255353397373,5.044345898004434,19921.0,0.801742136361516,0.9504747363900949,4.079313287485568,109.09077901901792,1606.206510597085,0.06791827719491994,81264.0,6824.999999999999,0.08398552864737152,Dorota_to_analzye_size_spaces_Fulv,FULV
2091,115,85,1410.0,0.7548348510992775,5.143262411347518,19921.0,0.801742136361516,0.9504747363900949,4.079313287485568,113.68662115063952,1606.206510597085,0.07077957933838663,81264.0,7252.0,0.08924000787556606,Dorota_to_analzye_size_spaces_Fulv,FULV
2092,116,88,1753.0,0.43494139404498183,5.612093553907587,4548.0,0.6862777989909071,0.9822894168466523,6.798153034300792,141.3423027496958,366.6998248178075,0.38544415127528586,30918.0,9838.0,0.3181965198266382,Dorota_to_analzye_size_spaces_Fulv,FULV
2093,118,90,1964.0,0.7486751458879234,3.1547861507128308,3683.0,0.6018631725793497,0.9829196690685882,3.321205538962802,158.35498151762837,296.9559047502166,0.5332609285908227,12232.0,6196.0,0.5065402223675605,Dorota_to_analzye_size_spaces_Fulv,FULV
2094,4,6,2460.0,0.7166991733299166,31.202439024390245,34235.0,0.869408270146772,0.9621708215058599,20.25637505476851,198.34687094366896,2760.327287299393,0.0718562874251497,693477.0,76758.0,0.1106857184881402,Dorota_to_analzye_size_spaces_FulvTNF,FULV_TNF
2095,5,7,4346.0,0.8022628849536428,30.9643350207087,43887.0,0.5453481030322203,0.9875562556255626,37.23813429945086,350.41280533381513,3538.55655492065,0.09902704673365689,1634270.0,134571.0,0.08234318686630727,Dorota_to_analzye_size_spaces_FulvTNF,FULV_TNF
2096,6,8,1061.0,0.774527140560562,32.772855796418476,50391.0,0.7993058312221788,0.9368098159509203,22.394098152447857,85.54716669562308,4062.966330781472,0.021055347185013198,1128461.0,34772.0,0.03081364796833918,Dorota_to_analzye_size_spaces_FulvTNF,FULV_TNF
2097,7,8,1298.0,0.5433598626039636,33.887519260400616,50391.0,0.7993058312221788,0.9368098159509203,22.394098152447857,104.65619450604972,4062.966330781472,0.025758567998253656,1128461.0,43986.0,0.03897875070560702,Dorota_to_analzye_size_spaces_FulvTNF,FULV_TNF
2098,9,10,1714.0,0.80808866167743,33.344807467911316,54991.0,0.6828468744595259,0.9703209641275387,27.959375170482442,138.19777918595472,4433.858853684268,0.031168736702369478,1537514.0,57152.99999999999,0.037172344446944866,Dorota_to_analzye_size_spaces_FulvTNF,FULV_TNF
2099,10,10,309.0,0.364918202212051,45.35598705501618,54991.0,0.6828468744595259,0.9703209641275387,27.959375170482442,24.914302081948662,4433.858853684268,0.00561910130748668,1537514.0,14015.0,0.009115364152781698,Dorota_to_analzye_size_spaces_FulvTNF,FULV_TNF
2100,11,10,1101.0,0.7026298041129667,34.75476839237057,54991.0,0.6828468744595259,0.9703209641275387,27.959375170482442,88.77231906869086,4433.858853684268,0.020021458056772926,1537514.0,38265.0,0.024887578259449997,Dorota_to_analzye_size_spaces_FulvTNF,FULV_TNF
2101,12,12,3350.0,0.7519701961037384,23.582985074626865,5662.0,0.651446945799954,0.973688736027515,27.595725891910984,270.1065112444272,456.5203184077454,0.5916637230660544,156247.0,79003.0,0.505628908075035,Dorota_to_analzye_size_spaces_FulvTNF,FULV_TNF
2102,13,11,2726.0,0.6412089275051408,33.93103448275862,50251.0,0.49877470600572765,0.9819443087445041,25.981035203279536,219.79413422456975,4051.6782974757352,0.05424767666315098,1305573.0,92496.0,0.07084705336277634,Dorota_to_analzye_size_spaces_FulvTNF,FULV_TNF
2103,14,9,2676.0,0.5433778692465675,36.922272047832585,57929.0,0.5429519767503566,0.9361960017453981,22.10878834435257,215.762693758235,4670.746295486097,0.04619447944898065,1280740.0,98804.0,0.07714602495432328,Dorota_to_analzye_size_spaces_FulvTNF,FULV_TNF
2104,15,13,2550.0,0.726390365744875,21.818039215686273,30685.0,0.5718204089611002,0.9812292146328985,13.90940198794199,205.60346378307148,2474.095014189627,0.08310249307479224,426810.0,55635.99999999999,0.13035308451067218,Dorota_to_analzye_size_spaces_FulvTNF,FULV_TNF
2105,16,15,2599.0,0.6596830413146552,37.51904578684109,65997.0,0.7932835462300074,0.8983950667701229,20.952437231995393,209.55427544007952,5321.259529133869,0.039380577905056294,1382798.0,97512.0,0.07051789198422329,Dorota_to_analzye_size_spaces_FulvTNF,FULV_TNF
2106,17,16,2600.0,0.7843151134747448,42.136153846153846,48579.0,0.8626936182798978,0.892635331299842,27.6220177442928,209.63490424940622,3916.8669282815017,0.053521068774573376,1341850.0,109554.0,0.08164399895666431,Dorota_to_analzye_size_spaces_FulvTNF,FULV_TNF
2107,18,20,3257.0,0.6023145032960309,33.837273564630024,8288.0,0.2976624834257963,0.9866666666666667,48.43375965250965,262.6080319770446,668.2515716996456,0.39297779922779924,401419.0,110207.99999999999,0.2745460478950921,Dorota_to_analzye_size_spaces_FulvTNF,FULV_TNF
2108,21,23,2834.0,0.7829081684749043,30.46047988708539,27262.0,0.8521868247638549,0.8556811048336472,29.55557185826425,228.50204563185275,2198.102599864351,0.1039542219939843,805744.0,86325.0,0.10713700629480331,Dorota_to_analzye_size_spaces_FulvTNF,FULV_TNF
2109,24,25,3095.0,0.7955782118824718,18.335056542810985,47779.0,0.5689464848751692,0.9175388397057976,13.17666757362021,249.54616486612008,3852.363880820146,0.06477741267083865,629568.0,56747.0,0.0901364109992884,Dorota_to_analzye_size_spaces_FulvTNF,FULV_TNF
2110,25,26,4454.0,0.7456366040619159,31.583744948361023,43108.0,0.4525951000693883,0.9647085151616873,26.891319476663263,359.1207167410982,3475.746712455155,0.10332188920849958,1159231.0,140674.0,0.12135113709001916,Dorota_to_analzye_size_spaces_FulvTNF,FULV_TNF
2111,26,29,1174.0,0.6647655257151032,17.997444633730836,43548.0,0.6161782249742863,0.9497513739858676,13.00521263892716,94.65822214953957,3511.2233885589008,0.026958758151924313,566351.0,21129.000000000004,0.03730725292265751,Dorota_to_analzye_size_spaces_FulvTNF,FULV_TNF
2112,27,29,1626.0,0.5742346478477938,19.606396063960638,43548.0,0.6161782249742863,0.9497513739858676,13.00521263892716,131.10244396520557,3511.2233885589008,0.03733810967208597,566351.0,31879.999999999996,0.05629018047112126,Dorota_to_analzye_size_spaces_FulvTNF,FULV_TNF
2113,28,27,1577.0,0.4090874040961492,30.804692454026632,58739.0,0.8223692806990501,0.9419641425318324,22.56402049745484,127.15163230819753,4736.05563104072,0.026847579972420366,1325388.0,48579.0,0.03665266322012875,Dorota_to_analzye_size_spaces_FulvTNF,FULV_TNF
2114,29,28,2761.0,0.7126233805108785,37.08366533864542,63953.0,0.5418610909754112,0.9399323927101705,24.089081043891607,222.61614255100406,5156.454242870106,0.04317232967960846,1540569.0,102388.0,0.06646115818246376,Dorota_to_analzye_size_spaces_FulvTNF,FULV_TNF
2115,30,30,3174.0,0.6072885562369635,18.041272841839948,6677.0,0.558556227226598,0.9774557165861514,26.22824621836154,255.91584080292895,538.3585598743405,0.4753631870600569,175126.0,57262.99999999999,0.32698171602160725,Dorota_to_analzye_size_spaces_FulvTNF,FULV_TNF
2116,31,27,916.0,0.6937163322667398,34.217248908296945,58739.0,0.8223692806990501,0.9419641425318324,22.56402049745484,73.85598934325235,4736.05563104072,0.0155944091659715,1325388.0,31343.0,0.023648169441703108,Dorota_to_analzye_size_spaces_FulvTNF,FULV_TNF
2117,32,31,2933.0,0.7120188682631773,33.438799863620865,5552.0,0.5399009273783278,0.9728403714736289,42.174351585014406,236.48429775519554,447.6511493818089,0.528278097982709,234151.99999999997,98076.0,0.418856127643582,Dorota_to_analzye_size_spaces_FulvTNF,FULV_TNF
2118,33,33,3019.0,0.595129922596748,34.38489566081484,10294.0,0.6957647281433968,0.9719573222547446,39.97668544783369,243.4183753572913,829.9929632089952,0.2932776374587138,411520.0,103808.0,0.25225505443234836,Dorota_to_analzye_size_spaces_FulvTNF,FULV_TNF
2119,34,35,3270.0,0.6881038917082358,20.056269113149845,33158.0,0.6882755551025705,0.9709516837481699,13.0766632486881,263.6562064982916,2673.4900596545426,0.09861873454369986,433596.0,65584.0,0.1512560078967518,Dorota_to_analzye_size_spaces_FulvTNF,FULV_TNF
2120,35,36,3326.0,0.6291189908682118,30.95249549007817,11539.0,0.6673945893413615,0.9848083980541095,29.424820175058496,268.17141982058655,930.3758308207301,0.2882398821388335,339533.0,102948.0,0.3032046958616688,Dorota_to_analzye_size_spaces_FulvTNF,FULV_TNF
2121,36,32,2410.0,0.683362215444966,19.126141078838174,42471.0,0.5412460088282178,0.8720049276255004,12.161498434225708,194.31543047733422,3424.3861609140504,0.056744602199147655,516511.00000000006,46094.0,0.0892410810224758,Dorota_to_analzye_size_spaces_FulvTNF,FULV_TNF
2122,37,39,2825.0,0.6501541257241116,33.6283185840708,27097.0,0.6171543104965271,0.9300816914944738,28.43683802634978,227.7763863479125,2184.798846325446,0.10425508358858915,770553.0,95000.0,0.12328808011908331,Dorota_to_analzye_size_spaces_FulvTNF,FULV_TNF
2123,38,37,2492.0,0.7010379202947872,33.2223113964687,47814.0,0.8914719502300452,0.9676009308914297,24.091667712385494,200.92699284212318,3855.18588914658,0.05211862634374869,1151919.0,82790.0,0.0718713729003515,Dorota_to_analzye_size_spaces_FulvTNF,FULV_TNF
2124,40,41,4928.0,0.7516860348894694,35.57406655844156,7035.0,0.7424467681902416,0.9758635039533916,38.91329068941009,397.33877236195144,567.2236736132971,0.700497512437811,273755.0,175309.0,0.6403864769593249,Dorota_to_analzye_size_spaces_FulvTNF,FULV_TNF
2125,41,44,429.0,0.8555409144337461,36.6993006993007,745.0,0.47740358224170215,0.9359296482412061,28.378523489932885,34.58975920115203,60.06846294838755,0.5758389261744966,21142.0,15744.0,0.7446788383312837,Dorota_to_analzye_size_spaces_FulvTNF,FULV_TNF
2126,42,42,2030.0,0.7187749832184597,26.985714285714284,48890.0,0.70631489851106,0.9678504968919508,15.66563714461035,163.67648293319024,3941.9424879821036,0.041521783595827366,765893.0,54781.0,0.07152565697819409,Dorota_to_analzye_size_spaces_FulvTNF,FULV_TNF
2127,43,43,2493.0,0.7404561657010238,20.465703971119133,20893.0,0.5988263457748936,0.986030487517108,19.444933709854975,201.00762165144988,1684.5777132626322,0.11932226104436892,406263.0,51021.0,0.12558613508983096,Dorota_to_analzye_size_spaces_FulvTNF,FULV_TNF
2128,44,47,1074.0,0.6680837279688756,21.573556797020483,35900.0,0.6299959300245441,0.9520526148297443,11.602896935933147,86.5953412168701,2894.5742548283397,0.02991643454038997,416544.0,23170.0,0.0556243758162403,Dorota_to_analzye_size_spaces_FulvTNF,FULV_TNF
2129,45,47,1201.0,0.6937117485363548,21.96502914238135,35900.0,0.6299959300245441,0.9520526148297443,11.602896935933147,96.83520000136033,2894.5742548283397,0.03345403899721448,416544.0,26380.000000000004,0.0633306445417531,Dorota_to_analzye_size_spaces_FulvTNF,FULV_TNF
2130,52,53,1207.0,0.8785763242391869,19.980115990057996,37169.0,0.3323322149173003,0.8469636550074057,13.082972369447658,97.3189728573205,2996.892213863915,0.032473297640506875,486281.0,24116.0,0.04959272519386939,Dorota_to_analzye_size_spaces_FulvTNF,FULV_TNF
2131,53,52,2135.0,0.43233105247200704,19.305386416861825,39100.0,0.4457879446685595,0.9731936182392912,13.511841432225063,172.1425079124932,3152.5864446737623,0.05460358056265985,528313.0,41217.0,0.07801625172956184,Dorota_to_analzye_size_spaces_FulvTNF,FULV_TNF
2132,54,51,2749.0,0.7438693853624826,23.25427428155693,58478.0,0.5067960973371242,0.9441529295897444,14.632528472245973,221.64859683908372,4715.011511806452,0.04700913163924895,855681.0,63926.00000000001,0.0747077473965181,Dorota_to_analzye_size_spaces_FulvTNF,FULV_TNF
2133,55,52,281.0,0.6768673538815186,16.98932384341637,39100.0,0.4457879446685595,0.9731936182392912,13.511841432225063,22.65669542080121,3152.5864446737623,0.007186700767263427,528313.0,4773.999999999999,0.009036309914766434,Dorota_to_analzye_size_spaces_FulvTNF,FULV_TNF
2134,57,53,517.0,0.2777860618358528,20.384912959381044,37169.0,0.3323322149173003,0.8469636550074057,13.082972369447658,41.685094421901155,2996.892213863915,0.013909440662918023,486281.0,10539.0,0.021672654288364134,Dorota_to_analzye_size_spaces_FulvTNF,FULV_TNF
2135,58,52,749.0,0.6434547678749986,22.085447263017357,39100.0,0.4457879446685595,0.9731936182392912,13.511841432225063,60.39097818569433,3152.5864446737623,0.01915601023017903,528313.0,16542.0,0.03131098420822505,Dorota_to_analzye_size_spaces_FulvTNF,FULV_TNF
2136,59,53,698.0,0.8558788076335905,23.555873925501434,37169.0,0.3323322149173003,0.8469636550074057,13.082972369447658,56.2789089100329,2996.892213863915,0.018779090101966694,486281.0,16442.0,0.03381172614188093,Dorota_to_analzye_size_spaces_FulvTNF,FULV_TNF
2137,61,56,2209.0,0.7966628865753312,32.5531914893617,28324.0,0.8695608533488345,0.8056203424540646,27.840629854540317,178.10903980266858,2283.7303953693004,0.077990396836605,788558.0,71910.0,0.09119177029463907,Dorota_to_analzye_size_spaces_FulvTNF,FULV_TNF
2138,62,60,1798.0,0.49253505330009817,22.062847608453836,4544.0,0.6283541909955219,0.9833369400562649,24.015845070422536,144.97059916939705,366.3773095805007,0.3956866197183099,109128.0,39669.0,0.36350890697162963,Dorota_to_analzye_size_spaces_FulvTNF,FULV_TNF
2139,63,60,1273.0,0.7953113706976948,20.204241948153967,4544.0,0.6283541909955219,0.9833369400562649,24.015845070422536,102.64047427288234,366.3773095805007,0.28014964788732394,109128.0,25720.0,0.23568653324536323,Dorota_to_analzye_size_spaces_FulvTNF,FULV_TNF
2140,5,5,3172.0,0.5282848038557252,4.858448928121059,8274.0,0.3052351695243923,0.9575280638814953,5.906937394247039,255.75458318427556,667.1227683690719,0.3833695914914189,48874.0,15411.0,0.3153210295862831,Dorota_to_analzye_size_spaces_FulvE2P4,E2P4
2141,6,6,2261.0,0.6492214342764214,2.6421937195931005,4503.0,0.46108538741728317,0.983402489626556,2.9447035309793472,182.3017378876567,363.07152839810624,0.5021097046413502,13260.0,5974.0,0.45052790346907995,Dorota_to_analzye_size_spaces_FulvE2P4,E2P4
2142,7,7,1349.0,0.7235472839691367,3.441067457375834,2413.0,0.5998693087494643,0.9796995533901746,3.5785329465395774,108.76826378171114,194.5573169053143,0.5590551181102362,8635.0,4642.0,0.5375796178343949,Dorota_to_analzye_size_spaces_FulvE2P4,E2P4
2143,8,9,2571.0,0.6636175583618863,4.724231816413846,4095.0,0.6493671214806511,0.9834293948126801,4.920879120879121,207.29666877893206,330.1749741928148,0.6278388278388278,20151.0,12145.999999999998,0.6027492432137362,Dorota_to_analzye_size_spaces_FulvE2P4,E2P4
2144,9,10,4858.0,0.5550146936585154,1.9298065047344586,6587.0,0.5354887549329078,0.9862254828567151,2.0333991194777594,391.6947557090828,531.101967034938,0.7375132837407014,13394.000000000002,9375.0,0.6999402717634761,Dorota_to_analzye_size_spaces_FulvE2P4,E2P4
2145,11,12,2007.0,0.7309406519115025,2.6626806178375686,10924.0,0.6412084824123984,0.9767525035765379,2.491852801171732,161.82202031867627,880.7891130848128,0.18372391065543756,27221.0,5344.0,0.19631901840490798,Dorota_to_analzye_size_spaces_FulvE2P4,E2P4
2146,12,13,1282.0,0.5006600750561442,4.531201248049922,2309.0,0.4740974222944954,0.9767343485617598,4.55045474231269,103.3661335568226,186.17192073533806,0.5552187093980078,10507.0,5809.0,0.5528695155610546,Dorota_to_analzye_size_spaces_FulvE2P4,E2P4
2147,13,14,176.0,0.2318759847651987,5.238636363636363,819.0,0.41431934520553676,0.9601406799531067,4.638583638583639,14.190670441498266,66.03499483856295,0.2148962148962149,3799.0000000000005,922.0,0.2426954461700447,Dorota_to_analzye_size_spaces_FulvE2P4,E2P4
2148,14,15,2862.0,0.5552878625314851,2.5020964360587,7406.0,0.6201828405680962,0.9852334707995211,2.71995679179044,230.75965229300022,597.1369618735009,0.3864434242506076,20144.0,7161.0,0.35549046862589356,Dorota_to_analzye_size_spaces_FulvE2P4,E2P4
2149,15,15,1839.0,0.7538628804432722,2.382272974442632,7406.0,0.6201828405680962,0.9852334707995211,2.71995679179044,148.27638035179154,597.1369618735009,0.24831217931406968,20144.0,4381.0,0.2174841143764893,Dorota_to_analzye_size_spaces_FulvE2P4,E2P4
2150,16,16,3749.0,0.5734399931484347,1.791944518538277,6128.0,0.4248442902821791,0.9860016090104585,2.1574738903394257,302.2774061657784,494.0933435539851,0.6117819843342036,13221.0,6718.0,0.508131003706225,Dorota_to_analzye_size_spaces_FulvE2P4,E2P4
2151,17,17,2755.0,0.6726446529655847,4.486388384754991,31566.0,0.6171520899444535,0.8718926085515413,4.622505227143129,222.13236969504388,2545.128995206445,0.08727745042133941,145914.0,12360.0,0.08470743040421069,Dorota_to_analzye_size_spaces_FulvE2P4,E2P4
2152,18,18,209.0,0.2891412031721333,1.1961722488038278,526.0,0.46462468663611045,0.9686924493554327,1.3859315589353611,16.85142114927919,42.41075370584141,0.3973384030418251,729.0,250.0,0.3429355281207133,Dorota_to_analzye_size_spaces_FulvE2P4,E2P4
2153,22,17,2695.0,0.6635004430983504,4.219666048237476,31566.0,0.6171520899444535,0.8718926085515413,4.622505227143129,217.2946411354422,2545.128995206445,0.08537667110181842,145914.0,11371.999999999998,0.07793631865345339,Dorota_to_analzye_size_spaces_FulvE2P4,E2P4
2154,23,20,3622.0,0.6472304569782366,2.2802319160684705,5151.0,0.5954953549674912,0.9858373205741627,2.535818287711124,292.03754738128816,415.3189968418044,0.7031644340904679,13062.0,8259.0,0.6322921451538814,Dorota_to_analzye_size_spaces_FulvE2P4,E2P4
2155,24,19,2503.0,0.6451828642545443,3.4103076308429885,18728.0,0.7401237417230986,0.9327622273134775,2.8887227680478427,201.81390974471682,1510.0163410703383,0.13365014950875695,54100.0,8536.0,0.1577818853974122,Dorota_to_analzye_size_spaces_FulvE2P4,E2P4
2156,25,22,2999.0,0.687180870773969,2.4971657219073022,4648.0,0.6967653637377006,0.986627043090639,2.6947074010327023,241.80579917075738,374.7627057504769,0.645223752151463,12525.0,7488.999999999999,0.5979241516966067,Dorota_to_analzye_size_spaces_FulvE2P4,E2P4
2157,26,21,2272.0,0.488699919983679,4.129841549295775,13438.0,0.7663189147812498,0.9207893654926682,3.708141092424468,183.18865479025035,1083.4899397321233,0.16907277868730466,49830.0,9383.0,0.1883002207505519,Dorota_to_analzye_size_spaces_FulvE2P4,E2P4
2158,27,23,2952.0,0.7239989533804857,5.861449864498645,4549.0,0.6310081046657336,0.9803879310344827,6.302484062431303,238.01624513240273,366.7804536271342,0.6489338316113431,28670.0,17303.0,0.6035228461806766,Dorota_to_analzye_size_spaces_FulvE2P4,E2P4
2159,28,24,3037.0,0.5134217297444197,4.1165623971024035,4513.0,0.5623150538204591,0.9860170417303911,4.2951473520939505,244.8696939251718,363.87781649137315,0.6729448260580545,19384.0,12502.0,0.6449649195212547,Dorota_to_analzye_size_spaces_FulvE2P4,E2P4
2160,29,26,872.0,0.8286913476885256,3.993119266055046,1584.0,0.43774832627174454,0.9367238320520402,3.35290404040404,70.30832173287777,127.7160339734844,0.5505050505050505,5311.0,3482.0,0.6556204104688382,Dorota_to_analzye_size_spaces_FulvE2P4,E2P4
2161,30,27,443.0,0.7440971904795489,5.803611738148984,1328.0,0.6731689086711214,0.9609261939218524,5.954819277108434,35.71856253172575,107.07505878585056,0.3335843373493976,7908.0,2571.0,0.325113808801214,Dorota_to_analzye_size_spaces_FulvE2P4,E2P4
2162,31,28,2555.0,0.6226375961647754,4.048140900195695,4128.0,0.6922001378242973,0.9339366515837104,4.233769379844961,206.00660782970493,332.8357249005957,0.6189437984496124,17477.0,10343.0,0.5918063740916634,Dorota_to_analzye_size_spaces_FulvE2P4,E2P4
2163,32,29,2129.0,0.4426339789709879,3.341474870831376,3144.0,0.5873088821230653,0.9794392523364486,3.751590330788804,171.658735056533,253.49697652312813,0.6771628498727735,11795.0,7114.0,0.6031369224247562,Dorota_to_analzye_size_spaces_FulvE2P4,E2P4
2164,33,30,2987.0,0.6578467459770205,5.098761298962169,5341.0,0.6222742805941054,0.9848792181449382,5.797416214192099,240.83825345883704,430.6384706138764,0.5592585658116458,30964.0,15230.0,0.4918615165999225,Dorota_to_analzye_size_spaces_FulvE2P4,E2P4
2165,34,31,2768.0,0.6599370811070112,9.446170520231213,4775.0,0.4982559370686305,0.9833196046128501,11.263664921465969,223.1805442162909,385.0025645349672,0.5796858638743455,53784.0,26146.999999999996,0.4861482968912687,Dorota_to_analzye_size_spaces_FulvE2P4,E2P4
2166,35,33,2119.0,0.8038766068535791,1.7546012269938651,4310.0,0.7127971788063346,0.9799909049567985,1.9503480278422274,170.85244696326606,347.51016819805415,0.4916473317865429,8406.0,3718.0,0.4423031168213181,Dorota_to_analzye_size_spaces_FulvE2P4,E2P4
2167,36,32,2162.0,0.4812535459090654,5.30527289546716,8414.0,0.4869058692661913,0.9846693973083674,6.129427145234134,174.31948576431392,678.4108016748091,0.2569526978844783,51573.0,11470.0,0.22240319547049814,Dorota_to_analzye_size_spaces_FulvE2P4,E2P4
2168,37,32,704.0,0.8608273671732476,4.830965909090909,8414.0,0.4869058692661913,0.9846693973083674,6.129427145234134,56.762681765993065,678.4108016748091,0.08367007368671261,51573.0,3401.0,0.06594535900568127,Dorota_to_analzye_size_spaces_FulvE2P4,E2P4
2169,39,35,3064.0,0.523890026946069,3.04144908616188,6671.0,0.5600692231211953,0.9840684466735506,3.579823114975266,247.04667177699255,537.8747870183803,0.45930145405486433,23881.0,9319.0,0.39022653992713874,Dorota_to_analzye_size_spaces_FulvE2P4,E2P4
2170,41,36,2737.0,0.5790723241568032,5.450127877237851,4613.0,0.554088610780397,0.9835820895522388,6.252330370691524,220.68105112716339,371.94069742404264,0.5933232169954477,28842.0,14917.0,0.5171971430552667,Dorota_to_analzye_size_spaces_FulvE2P4,E2P4
2171,43,38,3331.0,0.6823731587005253,5.90093065145602,5591.0,0.6616459701883793,0.984330985915493,6.273654086925416,268.57456386722004,450.79567294555005,0.5957789304238955,35076.0,19656.0,0.5603831679781047,Dorota_to_analzye_size_spaces_FulvE2P4,E2P4
2172,45,40,2567.0,0.3749574386526032,6.638488507985976,6679.0,0.6016604293446061,0.9783213710268054,7.428058092528822,206.97415354162527,538.5198174929939,0.38433897290013475,49612.0,17041.0,0.34348544706925743,Dorota_to_analzye_size_spaces_FulvE2P4,E2P4
2173,46,40,1621.0,0.70849959498511,6.786551511412708,6679.0,0.6016604293446061,0.9783213710268054,7.428058092528822,130.6992999185721,538.5198174929939,0.24270100314418325,49612.0,11001.0,0.22174070789325162,Dorota_to_analzye_size_spaces_FulvE2P4,E2P4
2174,47,39,2807.0,0.6628815532411513,1.6868542928393302,32868.0,0.7549685169865961,0.9686146229334276,1.5278082025069977,226.32506778003201,2650.1077049498012,0.08540221492028721,50216.0,4735.0,0.09429265572725824,Dorota_to_analzye_size_spaces_FulvE2P4,E2P4
2175,48,42,2925.0,0.6398137750449061,4.763076923076923,6748.0,0.3888932878221704,0.9796747967479674,5.095139300533491,235.839267280582,544.0832053365358,0.43346176644931833,34382.0,13932.0,0.40521202955034613,Dorota_to_analzye_size_spaces_FulvE2P4,E2P4
2176,49,43,2589.0,0.7633055027564344,2.8709926612591734,43906.0,0.8643582119797248,0.902264600715137,1.9779301234455426,208.74798734681258,3540.0885022978573,0.058966883797203114,86843.0,7433.0,0.08559123936298837,Dorota_to_analzye_size_spaces_FulvE2P4,E2P4
2177,50,46,3330.0,0.6430203407831516,5.932732732732733,6248.0,0.5173712686608654,0.9848675914249685,6.017285531370039,268.49393505789334,503.7688006731885,0.5329705505761844,37596.0,19756.0,0.5254814341951272,Dorota_to_analzye_size_spaces_FulvE2P4,E2P4
2178,54,48,2393.0,0.7710047209107351,2.603008775595487,33339.0,0.7739496008448247,0.9107772162272914,1.8347880860253756,192.9447407187804,2688.0838741426746,0.07177779777437836,61169.99999999999,6229.0,0.10183096289030572,Dorota_to_analzye_size_spaces_FulvE2P4,E2P4
2179,55,50,2529.0,0.6529955457763144,2.8714907077896403,5621.0,0.6315215849953124,0.9724913494809688,3.1654509873687955,203.9102587872109,453.21453722535085,0.449919943070628,17793.0,7262.0,0.4081380318102625,Dorota_to_analzye_size_spaces_FulvE2P4,E2P4
2180,56,51,2575.0,0.6882013267905295,4.401941747572816,4989.0,0.3995211162935338,0.9803497740224013,4.83664060934055,207.61918401623885,402.25712973087985,0.5161354980958108,24130.000000000004,11335.000000000002,0.4697472026523,Dorota_to_analzye_size_spaces_FulvE2P4,E2P4
2181,57,52,2217.0,0.7312854798685469,3.358592692828146,4350.0,0.5298094874295074,0.9830508474576272,3.9880459770114944,178.75407027728212,350.7353205711219,0.5096551724137931,17348.0,7446.0,0.42921374221812314,Dorota_to_analzye_size_spaces_FulvE2P4,E2P4
2182,58,54,885.0,0.5763671466873412,2.013559322033898,9470.0,0.4985009735083478,0.989447288684568,2.358922914466737,71.3564962541248,763.5548243237988,0.09345300950369588,22339.0,1781.9999999999998,0.0797708044227584,Dorota_to_analzye_size_spaces_FulvE2P4,E2P4
2183,59,54,499.0,0.6448815709092625,2.1743486973947896,9470.0,0.4985009735083478,0.989447288684568,2.358922914466737,40.23377585402065,763.5548243237988,0.05269271383315734,22339.0,1085.0,0.04856976588029903,Dorota_to_analzye_size_spaces_FulvE2P4,E2P4
2184,60,53,2213.0,0.6217351803881702,5.63217352010845,6577.0,0.4905908864483458,0.9612686349020754,6.183062186407176,178.43155503997536,530.295678941671,0.3364755967766459,40666.0,12464.0,0.30649682781684945,Dorota_to_analzye_size_spaces_FulvE2P4,E2P4
2185,61,54,1286.0,0.6074265009422817,2.5489891135303266,9470.0,0.4985009735083478,0.989447288684568,2.358922914466737,103.68864879412938,763.5548243237988,0.1357972544878564,22339.0,3278.0,0.14673888714803707,Dorota_to_analzye_size_spaces_FulvE2P4,E2P4
2186,62,54,643.0,0.7771446910407822,2.0948678071539657,9470.0,0.4985009735083478,0.989447288684568,2.358922914466737,51.84432439706469,763.5548243237988,0.0678986272439282,22339.0,1347.0,0.060298133309458796,Dorota_to_analzye_size_spaces_FulvE2P4,E2P4
2187,63,54,1571.0,0.5984892436004743,2.013367281985996,9470.0,0.4985009735083478,0.989447288684568,2.358922914466737,126.66785945223737,763.5548243237988,0.1658922914466737,22339.0,3162.9999999999995,0.14159093961233715,Dorota_to_analzye_size_spaces_FulvE2P4,E2P4
2188,64,54,565.0,0.8787874467414323,2.421238938053097,9470.0,0.4985009735083478,0.989447288684568,2.358922914466737,45.555277269582504,763.5548243237988,0.05966209081309398,22339.0,1368.0,0.061238193294238775,Dorota_to_analzye_size_spaces_FulvE2P4,E2P4
2189,65,55,2058.0,0.7067289882139843,2.068027210884354,4523.0,0.5919528228469095,0.9787924691625189,2.4614194118947603,165.93408959433768,364.6841045846401,0.4550077382268406,11133.000000000002,4256.0,0.38228689481721,Dorota_to_analzye_size_spaces_FulvE2P4,E2P4
2190,66,56,980.0,0.8160038229061233,5.01530612244898,4350.0,0.7219524028747079,0.9788478847884788,4.528965517241379,79.01623314016081,350.7353205711219,0.22528735632183908,19701.0,4915.0,0.2494797218415309,Dorota_to_analzye_size_spaces_FulvE2P4,E2P4
2191,67,56,800.0,0.7118403819796628,3.99,4350.0,0.7219524028747079,0.9788478847884788,4.528965517241379,64.50304746135575,350.7353205711219,0.1839080459770115,19701.0,3192.0,0.16202223237399116,Dorota_to_analzye_size_spaces_FulvE2P4,E2P4
2192,68,57,1855.0,0.63002918323748,1.7628032345013478,3685.0,0.4434977213884533,0.9831910352187834,1.9978290366350069,149.56644130101867,297.11716236886997,0.5033921302578019,7362.0,3270.0,0.4441727791361043,Dorota_to_analzye_size_spaces_FulvE2P4,E2P4
2193,69,56,604.0,0.693853624797518,3.597682119205298,4350.0,0.7219524028747079,0.9788478847884788,4.528965517241379,48.69980083332359,350.7353205711219,0.13885057471264367,19701.0,2173.0,0.110298969595452,Dorota_to_analzye_size_spaces_FulvE2P4,E2P4
2194,70,59,4297.0,0.7080710544175828,3.451943216197347,5585.0,0.7059818978467141,0.9774238711935597,3.8239928379588184,346.4619936768071,450.31190008958987,0.7693822739480752,21357.0,14833.0,0.6945263847918716,Dorota_to_analzye_size_spaces_FulvE2P4,E2P4
2195,71,58,1355.0,0.8704649575816091,1.9099630996309964,3586.0,0.4710297194951672,0.9832739237729641,1.9068600111544898,109.25203663767131,289.1349102455272,0.37785833798103735,6838.0,2588.0,0.37847323778882713,Dorota_to_analzye_size_spaces_FulvE2P4,E2P4
2196,72,58,1370.0,0.837618900960387,1.7065693430656934,3586.0,0.4710297194951672,0.9832739237729641,1.9068600111544898,110.46146877757174,289.1349102455272,0.3820412716118238,6838.0,2338.0,0.3419128400116993,Dorota_to_analzye_size_spaces_FulvE2P4,E2P4
2197,73,60,914.0,0.8556314204918496,7.266958424507659,4557.0,0.584129834212432,0.9867908185361628,6.402457757296467,73.69473172459895,367.4254841017477,0.20057055080096556,29176.000000000004,6642.0,0.22765286536879625,Dorota_to_analzye_size_spaces_FulvE2P4,E2P4
2198,74,60,382.0,0.557925558198888,5.5890052356020945,4557.0,0.584129834212432,0.9867908185361628,6.402457757296467,30.800205162797372,367.4254841017477,0.08382707921878428,29176.000000000004,2135.0,0.07317658349328214,Dorota_to_analzye_size_spaces_FulvE2P4,E2P4
2199,75,61,2284.0,0.6854210304718659,2.482049036777583,4411.0,0.5723451249923938,0.9845982142857143,2.5384266606211745,184.1562005021707,355.6536779400503,0.5177964180457946,11197.0,5669.0,0.5062963293739394,Dorota_to_analzye_size_spaces_FulvE2P4,E2P4
2200,76,60,995.0,0.8261660211807013,5.642211055276382,4557.0,0.584129834212432,0.9867908185361628,6.402457757296467,80.22566528006122,367.4254841017477,0.2183454026771999,29176.000000000004,5614.0,0.19241842610364682,Dorota_to_analzye_size_spaces_FulvE2P4,E2P4
2201,77,60,251.0,0.5408945687179627,5.99203187250996,4557.0,0.584129834212432,0.9867908185361628,6.402457757296467,20.237831141000367,367.4254841017477,0.055080096554750935,29176.000000000004,1504.0,0.05154921853578283,Dorota_to_analzye_size_spaces_FulvE2P4,E2P4
2202,78,62,103.0,0.6792151219327781,2.5728155339805827,663.0,0.6039262745418115,0.9608695652173913,2.4313725490196076,8.304767360649553,53.45690058359858,0.15535444947209653,1611.9999999999998,265.0,0.1643920595533499,Dorota_to_analzye_size_spaces_FulvE2P4,E2P4
2203,3,3,2330.0,0.7550434380204325,2.643776824034335,5885.0,0.6509224179017993,0.9550470626419993,3.6937977909940525,187.86512573119865,474.5005428875983,0.3959218351741716,21738.0,6160.0,0.2833747354862453,Dorota_to_analzye_size_spaces_FulvE2P4TNF,E2P4_TNF_FULV
2204,4,3,1016.0,0.8222771913511076,3.520669291338583,5885.0,0.6509224179017993,0.9550470626419993,3.6937977909940525,81.9188702759218,474.5005428875983,0.17264231096006796,21738.0,3577.0,0.16455055662894472,Dorota_to_analzye_size_spaces_FulvE2P4TNF,E2P4_TNF_FULV
2205,5,5,1234.0,0.720937655073368,2.3711507293354943,1415.0,0.7079165197180676,0.9496644295302014,2.6876325088339224,99.49595070914125,114.089765197273,0.8720848056537103,3803.0,2926.0,0.7693925848014725,Dorota_to_analzye_size_spaces_FulvE2P4TNF,E2P4_TNF_FULV
2206,6,7,3746.0,0.6938502486434829,5.3246129204484784,8957.0,0.5571306639532184,0.9745403111739745,5.942838003795914,302.0355197377983,722.1922451392044,0.4182203862900525,53230.0,19946.0,0.3747135074206275,Dorota_to_analzye_size_spaces_FulvE2P4TNF,E2P4_TNF_FULV
2207,7,6,3253.0,0.7271726169105076,7.683676606209652,69397.0,0.74853420348424,0.9743758950885962,4.98694468060579,262.28551673973783,5595.397480844632,0.04687522515382509,346079.0,24995.0,0.0722233940805423,Dorota_to_analzye_size_spaces_FulvE2P4TNF,E2P4_TNF_FULV
2208,8,8,2712.0,0.6502011796375092,4.3067846607669615,22456.0,0.6496885499938873,0.9647291317609658,3.2468382614891342,218.665330893996,1810.6005422402561,0.12076950480940506,72911.0,11680.0,0.16019530660668485,Dorota_to_analzye_size_spaces_FulvE2P4TNF,E2P4_TNF_FULV
2209,9,10,3658.0,0.6379902601087666,6.226899945325314,10804.0,0.5271495147017224,0.9775606225117626,7.757404664938911,294.9401845170492,871.1136559656095,0.338578304331729,83811.0,22778.0,0.27177816754363987,Dorota_to_analzye_size_spaces_FulvE2P4TNF,E2P4_TNF_FULV
2210,10,9,2482.0,0.713055610654509,7.20668815471394,21219.0,0.9346564823210155,0.9769786822597726,6.487629011734766,200.12070474885624,1710.8627051031347,0.11697063952118385,137661.0,17887.0,0.12993513050173977,Dorota_to_analzye_size_spaces_FulvE2P4TNF,E2P4_TNF_FULV
2211,14,12,1119.0,0.46536245417969035,6.588025022341376,2276.0,0.5302361669707688,0.980611805256355,7.01274165202109,90.22363763657137,183.5111700275571,0.4916520210896309,15961.0,7372.0,0.46187582231689744,Dorota_to_analzye_size_spaces_FulvE2P4TNF,E2P4_TNF_FULV
2212,17,16,3111.0,0.5891365332863573,4.387335261973642,4082.0,0.4940885534528005,0.9728312678741659,4.99093581577658,250.8362258153472,329.12679967156777,0.7621264086232239,20373.0,13649.0,0.6699553330388259,Dorota_to_analzye_size_spaces_FulvE2P4TNF,E2P4_TNF_FULV
2213,19,20,2524.0,0.5974660311881655,6.068145800316957,14705.0,0.41953766836133816,0.9765573117279851,5.2433185991159466,203.5071147405774,1185.6466411490455,0.17164229853791227,77103.0,15316.0,0.19864337315020167,Dorota_to_analzye_size_spaces_FulvE2P4TNF,E2P4_TNF_FULV
2214,20,25,3577.0,0.6877213309630339,4.224489795918367,7384.0,0.3648738624510123,0.9802203637329086,5.481581798483207,288.4092509615869,595.3631280683136,0.4844257854821235,40476.0,15110.999999999998,0.37333234509338864,Dorota_to_analzye_size_spaces_FulvE2P4TNF,E2P4_TNF_FULV
2215,21,26,2658.0,0.6617318512426877,7.098946576373213,42117.0,0.7573716113826627,0.9231325618095739,4.196476482180592,214.3113751903545,3395.8435624124004,0.06310990811311347,176743.0,18869.0,0.10675953220212399,Dorota_to_analzye_size_spaces_FulvE2P4TNF,E2P4_TNF_FULV
2216,23,29,4174.0,0.6244108270347661,6.890512697652132,38836.0,0.6481105838275758,0.9095294971779199,5.517277783499845,336.5446501296237,3131.300439011515,0.10747759810485116,214269.0,28761.0,0.134228469820646,Dorota_to_analzye_size_spaces_FulvE2P4TNF,E2P4_TNF_FULV
2217,24,29,1060.0,0.8150566219805311,8.037735849056604,38836.0,0.6481105838275758,0.9095294971779199,5.517277783499845,85.46653788629638,3131.300439011515,0.027294263054897516,214269.0,8520.0,0.03976310152191871,Dorota_to_analzye_size_spaces_FulvE2P4TNF,E2P4_TNF_FULV
2218,25,33,2926.0,0.48177977538801975,4.957279562542721,38228.0,0.6060397356867324,0.9404876128619578,2.949330333786753,235.9198960899087,3082.2781229408847,0.07654075546719682,112747.0,14505.0,0.12865087319396526,Dorota_to_analzye_size_spaces_FulvE2P4TNF,E2P4_TNF_FULV
2219,26,35,533.0,0.5603141781380759,0.0900562851782364,2600.0,0.8514054117407169,0.975609756097561,0.12307692307692308,42.975155371128274,209.63490424940622,0.205,320.0,48.0,0.15,Dorota_to_analzye_size_spaces_FulvE2P4TNF,E2P4_TNF_FULV
2220,27,35,582.0,0.8957715875099599,0.15979381443298968,2600.0,0.8514054117407169,0.975609756097561,0.12307692307692308,46.92596702813631,209.63490424940622,0.22384615384615383,320.0,92.99999999999999,0.29062499999999997,Dorota_to_analzye_size_spaces_FulvE2P4TNF,E2P4_TNF_FULV
2221,28,34,2962.0,0.7039399679082873,5.7221471978392975,43415.0,0.6415287497077393,0.9734959750655874,5.592375906944604,238.82253322566967,3500.49975691845,0.06822526776459749,242793.0,16949.0,0.0698084376402944,Dorota_to_analzye_size_spaces_FulvE2P4TNF,E2P4_TNF_FULV
2222,29,37,3040.0,0.720136521368278,4.673026315789474,9142.0,0.6813808644722639,0.9786960710844663,5.118026690002187,245.11158035315188,737.108574864643,0.3325311747976373,46789.0,14206.0,0.30361837183953494,Dorota_to_analzye_size_spaces_FulvE2P4TNF,E2P4_TNF_FULV
2223,33,42,3157.0,0.6997628468215662,5.423186569528033,25564.0,0.45256763476127615,0.9892806005959521,6.077217962760131,254.54515104437516,2061.194881627623,0.12349397590361445,155358.0,17121.0,0.11020352991155911,Dorota_to_analzye_size_spaces_FulvE2P4TNF,E2P4_TNF_FULV
2224,34,43,2438.0,0.7955572973956396,7.253896636587367,19777.0,0.5839142788993157,0.9813427281298069,7.920968802143904,196.57303713848165,1594.595962054041,0.12327451079536836,156653.0,17685.0,0.11289282682106311,Dorota_to_analzye_size_spaces_FulvE2P4TNF,E2P4_TNF_FULV
2225,35,45,3071.0,0.7356401064832401,5.057635949202214,14501.0,0.8816378421845107,0.983452017633096,5.324736225087925,247.6110734422794,1169.1983640463998,0.2117784980346183,77214.0,15532.0,0.20115523091667314,Dorota_to_analzye_size_spaces_FulvE2P4TNF,E2P4_TNF_FULV
2226,36,44,2067.0,0.7605992709217597,6.848572810836962,51708.0,0.5683491243137057,0.9598485270368101,4.767966272143576,166.65974887827792,4169.154472664729,0.03997447203527501,246542.0,14156.0,0.05741820866221577,Dorota_to_analzye_size_spaces_FulvE2P4TNF,E2P4_TNF_FULV
2227,37,47,2994.0,0.6522145302963049,5.3059452237808955,9915.0,0.5117871566707172,0.9777142293659402,6.13756933938477,241.40265512412392,799.4346444741778,0.30196671709531014,60853.99999999999,15886.000000000002,0.2610510401945641,Dorota_to_analzye_size_spaces_FulvE2P4TNF,E2P4_TNF_FULV
2228,38,44,1212.0,0.8448340092008202,6.813531353135313,51708.0,0.5683491243137057,0.9598485270368101,4.767966272143576,97.72211690395397,4169.154472664729,0.023439313065676492,246542.0,8258.0,0.033495307087636185,Dorota_to_analzye_size_spaces_FulvE2P4TNF,E2P4_TNF_FULV
2229,39,49,2822.0,0.6806747342878038,3.853649893692417,4677.0,0.5732279067140538,0.9831826781585032,4.562540089801154,227.53449991993241,377.1009412209511,0.6033782339106265,21339.0,10875.0,0.5096302544636581,Dorota_to_analzye_size_spaces_FulvE2P4TNF,E2P4_TNF_FULV
2230,40,50,2659.0,0.6160530876405073,5.658518239939827,34552.0,0.5971804510009325,0.9592182338080564,4.459394535772169,214.39200399968118,2785.886619855955,0.07695647140541792,154081.0,15046.0,0.09764993737060378,Dorota_to_analzye_size_spaces_FulvE2P4TNF,E2P4_TNF_FULV
2231,41,53,2787.0,0.5864383451688755,3.757086472909939,4709.0,0.5825330760392582,0.9820646506777894,4.576130813336165,224.7124915934981,379.68106311940534,0.5918454024208961,21549.0,10471.0,0.4859158197596176,Dorota_to_analzye_size_spaces_FulvE2P4TNF,E2P4_TNF_FULV
2232,42,52,2707.0,0.7845554121716586,3.0893978574067233,12976.0,0.7762743472091859,0.9079840459030158,3.0096331689272504,218.26218684736253,1046.2394298231904,0.2086159062885327,39053.0,8363.0,0.21414488003482446,Dorota_to_analzye_size_spaces_FulvE2P4TNF,E2P4_TNF_FULV
2233,43,54,2894.0,0.6426182251748519,3.5376641326883207,4893.0,0.4855304012752282,0.9743130227001194,7.6114857960351525,233.33977419145444,394.51676403551716,0.5914571837318618,37243.0,10238.0,0.2748972961361867,Dorota_to_analzye_size_spaces_FulvE2P4TNF,E2P4_TNF_FULV
2234,44,56,1282.0,0.7158315817149631,2.7425897035881435,4904.0,0.5251424649293223,0.9825686235223402,3.590538336052202,103.3661335568226,395.40368093811077,0.26141924959216967,17608.0,3516.0,0.1996819627442072,Dorota_to_analzye_size_spaces_FulvE2P4TNF,E2P4_TNF_FULV
2235,45,57,2853.0,0.7185923057893897,5.042060988433228,4257.0,0.6235745538063596,0.9774971297359357,5.691331923890063,230.03399300905997,343.2368413037393,0.6701902748414377,24228.0,14385.0,0.5937345220406142,Dorota_to_analzye_size_spaces_FulvE2P4TNF,E2P4_TNF_FULV
2236,46,56,1568.0,0.761307212241059,3.0573979591836733,4904.0,0.5251424649293223,0.9825686235223402,3.590538336052202,126.42597302425727,395.40368093811077,0.3197389885807504,17608.0,4794.0,0.2722626079054975,Dorota_to_analzye_size_spaces_FulvE2P4TNF,E2P4_TNF_FULV
2237,47,59,2559.0,0.6633323183081353,3.9198905822586947,9218.0,0.3857213033705877,0.988949683510353,4.749837274896941,206.32912306701172,743.2363643734717,0.27760902581904967,43784.0,10031.0,0.2291019550520738,Dorota_to_analzye_size_spaces_FulvE2P4TNF,E2P4_TNF_FULV
2238,2,3,4584.0,0.6820823924045809,23.543848167539267,6006.0,0.6351866722912847,0.9799314733235438,24.883782883782885,369.6024619535685,484.25662881612834,0.7632367632367633,149452.0,107925.0,0.7221382115997109,Dorota_to_analzye_size_spaces_FulvE2P4TNF2,E2P4_TNF_FULV
2239,5,4,3211.0,0.59263238922381,20.420429772656494,4816.0,0.5795019097439672,0.9664860525787679,23.07703488372093,258.89910674801666,388.30834571736165,0.666735880398671,111139.0,65570.0,0.5899819145394506,Dorota_to_analzye_size_spaces_FulvE2P4TNF2,E2P4_TNF_FULV
2240,7,5,3162.0,0.6202623113522601,16.09898798228969,6604.0,0.6874608313468011,0.951036866359447,17.765596608116294,254.94829509100862,532.4726567934918,0.4788007268322229,117324.0,50904.99999999999,0.43388394531383173,Dorota_to_analzye_size_spaces_FulvE2P4TNF2,E2P4_TNF_FULV
2241,9,8,2920.0,0.4618024133331454,14.977739726027398,7935.0,0.5429722738057168,0.9792669381710477,17.355891619407686,235.4361232339485,639.7896020073224,0.36798991808443604,137719.0,43735.0,0.31756692976277784,Dorota_to_analzye_size_spaces_FulvE2P4TNF2,E2P4_TNF_FULV
2242,10,6,2251.0,0.6645569930900197,19.01243891603732,33575.0,0.8657398307201525,0.8331265508684863,11.539895755770663,181.49544979438977,2707.1122731437745,0.06704393149664929,387452.0,42797.00000000001,0.11045755345178243,Dorota_to_analzye_size_spaces_FulvE2P4TNF2,E2P4_TNF_FULV
2243,13,11,2876.0,0.7160734427850383,16.201668984700973,6530.0,0.8249877097478542,0.8606827468037432,15.539663093415008,231.88845562357395,526.5061249033164,0.44042879019908115,101474.0,46596.0,0.45919151703884736,Dorota_to_analzye_size_spaces_FulvE2P4TNF2,E2P4_TNF_FULV
2244,14,14,3152.0,0.6957224690179927,17.99968274111675,32559.0,0.8677089074995474,0.9003401266487847,13.09026690008907,254.14200699774167,2625.1934028678525,0.0968088700512915,426206.0,56735.0,0.1331163803419004,Dorota_to_analzye_size_spaces_FulvE2P4TNF2,E2P4_TNF_FULV
2245,15,12,2621.0,0.7472812263984552,21.07325448302175,53410.0,0.876235016570566,0.8980847808175413,12.482194345628159,211.3281092452668,4306.384706138763,0.049073207264557196,666674.0,55233.00000000001,0.08284858866552469,Dorota_to_analzye_size_spaces_FulvE2P4TNF2,E2P4_TNF_FULV
2246,17,20,2317.0,0.6811267259199897,29.820025895554597,21669.0,0.6042575803278443,0.9777105987456571,23.9915547556417,186.8169512099516,1747.1456693001473,0.1069269463288569,519873.0,69093.0,0.13290361299778986,Dorota_to_analzye_size_spaces_FulvE2P4TNF2,E2P4_TNF_FULV
2247,18,27,1518.0,0.6276711005906417,14.1699604743083,6520.0,0.8817221659553516,0.9554513481828839,16.33696319018405,122.39453255792255,525.6998368100494,0.23282208588957054,106517.00000000001,21510.0,0.2019395964963339,Dorota_to_analzye_size_spaces_FulvE2P4TNF2,E2P4_TNF_FULV
2248,19,27,1466.0,0.7574515700586949,14.882673942701228,6520.0,0.8817221659553516,0.9554513481828839,16.33696319018405,118.20183447293442,525.6998368100494,0.22484662576687117,106517.00000000001,21818.0,0.2048311537125529,Dorota_to_analzye_size_spaces_FulvE2P4TNF2,E2P4_TNF_FULV
2249,20,31,1395.0,0.7990700311247171,21.726164874551973,40461.0,0.636931534047993,0.931658569158857,18.513358542794297,112.4771890107391,3262.322254167394,0.034477645139764215,749069.0,30308.000000000004,0.040460892120752566,Dorota_to_analzye_size_spaces_FulvE2P4TNF2,E2P4_TNF_FULV
2250,21,31,902.0,0.8000969094408089,19.412416851441243,40461.0,0.636931534047993,0.931658569158857,18.513358542794297,72.72718601267862,3262.322254167394,0.022293072341266897,749069.0,17510.0,0.023375683682010602,Dorota_to_analzye_size_spaces_FulvE2P4TNF2,E2P4_TNF_FULV
2251,22,35,3146.0,0.42246548912861576,27.61729179910998,4874.0,0.28595271076833845,0.9806841046277666,33.12720558063192,253.65823414178152,392.98481665830997,0.6454657365613459,161462.0,86884.0,0.5381080378045608,Dorota_to_analzye_size_spaces_FulvE2P4TNF2,E2P4_TNF_FULV
2252,23,31,718.0,0.7463373179363576,20.87883008356546,40461.0,0.636931534047993,0.931658569158857,18.513358542794297,57.89148509656679,3262.322254167394,0.0177454833049109,749069.0,14991.000000000002,0.02001284260862484,Dorota_to_analzye_size_spaces_FulvE2P4TNF2,E2P4_TNF_FULV
2253,24,33,3067.0,0.6762001628669841,14.818389305510271,30006.0,0.8243683171243513,0.8162676822633297,13.061787642471506,247.28855820497262,2419.348052656801,0.10221289075518229,391932.0,45448.0,0.11595889082800077,Dorota_to_analzye_size_spaces_FulvE2P4TNF2,E2P4_TNF_FULV
2254,25,38,2722.0,0.5950704835328406,27.145848640705363,3813.0,0.4787702051659809,0.9786960985626283,29.46262785208497,219.47161898726296,307.43764996268686,0.7138735903488067,112341.0,73891.0,0.6577384926251324,Dorota_to_analzye_size_spaces_FulvE2P4TNF2,E2P4_TNF_FULV
2255,26,36,2819.0,0.6258100131101549,15.494856332032636,18955.0,0.7611293200498384,0.9125704106687208,12.412872592983382,227.29261349195235,1528.319080787498,0.1487206541809549,235286.0,43680.0,0.18564640480096564,Dorota_to_analzye_size_spaces_FulvE2P4TNF2,E2P4_TNF_FULV
2256,27,30,2803.0,0.6933438146851538,15.116303960042812,33358.0,0.9058992667407156,0.7732140373649807,9.224294022423406,226.00255254272523,2689.6158215198816,0.08402781941363391,307703.99999999994,42371.0,0.13770051738033956,Dorota_to_analzye_size_spaces_FulvE2P4TNF2,E2P4_TNF_FULV
2257,30,39,694.0,0.6332203811592796,20.907780979827088,40603.0,0.5257738253721458,0.9695081184336198,18.815186069994827,55.956393672726115,3273.771545091785,0.01709233307883654,763953.0,14509.999999999998,0.018993315033778255,Dorota_to_analzye_size_spaces_FulvE2P4TNF2,E2P4_TNF_FULV
2258,31,39,1330.0,0.7405654755042885,24.697744360902256,40603.0,0.5257738253721458,0.9695081184336198,18.815186069994827,107.23631640450394,3273.771545091785,0.03275620028076743,763953.0,32848.0,0.04299740952650229,Dorota_to_analzye_size_spaces_FulvE2P4TNF2,E2P4_TNF_FULV
2259,32,39,762.0,0.6128689224020971,19.291338582677167,40603.0,0.5257738253721458,0.9695081184336198,18.815186069994827,61.43915270694136,3273.771545091785,0.018767086175898333,763953.0,14700.000000000002,0.019242021433255714,Dorota_to_analzye_size_spaces_FulvE2P4TNF2,E2P4_TNF_FULV
2260,33,39,244.0,0.6077595568194061,25.34426229508197,40603.0,0.5257738253721458,0.9695081184336198,18.815186069994827,19.673429475713505,3273.771545091785,0.006009408171809965,763953.0,6184.0,0.008094738812466211,Dorota_to_analzye_size_spaces_FulvE2P4TNF2,E2P4_TNF_FULV
2261,34,44,2847.0,0.5413095922298591,21.569722514927996,10628.0,0.7615132630169344,0.9801715392419073,19.172092585622885,229.5502201530998,856.9229855241113,0.2678773052314641,203761.00000000003,61409.00000000001,0.30137759433846517,Dorota_to_analzye_size_spaces_FulvE2P4TNF2,E2P4_TNF_FULV
2262,35,43,2510.0,0.6814238418142308,17.356972111553784,15895.0,0.41635740322974196,0.703287465156409,14.520163573450771,202.37831141000368,1281.5949242478123,0.15791129285938973,230798.0,43566.0,0.188762467612371,Dorota_to_analzye_size_spaces_FulvE2P4TNF2,E2P4_TNF_FULV
2263,36,41,2591.0,0.5733066997597966,20.217676572751834,47078.0,0.5475779060059859,0.9774723335340406,16.746038489315605,208.90924496546594,3795.8430854821327,0.05503632269850036,788370.0000000001,52384.0,0.06644595811611298,Dorota_to_analzye_size_spaces_FulvE2P4TNF2,E2P4_TNF_FULV
2264,37,51,2898.0,0.717174910443783,11.949620427881298,7049.0,0.40110239579122164,0.9461744966442953,12.227550007093205,233.66228942876123,568.3524769438709,0.41112214498510424,86192.0,34630.0,0.40177742713940967,Dorota_to_analzye_size_spaces_FulvE2P4TNF2,E2P4_TNF_FULV
2265,38,50,3327.0,0.6702490048262859,20.796212804328224,10027.0,0.4620467863624929,0.9786258051922702,22.619128353445696,268.25204862991325,808.4650711187677,0.3318041288520993,226802.0,69189.0,0.3050634474122803,Dorota_to_analzye_size_spaces_FulvE2P4TNF2,E2P4_TNF_FULV
2266,40,52,3073.0,0.5513363895253544,13.445493003579564,12021.0,0.7980132413393402,0.9004494382022472,16.92671158805424,247.7723310609328,969.2389169161969,0.2556359703851593,203476.0,41318.0,0.2030608032396941,Dorota_to_analzye_size_spaces_FulvE2P4TNF2,E2P4_TNF_FULV
2267,42,54,2262.0,0.627939449615578,15.760831122900088,36528.0,0.8571877478802893,0.9388783221097003,12.996386333771353,182.3823666969834,2945.209147085504,0.06192509855453351,474732.0,35651.0,0.07509710742060784,Dorota_to_analzye_size_spaces_FulvE2P4TNF2,E2P4_TNF_FULV
2268,43,57,765.0,0.78099943107182,18.155555555555555,4063.0,0.6756082166742139,0.9818753020782987,18.3285749446222,61.68103913492144,327.5948522943605,0.18828451882845187,74469.0,13889.0,0.18650713719802872,Dorota_to_analzye_size_spaces_FulvE2P4TNF2,E2P4_TNF_FULV
2269,44,57,1622.0,0.6582791773906943,17.344636251541306,4063.0,0.6756082166742139,0.9818753020782987,18.3285749446222,130.7799287278988,327.5948522943605,0.3992124046271228,74469.0,28133.0,0.3777813586861647,Dorota_to_analzye_size_spaces_FulvE2P4TNF2,E2P4_TNF_FULV
2270,45,57,444.0,0.7107123050537613,18.43243243243243,4063.0,0.6756082166742139,0.9818753020782987,18.3285749446222,35.79919134105244,327.5948522943605,0.10927885798670933,74469.0,8184.0,0.10989807839503686,Dorota_to_analzye_size_spaces_FulvE2P4TNF2,E2P4_TNF_FULV
2271,48,62,2601.0,0.6969739578542802,16.235294117647058,20058.0,0.6065808512696269,0.9882735514387071,17.860404826004586,209.7155330587329,1617.2526574748422,0.12967394555788214,358244.0,42228.0,0.11787496789897388,Dorota_to_analzye_size_spaces_FulvE2P4TNF2,E2P4_TNF_FULV
2272,4,4,4519.0,0.5200214228806752,9.965036512502767,5980.0,0.4910749660779926,0.9788836143394991,11.285953177257525,364.36158934733334,482.1602797736343,0.755685618729097,67490.0,45032.0,0.667239591050526,Dorota_to_analzye_size_spaces_FulvE2P4TNF3,E2P4_TNF_FULV
2273,5,3,2648.0,0.39974644080260413,19.022658610271904,10950.0,0.28055466682986,0.9889812138728323,22.849680365296802,213.50508709708754,882.8854621273069,0.24182648401826484,250203.99999999997,50372.0,0.2013237198446068,Dorota_to_analzye_size_spaces_FulvE2P4TNF3,E2P4_TNF_FULV
2274,6,3,843.0,0.8487850811756648,19.743772241992882,10950.0,0.28055466682986,0.9889812138728323,22.849680365296802,67.97008626240363,882.8854621273069,0.07698630136986301,250203.99999999997,16644.0,0.06652171827788525,Dorota_to_analzye_size_spaces_FulvE2P4TNF3,E2P4_TNF_FULV
2275,7,5,2657.0,0.6890474121212661,14.739555890101618,18602.0,0.4763883680359241,0.9887317954714574,18.87356198258252,214.2307463810278,1499.8571110951748,0.14283410385980003,351086.0,39163.0,0.11154816768541041,Dorota_to_analzye_size_spaces_FulvE2P4TNF3,E2P4_TNF_FULV
2276,8,3,356.0,0.7824190560750265,16.713483146067414,10950.0,0.28055466682986,0.9889812138728323,22.849680365296802,28.70385612030331,882.8854621273069,0.032511415525114155,250203.99999999997,5949.999999999999,0.023780595034451887,Dorota_to_analzye_size_spaces_FulvE2P4TNF3,E2P4_TNF_FULV
2277,9,6,1336.0,0.6817262065395336,12.910179640718562,10296.0,0.7025784367310347,0.9864903707962058,15.320609945609945,107.7200892604641,830.1542208276486,0.12975912975912976,157741.0,17248.0,0.1093437977444038,Dorota_to_analzye_size_spaces_FulvE2P4TNF3,E2P4_TNF_FULV
2278,10,6,1329.0,0.6073627472911046,15.099322799097065,10296.0,0.7025784367310347,0.9864903707962058,15.320609945609945,107.15568759517726,830.1542208276486,0.12907925407925408,157741.0,20067.0,0.12721486487343175,Dorota_to_analzye_size_spaces_FulvE2P4TNF3,E2P4_TNF_FULV
2279,12,8,3185.0,0.6030108537481577,19.018524332810046,31882.0,0.7210302233154469,0.9193460019031691,16.690546389812432,256.8027577055226,2570.6076989536805,0.09989962988520168,532128.0,60573.99999999999,0.11383351374105477,Dorota_to_analzye_size_spaces_FulvE2P4TNF3,E2P4_TNF_FULV
2280,13,9,2872.0,0.6917665743969471,15.219707520891365,28960.0,0.46501787293557645,0.9452622645820413,13.044544198895027,231.56594038626716,2335.010318101078,0.09917127071823205,377770.0,43711.0,0.11570797045821532,Dorota_to_analzye_size_spaces_FulvE2P4TNF3,E2P4_TNF_FULV
2281,14,11,2698.0,0.6333380231469738,13.833951074870274,26146.0,0.7902002347911524,0.9781884844176737,11.175246691654555,217.53652756342228,2108.1208486557593,0.10318978046355083,292188.0,37324.0,0.12773967445617204,Dorota_to_analzye_size_spaces_FulvE2P4TNF3,E2P4_TNF_FULV
2282,15,10,2827.0,0.7310535105288688,13.182879377431906,29798.0,0.8815404685192386,0.8374458996121634,8.469159003959998,227.9376439665659,2402.5772603168484,0.09487213906973622,252364.00000000003,37268.0,0.14767557971818482,Dorota_to_analzye_size_spaces_FulvE2P4TNF3,E2P4_TNF_FULV
2283,16,13,2896.0,0.6533417859374919,11.446132596685082,10975.0,0.4643435431471782,0.9825425246195165,14.898952164009112,233.50103181010783,884.9011823604743,0.263872437357631,163516.0,33148.0,0.2027202230974339,Dorota_to_analzye_size_spaces_FulvE2P4TNF3,E2P4_TNF_FULV
2284,17,14,4181.0,0.7829719307717323,21.865104042095194,33826.0,0.5996926814949839,0.965271238193077,16.911340389049844,337.1090517949105,2727.3501042847747,0.12360314550937149,572043.0,91418.0,0.15980966465807642,Dorota_to_analzye_size_spaces_FulvE2P4TNF3,E2P4_TNF_FULV
2285,18,15,2529.0,0.7019655922910832,8.069197311190194,40038.0,0.7241787978983112,0.982214262934524,5.869748738698236,203.9102587872109,3228.216267822202,0.06316499325640641,235013.0,20407.0,0.08683349431733564,Dorota_to_analzye_size_spaces_FulvE2P4TNF3,E2P4_TNF_FULV
2286,19,18,2095.0,0.7548690255135877,12.459665871121718,22694.0,0.952354295534751,0.7662232426227295,8.491010839869569,168.9173555394254,1829.7901988600095,0.0923151493786904,192695.0,26103.0,0.13546277796517814,Dorota_to_analzye_size_spaces_FulvE2P4TNF3,E2P4_TNF_FULV
2287,22,20,2480.0,0.6317414774914583,28.56774193548387,58653.0,0.845760205091299,0.9636572742955721,16.9790633045198,199.95944713020285,4729.121553438624,0.042282577191277516,995872.9999999999,70848.0,0.07114160138893214,Dorota_to_analzye_size_spaces_FulvE2P4TNF3,E2P4_TNF_FULV
2288,23,19,2840.0,0.6456398006610162,19.797535211267604,68950.0,0.4157909047582146,0.9254785106440095,14.946715010877448,228.98581848781294,5559.356403075599,0.04118926758520667,1030576.0,56224.99999999999,0.054556869168309756,Dorota_to_analzye_size_spaces_FulvE2P4TNF3,E2P4_TNF_FULV
2289,25,22,2440.0,0.6466866716711975,7.229508196721311,49037.0,0.7912404122086092,0.8970128230925422,4.3516324408100004,196.73429475713505,3953.7949229531278,0.04975834573893183,213391.0,17640.0,0.08266515457540384,Dorota_to_analzye_size_spaces_FulvE2P4TNF3,E2P4_TNF_FULV
2290,27,24,1238.0,0.7177720873503547,11.777059773828755,4894.0,0.7750476568991195,0.9195791055993987,13.191254597466285,99.81846594644803,394.59739284484385,0.2529628116060482,64558.0,14579.999999999998,0.22584342761547752,Dorota_to_analzye_size_spaces_FulvE2P4TNF3,E2P4_TNF_FULV
2291,30,26,2423.0,0.8101417559757155,19.814692529921587,17347.0,0.6097726438504524,0.9340404910618135,16.83017236409754,195.36360499858125,1398.667955390173,0.13967833054706866,291953.0,48011.00000000001,0.16444770219864158,Dorota_to_analzye_size_spaces_FulvE2P4TNF3,E2P4_TNF_FULV
2292,31,27,1835.0,0.6931419741509096,7.438692098092643,4166.0,0.8222872142828819,0.9788533834586466,8.682909265482477,147.95386511448476,335.8996196550101,0.44047047527604416,36173.0,13650.0,0.3773532745417853,Dorota_to_analzye_size_spaces_FulvE2P4TNF3,E2P4_TNF_FULV
2293,32,28,2347.0,0.7422328766981084,12.865360034086068,17895.0,0.9418400395783151,0.8895903758202426,11.574741547918412,189.23581548975244,1442.8525429012016,0.13115395361832916,207130.0,30195.000000000004,0.1457780138077536,Dorota_to_analzye_size_spaces_FulvE2P4TNF3,E2P4_TNF_FULV
2294,33,25,2808.0,0.7586302043003808,18.50534188034188,44143.0,0.7394198732209633,0.9671150644115327,14.620302199669256,226.4056965893587,3559.197530108284,0.06361144462315656,645384.0,51963.0,0.08051485627161503,Dorota_to_analzye_size_spaces_FulvE2P4TNF3,E2P4_TNF_FULV
2295,34,30,2712.0,0.521414783602895,13.575958702064897,52580.0,0.8696093207862641,0.9162353843204907,10.180296690756942,218.665330893996,4239.4627943976075,0.05157854697603652,535280.0,36818.0,0.06878269316992976,Dorota_to_analzye_size_spaces_FulvE2P4TNF3,E2P4_TNF_FULV
2296,35,31,2374.0,0.5814265483255923,10.073294018534119,26211.0,0.8904158298136942,0.9375804836171127,7.738048910762657,191.4127933415732,2113.3617212619947,0.09057266033344778,202822.0,23914.0,0.11790634152113676,Dorota_to_analzye_size_spaces_FulvE2P4TNF3,E2P4_TNF_FULV
2297,36,29,3676.0,0.6933784812028801,16.940152339499456,48125.0,0.534273309986469,0.9699101132653473,12.641392207792208,296.3915030849297,3880.2614488471822,0.07638441558441558,608367.0,62272.0,0.10235926669263783,Dorota_to_analzye_size_spaces_FulvE2P4TNF3,E2P4_TNF_FULV
2298,37,35,2812.0,0.7382297302707868,25.19167852062589,10560.0,0.4638149656110704,0.9815950920245399,26.529071969696968,226.72821182666547,851.440226489896,0.2662878787878788,280147.0,70839.0,0.25286367514197905,Dorota_to_analzye_size_spaces_FulvE2P4TNF3,E2P4_TNF_FULV
2299,38,32,2957.0,0.7331171818164116,15.486641866756848,63601.0,0.6240930771350336,0.9794412960453369,12.841008789169981,238.41938917903622,5128.07290198711,0.046492979670130975,816701.0,45794.0,0.05607192840464258,Dorota_to_analzye_size_spaces_FulvE2P4TNF3,E2P4_TNF_FULV
2300,39,33,2906.0,0.7043641008457256,15.061596696490021,41986.0,0.7166473525707088,0.9549652003821134,10.318463297289572,234.30731990337478,3385.2811883906033,0.06921354737293384,433230.99999999994,43769.0,0.10102924305970719,Dorota_to_analzye_size_spaces_FulvE2P4TNF3,E2P4_TNF_FULV
2301,40,34,1378.0,0.7448526801154259,17.079100145137883,12443.0,0.5834261753164367,0.9806904161412359,22.73728200594712,111.10649925218529,1003.2642744520621,0.11074499718717351,282920.0,23535.000000000004,0.08318605966350913,Dorota_to_analzye_size_spaces_FulvE2P4TNF3,E2P4_TNF_FULV
2302,41,34,1516.0,0.7578053270842157,16.744722955145118,12443.0,0.5834261753164367,0.9806904161412359,22.73728200594712,122.23327493926915,1003.2642744520621,0.12183557020011251,282920.0,25385.0,0.08972501060370423,Dorota_to_analzye_size_spaces_FulvE2P4TNF3,E2P4_TNF_FULV
2303,42,36,2454.0,0.7482862072224706,15.536267318663407,28460.0,0.7728730105044803,0.9742905070007873,12.571960646521434,197.86309808770878,2294.695913437731,0.08622628250175685,357798.0,38126.0,0.10655733123158877,Dorota_to_analzye_size_spaces_FulvE2P4TNF3,E2P4_TNF_FULV
2304,45,39,2720.0,0.623131256808582,37.09889705882353,43706.0,0.6827067316050194,0.9789674095643409,25.25348922344758,219.31036136860956,3523.9627404325183,0.06223401821260239,1103729.0,100909.0,0.09142552202578713,Dorota_to_analzye_size_spaces_FulvE2P4TNF3,E2P4_TNF_FULV
2305,46,41,2451.0,0.5294909725428838,29.97266421868625,45888.0,0.7278439505485463,0.9806175873490758,17.87785477684798,197.6212116597287,3699.8948023833664,0.05341265690376569,820379.0000000001,73463.0,0.08954763590974414,Dorota_to_analzye_size_spaces_FulvE2P4TNF3,E2P4_TNF_FULV
2306,48,43,1992.0,0.6870582719854805,14.988955823293173,30084.0,0.6837227602900742,0.9760560638504964,11.792281611487834,160.61258817877584,2425.6370997842832,0.06621459912245713,354759.0,29858.0,0.08416417906240574,Dorota_to_analzye_size_spaces_FulvE2P4TNF3,E2P4_TNF_FULV
2307,49,43,554.0,0.805128927842026,11.740072202166065,30084.0,0.6837227602900742,0.9760560638504964,11.792281611487834,44.668360366988864,2425.6370997842832,0.018415104374418297,354759.0,6504.0,0.01833357293261059,Dorota_to_analzye_size_spaces_FulvE2P4TNF3,E2P4_TNF_FULV
2308,51,45,2493.0,0.6563662282660407,12.073004412354592,21115.0,0.8581988634379194,0.9091496232508073,11.086099928960454,201.00762165144988,1702.4773089331584,0.11806772436656406,234083.0,30098.0,0.12857832478223535,Dorota_to_analzye_size_spaces_FulvE2P4TNF3,E2P4_TNF_FULV
2309,52,44,2418.0,0.49270928418458315,11.05210918114144,25873.0,0.5537483845953972,0.947972007474444,9.346461562246358,194.96046095194777,2086.109183709572,0.09345649905306691,241821.0,26724.0,0.11051149403897924,Dorota_to_analzye_size_spaces_FulvE2P4TNF3,E2P4_TNF_FULV
2310,53,46,3875.0,0.7219580966006474,16.78090322580645,42904.0,0.5233761005887987,0.9827519069106901,13.865094163714339,312.4366361409419,3459.2984353525094,0.09031791907514451,594868.0,65026.0,0.10931164560877371,Dorota_to_analzye_size_spaces_FulvE2P4TNF3,E2P4_TNF_FULV
2311,54,47,2891.0,0.682336087114976,23.82704946385334,35294.0,0.9028257059820651,0.959493257938234,20.676857256190853,233.09788776347438,2845.7131963763627,0.0819119397064657,729769.0,68884.0,0.09439151293080413,Dorota_to_analzye_size_spaces_FulvE2P4TNF3,E2P4_TNF_FULV
2312,55,49,770.0,0.6018629982267157,12.192207792207792,7775.0,0.5472908196999181,0.9874269748539497,16.177234726688102,62.08418318155491,626.8889925150512,0.09903536977491961,125778.0,9388.0,0.07463944409992208,Dorota_to_analzye_size_spaces_FulvE2P4TNF3,E2P4_TNF_FULV
2313,56,49,1473.0,0.5893325294690215,13.235573659198915,7775.0,0.5472908196999181,0.9874269748539497,16.177234726688102,118.76623613822129,626.8889925150512,0.18945337620578778,125778.0,19496.0,0.1550032597115553,Dorota_to_analzye_size_spaces_FulvE2P4TNF3,E2P4_TNF_FULV
2314,57,48,2428.0,0.7404967918702603,18.822075782537066,39015.0,0.8191830899741919,0.9326815041476417,17.121696783288478,195.7667490452147,3145.7329958809937,0.06223247468922209,668003.0,45700.0,0.0684128664092826,Dorota_to_analzye_size_spaces_FulvE2P4TNF3,E2P4_TNF_FULV
2315,58,52,2683.0,0.7476310697081685,14.577711516958628,14695.0,0.5136391033021859,0.9659501741931243,14.177883633889078,216.32709542352185,1184.8403530557785,0.18257910854031983,208344.0,39112.0,0.18772798832699766,Dorota_to_analzye_size_spaces_FulvE2P4TNF3,E2P4_TNF_FULV
2316,59,50,2272.0,0.6776936893125424,23.446302816901408,15587.0,0.8351394205343168,0.9515292106708992,19.78077885417335,183.18865479025035,1256.7612509751903,0.14576249438634759,308323.0,53270.0,0.1727733578098293,Dorota_to_analzye_size_spaces_FulvE2P4TNF3,E2P4_TNF_FULV
2317,60,55,2540.0,0.6653732779191817,12.538188976377953,21999.0,0.517118281160895,0.9881417598706373,13.27951270512296,204.79717568980453,1773.7531763779566,0.11545979362698304,292136.0,31847.0,0.10901429471205192,Dorota_to_analzye_size_spaces_FulvE2P4TNF3,E2P4_TNF_FULV
2318,61,54,623.0,0.6450752475950546,15.475120385232744,48526.0,0.6493479442024925,0.9887525979053751,12.6465399991757,50.231748210530796,3912.593601387187,0.012838478341507645,613686.0,9641.0,0.01570998849574538,Dorota_to_analzye_size_spaces_FulvE2P4TNF3,E2P4_TNF_FULV
2319,62,54,588.0,0.6825016313506642,12.239795918367347,48526.0,0.6493479442024925,0.9887525979053751,12.6465399991757,47.40973988409648,3912.593601387187,0.012117215513333059,613686.0,7197.0,0.011727495820338088,Dorota_to_analzye_size_spaces_FulvE2P4TNF3,E2P4_TNF_FULV
2320,63,54,1263.0,0.7331022334498107,16.517814726840854,48526.0,0.6493479442024925,0.9887525979053751,12.6465399991757,101.8341861796154,3912.593601387187,0.026027284342414376,613686.0,20862.0,0.03399458354924179,Dorota_to_analzye_size_spaces_FulvE2P4TNF3,E2P4_TNF_FULV
2321,64,56,2679.0,0.7745555090226404,15.267637178051512,22392.0,0.8828217616437531,0.93918295445013,14.590032154340836,216.0045801862151,1805.4402984433475,0.11964094319399786,326700.0,40902.0,0.12519742883379248,Dorota_to_analzye_size_spaces_FulvE2P4TNF3,E2P4_TNF_FULV
2322,65,57,2298.0,0.678614208037275,11.031766753698868,40016.0,0.8064303524154252,0.9438403660636365,9.969737105157936,185.28500383274442,3226.442434017015,0.05742702918832467,398948.99999999994,25351.0,0.06354446307673413,Dorota_to_analzye_size_spaces_FulvE2P4TNF3,E2P4_TNF_FULV
2323,66,59,2562.0,0.47351648813145925,13.603825136612022,6753.0,0.3109903260750208,0.9826833527357393,19.27010217681031,206.5710094949918,544.4863493831692,0.3793869391381608,130131.00000000001,34853.0,0.2678301096587285,Dorota_to_analzye_size_spaces_FulvE2P4TNF3,E2P4_TNF_FULV
2324,67,60,1385.0,0.8185307154174243,8.40072202166065,5214.0,0.2784551130351076,0.9775028121484814,11.581127733026467,111.67090091747215,420.39861182938614,0.26563099347909475,60384.0,11635.0,0.19268349231584525,Dorota_to_analzye_size_spaces_FulvE2P4TNF3,E2P4_TNF_FULV
2325,68,60,1549.0,0.6340979978362096,8.33182698515171,5214.0,0.2784551130351076,0.9775028121484814,11.581127733026467,124.89402564705009,420.39861182938614,0.29708477176831605,60384.0,12906.0,0.21373211446740858,Dorota_to_analzye_size_spaces_FulvE2P4TNF3,E2P4_TNF_FULV
2326,69,61,2129.0,0.7465478943435653,15.66322217003288,24951.0,0.789370464416306,0.965371817689391,14.644463147769628,171.658735056533,2011.7694215103593,0.08532724139313054,365394.0,33347.0,0.09126312966277497,Dorota_to_analzye_size_spaces_FulvE2P4TNF3,E2P4_TNF_FULV
2327,70,63,863.0,0.7362584341803046,11.292004634994207,5300.0,0.6021392558736027,0.9843982169390788,13.486415094339623,69.58266244893753,427.33268943148187,0.16283018867924529,71478.0,9745.0,0.13633565572623743,Dorota_to_analzye_size_spaces_FulvE2P4TNF3,E2P4_TNF_FULV
2328,71,63,953.0,0.7792373102543705,12.015739769150052,5300.0,0.6021392558736027,0.9843982169390788,13.486415094339623,76.83925528834004,427.33268943148187,0.17981132075471698,71478.0,11451.0,0.16020313942751616,Dorota_to_analzye_size_spaces_FulvE2P4TNF3,E2P4_TNF_FULV
2329,72,63,718.0,0.8047794564884813,10.488857938718663,5300.0,0.6021392558736027,0.9843982169390788,13.486415094339623,57.89148509656679,427.33268943148187,0.13547169811320756,71478.0,7531.0,0.10536109012563306,Dorota_to_analzye_size_spaces_FulvE2P4TNF3,E2P4_TNF_FULV
2330,74,63,99.0,0.7191326597289065,8.464646464646465,5300.0,0.6021392558736027,0.9843982169390788,13.486415094339623,7.982252123342775,427.33268943148187,0.01867924528301887,71478.0,838.0000000000001,0.01172388707014746,Dorota_to_analzye_size_spaces_FulvE2P4TNF3,E2P4_TNF_FULV
2331,75,63,1.0,0.0,5.0,5300.0,0.6021392558736027,0.9843982169390788,13.486415094339623,0.0806288093266947,427.33268943148187,0.00018867924528301886,71478.0,5.0,6.995159349729987e-05,Dorota_to_analzye_size_spaces_FulvE2P4TNF3,E2P4_TNF_FULV
2332,12,14,3001.0,0.8377561078995993,4.135954681772742,19886.0,0.7868006075443013,0.835756913507607,3.5043749371417077,241.96705678941078,1603.3845022706507,0.15091018807201045,69688.0,12412.0,0.17810813913442775,Dorota_to_analzye_size_spaces_TNF,TNF
2333,13,17,2145.0,0.6539157848908882,6.6223776223776225,23665.0,0.6604574924388834,0.8771637199303162,5.417325163743926,172.94879600576013,1908.08077271623,0.09064018592858653,128201.0,14205.0,0.11080256784268454,Dorota_to_analzye_size_spaces_TNF,TNF
2334,14,22,750.0,0.8519804595675845,5.356,4160.0,0.6408078933252221,0.9683426443202979,5.657692307692308,60.47160699502102,335.4158467990499,0.18028846153846154,23536.0,4017.0,0.17067471108089735,Dorota_to_analzye_size_spaces_TNF,TNF
2335,15,16,2931.0,0.6339177629900083,15.906175366769022,62490.0,0.5523934829805763,0.9080209241499564,11.095887341974716,236.32304013654215,5038.494294825152,0.04690350456072972,693382.0,46621.0,0.06723710739534629,Dorota_to_analzye_size_spaces_TNF,TNF
2336,16,22,2040.0,0.4527966946225914,5.14656862745098,4160.0,0.6408078933252221,0.9683426443202979,5.657692307692308,164.4827710264572,335.4158467990499,0.49038461538461536,23536.0,10499.0,0.4460825968728756,Dorota_to_analzye_size_spaces_TNF,TNF
2337,18,27,2481.0,0.710356221435708,4.213220475614672,4474.0,0.511100345633877,0.9789934354485776,4.941439427805096,200.04007593952954,360.7332929276321,0.5545373267769333,22108.0,10453.0,0.47281527049032024,Dorota_to_analzye_size_spaces_TNF,TNF
2338,19,28,2017.0,0.6347686797637394,4.466534457114527,2974.0,0.6224016112723723,0.9773250082155768,4.936112979152656,162.6283084119432,239.79007893759,0.6782111634162744,14680.0,9009.0,0.613692098092643,Dorota_to_analzye_size_spaces_TNF,TNF
2339,20,21,1394.0,0.35283183077456576,24.338593974175037,39545.0,0.6180336528820344,0.9353564501632055,16.434087748135035,112.3965602014124,3188.4662648241415,0.035250979896320644,649886.0,33928.0,0.05220607922004782,Dorota_to_analzye_size_spaces_TNF,TNF
2340,21,23,1970.0,0.7240277638407778,23.68020304568528,26688.0,0.9595521417078237,0.9092705529624203,18.18656324940048,158.83875437358856,2151.821663310828,0.07381594724220623,485363.0,46650.0,0.09611363041682205,Dorota_to_analzye_size_spaces_TNF,TNF
2341,22,21,528.0,0.3979634846203621,30.609848484848484,39545.0,0.6180336528820344,0.9353564501632055,16.434087748135035,42.572011324494795,3188.4662648241415,0.013351877607788595,649886.0,16162.0,0.02486897702058515,Dorota_to_analzye_size_spaces_TNF,TNF
2342,23,21,221.0,0.5930276206518664,15.14027149321267,39545.0,0.6180336528820344,0.9353564501632055,16.434087748135035,17.818966861199527,3188.4662648241415,0.0055885699835630295,649886.0,3346.0,0.005148595292097383,Dorota_to_analzye_size_spaces_TNF,TNF
2343,24,21,476.0,0.8364533203871805,17.766806722689076,39545.0,0.6180336528820344,0.9353564501632055,16.434087748135035,38.37931323950667,3188.4662648241415,0.012036919964597294,649886.0,8457.0,0.013013051519805013,Dorota_to_analzye_size_spaces_TNF,TNF
2344,26,24,1768.0,0.30845336226777137,17.8789592760181,58320.0,0.5895210083363027,0.9394027254276602,14.07772633744856,142.55173488959622,4702.272159932834,0.030315500685871057,821013.0,31610.000000000004,0.03850121739850648,Dorota_to_analzye_size_spaces_TNF,TNF
2345,28,24,811.0,0.7486608385163565,13.627620221948211,58320.0,0.5895210083363027,0.9394027254276602,14.07772633744856,65.3899643639494,4702.272159932834,0.013906035665294924,821013.0,11052.0,0.013461419003109574,Dorota_to_analzye_size_spaces_TNF,TNF
2346,29,29,2686.0,0.4396601224104402,4.618019359642592,19447.0,0.8413733295537477,0.9211348995831754,3.5184861418213607,216.56898185150195,1567.9884549762317,0.13811899007559006,68424.0,12404.000000000002,0.18128142172337194,Dorota_to_analzye_size_spaces_TNF,TNF
2347,30,32,2440.0,0.7656898942738102,6.836475409836066,25081.0,0.7983522005346659,0.9415496658908327,3.758342968781149,196.73429475713505,2022.2511667228296,0.09728479725688768,94263.0,16681.0,0.17696232880345417,Dorota_to_analzye_size_spaces_TNF,TNF
2348,31,33,3195.0,0.7717446265014967,5.663536776212832,41432.0,0.7313279244103701,0.9257306282956476,4.399980691253138,257.60904579878957,3340.6128280236144,0.07711430778142499,182300.0,18095.0,0.09925946242457488,Dorota_to_analzye_size_spaces_TNF,TNF
2349,32,31,1680.0,0.5066206265830132,19.360714285714284,29379.0,0.9390314873073966,0.9314247669773635,19.243813608359712,135.4563996688471,2368.7937892089635,0.057183702644746245,565364.0,32525.999999999996,0.05753107732363574,Dorota_to_analzye_size_spaces_TNF,TNF
2350,33,31,1188.0,0.7320282449796583,28.715488215488215,29379.0,0.9390314873073966,0.9314247669773635,19.243813608359712,95.7870254801133,2368.7937892089635,0.04043704687021342,565364.0,34114.0,0.06033988722309875,Dorota_to_analzye_size_spaces_TNF,TNF
2351,34,30,1678.0,0.6966038576531222,17.257449344457687,44201.0,0.7733195939163288,0.9158171722194597,18.758240763783625,135.2951420501937,3563.874001049232,0.03796294201488654,829133.0,28957.999999999996,0.03492563919178226,Dorota_to_analzye_size_spaces_TNF,TNF
2352,35,30,1383.0,0.7598021570020151,20.425162689804772,44201.0,0.7733195939163288,0.9158171722194597,18.758240763783625,111.50964329881876,3563.874001049232,0.03128888486685821,829133.0,28248.0,0.03406932301572848,Dorota_to_analzye_size_spaces_TNF,TNF
2353,37,37,965.0,0.5842225168192097,4.807253886010363,17948.0,0.7033853446983215,0.8909406800694961,3.7214174281256964,77.80680100026038,1447.1258697955163,0.053766436371740584,66792.0,4639.0,0.06945442567972213,Dorota_to_analzye_size_spaces_TNF,TNF
2354,38,37,1037.0,0.4742160691341413,4.539054966248795,17948.0,0.7033853446983215,0.8909406800694961,3.7214174281256964,83.6120752717824,1447.1258697955163,0.057778025406730556,66792.0,4707.0,0.07047251167804527,Dorota_to_analzye_size_spaces_TNF,TNF
2355,39,37,401.0,0.8541588437751758,4.00498753117207,17948.0,0.7033853446983215,0.8909406800694961,3.7214174281256964,32.33215254000457,1447.1258697955163,0.022342322264319144,66792.0,1606.0,0.02404479578392622,Dorota_to_analzye_size_spaces_TNF,TNF
2356,41,40,2064.0,0.5164720818437304,8.484011627906977,31419.0,0.9040691095865725,0.9073555318104369,6.552086317196601,166.41786245029786,2533.2765602354207,0.06569273369617111,205860.0,17511.0,0.08506266394637133,Dorota_to_analzye_size_spaces_TNF,TNF
2357,42,35,2394.0,0.62880908140447,5.154135338345864,35206.0,0.6881314662293508,0.9116710257140638,3.1048684883258537,193.0253695281071,2838.6178611556134,0.0679997727660058,109310.0,12339.0,0.11288079773122313,Dorota_to_analzye_size_spaces_TNF,TNF
2358,43,41,2299.0,0.8220005382219796,15.441496302740322,35751.0,0.701504460665771,0.8938196909845493,12.658499062963275,185.3656326420711,2882.560562238662,0.0643058935414394,452554.0,35500.0,0.07844367743959837,Dorota_to_analzye_size_spaces_TNF,TNF
2359,45,44,3263.0,0.7324501440922806,5.223107569721115,46858.0,0.8706395419783367,0.9169324697180204,2.9046267446327203,263.0918048330048,3778.10474743026,0.06963592129412267,136105.0,17043.0,0.12521949965100473,Dorota_to_analzye_size_spaces_TNF,TNF
2360,46,41,210.0,0.439872991461078,15.885714285714286,35751.0,0.701504460665771,0.8938196909845493,12.658499062963275,16.932049958605887,2882.560562238662,0.005873961567508601,452554.0,3336.0,0.00737149599826761,Dorota_to_analzye_size_spaces_TNF,TNF
2361,47,42,2813.0,0.754703881790299,12.385709207252043,69063.0,0.7708278090895231,0.9159063179672166,10.00487960268161,226.80884063599217,5568.467458529516,0.04073092683491884,690967.0,34841.0,0.05042353686934398,Dorota_to_analzye_size_spaces_TNF,TNF
2362,49,46,2658.0,0.8117478572879419,6.94319036869827,14524.0,0.9296736897976225,0.8036741921204072,6.447397411181493,214.3113751903545,1171.0528266609138,0.18300743596805288,93642.0,18455.0,0.19708036991948058,Dorota_to_analzye_size_spaces_TNF,TNF
2363,51,45,1252.0,0.47383077673146956,11.995207667731629,52599.0,0.7820923786247863,0.9256313242410911,8.810813893800262,100.94726927702176,4240.994741774814,0.02380273389227932,463439.99999999994,15018.0,0.032405489383739,Dorota_to_analzye_size_spaces_TNF,TNF
2364,52,45,1307.0,0.611395346081982,11.426931905126244,52599.0,0.7820923786247863,0.9256313242410911,8.810813893800262,105.38185378998996,4240.994741774814,0.02484838114793057,463439.99999999994,14935.0,0.032226393923701024,Dorota_to_analzye_size_spaces_TNF,TNF
2365,53,48,3013.0,0.6786913413006868,4.461666113508131,29977.0,0.8046400791019477,0.9338047473677652,2.509523968375755,242.9346025013311,2417.009817186327,0.10051039129999667,75228.0,13442.999999999998,0.17869676184399425,Dorota_to_analzye_size_spaces_TNF,TNF
2366,54,50,2251.0,0.689255387411572,6.344291426032874,23081.0,0.494809613650925,0.9843483452746503,3.912352151119969,181.49544979438977,1860.9935480694403,0.09752610372167583,90301.0,14281.0,0.15814885770921694,Dorota_to_analzye_size_spaces_TNF,TNF
2367,55,51,3144.0,0.6895634461925283,4.771628498727735,32671.0,0.7796121106362693,0.9301617127889762,2.7087631232591596,253.49697652312813,2634.2238295124425,0.09623213247222308,88498.0,15002.0,0.1695179552080273,Dorota_to_analzye_size_spaces_TNF,TNF
2368,57,54,2556.0,0.763815520158319,7.458920187793427,22114.0,0.7324924171462946,0.922339005672339,6.416342588405535,206.08723663903163,1783.0254894505265,0.11558288866781224,141891.0,19065.0,0.1343637017146965,Dorota_to_analzye_size_spaces_TNF,TNF
2369,58,55,2418.0,0.7537596869924846,17.314722911497103,26034.0,0.4454100256454064,0.8887447513057727,14.651609433817315,194.96046095194777,2099.0904220111697,0.09287854344318967,381440.0,41866.99999999999,0.10976038171140938,Dorota_to_analzye_size_spaces_TNF,TNF
2370,59,57,2170.0,0.7775622729321187,10.510599078341015,14385.0,0.6059584361213917,0.9767110266159695,11.450955856795273,174.9645162389275,1159.8454221645031,0.15085158150851583,164722.0,22808.0,0.13846359320552204,Dorota_to_analzye_size_spaces_TNF,TNF
2371,60,58,1535.0,0.41929563268272246,4.822801302931596,6785.0,0.6931593026124889,0.9513460459899047,4.643625644804716,123.76522231647635,547.0664712816235,0.2262343404568902,31507.0,7403.0,0.23496365886945758,Dorota_to_analzye_size_spaces_TNF,TNF
2372,61,59,2217.0,0.8520219914772379,8.171853856562922,17479.0,0.9422118229995861,0.8343994653427534,7.98380914239945,178.75407027728212,1409.3109582212965,0.12683791978946163,139549.0,18117.0,0.12982536600047295,Dorota_to_analzye_size_spaces_TNF,TNF
2373,63,62,2843.0,0.7553518078284193,4.826591628561379,27924.0,0.8835684743514047,0.7075098814229249,3.132359260850881,229.22770491579303,2251.478871638623,0.10181206130926801,87468.0,13722.0,0.1568802304842914,Dorota_to_analzye_size_spaces_TNF,TNF
2374,64,60,2781.0,0.7254144153992804,16.189859762675297,39035.0,0.4954634604522242,0.9609561556830211,11.466325092865377,224.22871873753795,3147.3455720675274,0.07124375560394518,447588.0,45024.0,0.10059250918255182,Dorota_to_analzye_size_spaces_TNF,TNF
2375,65,61,2356.0,0.7788116238391514,8.070458404074703,21384.0,0.905550173391492,0.7390613119513375,3.5738870183314626,189.96147477369271,1724.1664586420393,0.11017583239805462,76424.0,19014.0,0.24879618967863498,Dorota_to_analzye_size_spaces_TNF,TNF
2376,66,65,3167.0,0.6724498768507203,5.7489737922323965,25004.0,0.6068850848630024,0.8727095040312729,4.090985442329227,255.3514391376421,2016.042748404674,0.1266597344424892,102291.0,18207.0,0.17799219872716074,Dorota_to_analzye_size_spaces_TNF,TNF
2377,68,63,607.0,0.7420498939009461,4.831960461285008,34857.0,0.7925571721269947,0.92404962621282,4.533407923802966,48.94168726130368,2810.478406700597,0.017414005795105717,158021.0,2933.0,0.018560824194252663,Dorota_to_analzye_size_spaces_TNF,TNF
2378,69,63,359.0,0.407306630156585,4.7465181058495824,34857.0,0.7925571721269947,0.92404962621282,4.533407923802966,28.945742548283395,2810.478406700597,0.010299222537797286,158021.0,1704.0,0.010783376892944608,Dorota_to_analzye_size_spaces_TNF,TNF
2379,70,63,889.0,0.846098560437161,5.224971878515186,34857.0,0.7925571721269947,0.92404962621282,4.533407923802966,71.67901149143158,2810.478406700597,0.025504202886077403,158021.0,4645.0,0.029394827269793256,Dorota_to_analzye_size_spaces_TNF,TNF
2380,71,63,949.0,0.7785604415301377,4.507903055848261,34857.0,0.7925571721269947,0.92404962621282,4.533407923802966,76.51674005103327,2810.478406700597,0.027225521416071378,158021.0,4278.0,0.027072351143202486,Dorota_to_analzye_size_spaces_TNF,TNF
2381,72,69,1054.0,0.8271112197955584,3.8633776091081593,10460.0,0.9335344785287805,0.8852403520649966,3.2720841300191204,84.98276503033621,843.3773455572265,0.10076481835564054,34226.0,4072.0,0.11897387950680768,Dorota_to_analzye_size_spaces_TNF,TNF
2382,74,66,1923.0,0.4839708188500135,4.900676027041082,23383.0,0.852906993647713,0.8106430923903623,2.549929435914981,155.0492003352339,1885.343448486102,0.08223923363127059,59625.0,9424.0,0.1580545073375262,Dorota_to_analzye_size_spaces_TNF,TNF
2383,75,69,1250.0,0.6538621735308743,4.6736,10460.0,0.9335344785287805,0.8852403520649966,3.2720841300191204,100.78601165836837,843.3773455572265,0.11950286806883365,34226.0,5842.000000000001,0.17068894992111264,Dorota_to_analzye_size_spaces_TNF,TNF
2384,77,68,2278.0,0.7193919283564372,10.166374012291485,45863.0,0.6971760118513308,0.9142612231879436,4.2527527636657,183.6724276462105,3697.879082150199,0.049669668360116,195043.99999999997,23159.0,0.11873731055556697,Dorota_to_analzye_size_spaces_TNF,TNF
2385,78,72,2196.0,0.7768527502703908,4.42304189435337,31032.0,0.9380769567023534,0.8982285515804098,2.3413573085846866,177.06086528142154,2502.0732110259896,0.07076566125290024,72657.0,9713.0,0.13368292112253466,Dorota_to_analzye_size_spaces_TNF,TNF
2386,79,73,3363.0,0.7683473380399819,8.016057091882248,31161.0,0.8183768487197625,0.8881067061874769,8.152690863579474,271.15468576567423,2512.4743274291336,0.1079233657456436,254046.0,26958.0,0.1061146406556293,Dorota_to_analzye_size_spaces_TNF,TNF
2387,81,77,1839.0,0.7264772926321139,14.144643828167482,9603.0,0.8405503752444616,0.9204447426435349,12.795480578985734,148.27638035179154,774.2784559642491,0.1915026554201812,122875.0,26012.0,0.21169481180061037,Dorota_to_analzye_size_spaces_TNF,TNF
2388,82,74,2270.0,0.7262474727668978,8.47885462555066,31480.0,0.8016297978718007,0.9536792995849617,5.9258894536213464,183.02739717159696,2538.194917604349,0.07210927573062262,186547.0,19247.0,0.10317507116169115,Dorota_to_analzye_size_spaces_TNF,TNF
2389,83,75,2632.0,0.6747207056869436,4.479483282674772,39154.0,0.49774805402688016,0.8849961574974007,2.165347090974102,212.21502614786044,3156.940400377404,0.06722173979670021,84782.0,11790.0,0.139062536859239,Dorota_to_analzye_size_spaces_TNF,TNF
2390,84,79,2492.0,0.7251477547608477,21.46147672552167,25665.0,0.556130589525488,0.9596545019443613,17.57323202805377,200.92699284212318,2069.3383913696193,0.09709721410481201,451017.0,53482.0,0.11858089606378473,Dorota_to_analzye_size_spaces_TNF,TNF
2391,85,81,2785.0,0.7944515112400976,22.159784560143628,15300.0,0.8078019323527712,0.9344082081348479,29.10359477124183,224.55123397484473,1233.620782698429,0.18202614379084966,445285.0,61715.0,0.13859662912516701,Dorota_to_analzye_size_spaces_TNF,TNF
2392,87,80,2517.0,0.632538306421486,6.765991259435836,38618.0,0.683314794025037,0.9289425574906187,3.8897146408410586,202.94271307529056,3113.7233585782956,0.06517686053135843,150213.0,17030.0,0.11337234460399566,Dorota_to_analzye_size_spaces_TNF,TNF
2393,89,83,442.0,0.7888423850885926,22.33710407239819,26896.0,0.7892814378268576,0.9152034844154077,17.052386972040452,35.637933722399055,2168.5924556507807,0.01643367043426532,458641.0,9873.0,0.021526640662304503,Dorota_to_analzye_size_spaces_TNF,TNF
2394,90,83,1865.0,0.4680724415018882,18.806434316353887,26896.0,0.7892814378268576,0.9152034844154077,17.052386972040452,150.3727293942856,2168.5924556507807,0.06934116597263533,458641.0,35074.0,0.0764737561622271,Dorota_to_analzye_size_spaces_TNF,TNF
2395,91,86,3083.0,0.5704226535395454,4.753162504054492,5593.0,0.34150377138830523,0.9841632940348407,5.788128017164312,248.57861915419974,450.95693056420345,0.5512247452172359,32372.999999999996,14653.999999999998,0.4526611682574985,Dorota_to_analzye_size_spaces_TNF,TNF
2396,92,84,3667.0,0.5169282000725235,5.636214889555495,46933.0,0.5806854632036605,0.9304349549978193,3.2012656339888776,295.6658438009894,3784.151908129762,0.07813265719216755,150245.0,20668.0,0.13756198209591,Dorota_to_analzye_size_spaces_TNF,TNF
2397,93,85,2394.0,0.7436824577244903,19.770258980785297,21905.0,0.9010836268079955,0.9051652892561983,17.53083770828578,193.0253695281071,1766.1740683012472,0.10929011641177813,384013.0,47330.0,0.12325103577222646,Dorota_to_analzye_size_spaces_TNF,TNF
2398,94,87,2377.0,0.6510337851331807,8.469920067311737,22656.0,0.6005838006092081,0.9040702314445331,6.554819915254237,191.6546797695533,1826.726304105595,0.1049170197740113,148506.0,20133.0,0.13557027998868731,Dorota_to_analzye_size_spaces_TNF,TNF
2399,95,91,2299.0,0.7499908491936113,3.7442366246193997,10435.0,0.5148524350744725,0.9675475197032916,3.7552467656923816,185.3656326420711,841.3616253240591,0.22031624341159559,39186.0,8608.0,0.21967029040984024,Dorota_to_analzye_size_spaces_TNF,TNF
2400,96,96,2625.0,0.7805453754854206,3.056,17061.0,0.9135747028832181,0.9731903485254692,3.2623527343063126,211.65062448257356,1375.608115922738,0.15385967997186567,55659.0,8022.0,0.1441276343448499,Dorota_to_analzye_size_spaces_TNF,TNF
2401,97,94,1133.0,0.7968893839826837,20.203883495145632,38277.0,0.6783681710260847,0.8865136531023462,16.64098544818037,91.35244096714509,3086.228934597893,0.02960002090027954,636967.0,22891.0,0.035937497546968684,Dorota_to_analzye_size_spaces_TNF,TNF
2402,98,95,1412.0,0.6484254162562194,14.225212464589235,35868.0,0.34320679630394474,0.9544438531133582,10.80155012824802,113.8478787692929,2891.9941329298854,0.03936656629865061,387430.0,20086.0,0.051844204114291616,Dorota_to_analzye_size_spaces_TNF,TNF
2403,99,95,1006.0,0.7384831428716708,16.475149105367795,35868.0,0.34320679630394474,0.9544438531133582,10.80155012824802,81.11258218265486,2891.9941329298854,0.028047284487565518,387430.0,16574.0,0.04277934078414165,Dorota_to_analzye_size_spaces_TNF,TNF
2404,100,99,355.0,0.8354968602053376,7.532394366197183,7576.0,0.6352256415301203,0.9623983739837398,11.03326293558606,28.623227310976617,610.843859459039,0.046858500527983106,83588.0,2674.0,0.0319902378331818,Dorota_to_analzye_size_spaces_TNF,TNF
2405,101,94,1209.0,0.8463768789350045,21.428453267162944,38277.0,0.6783681710260847,0.8865136531023462,16.64098544818037,97.48023047597388,3086.228934597893,0.031585547456697234,636967.0,25907.0,0.04067243671964168,Dorota_to_analzye_size_spaces_TNF,TNF
2406,102,99,1315.0,0.8121948863167558,7.592395437262358,7576.0,0.6352256415301203,0.9623983739837398,11.03326293558606,106.02688426460352,610.843859459039,0.17357444561774024,83588.0,9984.0,0.11944298224625545,Dorota_to_analzye_size_spaces_TNF,TNF
2407,103,100,1927.0,0.7479805708665721,3.3606642449403217,8204.0,0.869257092067844,0.959644402854135,3.2734032179424672,155.37171557254067,661.4787517162033,0.23488542174549001,26855.0,6476.0,0.2411469000186185,Dorota_to_analzye_size_spaces_TNF,TNF
2408,104,99,469.0,0.3476776689502141,5.535181236673774,7576.0,0.6352256415301203,0.9623983739837398,11.03326293558606,37.81491157421981,610.843859459039,0.06190601900739176,83588.0,2596.0,0.031057089534382926,Dorota_to_analzye_size_spaces_TNF,TNF
2409,105,101,2325.0,0.6990817583840475,3.5823655913978496,4965.0,0.8415738122349361,0.9614639814097599,4.041289023162135,187.46198168456516,400.3220383070392,0.46827794561933533,20065.0,8329.0,0.41510092200348864,Dorota_to_analzye_size_spaces_TNF,TNF
2410,106,99,303.0,0.32912748747809945,7.105610561056106,7576.0,0.6352256415301203,0.9623983739837398,11.03326293558606,24.430529225988494,610.843859459039,0.03999472016895459,83588.0,2153.0,0.02575728573479447,Dorota_to_analzye_size_spaces_TNF,TNF
2411,107,102,833.0,0.8235622805804012,6.930372148859544,26400.0,0.43583304221228797,0.9236259314977434,5.96594696969697,67.16379816913668,2128.60056622474,0.031553030303030305,157501.0,5773.0,0.03665373553183789,Dorota_to_analzye_size_spaces_TNF,TNF
2412,109,98,1169.0,0.876016539575704,23.16082121471343,28138.0,0.6413957590162019,0.9547043056356666,19.100540194754423,94.2550781029061,2268.7334368345355,0.04154524131068306,537451.0,27075.0,0.05037668550249232,Dorota_to_analzye_size_spaces_TNF,TNF
2413,110,102,390.0,0.7467077907834254,7.443589743589744,26400.0,0.43583304221228797,0.9236259314977434,5.96594696969697,31.44523563741093,2128.60056622474,0.014772727272727272,157501.0,2903.0,0.018431629005530123,Dorota_to_analzye_size_spaces_TNF,TNF
2414,111,98,837.0,0.5977676523809459,22.922341696535245,28138.0,0.6413957590162019,0.9547043056356666,19.100540194754423,67.48631340644346,2268.7334368345355,0.02974625062193475,537451.0,19186.0,0.03569813806281875,Dorota_to_analzye_size_spaces_TNF,TNF
2415,112,102,1421.0,0.7626781092545023,8.47783251231527,26400.0,0.43583304221228797,0.9236259314977434,5.96594696969697,114.57353805323316,2128.60056622474,0.053825757575757575,157501.0,12047.0,0.07648840324823335,Dorota_to_analzye_size_spaces_TNF,TNF
2416,113,103,2299.0,0.7362098506141327,3.2357546759460636,15481.0,0.7923577893168672,0.9521495786948767,2.2669724178024677,185.3656326420711,1248.2145971865605,0.14850461856469221,35095.0,7439.0,0.2119675167402764,Dorota_to_analzye_size_spaces_TNF,TNF
2417,116,112,2450.0,0.6827655779502387,11.495918367346938,4482.0,0.660846038429932,0.9811733800350263,14.288487282463185,197.540582850402,361.3783234022456,0.5466309683177153,64040.99999999999,28165.0,0.4397963804437783,Dorota_to_analzye_size_spaces_TNF,TNF
2418,118,113,433.0,0.8590132699952501,4.450346420323326,3934.0,0.6089285291532102,0.9825174825174825,5.527452974072191,34.9122744384588,317.19373589121693,0.11006609049313676,21745.0,1927.0000000000002,0.08861807312025755,Dorota_to_analzye_size_spaces_TNF,TNF
2419,119,113,1380.0,0.5235696089569546,4.586231884057971,3934.0,0.6089285291532102,0.9825174825174825,5.527452974072191,111.26775687083868,317.19373589121693,0.35078800203355365,21745.0,6329.000000000001,0.2910554150379398,Dorota_to_analzye_size_spaces_TNF,TNF
2420,121,113,441.0,0.7179549776257548,5.006802721088436,3934.0,0.6089285291532102,0.9825174825174825,5.527452974072191,35.55730491307236,317.19373589121693,0.11209964412811388,21745.0,2208.0,0.10154058404230858,Dorota_to_analzye_size_spaces_TNF,TNF
2421,3,8,2193.0,0.6945385859259163,6.3465572275421795,3674.0,0.5575429914231697,0.9839314408141403,6.783886771910724,176.81897885344148,296.2302454662763,0.5968971148611867,24924.0,13918.0,0.5584175894719948,Dorota_to_analzye_size_spaces_TNF2,TNF
2422,5,7,1905.0,0.623452094024325,12.502887139107612,18485.0,0.8117236744173225,0.8755269265381519,8.398918041655396,153.59788176735339,1490.4235404039514,0.10305653232350555,155254.0,23818.0,0.1534131165702655,Dorota_to_analzye_size_spaces_TNF2,TNF
2423,6,10,502.0,0.7123375334725807,1.0179282868525896,714.0,0.6752735937296437,0.9558232931726908,1.0,40.475662282000734,57.568969859260015,0.7030812324929971,714.0,511.0,0.7156862745098039,Dorota_to_analzye_size_spaces_TNF2,TNF
2424,7,11,598.0,0.7096136496572902,8.75418060200669,4631.0,0.6737685478300771,0.9805208553885243,11.295400561433816,48.216027977363424,373.39201599192313,0.1291297775858346,52309.0,5235.0,0.10007838039343134,Dorota_to_analzye_size_spaces_TNF2,TNF
2425,8,11,485.0,0.5383146496086822,11.77938144329897,4631.0,0.6737685478300771,0.9805208553885243,11.295400561433816,39.104972523446925,373.39201599192313,0.10472900021593608,52309.0,5713.0,0.1092163872373779,Dorota_to_analzye_size_spaces_TNF2,TNF
2426,9,12,1257.0,0.5856490304343049,1.126491646778043,1850.0,0.8438023173013262,0.884321223709369,1.2291891891891893,101.35041332365523,149.16329725438518,0.6794594594594595,2274.0,1416.0,0.6226912928759895,Dorota_to_analzye_size_spaces_TNF2,TNF
2427,10,11,740.0,0.808109889715322,13.490540540540541,4631.0,0.6737685478300771,0.9805208553885243,11.295400561433816,59.66531890175408,373.39201599192313,0.15979270136039733,52309.0,9983.0,0.19084669942074978,Dorota_to_analzye_size_spaces_TNF2,TNF
2428,11,11,394.0,0.3912173126610136,8.233502538071066,4631.0,0.6737685478300771,0.9805208553885243,11.295400561433816,31.76775087471771,373.39201599192313,0.0850788166702656,52309.0,3244.0,0.062016096656407116,Dorota_to_analzye_size_spaces_TNF2,TNF
2429,12,9,2191.0,0.7789572068041463,6.762665449566408,14596.0,0.6597802321801254,0.9104291417165669,4.119279254590299,176.65772123478808,1176.8581009324357,0.15010961907371884,60125.0,14817.0,0.24643659043659044,Dorota_to_analzye_size_spaces_TNF2,TNF
2430,13,12,266.0,0.8206861459543434,1.4849624060150375,1850.0,0.8438023173013262,0.884321223709369,1.2291891891891893,21.44726328090079,149.16329725438518,0.1437837837837838,2274.0,394.99999999999994,0.173702726473175,Dorota_to_analzye_size_spaces_TNF2,TNF
2431,14,14,751.0,0.5870329016907543,8.26231691078562,6393.0,0.9671796739304929,0.8343774471417384,12.076020647583293,60.55223580434772,515.4599780255592,0.11747223525731268,77202.0,6205.0,0.08037356545167224,Dorota_to_analzye_size_spaces_TNF2,TNF
2432,15,15,5980.0,0.779176571746857,4.3219063545150505,11386.0,0.7935235452629477,0.9809597656586543,4.647373968030915,482.1602797736343,918.0396229937458,0.5252063938169682,52915.0,25845.0,0.488424832278182,Dorota_to_analzye_size_spaces_TNF2,TNF
2433,16,14,956.0,0.5960201011925826,10.92050209205021,6393.0,0.9671796739304929,0.8343774471417384,12.076020647583293,77.08114171632013,515.4599780255592,0.14953855779759112,77202.0,10440.0,0.1352296572627652,Dorota_to_analzye_size_spaces_TNF2,TNF
2434,17,14,374.0,0.6168531072897032,12.657754010695188,6393.0,0.9671796739304929,0.8343774471417384,12.076020647583293,30.155174688183816,515.4599780255592,0.058501486000312845,77202.0,4734.0,0.0613196549312194,Dorota_to_analzye_size_spaces_TNF2,TNF
2435,18,18,5917.0,0.35704563814810153,9.790434341727227,22984.0,0.8762013001651511,0.7569490185746278,8.09354333449356,477.0806647860525,1853.1725535647508,0.2574399582318134,186022.0,57930.00000000001,0.3114147788971197,Dorota_to_analzye_size_spaces_TNF2,TNF
2436,19,21,3692.0,0.4910355610572255,9.193932827735644,6767.0,0.39968429708695147,0.9837185637447303,9.310033988473474,297.6815640341568,545.615152713743,0.5455888872469337,63001.0,33944.0,0.5387850986492277,Dorota_to_analzye_size_spaces_TNF2,TNF
2437,20,18,239.0,0.8195450471048352,8.96652719665272,22984.0,0.8762013001651511,0.7569490185746278,8.09354333449356,19.270285429080033,1853.1725535647508,0.01039853811347024,186022.0,2143.0,0.011520142778811108,Dorota_to_analzye_size_spaces_TNF2,TNF
2438,21,13,1538.0,0.5523786031041105,5.431079323797139,30743.0,0.6876428126113345,0.781350073705078,2.5870279413199753,124.00710874445645,2478.771485130575,0.05002764857040627,79533.0,8353.0,0.1050255868633146,Dorota_to_analzye_size_spaces_TNF2,TNF
2439,22,17,550.0,0.8278598329811004,33.32,36726.0,0.5415673455678889,0.8846014885468603,31.414937646354083,44.34584512968208,2961.1736513321894,0.014975766486957469,1153745.0,18326.0,0.015883925824163918,Dorota_to_analzye_size_spaces_TNF2,TNF
2440,23,20,1785.0,0.8478264453794723,12.917086834733894,27080.0,0.7979939820172106,0.855608214849921,7.479320531757755,143.92242464815004,2183.4281565668925,0.06591580502215658,202540.0,23057.0,0.11383924163128271,Dorota_to_analzye_size_spaces_TNF2,TNF
2441,24,17,415.0,0.5958227270732468,34.12530120481928,36726.0,0.5415673455678889,0.8846014885468603,31.414937646354083,33.460955870578296,2961.1736513321894,0.011299896531067909,1153745.0,14162.000000000002,0.01227480942495959,Dorota_to_analzye_size_spaces_TNF2,TNF
2442,25,18,69.0,0.9072451300172495,14.695652173913043,22984.0,0.8762013001651511,0.7569490185746278,8.09354333449356,5.563387843541934,1853.1725535647508,0.0030020884093282284,186022.0,1014.0,0.0054509681650557465,Dorota_to_analzye_size_spaces_TNF2,TNF
2443,26,17,370.0,0.8680834943590483,35.22162162162162,36726.0,0.5415673455678889,0.8846014885468603,31.414937646354083,29.83265945087704,2961.1736513321894,0.010074606545771388,1153745.0,13032.0,0.011295390229210094,Dorota_to_analzye_size_spaces_TNF2,TNF
2444,27,17,728.0,0.8403994987460566,33.82142857142857,36726.0,0.5415673455678889,0.8846014885468603,31.414937646354083,58.69777318983374,2961.1736513321894,0.019822469095463705,1153745.0,24622.0,0.021340937555525703,Dorota_to_analzye_size_spaces_TNF2,TNF
2445,28,13,813.0,0.8462309623049046,5.720787207872078,30743.0,0.6876428126113345,0.781350073705078,2.5870279413199753,65.55122198260278,2478.771485130575,0.026445044400351298,79533.0,4651.0,0.058478870405995,Dorota_to_analzye_size_spaces_TNF2,TNF
2446,29,17,1.0,0.0,35.0,36726.0,0.5415673455678889,0.8846014885468603,31.414937646354083,0.0806288093266947,2961.1736513321894,2.722866633992267e-05,1153745.0,35.0,3.0335992788701143e-05,Dorota_to_analzye_size_spaces_TNF2,TNF
2447,30,17,243.0,0.8096504484792582,39.946502057613166,36726.0,0.5415673455678889,0.8846014885468603,31.414937646354083,19.59280066638681,2961.1736513321894,0.006616565920601209,1153745.0,9707.0,0.008413470914283485,Dorota_to_analzye_size_spaces_TNF2,TNF
2448,31,23,2496.0,0.7269334596324986,10.787259615384615,6310.0,0.621883110668574,0.9598418010343779,10.121394611727418,201.24950807942997,508.76778685144353,0.3955625990491284,63866.00000000001,26925.0,0.42158582031127667,Dorota_to_analzye_size_spaces_TNF2,TNF
2449,32,22,1578.0,0.854311613420396,9.341571609632446,13242.0,0.8707148230040355,0.885989562424729,6.7702008760006045,127.23226111752423,1067.686693104091,0.11916628908019937,89651.0,14741.0,0.16442649831011366,Dorota_to_analzye_size_spaces_TNF2,TNF
2450,33,24,2263.0,0.8238418522609585,9.768007070260715,26001.0,0.811244845983164,0.8721655709110425,5.240529210414984,182.4629955063101,2096.4296713033887,0.08703511403407561,136259.0,22105.0,0.1622278161442547,Dorota_to_analzye_size_spaces_TNF2,TNF
2451,34,26,2174.0,0.8273116427214818,14.443882244710212,14422.0,0.9199337537399298,0.713042618411945,9.04943835806407,175.28703147623426,1162.828688109591,0.15074192206351408,130511.00000000001,31401.0,0.2406004091609136,Dorota_to_analzye_size_spaces_TNF2,TNF
2452,35,27,5338.0,0.7438927795832806,6.666354439865118,10331.0,0.47627612892444304,0.9613809789689187,6.750169393088762,430.3965841858963,832.976229154083,0.5166973187493951,69736.0,35585.0,0.5102816335895377,Dorota_to_analzye_size_spaces_TNF2,TNF
2453,36,30,4415.0,0.5531000614482887,8.90373725934315,8777.0,0.6221418681840637,0.9813282647584973,9.968440241540389,355.97619317735706,707.6790594603993,0.5030192548706848,87492.99999999999,39310.00000000001,0.44929308630404735,Dorota_to_analzye_size_spaces_TNF2,TNF
2454,37,34,3091.0,0.7727122594249256,8.907473309608541,12408.0,0.4257812241523256,0.910077746809447,8.607511283043198,249.2236496288133,1000.4422661256277,0.24911347517730498,106802.0,27533.0,0.2577947978502275,Dorota_to_analzye_size_spaces_TNF2,TNF
2455,38,25,4072.0,0.5800811220696436,15.533153241650295,36773.0,0.8228668976705749,0.8985900349436747,5.547249340548772,328.3205115783008,2964.963205370544,0.1107334185407772,203989.0,63251.0,0.3100706410639789,Dorota_to_analzye_size_spaces_TNF2,TNF
2456,39,36,1351.0,0.6404712132097288,7.958549222797927,4009.0,0.650030329321545,0.9823572653761333,8.18882514342729,108.92952140036454,323.24089659071905,0.3369917685208281,32829.0,10752.0,0.3275153065886868,Dorota_to_analzye_size_spaces_TNF2,TNF
2457,40,36,1251.0,0.7376761983559204,6.863309352517986,4009.0,0.650030329321545,0.9823572653761333,8.18882514342729,100.86664046769506,323.24089659071905,0.3120478922424545,32829.0,8586.0,0.26153705565201496,Dorota_to_analzye_size_spaces_TNF2,TNF
2458,41,37,605.0,0.6744734739293256,14.378512396694214,4255.0,0.7185296655580905,0.9815455594002307,14.995064629847239,48.78042964265029,343.0755836850859,0.14218566392479437,63804.0,8699.0,0.13633941445677386,Dorota_to_analzye_size_spaces_TNF2,TNF
2459,42,37,385.0,0.8621970089882632,8.519480519480519,4255.0,0.7185296655580905,0.9815455594002307,14.995064629847239,31.042091590777456,343.0755836850859,0.09048178613396005,63804.0,3279.9999999999995,0.05140743527051595,Dorota_to_analzye_size_spaces_TNF2,TNF
2460,43,37,674.0,0.6239394959583946,14.879821958456974,4255.0,0.7185296655580905,0.9815455594002307,14.995064629847239,54.34381748619222,343.0755836850859,0.1584018801410106,63804.0,10029.0,0.15718450253902577,Dorota_to_analzye_size_spaces_TNF2,TNF
2461,44,31,1087.0,0.7589236691094594,39.88132474701012,24752.0,0.9435778126340294,0.9061687717371407,41.19275210084034,87.64351573811713,1995.724288454347,0.04391564318034906,1019603.0,43351.0,0.04251752888133911,Dorota_to_analzye_size_spaces_TNF2,TNF
2462,45,29,2534.0,0.6664220602913739,22.013022888713497,43595.0,0.5582269280771557,0.9550463338225952,20.67872462438353,204.31340283384435,3515.012942597255,0.058125931872921206,901489.0,55781.0,0.06187651762805758,Dorota_to_analzye_size_spaces_TNF2,TNF
2463,46,35,1736.0,0.792284659723614,23.37672811059908,5506.0,0.8689035722577723,0.9336950992029845,19.023247366509263,139.971612991142,443.94222415278097,0.3152924082818743,104742.0,40582.0,0.38744725134139124,Dorota_to_analzye_size_spaces_TNF2,TNF
2464,47,31,928.0,0.7459677982210656,35.23275862068966,24752.0,0.9435778126340294,0.9061687717371407,41.19275210084034,74.82353505517267,1995.724288454347,0.03749191984486102,1019603.0,32696.000000000004,0.03206738308930045,Dorota_to_analzye_size_spaces_TNF2,TNF
2465,48,31,456.0,0.8546469563805311,59.35087719298246,24752.0,0.9435778126340294,0.9061687717371407,41.19275210084034,36.76673705297278,1995.724288454347,0.018422753716871364,1019603.0,27064.0,0.026543664543945047,Dorota_to_analzye_size_spaces_TNF2,TNF
2466,49,40,1742.0,0.8064946475561348,23.749138920780712,6710.0,0.9402283818150844,0.8135305528612997,20.422503725782413,140.45538584710215,541.0193105821214,0.25961251862891205,137035.0,41371.0,0.30190097420367057,Dorota_to_analzye_size_spaces_TNF2,TNF
2467,50,39,2748.0,0.6739034993044722,17.561863173216885,10433.0,0.8039030402687639,0.9626314818232146,18.359628103134284,221.56796802975703,841.2003677054057,0.2633949966452602,191546.0,48260.0,0.2519499232560325,Dorota_to_analzye_size_spaces_TNF2,TNF
2468,51,38,1272.0,0.8120285188655818,20.70204402515723,41540.0,0.8864393414013655,0.9198609358046015,19.142320654790563,102.55984546355565,3349.3207394308974,0.030621088107847857,795172.0,26333.0,0.03311610569788675,Dorota_to_analzye_size_spaces_TNF2,TNF
2469,53,38,391.0,0.7184428111015496,23.465473145780052,41540.0,0.8864393414013655,0.9198609358046015,19.142320654790563,31.525864446737625,3349.3207394308974,0.009412614347616755,795172.0,9175.0,0.011538384148335202,Dorota_to_analzye_size_spaces_TNF2,TNF
2470,54,43,2450.0,0.6962166122347031,5.802448979591837,8129.0,0.737461708992037,0.9175979230161417,5.062615327838603,197.540582850402,655.4315910167012,0.3013900848812892,41154.0,14216.0,0.3454342226758031,Dorota_to_analzye_size_spaces_TNF2,TNF
2471,55,38,365.0,0.6871596187308593,28.312328767123287,41540.0,0.8864393414013655,0.9198609358046015,19.142320654790563,29.429515404243563,3349.3207394308974,0.008786711603273952,795172.0,10334.0,0.012995930440206646,Dorota_to_analzye_size_spaces_TNF2,TNF
2472,56,42,2117.0,0.7368772192866739,36.13179026924894,20817.0,0.67239036779943,0.8586454380465269,37.71528078013162,170.69118934461267,1678.4499237538034,0.10169572945189029,785119.0,76491.0,0.09742599529498076,Dorota_to_analzye_size_spaces_TNF2,TNF
2473,57,38,393.0,0.742659830154118,25.852417302798983,41540.0,0.8864393414013655,0.9198609358046015,19.142320654790563,31.687122065391016,3349.3207394308974,0.0094607607125662,795172.0,10160.0,0.012777109857992987,Dorota_to_analzye_size_spaces_TNF2,TNF
2474,58,44,2368.0,0.4054865769812863,6.311655405405405,6629.0,0.765856965760329,0.9589179806162302,6.046462513199578,190.92902048561302,534.4883770266591,0.35721828330064864,40082.0,14946.0,0.3728855845516691,Dorota_to_analzye_size_spaces_TNF2,TNF
2475,59,47,2104.0,0.6704455245745121,6.379277566539924,10361.0,0.8295277865231957,0.9690422745978301,5.56316957822604,169.64301482336563,835.3950934338837,0.20306920181449667,57640.0,13422.000000000002,0.23285912560721725,Dorota_to_analzye_size_spaces_TNF2,TNF
2476,61,45,2581.0,0.5666995517341132,19.86361875242154,21487.0,0.6523298678308859,0.9803805265319159,17.610880997812632,208.102956872199,1732.4712260026888,0.1201191418066738,378405.00000000006,51268.0,0.1354844676999511,Dorota_to_analzye_size_spaces_TNF2,TNF
2477,63,48,2161.0,0.6011955649712514,10.815363257751041,40511.0,0.7707729890731054,0.9232855482371174,4.451951321863198,174.23885695498723,3266.353694633729,0.0533435363234677,180353.0,23372.0,0.12959030346043593,Dorota_to_analzye_size_spaces_TNF2,TNF
2478,64,50,1679.0,0.8595501598520056,10.451459201905896,14356.0,0.9421578335534792,0.8695862862680962,5.094733909166899,135.3757708595204,1157.507186694029,0.11695458344942881,73140.0,17548.0,0.2399234345091605,Dorota_to_analzye_size_spaces_TNF2,TNF
2479,65,51,3080.0,0.39686024845782153,9.662987012987013,39844.0,0.7878507947610888,0.8422610239715892,3.899809256098785,248.33673272621965,3212.574278812823,0.07730147575544624,155384.0,29762.0,0.19153838233022705,Dorota_to_analzye_size_spaces_TNF2,TNF
2480,66,52,2498.0,0.6452387851264191,13.625700560448358,14292.0,0.7433799485995137,0.9819980761302735,13.134200951581304,201.41076569808334,1152.3469428971205,0.17478309543800727,187714.0,34037.0,0.18132371586562537,Dorota_to_analzye_size_spaces_TNF2,TNF
2481,67,53,1553.0,0.5100034325040237,54.13715389568577,43023.0,0.5950833912522885,0.9594995428087156,36.19612765265091,125.21654088435686,3468.893263662386,0.03609697138739744,1557266.0,84075.0,0.05398884968913468,Dorota_to_analzye_size_spaces_TNF2,TNF
2482,68,49,2234.0,0.7165121925781393,33.451656222023274,40319.0,0.9369813564291042,0.8689439655172414,23.910712071231924,180.12476003583595,3250.8729632430036,0.055408120241077406,964055.9999999999,74731.0,0.0775172811537919,Dorota_to_analzye_size_spaces_TNF2,TNF
2483,69,49,481.0,0.7613774996522681,46.145530145530145,40319.0,0.9369813564291042,0.8689439655172414,23.910712071231924,38.78245728614015,3250.8729632430036,0.01192985937151219,964055.9999999999,22196.0,0.02302355879741426,Dorota_to_analzye_size_spaces_TNF2,TNF
2484,70,53,987.0,0.5170528015872053,38.184397163120565,43023.0,0.5950833912522885,0.9594995428087156,36.19612765265091,79.58063480544766,3468.893263662386,0.0229412174883202,1557266.0,37688.0,0.024201388844295065,Dorota_to_analzye_size_spaces_TNF2,TNF
2485,71,52,104.0,0.5954690862195376,23.384615384615383,14292.0,0.7433799485995137,0.9819980761302735,13.134200951581304,8.385396169976248,1152.3469428971205,0.007276798208788134,187714.0,2432.0,0.012955879689314595,Dorota_to_analzye_size_spaces_TNF2,TNF
2486,73,54,1821.0,0.8244270056503828,11.880834706205382,16472.0,0.9329935185645705,0.8240944566740044,5.131374453618261,146.82506178391105,1328.117747229315,0.1105512384652744,84524.0,21635.0,0.2559628034641049,Dorota_to_analzye_size_spaces_TNF2,TNF
2487,74,53,339.0,0.9099416794261497,59.530973451327434,43023.0,0.5950833912522885,0.9594995428087156,36.19612765265091,27.3331663617495,3468.893263662386,0.007879506310578063,1557266.0,20181.0,0.012959250378548046,Dorota_to_analzye_size_spaces_TNF2,TNF
2488,75,57,2882.0,0.6512148391568646,7.220680083275503,34513.0,0.6021406459674309,0.9526872222375576,5.921971431054965,232.3722284795341,2782.7420962922142,0.08350476631993742,204385.0,20810.0,0.10181764806614967,Dorota_to_analzye_size_spaces_TNF2,TNF
2489,76,57,2369.0,0.7114770589539227,7.982693119459688,34513.0,0.6021406459674309,0.9526872222375576,5.921971431054965,191.00964929493972,2782.7420962922142,0.06864080201663142,204385.0,18911.0,0.09252635956650439,Dorota_to_analzye_size_spaces_TNF2,TNF
2490,77,63,2200.0,0.6137070429315835,11.146363636363636,8688.0,0.3341725581028813,0.981362250084717,12.535220994475138,177.38338051872833,700.5030954303235,0.2532228360957643,108906.0,24522.0,0.22516665748443612,Dorota_to_analzye_size_spaces_TNF2,TNF
2491,78,59,1954.0,0.7963685145194523,9.696008188331627,25480.0,0.8013239232401538,0.9268150734759203,5.187598116169545,157.54869342436143,2054.4220616441808,0.07668759811616954,132180.0,18946.0,0.14333484642154637,Dorota_to_analzye_size_spaces_TNF2,TNF
2492,79,60,2235.0,0.7983990855826726,28.020581655480985,28184.0,0.8627317832461542,0.9567195084693981,22.006564007947773,180.20538884516264,2272.4423620635635,0.07930031223389157,620233.0,62626.0,0.10097173159119234,Dorota_to_analzye_size_spaces_TNF2,TNF
2493,81,64,2495.0,0.5816659858733697,20.77074148296593,40703.0,0.8694358021201739,0.8786969474547731,15.56713264378547,201.16887927010328,3281.8344260244544,0.06129769304473872,633629.0,51823.0,0.08178760757477957,Dorota_to_analzye_size_spaces_TNF2,TNF
2494,82,62,1922.0,0.7850622293502715,50.36264308012487,39021.0,0.7555398555991374,0.8990185236383743,36.812613720817,154.9685715259072,3146.216768736954,0.04925552907408831,1436465.0,96797.0,0.06738556108224009,Dorota_to_analzye_size_spaces_TNF2,TNF
2495,83,65,2296.0,0.6145571847698712,13.809668989547038,13818.0,0.9057367998259682,0.8547040267210986,8.484151107251412,185.12374621409103,1114.1288872762673,0.1661600810536981,117234.00000000001,31707.0,0.27045908183632733,Dorota_to_analzye_size_spaces_TNF2,TNF
2496,84,62,465.0,0.8560569783405462,41.795698924731184,39021.0,0.7555398555991374,0.8990185236383743,36.812613720817,37.49239633691303,3146.216768736954,0.011916660259860075,1436465.0,19435.0,0.013529741413817948,Dorota_to_analzye_size_spaces_TNF2,TNF
2497,85,66,2730.0,0.6106909879716712,12.116117216117216,19243.0,0.8249888125650622,0.9004679457182967,7.350569038091773,220.1166494618765,1551.5401778735861,0.14186977082575483,141447.0,33077.0,0.2338473067650781,Dorota_to_analzye_size_spaces_TNF2,TNF
2498,86,71,1663.0,0.8313356640308495,10.105832832230908,11778.0,0.9117257154875605,0.9145119962730026,8.950161317710986,134.08570991029328,949.6461162498101,0.141195449142469,105415.0,16806.0,0.1594270265142532,Dorota_to_analzye_size_spaces_TNF2,TNF
2499,87,69,1564.0,0.3122196813595662,7.68542199488491,28763.0,0.8222220447947003,0.9475539449843519,5.58543962729896,126.1034577869505,2319.1264426637194,0.05437541285679519,160654.0,12020.0,0.07481917661558381,Dorota_to_analzye_size_spaces_TNF2,TNF
2500,88,70,2471.0,0.5918584480571901,13.027114528530959,25896.0,0.593355609172296,0.9847885609978704,11.81587890021625,199.2337878462626,2087.963646324086,0.0954201421068891,305984.0,32190.0,0.10520157916753817,Dorota_to_analzye_size_spaces_TNF2,TNF
2501,89,69,1695.0,0.5104649534882946,9.703244837758112,28763.0,0.8222220447947003,0.9475539449843519,5.58543962729896,136.6658318087475,2319.1264426637194,0.058929875186872024,160654.0,16447.0,0.10237529099804549,Dorota_to_analzye_size_spaces_TNF2,TNF
2502,90,67,4015.0,0.5823458782216876,11.712328767123287,35198.0,0.7284619059777082,0.9591258379203227,13.366895846354906,323.7246694466792,2837.972830681,0.11406898119211319,470487.99999999994,47025.0,0.09994941422522999,Dorota_to_analzye_size_spaces_TNF2,TNF
2503,91,67,317.0,0.7486363289201333,15.088328075709779,35198.0,0.7284619059777082,0.9591258379203227,13.366895846354906,25.559332556562218,2837.972830681,0.009006193533723507,470487.99999999994,4783.0,0.010166040366598086,Dorota_to_analzye_size_spaces_TNF2,TNF
2504,92,75,1589.0,0.34171475086333836,6.52863436123348,47107.0,0.6104488573722905,0.9615047047537403,3.8247394230156875,128.11917802011786,3798.181320952607,0.033731717154563017,180172.0,10374.0,0.057578314055458116,Dorota_to_analzye_size_spaces_TNF2,TNF
2505,93,74,2332.0,0.7508421376913398,7.48156089193825,40335.0,0.7610857713892257,0.918625307461055,4.478591793727532,188.02638334985204,3252.1630241922303,0.05781579273583736,180644.00000000003,17447.0,0.09658222802860875,Dorota_to_analzye_size_spaces_TNF2,TNF
2506,94,74,57.0,0.5193054589182006,5.7894736842105265,40335.0,0.7610857713892257,0.918625307461055,4.478591793727532,4.595842131621597,3252.1630241922303,0.0014131647452584604,180644.00000000003,330.0,0.0018267974579836582,Dorota_to_analzye_size_spaces_TNF2,TNF
2507,95,75,797.0,0.6206071411517464,6.776662484316185,47107.0,0.6104488573722905,0.9615047047537403,3.8247394230156875,64.26116103337567,3798.181320952607,0.016918929246184218,180172.0,5401.0,0.02997691095175721,Dorota_to_analzye_size_spaces_TNF2,TNF
2508,96,73,539.0,0.8437893488535331,22.93320964749536,34917.0,0.8264921662755037,0.9496831397720782,17.751782799209554,43.45892822708844,2815.3161352601987,0.015436606810436177,619839.0,12361.0,0.019942275332788032,Dorota_to_analzye_size_spaces_TNF2,TNF
2509,97,77,1480.0,0.6270642507970947,6.866216216216216,11331.0,0.8796910868567861,0.8162368534793257,5.603565439943518,119.33063780350815,913.6050384807776,0.13061512664372077,63494.0,10162.0,0.16004661857813338,Dorota_to_analzye_size_spaces_TNF2,TNF
2510,98,73,1475.0,0.6675617768301902,18.178305084745762,34917.0,0.8264921662755037,0.9496831397720782,17.751782799209554,118.92749375687467,2815.3161352601987,0.04224303347939399,619839.0,26813.0,0.043258007321256,Dorota_to_analzye_size_spaces_TNF2,TNF
2511,99,76,2343.0,0.5629337632328251,23.27443448570209,47431.0,0.7565208304107527,0.9267306226920146,18.352406653876155,188.91330025244568,3824.305055174456,0.049398072990238455,870472.9999999999,54532.0,0.06264640029041683,Dorota_to_analzye_size_spaces_TNF2,TNF
2512,100,76,361.0,0.7486885795515844,23.781163434903046,47431.0,0.7565208304107527,0.9267306226920146,18.352406653876155,29.107000166936785,3824.305055174456,0.0076110560603824505,870472.9999999999,8585.0,0.009862454091051649,Dorota_to_analzye_size_spaces_TNF2,TNF
2513,101,78,663.0,0.789224281729531,4.864253393665158,35263.0,0.6592431441664663,0.7431455606836526,2.8251141423021298,53.45690058359858,2843.213703287235,0.018801576723477865,99622.0,3224.9999999999995,0.032372367549336485,Dorota_to_analzye_size_spaces_TNF2,TNF
2514,102,78,1004.0,0.5507790975396033,5.460159362549801,35263.0,0.6592431441664663,0.7431455606836526,2.8251141423021298,80.95132456400147,2843.213703287235,0.02847176927657885,99622.0,5482.0,0.05502800586215896,Dorota_to_analzye_size_spaces_TNF2,TNF
2515,103,80,1631.0,0.5746252593376991,3.662170447578173,9387.0,0.8277552298625696,0.9387938793879388,3.0035155001597955,131.50558801183905,756.8626331496831,0.17375093214019388,28194.0,5973.0,0.2118535858693339,Dorota_to_analzye_size_spaces_TNF2,TNF
2516,104,82,1523.0,0.7379591527440372,5.7465528562048585,23980.0,0.7560399100030568,0.9416846652267818,3.5170141784820683,122.79767660455602,1933.4788476541387,0.06351125938281901,84338.0,8752.0,0.1037729137518082,Dorota_to_analzye_size_spaces_TNF2,TNF
2517,107,86,517.0,0.8470234031755336,8.181818181818182,4550.0,0.657022848945626,0.9839965397923875,10.644395604395605,41.685094421901155,366.86108243646083,0.11362637362637362,48432.0,4230.0,0.08733894945490585,Dorota_to_analzye_size_spaces_TNF2,TNF
2518,108,86,787.0,0.5822573900052043,10.318932655654384,4550.0,0.657022848945626,0.9839965397923875,10.644395604395605,63.45487294010872,366.86108243646083,0.17296703296703297,48432.0,8121.000000000001,0.16767839444995047,Dorota_to_analzye_size_spaces_TNF2,TNF
2519,110,85,137.0,0.7287351584078373,5.737226277372263,29013.0,0.6119939142511392,0.9416136570167467,1.9056974459724951,11.046146877757174,2339.2836449953934,0.0047220211629269634,55290.0,786.0,0.01421595225176343,Dorota_to_analzye_size_spaces_TNF2,TNF
2520,112,86,391.0,0.8557910482675848,9.378516624040921,4550.0,0.657022848945626,0.9839965397923875,10.644395604395605,31.525864446737625,366.86108243646083,0.08593406593406594,48432.0,3667.0000000000005,0.07571440370003304,Dorota_to_analzye_size_spaces_TNF2,TNF
2521,113,86,453.0,0.7331808994790846,8.596026490066226,4550.0,0.657022848945626,0.9839965397923875,10.644395604395605,36.524850624992695,366.86108243646083,0.09956043956043956,48432.0,3894.0000000000005,0.08040138751238851,Dorota_to_analzye_size_spaces_TNF2,TNF
2522,115,87,3068.0,0.6495274407864662,4.858539765319426,14421.0,0.6778776499510458,0.9841670647648946,3.9744123153734137,247.3691870142993,1162.7480593002642,0.21274530199015323,57315.0,14905.999999999998,0.26007153450231174,Dorota_to_analzye_size_spaces_TNF2,TNF
2523,118,84,183.0,0.8080329316561792,13.12568306010929,48622.0,0.6505813014070967,0.9333333333333333,8.299473489366953,14.755072106785128,3920.3339670825494,0.0037637283534202623,403537.0,2402.0,0.005952366201860053,Dorota_to_analzye_size_spaces_TNF2,TNF
2524,120,84,1439.0,0.6313779609888263,13.039610840861709,48622.0,0.6505813014070967,0.9333333333333333,8.299473489366953,116.02485662111367,3920.3339670825494,0.029595656287277363,403537.0,18764.0,0.04649883405982599,Dorota_to_analzye_size_spaces_TNF2,TNF
2525,121,84,252.0,0.7614339394103546,13.194444444444445,48622.0,0.6505813014070967,0.9333333333333333,8.299473489366953,20.318459950327064,3920.3339670825494,0.005182839044054132,403537.0,3325.0,0.00823964097468138,Dorota_to_analzye_size_spaces_TNF2,TNF
2526,123,88,2640.0,0.6796180309401479,3.485227272727273,34692.0,0.5951301425603343,0.9085718775371239,2.386630923555863,212.860056622474,2797.1746531616923,0.0760982359045313,82797.0,9201.0,0.11112721475415777,Dorota_to_analzye_size_spaces_TNF2,TNF
2527,1,8,2514.0,0.6167000908325289,7.23508353221957,6911.0,0.7609745040012394,0.9794501133786848,7.131818839531182,202.70082664731046,557.225701256787,0.3637679062364347,49288.0,18189.0,0.3690350592436293,Dorota_to_analzye_size_spaces_TNF3,TNF
2528,3,8,2485.0,0.6337613749783637,6.383501006036218,6911.0,0.7609745040012394,0.9794501133786848,7.131818839531182,200.3625911768363,557.225701256787,0.3595716972941687,49288.0,15863.0,0.32184304496023375,Dorota_to_analzye_size_spaces_TNF3,TNF
2529,7,9,1336.0,0.567142622911306,7.501497005988024,9771.0,0.8084798913415855,0.9524320109172434,7.19537406611401,107.7200892604641,787.8240959311339,0.1367311431787944,70306.0,10022.0,0.14254828890848575,Dorota_to_analzye_size_spaces_TNF3,TNF
2530,8,7,2270.0,0.3753143602199499,10.040969162995594,7249.0,0.8670222264594187,0.8698104151667867,11.08815008966754,183.02739717159696,584.4782388092099,0.31314664091598843,80378.0,22793.0,0.2835726193734604,Dorota_to_analzye_size_spaces_TNF3,TNF
2531,10,10,5098.0,0.5990460295432811,6.822871714397803,6875.0,0.6668754024035348,0.9863701578192252,7.167127272727273,411.04566994748956,554.323064121026,0.7415272727272727,49274.0,34783.0,0.7059098104477006,Dorota_to_analzye_size_spaces_TNF3,TNF
2532,11,11,1239.0,0.6019261158981561,9.607748184019371,8597.0,0.7980767590860519,0.9478500551267917,8.806909386995464,99.89909475577473,693.1658737815943,0.1441200418750727,75713.0,11904.000000000002,0.15722531137321202,Dorota_to_analzye_size_spaces_TNF3,TNF
2533,13,7,865.0,0.8025001818945317,10.265895953757225,7249.0,0.8670222264594187,0.8698104151667867,11.08815008966754,69.7439200675909,584.4782388092099,0.11932680369706167,80378.0,8880.0,0.11047799149020876,Dorota_to_analzye_size_spaces_TNF3,TNF
2534,14,12,3104.0,0.766337630336331,14.427512886597938,18427.0,0.9537354468692449,0.8854451972514535,13.12405709013947,250.27182415006033,1485.747069463003,0.16844847235035545,241837.0,44783.0,0.18517844663967878,Dorota_to_analzye_size_spaces_TNF3,TNF
2535,18,17,2745.0,0.7675239412439961,14.663752276867031,26147.0,0.8508385753279586,0.9179539390535038,16.189696714728267,221.32608160177693,2108.201477465086,0.10498336329215589,423312.0,40252.0,0.09508825641607137,Dorota_to_analzye_size_spaces_TNF3,TNF
2536,19,16,2496.0,0.7793982376483726,7.19511217948718,24196.0,0.7839346845175054,0.9367039603577098,5.489295751363862,201.24950807942997,1950.8946704687048,0.10315754670193421,132819.0,17959.0,0.1352140883457939,Dorota_to_analzye_size_spaces_TNF3,TNF
2537,20,15,2290.0,0.5893130546215097,8.404366812227074,27208.0,0.5662260236257715,0.8620492997908877,4.937775654219347,184.63997335813085,2193.7486441607093,0.08416642164069392,134347.0,19246.0,0.14325589704273262,Dorota_to_analzye_size_spaces_TNF3,TNF
2538,21,18,2246.0,0.7241341636310822,11.567230632235084,29225.0,0.665930647900851,0.9419519113001998,6.864841745081266,181.09230574775628,2356.3769525726525,0.07685201026518391,200625.0,25980.0,0.12949532710280373,Dorota_to_analzye_size_spaces_TNF3,TNF
2539,22,26,5060.0,0.7815388616521186,27.07292490118577,9740.0,0.7297968143145859,0.9592278904865078,25.36406570841889,407.9817751930752,785.3246028420064,0.5195071868583162,247046.0,136989.0,0.5545080673234944,Dorota_to_analzye_size_spaces_TNF3,TNF
2540,23,21,3012.0,0.7217737646902723,16.794156706507305,25798.0,0.3596022939968585,0.9440825587352705,17.28901465229863,242.85397369200442,2080.06202301007,0.11675323668501435,446022.00000000006,50584.0,0.11341144607216683,Dorota_to_analzye_size_spaces_TNF3,TNF
2541,24,24,2016.0,0.7397242197510588,28.5109126984127,60309.0,0.3754662392027269,0.9678553087687765,25.2251239450165,162.5476796026165,4862.64286168363,0.033427846590061185,1521302.0,57478.0,0.037782110323919905,Dorota_to_analzye_size_spaces_TNF3,TNF
2542,25,24,767.0,0.6569310466344065,23.964797913950456,60309.0,0.3754662392027269,0.9678553087687765,25.2251239450165,61.84229675357483,4862.64286168363,0.012717836475484587,1521302.0,18381.0,0.012082413616757225,Dorota_to_analzye_size_spaces_TNF3,TNF
2543,26,24,629.0,0.4288052902737434,39.21462639109698,60309.0,0.3754662392027269,0.9678553087687765,25.2251239450165,50.715521066490965,4862.64286168363,0.01042962078628397,1521302.0,24666.0,0.016213743227840364,Dorota_to_analzye_size_spaces_TNF3,TNF
2544,27,23,2280.0,0.7664603747618046,12.055701754385964,51812.0,0.6538299118582999,0.9692819994761851,6.392824056203196,183.8336852648639,4177.539868834706,0.044005249749092874,331225.0,27487.0,0.08298588572722469,Dorota_to_analzye_size_spaces_TNF3,TNF
2545,28,24,144.0,0.6370897369304567,61.90277777777778,60309.0,0.3754662392027269,0.9678553087687765,25.2251239450165,11.610548543044036,4862.64286168363,0.0023877033278615132,1521302.0,8914.0,0.005859454598758169,Dorota_to_analzye_size_spaces_TNF3,TNF
2546,32,29,2277.0,0.703230398848633,19.31840140535793,13633.0,0.8437421414650368,0.9661257175253348,18.68084794249248,183.5917988368838,1099.2125575508287,0.16702119856231204,254676.0,43988.0,0.17272141858675336,Dorota_to_analzye_size_spaces_TNF3,TNF
2547,33,27,2340.0,0.7832335581503939,22.708547008547008,35943.0,0.804646088131701,0.8941044776119403,15.467879698411373,188.6714138244656,2898.0412936293874,0.06510307987647108,555962.0,53138.0,0.09557847478784522,Dorota_to_analzye_size_spaces_TNF3,TNF
2548,34,32,2252.0,0.7599115695515072,5.436056838365897,6072.0,0.7065104655453105,0.9760488667416815,5.371047430830039,181.57607860371644,489.5781302316902,0.3708827404479578,32612.999999999996,12242.0,0.37537178425781137,Dorota_to_analzye_size_spaces_TNF3,TNF
2549,36,33,2602.0,0.6323661040449484,16.585703305149885,4739.0,0.555761471601802,0.9783236994219653,20.097488921713442,209.79616186805958,382.09992739920614,0.5490609833298165,95242.0,43156.0,0.45311942210369377,Dorota_to_analzye_size_spaces_TNF3,TNF
2550,37,30,1214.0,0.5754402910887527,19.555189456342667,15969.0,0.9468676320266577,0.9083101075024174,16.890600538543428,97.88337452260735,1287.5614561379875,0.07602229319306156,269726.0,23739.999999999996,0.08801524510058355,Dorota_to_analzye_size_spaces_TNF3,TNF
2551,38,30,1286.0,0.3328184760317367,13.419906687402799,15969.0,0.9468676320266577,0.9083101075024174,16.890600538543428,103.68864879412938,1287.5614561379875,0.0805310288684326,269726.0,17258.0,0.06398344987135092,Dorota_to_analzye_size_spaces_TNF3,TNF
2552,41,34,2696.0,0.7058730340675852,19.847922848664687,19666.0,0.9049450986620879,0.8278678173016207,19.02033967253127,217.3752699447689,1585.6461642187778,0.13708939286077493,374054.0,53510.0,0.143054211424019,Dorota_to_analzye_size_spaces_TNF3,TNF
2553,42,35,2654.0,0.7708931750113747,24.474001507159006,23589.0,0.7804698991877723,0.8837479394575154,15.60498537453898,213.98885995304772,1901.952983207401,0.11251006825215143,368106.0,64954.0,0.17645460818351236,Dorota_to_analzye_size_spaces_TNF3,TNF
2554,44,38,648.0,0.5398403766991814,5.561728395061729,1160.0,0.46751245453494955,0.9626556016597511,5.35948275862069,52.24746844369816,93.52941881896585,0.5586206896551724,6217.0,3604.0,0.5797008203313495,Dorota_to_analzye_size_spaces_TNF3,TNF
2555,47,37,2504.0,0.5202944880299926,11.184504792332268,17462.0,0.6588496201012413,0.9686581239252233,8.770072156683083,201.89453855404352,1407.9402684627428,0.14339709082579316,153143.0,28006.0,0.1828748294078084,Dorota_to_analzye_size_spaces_TNF3,TNF
2556,48,40,2394.0,0.6924505876381325,18.165413533834588,33351.0,0.6686770196725559,0.9451891738699164,15.82135468201853,193.0253695281071,2689.0514198545948,0.07178195556355131,527658.0,43488.00000000001,0.08241702011530197,Dorota_to_analzye_size_spaces_TNF3,TNF
2557,49,41,3438.0,0.5052709645589116,23.438336242001164,23817.0,0.6628814073202516,0.9697870434463944,22.553050342192552,277.20184646517635,1920.3363517338876,0.14435067388839903,537146.0,80581.0,0.15001694139023655,Dorota_to_analzye_size_spaces_TNF3,TNF
2558,50,44,1327.0,0.7156240619787633,22.420497362471743,14500.0,0.8917052495185531,0.9855230068646775,16.388137931034482,106.99442997652386,1169.117735237073,0.09151724137931035,237628.0,29752.000000000004,0.12520410052687395,Dorota_to_analzye_size_spaces_TNF3,TNF
2559,51,39,3001.0,0.6019517761976324,21.853382205931357,41922.0,0.7096770100229349,0.9655442443226312,24.461977004913887,241.96705678941078,3380.120944593695,0.07158532512761796,1025495.0,65582.0,0.06395155510265774,Dorota_to_analzye_size_spaces_TNF3,TNF
2560,52,44,1113.0,0.665870145694201,17.883198562443845,14500.0,0.8917052495185531,0.9855230068646775,16.388137931034482,89.7398647806112,1169.117735237073,0.07675862068965517,237628.0,19904.0,0.08376117292574949,Dorota_to_analzye_size_spaces_TNF3,TNF
2561,53,45,2485.0,0.7136574385194213,16.86036217303823,27739.0,0.7925717750490171,0.9375401358704837,11.377410865568333,200.3625911768363,2236.5625419131843,0.08958506074479974,315598.0,41898.0,0.13275749529464698,Dorota_to_analzye_size_spaces_TNF3,TNF
2562,55,47,1245.0,0.8400743406432202,35.24979919678715,17087.0,0.7680318271620521,0.8890218522372528,44.27061508749342,100.3828676117349,1377.7044649652323,0.07286241001931293,756452.0,43886.0,0.05801557798776393,Dorota_to_analzye_size_spaces_TNF3,TNF
2563,56,43,2640.0,0.4167672644228316,40.86780303030303,44948.0,0.6465573899868141,0.9442658767672948,24.08309602206995,212.860056622474,3624.103721616273,0.05873453768799502,1082487.0,107891.0,0.09966955723255799,Dorota_to_analzye_size_spaces_TNF3,TNF
2564,58,46,2093.0,0.7105240658204935,9.305781175346393,24303.0,0.6015778156027134,0.8706695804822125,3.7699460971896475,168.756097920772,1959.5219530666611,0.08612105501378431,91621.0,19477.0,0.21258226825727727,Dorota_to_analzye_size_spaces_TNF3,TNF
2565,59,47,1235.0,0.746952193944708,39.44615384615385,17087.0,0.7680318271620521,0.8890218522372528,44.27061508749342,99.57657951846795,1377.7044649652323,0.07227716977819394,756452.0,48716.0,0.06440064934721569,Dorota_to_analzye_size_spaces_TNF3,TNF
2566,60,47,578.0,0.6252786425090671,37.160899653979236,17087.0,0.7680318271620521,0.8890218522372528,44.27061508749342,46.60345179082953,1377.7044649652323,0.03382688593667701,756452.0,21479.0,0.02839439911587252,Dorota_to_analzye_size_spaces_TNF3,TNF
2567,62,49,3036.0,0.7216215488438036,18.13965744400527,15041.0,0.7957099373764331,0.9584528133562735,21.657336613257097,244.7890651158451,1212.7379210828149,0.201848281364271,325748.0,55072.0,0.16906320222994461,Dorota_to_analzye_size_spaces_TNF3,TNF
2568,64,50,2239.0,0.7724234652595411,7.806163465832961,17051.0,0.9198645163167257,0.984355155293846,5.587296932731218,180.52790408246943,1374.8018278294712,0.13131194651340097,95269.0,17478.0,0.18345946740282779,Dorota_to_analzye_size_spaces_TNF3,TNF
2569,65,53,2361.0,0.7421152554007571,21.295213892418467,30648.0,0.8716936870345238,0.9515648286140089,15.556023231532237,190.36461882032617,2471.111748244539,0.07703602192638997,476761.0,50278.0,0.10545745142744478,Dorota_to_analzye_size_spaces_TNF3,TNF
2570,66,51,1467.0,0.6908777599396003,17.40422631220177,43662.0,0.8957066689357202,0.8978777658961915,15.17701891805231,118.28246328226112,3520.415072822144,0.0335990105812835,662659.0,25532.0,0.03852962081553257,Dorota_to_analzye_size_spaces_TNF3,TNF
2571,67,52,2916.0,0.6747838417125673,10.253772290809328,44092.0,0.7285964212215065,0.9235087131367292,5.724099609906559,235.11360799664172,3555.0854608326226,0.0661344461580332,252387.0,29900.0,0.1184688593311066,Dorota_to_analzye_size_spaces_TNF3,TNF
2572,68,51,1441.0,0.6962495503988584,18.350451075641914,43662.0,0.8957066689357202,0.8978777658961915,15.17701891805231,116.18611423976705,3520.415072822144,0.03300352709449865,662659.0,26442.999999999996,0.03990438521170013,Dorota_to_analzye_size_spaces_TNF3,TNF
2573,69,54,2657.0,0.6795359192623859,20.541588257433194,35602.0,0.8857568305773075,0.9169392433100677,16.88399528116398,214.2307463810278,2870.5468696489847,0.07463063872816134,601104.0,54578.99999999999,0.0907979318054779,Dorota_to_analzye_size_spaces_TNF3,TNF
2574,71,56,2767.0,0.5424231387508848,18.284784965666788,38302.0,0.7760484891643631,0.9659294378735531,18.85619549892956,223.09991540696421,3088.2446548310604,0.07224165839903922,722230.0,50594.0,0.07005247635794691,Dorota_to_analzye_size_spaces_TNF3,TNF
2575,72,57,2358.0,0.7326637590371232,25.820186598812555,37851.0,0.6591863094106131,0.8696381390005744,16.995825737761223,190.12273239234608,3051.8810618247207,0.06229690100657843,643309.0,60884.00000000001,0.09464192168926598,Dorota_to_analzye_size_spaces_TNF3,TNF
2576,73,56,428.0,0.422300470489386,19.207943925233646,38302.0,0.7760484891643631,0.9659294378735531,18.85619549892956,34.50913039182533,3088.2446548310604,0.011174351208814161,722230.0,8221.0,0.01138280049291777,Dorota_to_analzye_size_spaces_TNF3,TNF
2577,74,59,2594.0,0.6174227804131606,14.49691595990748,52067.0,0.7050248795992045,0.9118883323408876,10.403038392839994,209.15113139344604,4198.100215213012,0.049820423684867575,541655.0,37605.0,0.06942611071623081,Dorota_to_analzye_size_spaces_TNF3,TNF
2578,75,64,2397.0,0.6919285226107103,9.43471005423446,19988.0,0.5530573013590386,0.8094929531832172,7.717030218130878,193.26725595608718,1611.6086408219735,0.11992195317190314,154248.0,22615.0,0.14661454281416939,Dorota_to_analzye_size_spaces_TNF3,TNF
2579,78,61,1342.0,0.6404107204175825,17.677347242921012,35696.0,0.8829000779973848,0.9399620813145144,18.372114522635588,108.20386211642428,2878.1259777256937,0.037595248767368895,655811.0,23723.0,0.03617353170349384,Dorota_to_analzye_size_spaces_TNF3,TNF
2580,79,61,1476.0,0.6432675034284917,21.39363143631436,35696.0,0.8829000779973848,0.9399620813145144,18.372114522635588,119.00812256620137,2878.1259777256937,0.041349170775437025,655811.0,31576.999999999996,0.04814954308482169,Dorota_to_analzye_size_spaces_TNF3,TNF
2581,80,69,1852.0,0.8303614595285784,10.855831533477321,6148.0,0.5906738719886329,0.9591263650546021,10.470722186076772,149.32455487303858,495.705919740519,0.30123617436564737,64373.99999999999,20105.0,0.3123155311150465,Dorota_to_analzye_size_spaces_TNF3,TNF
2582,81,68,2562.0,0.7542519719265586,7.544106167056987,31525.0,0.8739585886544596,0.9456743460523158,5.475083267248216,206.5710094949918,2541.8232140240502,0.08126883425852498,172602.0,19328.0,0.1119801624546645,Dorota_to_analzye_size_spaces_TNF3,TNF
2583,82,72,2718.0,0.476949145586017,14.309786607799852,9061.0,0.7430280629172409,0.9667128987517337,18.491888312548284,219.14910374995617,730.5776413091806,0.29996689107162566,167555.0,38894.0,0.23212676434603563,Dorota_to_analzye_size_spaces_TNF3,TNF
2584,83,72,2233.0,0.6847263653548278,14.274518584863413,9061.0,0.7430280629172409,0.9667128987517337,18.491888312548284,180.04413122650925,730.5776413091806,0.2464407901997572,167555.0,31875.000000000004,0.19023604189669066,Dorota_to_analzye_size_spaces_TNF3,TNF
2585,84,74,2164.0,0.7110057098241684,21.747689463955638,56025.0,0.8401591305294669,0.9586099514064745,11.941186970102633,174.48074338296732,4517.22904252807,0.0386256135653726,669005.0,47062.0,0.07034626049132667,Dorota_to_analzye_size_spaces_TNF3,TNF
2586,86,71,2379.0,0.657991513405659,18.576292559899116,50396.0,0.702536732391851,0.9574435747397219,18.132609730931026,191.8159373882067,4063.369474828106,0.047206127470434164,913811.0,44193.0,0.0483612037937823,Dorota_to_analzye_size_spaces_TNF3,TNF
2587,88,76,1153.0,0.7787812824531988,9.153512575888985,28723.0,0.7893579336399724,0.8678954524852697,4.399749329805382,92.96501715367899,2315.9012902906516,0.040142046443616616,126373.99999999999,10554.0,0.08351401395856743,Dorota_to_analzye_size_spaces_TNF3,TNF
2588,89,76,1155.0,0.5940462802468498,8.653679653679653,28723.0,0.7893579336399724,0.8678954524852697,4.399749329805382,93.12627477233237,2315.9012902906516,0.0402116770532326,126373.99999999999,9995.0,0.0790906357320335,Dorota_to_analzye_size_spaces_TNF3,TNF
2589,91,73,2354.0,0.6471065041115256,8.956669498725573,42949.0,0.5613210311980579,0.9588970752400089,5.392791450324804,189.80021715503932,3462.9267317722106,0.054809192297841626,231615.0,21083.999999999996,0.09103037368046109,Dorota_to_analzye_size_spaces_TNF3,TNF
2590,92,78,1181.0,0.561389690057517,9.397121083827265,32287.0,0.5543810346501268,0.9668213804461746,8.740731563787282,95.22262381482643,2603.2623667309917,0.03657818936414037,282212.0,11098.0,0.03932504641900415,Dorota_to_analzye_size_spaces_TNF3,TNF
2591,95,78,1.0,0.0,7.0,32287.0,0.5543810346501268,0.9668213804461746,8.740731563787282,0.0806288093266947,2603.2623667309917,3.097221792052529e-05,282212.0,7.0,2.4804048020636968e-05,Dorota_to_analzye_size_spaces_TNF3,TNF
2592,96,78,1213.0,0.6328997435329433,10.43116240725474,32287.0,0.5543810346501268,0.9668213804461746,8.740731563787282,97.80274571328067,2603.2623667309917,0.03756930033759717,282212.0,12653.0,0.04483508851501708,Dorota_to_analzye_size_spaces_TNF3,TNF
2593,97,81,1311.0,0.8935444844706741,13.491990846681922,48794.0,0.7768323799288419,0.9615528623509706,8.854715743738984,105.70436902729675,3934.202122286741,0.02686805754805919,432057.0,17688.0,0.040939042765190704,Dorota_to_analzye_size_spaces_TNF3,TNF
2594,98,81,1314.0,0.4717653999555349,12.757229832572298,48794.0,0.7768323799288419,0.9615528623509706,8.854715743738984,105.94625545527683,3934.202122286741,0.026929540517276713,432057.0,16763.0,0.03879812154414811,Dorota_to_analzye_size_spaces_TNF3,TNF
2595,99,81,1003.0,0.70021777126193,13.539381854436689,48794.0,0.7768323799288419,0.9615528623509706,8.854715743738984,80.87069575467478,3934.202122286741,0.02055580604172644,432057.0,13580.0,0.03143103803433343,Dorota_to_analzye_size_spaces_TNF3,TNF
2596,100,83,2957.0,0.7158105015783939,5.869462292864389,24106.0,0.5128125669014121,0.9627381285195096,3.398158134904173,238.41938917903622,1943.6380776293024,0.12266655604413838,81916.0,17356.0,0.21187557986229796,Dorota_to_analzye_size_spaces_TNF3,TNF
2597,101,79,2871.0,0.7076183066170736,11.921978404737025,52370.0,0.6901718751304508,0.8936250085318408,8.470956654573229,231.48531157694046,4222.530744439001,0.054821462669467254,443624.0,34228.0,0.07715542892178963,Dorota_to_analzye_size_spaces_TNF3,TNF
2598,103,85,2921.0,0.7385513979207624,13.660732625813077,36974.0,0.609500820513232,0.96502583911886,10.361389084221345,235.5167520432752,2981.16959604521,0.07900146048574674,383102.0,39903.0,0.10415763947982522,Dorota_to_analzye_size_spaces_TNF3,TNF
2599,104,88,1044.0,0.8169155683034169,11.594827586206897,6200.0,0.8396864652575763,0.9278659084106555,13.129032258064516,84.17647693706927,499.89861782550713,0.16838709677419356,81400.0,12105.0,0.14871007371007372,Dorota_to_analzye_size_spaces_TNF3,TNF
2600,106,88,1164.0,0.6598962009619883,11.907216494845361,6200.0,0.8396864652575763,0.9278659084106555,13.129032258064516,93.85193405627263,499.89861782550713,0.18774193548387097,81400.0,13860.0,0.17027027027027028,Dorota_to_analzye_size_spaces_TNF3,TNF
2601,107,88,469.0,0.8341644830179862,11.25586353944563,6200.0,0.8396864652575763,0.9278659084106555,13.129032258064516,37.81491157421981,499.89861782550713,0.07564516129032257,81400.0,5279.0,0.06485257985257985,Dorota_to_analzye_size_spaces_TNF3,TNF
2602,110,90,227.0,0.7468602522797898,7.052863436123348,3706.0,0.636039570789737,0.9793868921775899,7.087425796006476,18.302739717159696,298.81036736473055,0.061252023745277925,26266.0,1601.0,0.060953323688418486,Dorota_to_analzye_size_spaces_TNF3,TNF
2603,111,90,2172.0,0.5936804337657757,6.602670349907919,3706.0,0.636039570789737,0.9793868921775899,7.087425796006476,175.12577385758087,298.81036736473055,0.5860766324878576,26266.0,14341.0,0.5459910150003807,Dorota_to_analzye_size_spaces_TNF3,TNF
2604,7,5,2041.0,0.6670506776039984,18.096521313081823,9035.0,0.566135548574314,0.9797224029494687,20.429994465965688,164.56339983578388,728.4812922666865,0.22589928057553957,184585.0,36935.0,0.20009751604951648,Dorota_to_analzye_size_spaces_TNFE2P4,E2P4_TNF
2605,8,5,584.0,0.7014733725614042,19.450342465753426,9035.0,0.566135548574314,0.9797224029494687,20.429994465965688,47.0872246467897,728.4812922666865,0.06463752075262867,184585.0,11359.0,0.061538044803207195,Dorota_to_analzye_size_spaces_TNFE2P4,E2P4_TNF
2606,10,5,336.0,0.22720882645528312,19.12202380952381,9035.0,0.566135548574314,0.9797224029494687,20.429994465965688,27.091279933769417,728.4812922666865,0.037188710570005536,184585.0,6425.0,0.03480781211907793,Dorota_to_analzye_size_spaces_TNFE2P4,E2P4_TNF
2607,13,8,2202.0,0.6865033818251886,9.505903723887375,3822.0,0.6454513244152553,0.9710365853658537,10.564102564102564,177.54463813738172,308.16330924662714,0.576138147566719,40376.0,20932.0,0.5184267881910045,Dorota_to_analzye_size_spaces_TNFE2P4,E2P4_TNF
2608,22,12,2133.0,0.6669611568555722,27.795593061415847,5845.0,0.6221576970911777,0.9743290548424738,34.10299401197605,171.9812502938398,471.2753905145305,0.3649272882805817,199332.00000000003,59288.0,0.2974334276483454,Dorota_to_analzye_size_spaces_TNFE2P4,E2P4_TNF
2609,24,12,312.0,0.6327821787006029,31.192307692307693,5845.0,0.6221576970911777,0.9743290548424738,34.10299401197605,25.156188509928747,471.2753905145305,0.05337895637296835,199332.00000000003,9732.0,0.048823069050629095,Dorota_to_analzye_size_spaces_TNFE2P4,E2P4_TNF
2610,26,10,3176.0,0.6811208754983006,14.175692695214106,44452.0,0.6493695475465734,0.9047463974599039,10.97730135876901,256.0770984215824,3584.1118321902327,0.07144785386484298,487963.0,45022.0,0.09226519223793607,Dorota_to_analzye_size_spaces_TNFE2P4,E2P4_TNF
2611,27,11,2168.0,0.7573504045928504,9.299354243542435,24729.0,0.7122165226942395,0.9564864237642144,5.571070403170367,174.8032586202741,1993.869825839833,0.08767034655667436,137767.0,20161.0,0.14634128637482124,Dorota_to_analzye_size_spaces_TNFE2P4,E2P4_TNF
2612,28,13,2698.0,0.6123030962018576,21.197553743513716,56356.0,0.4672614173198707,0.9562723771062054,13.571775853502732,217.53652756342228,4543.917178415206,0.04787422812122933,764851.0,57191.00000000001,0.07477404095699686,Dorota_to_analzye_size_spaces_TNFE2P4,E2P4_TNF
2613,30,14,2727.0,0.7183490700154298,20.433810047671432,39753.0,0.7619097893773309,0.9588740411983212,15.18104294015546,219.87476303389644,3205.237057164094,0.06859859633235227,603492.0,55722.99999999999,0.0923342811503715,Dorota_to_analzye_size_spaces_TNFE2P4,E2P4_TNF
2614,31,16,2754.0,0.6993735252675727,22.916485112563542,50829.0,0.4955558945229372,0.9857458692110775,14.82415550178048,222.05174088571718,4098.2817492665645,0.0541816679454642,753497.0,63111.99999999999,0.08375879399652553,Dorota_to_analzye_size_spaces_TNFE2P4,E2P4_TNF
2615,32,17,2788.0,0.7030529938988616,34.44942611190818,25057.0,0.5279651836606195,0.9920028504691397,23.72921738436365,224.7931204028248,2020.316075298989,0.1112663128068005,594583.0,96045.00000000001,0.16153337717358218,Dorota_to_analzye_size_spaces_TNFE2P4,E2P4_TNF
2616,34,20,2646.0,0.6444185905844418,21.383597883597883,35396.0,0.7263378951575391,0.8575027859876933,15.508786303537123,213.34382947843417,2853.9373349276852,0.07475420951519945,548949.0,56581.0,0.10307150573186216,Dorota_to_analzye_size_spaces_TNFE2P4,E2P4_TNF
2617,39,22,1931.0,0.6112984198863862,24.368720870015537,39196.0,0.6607832097625282,0.9795816359683103,16.65514338197775,155.69423080984745,3160.3268103691253,0.04926523114603531,652815.0,47056.0,0.0720816770447983,Dorota_to_analzye_size_spaces_TNFE2P4,E2P4_TNF
2618,40,22,1233.0,0.8294090959776038,20.967558799675587,39196.0,0.6607832097625282,0.9795816359683103,16.65514338197775,99.41532189981456,3160.3268103691253,0.0314572915603633,652815.0,25853.0,0.0396023375688365,Dorota_to_analzye_size_spaces_TNFE2P4,E2P4_TNF
2619,46,30,231.0,0.6496315579617025,8.519480519480519,517.0,0.4431463346150119,0.9718045112781954,8.315280464216634,18.625254954466474,41.685094421901155,0.44680851063829785,4299.0,1967.9999999999998,0.45778087927424976,Dorota_to_analzye_size_spaces_TNFE2P4,E2P4_TNF
2620,47,26,2601.0,0.74498465407966,11.581699346405228,55413.0,0.6120348870530102,0.9739520168731874,7.035352715066861,209.7155330587329,4467.884211220133,0.04693844404742569,389850.0,30124.0,0.07727074515839426,Dorota_to_analzye_size_spaces_TNFE2P4,E2P4_TNF
2621,48,31,140.0,0.7674176617725715,6.0285714285714285,348.0,0.6693537859930798,0.96398891966759,5.551724137931035,11.288033305737258,28.058825645689755,0.40229885057471265,1932.0,844.0,0.43685300207039335,Dorota_to_analzye_size_spaces_TNFE2P4,E2P4_TNF
2622,49,33,1337.0,0.7208651898918739,13.138369483919222,6708.0,0.9084583730688018,0.8704905268621853,12.598688133571855,107.8007180697908,540.858052963468,0.19931425163983305,84512.0,17566.0,0.20785213934115865,Dorota_to_analzye_size_spaces_TNFE2P4,E2P4_TNF
2623,50,25,3119.0,0.3788634135958192,22.57550496954152,67270.0,0.6432565881413327,0.9396563765889091,13.275650364203955,251.48125628996075,5423.900003406752,0.046365393191615874,893053.0,70413.0,0.07884526450277866,Dorota_to_analzye_size_spaces_TNFE2P4,E2P4_TNF
2624,52,33,1719.0,0.6137190819848252,13.451425247236765,6708.0,0.9084583730688018,0.8704905268621853,12.598688133571855,138.60092323258817,540.858052963468,0.2562611806797853,84512.0,23123.0,0.27360611510791366,Dorota_to_analzye_size_spaces_TNFE2P4,E2P4_TNF
2625,53,32,2470.0,0.618554607014156,15.965182186234818,49082.0,0.704391212621722,0.8514380876383444,12.252067967890468,199.1531590369359,3957.423219372829,0.05032394767939367,601356.0,39434.0,0.06557513353155203,Dorota_to_analzye_size_spaces_TNFE2P4,E2P4_TNF
2626,55,34,2350.0,0.827558648862197,7.209787234042553,16485.0,0.9541620222203042,0.6671658100287344,3.943039126478617,189.47770191773253,1329.1659217505621,0.14255383682135275,65001.0,16943.0,0.26065752834571776,Dorota_to_analzye_size_spaces_TNFE2P4,E2P4_TNF
2627,57,36,4449.0,0.7926755608472167,9.871207012811867,33223.0,0.7753648405168967,0.9516484775572169,6.985401679559342,358.7175726944647,2678.730932260778,0.13391325286698974,232076.0,43917.0,0.18923542287871215,Dorota_to_analzye_size_spaces_TNFE2P4,E2P4_TNF
2628,58,40,3090.0,0.7394684808229925,9.002265372168285,19217.0,0.6384697873324325,0.9909756600660066,6.903991257740542,249.1430208194866,1549.4438288310919,0.16079512931258783,132674.0,27817.0,0.20966428991362288,Dorota_to_analzye_size_spaces_TNFE2P4,E2P4_TNF
2629,59,39,3829.0,0.736326345944406,4.305040480543223,8580.0,0.6659241002561535,0.980123372172721,4.353496503496504,308.72771091191396,691.7951840230405,0.4462703962703963,37353.0,16484.0,0.4413032420421385,Dorota_to_analzye_size_spaces_TNFE2P4,E2P4_TNF
2630,62,37,1408.0,0.6319730145554306,7.110795454545454,46687.0,0.8590396348205805,0.8882610350076103,4.910189131878253,113.52536353198613,3764.317221035395,0.03015828817443828,229242.0,10012.0,0.04367437031608518,Dorota_to_analzye_size_spaces_TNFE2P4,E2P4_TNF
2631,63,37,1404.0,0.7086219497772065,8.441595441595442,46687.0,0.8590396348205805,0.8882610350076103,4.910189131878253,113.20284829467936,3764.317221035395,0.030072611219397263,229242.0,11852.000000000002,0.051700822711370525,Dorota_to_analzye_size_spaces_TNFE2P4,E2P4_TNF
2632,64,44,1301.0,0.8947850785822844,3.96771714066103,4142.0,0.763638193917343,0.9216733422340899,3.997344278126509,104.89808093402979,333.9645282311694,0.3140994688556253,16557.0,5162.0,0.3117714561816754,Dorota_to_analzye_size_spaces_TNFE2P4,E2P4_TNF
2633,70,47,2841.0,0.7425043200503624,12.013727560718056,10359.0,0.6556934095867204,0.929641927667594,14.196157930302153,229.06644729713963,835.2338358152303,0.27425427164784244,147058.0,34131.0,0.23209209971575842,Dorota_to_analzye_size_spaces_TNFE2P4,E2P4_TNF
2634,71,46,1704.0,0.5881054948541121,25.278169014084508,32614.0,0.30680383294856106,0.9809016812535716,19.06003556754768,137.39149109268777,2629.6279873808207,0.052247501073158766,621624.0,43074.0,0.06929269140187637,Dorota_to_analzye_size_spaces_TNFE2P4,E2P4_TNF
2635,72,46,885.0,0.7488772635711207,26.731073446327684,32614.0,0.30680383294856106,0.9809016812535716,19.06003556754768,71.3564962541248,2629.6279873808207,0.02713558594468633,621624.0,23657.0,0.03805676743497677,Dorota_to_analzye_size_spaces_TNFE2P4,E2P4_TNF
2636,73,49,422.0,0.24072046756367232,15.383886255924171,2584.0,0.820216109332971,0.9648991784914115,14.244195046439629,34.02535753586516,208.3448433001791,0.163312693498452,36807.0,6492.0,0.1763794930312169,Dorota_to_analzye_size_spaces_TNFE2P4,E2P4_TNF
2637,74,49,835.0,0.8027053476305474,12.652694610778443,2584.0,0.820216109332971,0.9648991784914115,14.244195046439629,67.32505578779006,208.3448433001791,0.3231424148606811,36807.0,10565.0,0.28703779172440025,Dorota_to_analzye_size_spaces_TNFE2P4,E2P4_TNF
2638,75,48,1710.0,0.6915214635696512,13.91345029239766,32294.0,0.8443818880110906,0.8756032753104496,13.293614912986932,137.87526394864793,2603.8267683962786,0.0529510125719948,429304.0,23792.0,0.055419935523545086,Dorota_to_analzye_size_spaces_TNFE2P4,E2P4_TNF
2639,76,48,893.0,0.854240764309046,16.35498320268757,32294.0,0.8443818880110906,0.8756032753104496,13.293614912986932,72.00152672873837,2603.8267683962786,0.02765219545426395,429304.0,14605.0,0.034020181503084064,Dorota_to_analzye_size_spaces_TNFE2P4,E2P4_TNF
2640,77,50,1325.0,0.3901893121696817,8.926037735849057,3181.0,0.5577692283193889,0.9698170731707317,8.160326941213455,106.83317235787047,256.4802424682158,0.41653568060358376,25958.0,11827.0,0.4556206179212574,Dorota_to_analzye_size_spaces_TNFE2P4,E2P4_TNF
2641,78,51,1653.0,0.6337388744488547,8.08227465214761,4122.0,0.6340320107641385,0.9793300071275838,8.808345463367298,133.27942181702633,332.35195204463554,0.40101892285298396,36308.0,13360.0,0.36796298336454775,Dorota_to_analzye_size_spaces_TNFE2P4,E2P4_TNF
2642,79,52,2179.0,0.30491560822686,12.360256998623221,3775.0,0.6744506266503696,0.9566649771920933,13.921059602649006,175.69017552286775,304.3737552082725,0.5772185430463577,52552.0,26933.0,0.5125019028771503,Dorota_to_analzye_size_spaces_TNFE2P4,E2P4_TNF
2643,80,56,224.0,0.6653132245980747,3.799107142857143,652.0,0.5735650977627406,0.9687964338781575,3.6012269938650308,18.06085328917961,52.56998368100494,0.34355828220858897,2348.0,851.0,0.36243611584327085,Dorota_to_analzye_size_spaces_TNFE2P4,E2P4_TNF
2644,81,52,638.0,0.8623056567880767,16.438871473354233,3775.0,0.6744506266503696,0.9566649771920933,13.921059602649006,51.44118035043122,304.3737552082725,0.1690066225165563,52552.0,10488.0,0.19957375551834375,Dorota_to_analzye_size_spaces_TNFE2P4,E2P4_TNF
2645,82,58,189.0,0.5676657500841572,9.328042328042327,6492.0,0.707771687837981,0.9494004094764551,8.246457178065311,15.238844962745297,523.442230148902,0.02911275415896488,53536.0,1763.0,0.032931111775254034,Dorota_to_analzye_size_spaces_TNFE2P4,E2P4_TNF
2646,83,61,3589.0,0.6688604741210116,10.523265533574811,23602.0,0.611286596120376,0.9587293850028434,6.681679518684858,289.3767966735073,1903.0011577286482,0.15206338445894416,157701.0,37768.0,0.23949118902226366,Dorota_to_analzye_size_spaces_TNFE2P4,E2P4_TNF
2647,85,55,1893.0,0.7137236970079099,8.63972530375066,22222.0,0.7350000498864456,0.9535292855610384,5.441724417244172,152.63033605543305,1791.7334008578096,0.08518585185851858,120926.0,16355.0,0.1352480029108711,Dorota_to_analzye_size_spaces_TNFE2P4,E2P4_TNF
2648,86,62,2935.0,0.7357941588784269,3.719250425894378,4611.0,0.6724016940191162,0.982527168122736,4.5246150509650835,236.64555537384894,371.77943980538925,0.6365213619605292,20863.0,10916.0,0.5232229305469012,Dorota_to_analzye_size_spaces_TNFE2P4,E2P4_TNF
2649,88,63,540.0,0.8233790504755448,6.07037037037037,7345.0,0.6627743926056185,0.9826086956521739,8.25432266848196,43.53955703641513,592.2186045045726,0.07351940095302927,60627.99999999999,3278.0,0.05406742759121199,Dorota_to_analzye_size_spaces_TNFE2P4,E2P4_TNF
2650,89,63,344.0,0.5893303176621062,5.0,7345.0,0.6627743926056185,0.9826086956521739,8.25432266848196,27.736310408382977,592.2186045045726,0.04683458134785568,60627.99999999999,1720.0,0.02836973015768292,Dorota_to_analzye_size_spaces_TNFE2P4,E2P4_TNF
2651,92,63,1546.0,0.7044934505251088,5.85640362225097,7345.0,0.6627743926056185,0.9826086956521739,8.25432266848196,124.65213921907,592.2186045045726,0.21048332198774677,60627.99999999999,9054.0,0.14933694002770997,Dorota_to_analzye_size_spaces_TNFE2P4,E2P4_TNF
2652,93,66,2206.0,0.3920045324737841,4.038531278331822,4265.0,0.4275903250143704,0.9818139963167587,4.379601406799531,177.86715337468848,343.8818717783529,0.5172332942555686,18679.0,8909.0,0.4769527276620804,Dorota_to_analzye_size_spaces_TNFE2P4,E2P4_TNF
2653,94,63,116.0,0.624542272600069,7.741379310344827,7345.0,0.6627743926056185,0.9826086956521739,8.25432266848196,9.352941881896584,592.2186045045726,0.015793056501021103,60627.99999999999,898.0,0.014811638186976317,Dorota_to_analzye_size_spaces_TNFE2P4,E2P4_TNF
2654,95,68,2542.0,0.652480647205399,5.524390243902439,4534.0,0.5097611263230057,0.9818103074924209,6.46934274371416,204.95843330845793,365.57102148723374,0.5606528451698279,29332.0,14043.0,0.47876039819991817,Dorota_to_analzye_size_spaces_TNFE2P4,E2P4_TNF
2655,97,69,3098.0,0.710415234590867,7.354099418979987,4941.0,0.5898705322630533,0.9848515048833965,6.671321594818862,249.78805129410017,398.3869468831985,0.6269985832827363,32963.0,22783.0,0.6911688863270941,Dorota_to_analzye_size_spaces_TNFE2P4,E2P4_TNF
2656,2,1,1621.0,0.7520509024990959,16.657618753855644,34170.0,0.6177120284628658,0.9174632155514982,7.926455955516535,130.6992999185721,2755.0864146931576,0.047439274217149545,270847.0,27002.0,0.0996946615616935,Dorota_to_analzye_size_spaces_TNFE2P42,E2P4_TNF
2657,4,1,3455.0,0.7315501856641259,7.878437047756874,34170.0,0.6177120284628658,0.9174632155514982,7.926455955516535,278.5725362237302,2755.0864146931576,0.10111208662569506,270847.0,27220.0,0.1004995440230093,Dorota_to_analzye_size_spaces_TNFE2P42,E2P4_TNF
2658,5,6,2478.0,0.6773788613118967,3.6073446327683616,3525.0,0.6392511391628086,0.9835379464285714,3.8059574468085104,199.79818951154945,284.2165528765988,0.7029787234042553,13416.0,8939.0,0.666293977340489,Dorota_to_analzye_size_spaces_TNFE2P42,E2P4_TNF
2659,6,5,1545.0,0.7893441908610346,7.0718446601941745,10959.0,0.6764355883060809,0.9643611404435058,10.229947987955105,124.5715104097433,883.6111214112472,0.14098001642485627,112110.0,10926.0,0.09745785389349745,Dorota_to_analzye_size_spaces_TNFE2P42,E2P4_TNF
2660,7,5,3251.0,0.6094545766538785,7.25899723162104,10959.0,0.6764355883060809,0.9643611404435058,10.229947987955105,262.12425912108444,883.6111214112472,0.29665115430239986,112110.0,23599.0,0.2104986174293105,Dorota_to_analzye_size_spaces_TNFE2P42,E2P4_TNF
2661,8,8,713.0,0.6933945814310726,2.1107994389901825,5383.0,0.5390107042109558,0.9801529497450837,2.52387144714843,57.48834104993332,434.02488060559756,0.13245402192086198,13585.999999999998,1505.0000000000002,0.11077579861622261,Dorota_to_analzye_size_spaces_TNFE2P42,E2P4_TNF
2662,9,8,255.0,0.4087071332291733,3.0470588235294116,5383.0,0.5390107042109558,0.9801529497450837,2.52387144714843,20.56034637830715,434.02488060559756,0.047371354263421886,13585.999999999998,777.0,0.05719122626232888,Dorota_to_analzye_size_spaces_TNFE2P42,E2P4_TNF
2663,10,8,838.0,0.8859074224446128,2.168257756563246,5383.0,0.5390107042109558,0.9801529497450837,2.52387144714843,67.56694221577015,434.02488060559756,0.15567527401077466,13585.999999999998,1817.0,0.1337406153393199,Dorota_to_analzye_size_spaces_TNFE2P42,E2P4_TNF
2664,11,9,919.0,0.8915618986592437,0.41566920565832427,2983.0,0.8844091047600464,0.9631901840490797,0.5031847133757962,74.09787577123242,240.51573822153028,0.3080791149849145,1501.0,382.0,0.25449700199866754,Dorota_to_analzye_size_spaces_TNFE2P42,E2P4_TNF
2665,12,10,3318.0,0.634657378456553,4.891500904159132,12807.0,0.6770912644470515,0.9847750865051903,5.998204107128914,267.526389345973,1032.613161046979,0.2590770672288592,76819.0,16230.0,0.2112758562334839,Dorota_to_analzye_size_spaces_TNFE2P42,E2P4_TNF
2666,13,8,1370.0,0.8046698075835494,1.9204379562043796,5383.0,0.5390107042109558,0.9801529497450837,2.52387144714843,110.46146877757174,434.02488060559756,0.2545049229054431,13585.999999999998,2631.0,0.19365523332842635,Dorota_to_analzye_size_spaces_TNFE2P42,E2P4_TNF
2667,14,9,334.0,0.7345991492554552,0.5778443113772455,2983.0,0.8844091047600464,0.9631901840490797,0.5031847133757962,26.930022315116027,240.51573822153028,0.11196781763325511,1501.0,192.99999999999997,0.128580946035976,Dorota_to_analzye_size_spaces_TNFE2P42,E2P4_TNF
2668,15,11,178.0,0.8086021439413522,1.4887640449438202,522.0,0.6551196453665556,0.9648798521256932,1.5229885057471264,14.351928060151655,42.088238468534634,0.34099616858237547,795.0,265.0,0.3333333333333333,Dorota_to_analzye_size_spaces_TNFE2P42,E2P4_TNF
2669,16,13,3587.0,0.7995894948108349,1.9434067465848899,5101.0,0.8038900173001339,0.9250997461008342,2.100372475985101,289.2155390548539,411.28755637546965,0.7031954518721819,10714.0,6971.0,0.6506440171737913,Dorota_to_analzye_size_spaces_TNFE2P42,E2P4_TNF
2670,17,14,108.0,0.5491077763275404,3.1574074074074074,326.0,0.3026343826125637,0.9532163742690059,3.1319018404907975,8.707911407283028,26.28499184050247,0.3312883435582822,1021.0,341.0,0.3339862879529873,Dorota_to_analzye_size_spaces_TNFE2P42,E2P4_TNF
2671,18,16,57.0,0.8120202681098961,0.47368421052631576,281.0,0.7131453676391143,0.9429530201342282,0.3736654804270463,4.595842131621597,22.65669542080121,0.20284697508896798,105.0,27.0,0.2571428571428571,Dorota_to_analzye_size_spaces_TNFE2P42,E2P4_TNF
2672,19,15,2841.0,0.795044804664852,1.6124604012671595,4305.0,0.7967495358713349,0.9831011646494634,1.7310104529616726,229.06644729713963,347.10702415142066,0.6599303135888501,7452.0,4581.0,0.6147342995169082,Dorota_to_analzye_size_spaces_TNFE2P42,E2P4_TNF
2673,20,12,2781.0,0.7330631888464403,11.0532182668105,39959.0,0.8632588933540714,0.8918822400285695,6.767036212117421,224.22871873753795,3221.8465918853935,0.06959633624465077,270404.0,30739.0,0.11367805209982101,Dorota_to_analzye_size_spaces_TNFE2P42,E2P4_TNF
2674,21,17,2181.0,0.623063204149278,3.8629069234296196,3763.0,0.6103420048445468,0.9814814814814815,4.142173797501993,175.85143314152114,303.4062094963521,0.5795907520595269,15587.0,8425.0,0.5405145313402194,Dorota_to_analzye_size_spaces_TNFE2P42,E2P4_TNF
2675,22,18,332.0,0.49159997473387956,2.0481927710843375,811.0,0.5366826050750128,0.9643281807372176,1.876695437731196,26.76876469646264,65.3899643639494,0.4093711467324291,1522.0,680.0,0.4467805519053876,Dorota_to_analzye_size_spaces_TNFE2P42,E2P4_TNF
2676,23,20,2940.0,0.6377454190860133,2.276530612244898,18804.0,0.7892974455482681,0.9538882970628519,1.549563922569666,237.0486994204824,1516.144130579167,0.15634971282705806,29138.0,6693.0,0.22970004804722355,Dorota_to_analzye_size_spaces_TNFE2P42,E2P4_TNF
2677,24,21,3326.0,0.639504919533282,7.1785929043896575,12140.0,0.4574147738845005,0.9877145879098528,9.026853377265239,268.17141982058655,978.8337452260736,0.2739703459637562,109586.0,23876.0,0.21787454601865203,Dorota_to_analzye_size_spaces_TNFE2P42,E2P4_TNF
2678,26,22,1562.0,0.6972358570755115,1.5832266325224071,18146.0,0.5323808471343424,0.9373902262630437,1.4566295602336603,125.94220016829712,1463.090374042202,0.08607957676622947,26432.0,2473.0,0.09356083535108958,Dorota_to_analzye_size_spaces_TNFE2P42,E2P4_TNF
2679,27,22,1824.0,0.7460871260822356,1.269736842105263,18146.0,0.5323808471343424,0.9373902262630437,1.4566295602336603,147.06694821189112,1463.090374042202,0.10051802050038576,26432.0,2316.0,0.08762106537530266,Dorota_to_analzye_size_spaces_TNFE2P42,E2P4_TNF
2680,29,19,2173.0,0.512821143898878,1.7027151403589507,24977.0,0.9086744238384922,0.859586330316275,1.2272490691436122,175.20640266690756,2013.8657705528533,0.08700004003683388,30653.000000000004,3700.0,0.1207059667895475,Dorota_to_analzye_size_spaces_TNFE2P42,E2P4_TNF
2681,30,26,515.0,0.8589342646728809,4.41747572815534,873.0,0.7879712401714625,0.9721603563474388,4.451317296678122,41.52383680324777,70.38895054220447,0.5899198167239404,3886.0,2275.0,0.585434894493052,Dorota_to_analzye_size_spaces_TNFE2P42,E2P4_TNF
2682,31,23,2034.0,0.6847430098439545,2.823992133726647,19921.0,0.7653879176422239,0.902096635420912,1.5563977711962251,163.998998170497,1606.206510597085,0.10210330806686412,31005.0,5744.0,0.18526044186421545,Dorota_to_analzye_size_spaces_TNFE2P42,E2P4_TNF
2683,32,24,1615.0,0.536061205148918,12.505263157894737,29738.0,0.6824202552516588,0.9220513456529827,10.472291344407829,130.21552706261193,2397.739531757247,0.054307619880287844,311425.0,20196.0,0.06485028498033234,Dorota_to_analzye_size_spaces_TNFE2P42,E2P4_TNF
2684,33,24,422.0,0.4024699396479829,9.289099526066352,29738.0,0.6824202552516588,0.9220513456529827,10.472291344407829,34.02535753586516,2397.739531757247,0.014190597888223822,311425.0,3920.0000000000005,0.012587300313076987,Dorota_to_analzye_size_spaces_TNFE2P42,E2P4_TNF
2685,34,25,2654.0,0.6918224322621714,7.401657874905802,9288.0,0.6398185335591747,0.9847328244274809,7.3531438415159345,213.98885995304772,748.8803810263403,0.28574504737295436,68296.0,19644.0,0.2876303150989809,Dorota_to_analzye_size_spaces_TNFE2P42,E2P4_TNF
2686,35,24,674.0,0.7103096871731416,19.178041543026705,29738.0,0.6824202552516588,0.9220513456529827,10.472291344407829,54.34381748619222,2397.739531757247,0.022664604210101552,311425.0,12925.999999999998,0.0415059805731717,Dorota_to_analzye_size_spaces_TNFE2P42,E2P4_TNF
2687,39,30,2776.0,0.5905564830849817,10.18371757925072,49381.0,0.7068636417323217,0.9889847990226512,6.621737105364412,223.82557469090446,3981.5312333615107,0.056215953504384276,326988.0,28270.0,0.08645577207726278,Dorota_to_analzye_size_spaces_TNFE2P42,E2P4_TNF
2688,42,31,1413.0,0.749672469224536,7.688605803255485,61038.0,0.6279034714717299,0.965042925579851,5.042383433271077,113.9285075786196,4921.421263682791,0.023149513417870835,307777.0,10864.0,0.03529828414728846,Dorota_to_analzye_size_spaces_TNFE2P42,E2P4_TNF
2689,43,31,1656.0,0.7668772041509503,7.763285024154589,61038.0,0.6279034714717299,0.965042925579851,5.042383433271077,133.52130824500642,4921.421263682791,0.027130639929224418,307777.0,12856.0,0.04177050266914032,Dorota_to_analzye_size_spaces_TNFE2P42,E2P4_TNF
2690,44,33,2918.0,0.6096885953234052,2.5925291295407815,11604.0,0.7291799392839016,0.9657123834886817,4.163564288176491,235.2748656152951,935.6167034269653,0.25146501206480526,48314.0,7565.000000000001,0.15657987332864182,Dorota_to_analzye_size_spaces_TNFE2P42,E2P4_TNF
2691,45,35,2761.0,0.7517848734506253,2.800796812749004,5314.0,0.5540080523433337,0.9718361375274324,3.17086940158073,222.61614255100406,428.4614927620556,0.5195709446744449,16850.0,7733.000000000001,0.45893175074183984,Dorota_to_analzye_size_spaces_TNFE2P42,E2P4_TNF
2692,46,36,222.0,0.6342804099991919,1.6846846846846846,535.0,0.454323137327621,0.9657039711191335,1.6654205607476635,17.89959567052622,43.13641298978166,0.41495327102803736,891.0,374.0,0.41975308641975306,Dorota_to_analzye_size_spaces_TNFE2P42,E2P4_TNF
2693,47,32,2725.0,0.6699359073877704,13.176146788990826,31379.0,0.651098253420375,0.8813335580271879,10.809044265272954,219.71350541524305,2530.051407862353,0.08684151821281749,339177.0,35905.0,0.10585918266863614,Dorota_to_analzye_size_spaces_TNFE2P42,E2P4_TNF
2694,48,38,2398.0,0.7255032814568259,4.032527105921601,31207.0,0.8882468571522601,0.933446996889208,2.196494376261736,193.34788476541388,2516.1832526581616,0.07684173422629538,68546.0,9670.0,0.1410731479590348,Dorota_to_analzye_size_spaces_TNFE2P42,E2P4_TNF
2695,49,42,2546.0,0.49531517110429274,6.825216025137471,3119.0,0.5715591719741955,0.9713484895671131,7.158704713049054,205.2809485457647,251.48125628996075,0.8162872715613979,22328.0,17377.0,0.7782604801146542,Dorota_to_analzye_size_spaces_TNFE2P42,E2P4_TNF
2696,50,41,3292.0,0.7346829930895229,2.903098420413123,11600.0,0.7271758690348338,0.9826344769165608,2.5525,265.43004030347896,935.2941881896585,0.28379310344827585,29609.000000000004,9557.0,0.3227734810361714,Dorota_to_analzye_size_spaces_TNFE2P42,E2P4_TNF
2697,51,44,2596.0,0.5960205851576331,5.858628659476117,3254.0,0.548884419852002,0.9765906362545018,6.1850030731407495,209.31238901209943,262.3661455490645,0.7977873386601106,20126.0,15209.0,0.755689158302693,Dorota_to_analzye_size_spaces_TNFE2P42,E2P4_TNF
2698,52,43,2756.0,0.741441521041632,2.1164731494920175,30499.0,0.8695442867710558,0.9456174619415249,1.3547657300239353,222.21299850437057,2459.0980556548616,0.0903636184792944,41319.0,5833.0,0.14116992182773058,Dorota_to_analzye_size_spaces_TNFE2P42,E2P4_TNF
2699,53,40,2487.0,0.48693805592481665,7.699638118214716,41874.0,0.33293029649441125,0.9645053552919498,8.079548168314467,200.5238487954897,3376.2507617460137,0.059392463103596506,338323.0,19149.0,0.05659975821921655,Dorota_to_analzye_size_spaces_TNFE2P42,E2P4_TNF
2700,54,45,2760.0,0.6415583892303881,3.3822463768115942,4905.0,0.5793161401182748,0.9845443596949016,3.7910295616717633,222.53551374167736,395.48430974743746,0.5626911314984709,18595.0,9335.0,0.5020166711481581,Dorota_to_analzye_size_spaces_TNFE2P42,E2P4_TNF
2701,55,46,1746.0,0.7434411242953314,3.88659793814433,5652.0,0.7177852827523369,0.9761658031088083,5.1834748761500355,140.77790108440894,455.7140303144784,0.3089171974522293,29297.0,6786.0,0.23162781172133665,Dorota_to_analzye_size_spaces_TNFE2P42,E2P4_TNF
2702,57,49,2873.0,0.6511160292966887,3.9975635224504003,5299.0,0.5181413333940682,0.9805699481865285,5.471787129647103,231.64656919559386,427.25206062215517,0.542177769390451,28994.999999999996,11485.0,0.3961027763407485,Dorota_to_analzye_size_spaces_TNFE2P42,E2P4_TNF
2703,58,46,1085.0,0.8479945779509594,4.20184331797235,5652.0,0.7177852827523369,0.9761658031088083,5.1834748761500355,87.48225811946375,455.7140303144784,0.19196744515215852,29297.0,4559.0,0.15561320271700174,Dorota_to_analzye_size_spaces_TNFE2P42,E2P4_TNF
2704,59,47,1319.0,0.832616583799974,4.385898407884762,5636.0,0.5467277868409729,0.9259076720880565,5.5065649396735274,106.3493995019103,454.4239693652513,0.23403122782114974,31035.0,5785.000000000001,0.18640244884807478,Dorota_to_analzye_size_spaces_TNFE2P42,E2P4_TNF
2705,60,47,2033.0,0.7088856564001965,5.940973930152484,5636.0,0.5467277868409729,0.9259076720880565,5.5065649396735274,163.9183693611703,454.4239693652513,0.3607168204400284,31035.0,12078.0,0.38917351377477044,Dorota_to_analzye_size_spaces_TNFE2P42,E2P4_TNF
2706,64,51,1021.0,0.8112112261411919,3.1518119490695398,8990.0,0.8177967680934786,0.9450226006517397,3.9095661846496106,82.32201432255529,724.8529958469853,0.1135706340378198,35147.0,3218.0,0.0915583122314849,Dorota_to_analzye_size_spaces_TNFE2P42,E2P4_TNF
2707,65,51,1789.0,0.6243337818217376,3.015092230296255,8990.0,0.8177967680934786,0.9450226006517397,3.9095661846496106,144.2449398854568,724.8529958469853,0.1989988876529477,35147.0,5394.0,0.15346971292002162,Dorota_to_analzye_size_spaces_TNFE2P42,E2P4_TNF
2708,66,52,2873.0,0.5637459296396758,1.538113470240167,10910.0,0.6368249396752853,0.9226995940460081,1.3905591200733272,231.64656919559386,879.6603097542392,0.2633363886342805,15171.0,4419.0,0.2912794146727309,Dorota_to_analzye_size_spaces_TNFE2P42,E2P4_TNF
2709,67,54,2588.0,0.6390478913944241,7.491112828438949,5554.0,0.592496499253497,0.9110892388451444,8.946344976593446,208.66735853748588,447.8124070004623,0.465970471732085,49688.0,19387.0,0.3901746900660119,Dorota_to_analzye_size_spaces_TNFE2P42,E2P4_TNF
2710,68,57,2957.0,0.7580476832565963,1.666215759215421,14709.0,0.8635652481464011,0.9687170706006323,1.8906111904276293,238.41938917903622,1185.9691563863523,0.20103338092324427,27809.0,4927.0,0.17717285770793628,Dorota_to_analzye_size_spaces_TNFE2P42,E2P4_TNF
2711,73,59,2936.0,0.574739277288589,4.196525885558583,27531.0,0.4604191573083367,0.9791933418693982,4.88285932221859,236.72618418317563,2219.7917495732318,0.10664342014456431,134430.0,12321.0,0.09165364873912073,Dorota_to_analzye_size_spaces_TNFE2P42,E2P4_TNF
2712,74,58,2643.0,0.7117928347964162,8.033673855467272,30682.0,0.3327169905838543,0.816988416988417,6.9902874649631705,213.10194305045408,2473.8531277616466,0.08614171175281925,214476.0,21233.0,0.09899942184673344,Dorota_to_analzye_size_spaces_TNFE2P42,E2P4_TNF
2713,75,61,1516.0,0.6457988407265554,5.186675461741425,58394.0,0.6478225102957214,0.9276545720277054,3.313645237524403,122.23327493926915,4708.23869182301,0.025961571394321335,193497.0,7863.0,0.04063628893471217,Dorota_to_analzye_size_spaces_TNFE2P42,E2P4_TNF
2714,76,60,3244.0,0.7910515324229033,1.6408754623921085,36429.0,0.6399629879004852,0.9264750762970498,1.083093140080705,261.5598574557976,2937.226894962161,0.08904993274588927,39456.0,5323.0,0.13490977291159773,Dorota_to_analzye_size_spaces_TNFE2P42,E2P4_TNF
2715,77,61,1133.0,0.8223036597750134,4.044130626654899,58394.0,0.6478225102957214,0.9276545720277054,3.313645237524403,91.35244096714509,4708.23869182301,0.019402678357365484,193497.0,4582.0,0.02367995369437252,Dorota_to_analzye_size_spaces_TNFE2P42,E2P4_TNF
2716,78,62,2400.0,0.5432292289341824,7.230416666666667,64106.0,0.3104296079756231,0.9570916691549717,4.5566561632296505,193.50914238406727,5168.79045069709,0.03743799332355786,292109.0,17353.0,0.05940590669921159,Dorota_to_analzye_size_spaces_TNFE2P42,E2P4_TNF
2717,79,62,892.0,0.8995522814542339,7.995515695067264,64106.0,0.3104296079756231,0.9570916691549717,4.5566561632296505,71.92089791941167,5168.79045069709,0.01391445418525567,292109.0,7132.0,0.02441554351286677,Dorota_to_analzye_size_spaces_TNFE2P42,E2P4_TNF
2718,81,63,967.0,0.7286634753689782,2.9720785935884177,38892.0,0.6141697693670124,0.9793020093669739,2.4297799033220198,77.96805861891377,3135.8156523338102,0.02486372518769927,94498.99999999999,2874.0,0.030413020243600465,Dorota_to_analzye_size_spaces_TNFE2P42,E2P4_TNF
2719,82,63,1791.0,0.6124273106600108,2.88107202680067,38892.0,0.6141697693670124,0.9793020093669739,2.4297799033220198,144.4061975041102,3135.8156523338102,0.04605060166615242,94498.99999999999,5160.0,0.054603752420660547,Dorota_to_analzye_size_spaces_TNFE2P42,E2P4_TNF
2720,83,66,2382.0,0.6459253015744684,2.165827036104114,36317.0,0.8501403531216832,0.8940889731406485,1.020183385191508,192.05782381618675,2928.196468317571,0.0655891180438913,37050.0,5159.0,0.1392442645074224,Dorota_to_analzye_size_spaces_TNFE2P42,E2P4_TNF
2721,84,65,3883.0,0.6605356907033904,2.8220448107133658,55064.0,0.5093457063633587,0.9290836384497275,1.6317920964695627,313.0816666155555,4439.744756765117,0.07051794275751852,89853.0,10958.0,0.1219547483111304,Dorota_to_analzye_size_spaces_TNFE2P42,E2P4_TNF
2722,87,71,752.0,0.48022090585202887,1.726063829787234,9820.0,0.8669177577581091,0.9511817125145292,1.8765784114052952,60.632864613674414,791.7749075881419,0.07657841140529531,18428.0,1298.0,0.0704362925982201,Dorota_to_analzye_size_spaces_TNFE2P42,E2P4_TNF
2723,88,71,1250.0,0.6940466415003557,1.7136,9820.0,0.8669177577581091,0.9511817125145292,1.8765784114052952,100.78601165836837,791.7749075881419,0.12729124236252545,18428.0,2142.0,0.11623616236162361,Dorota_to_analzye_size_spaces_TNFE2P42,E2P4_TNF
2724,92,75,750.0,0.7394378868740606,2.461333333333333,1561.0,0.6156199682727969,0.9731920199501247,2.5028827674567586,60.47160699502102,125.86157135897042,0.48046124279308133,3907.0000000000005,1845.9999999999998,0.47248528282569735,Dorota_to_analzye_size_spaces_TNFE2P42,E2P4_TNF
2725,94,76,2311.0,0.6980588409663463,5.341410644742536,4163.0,0.5601597706591985,0.9813767090994814,5.424693730482825,186.33317835399143,335.65773322703,0.5551285130915206,22583.0,12344.0,0.5466058539609441,Dorota_to_analzye_size_spaces_TNFE2P42,E2P4_TNF
2726,4,4,2581.0,0.7727077993668882,13.038357225881441,14289.0,0.6272933836219287,0.9554663991975928,12.314717614948561,208.102956872199,1152.1050564691404,0.1806284554552453,175965.0,33652.0,0.19124257664876537,Dorota_to_analzye_size_spaces_TNFE2P43,E2P4_TNF
2727,5,5,2564.0,0.6746483477597639,14.05811232449298,29203.0,0.8116183502733115,0.9807892527287994,12.141184124918674,206.7322671136452,2354.6031187674653,0.08779919871246104,354559.0,36045.0,0.10166150062471972,Dorota_to_analzye_size_spaces_TNFE2P43,E2P4_TNF
2728,8,7,689.0,0.700115736587489,4.532656023222061,5962.0,0.22640072327108338,0.9737056998203495,7.326232807782623,55.553249626092644,480.7089612057538,0.11556524656155652,43679.0,3123.0,0.07149888962659401,Dorota_to_analzye_size_spaces_TNFE2P43,E2P4_TNF
2729,9,7,2612.0,0.6732683286967,5.826186830015314,5962.0,0.22640072327108338,0.9737056998203495,7.326232807782623,210.60244996132656,480.7089612057538,0.4381080174438108,43679.0,15218.0,0.34840541221181803,Dorota_to_analzye_size_spaces_TNFE2P43,E2P4_TNF
2730,10,6,2521.0,0.6345447267343383,13.321697738992464,38549.0,0.3992536432520151,0.8496958208428849,9.008534592337025,203.26522831259732,3108.1599707347536,0.06539728657033905,347269.99999999994,33584.0,0.09670861289486568,Dorota_to_analzye_size_spaces_TNFE2P43,E2P4_TNF
2731,11,9,2561.0,0.7941550826792458,3.6716126513080827,21120.0,0.9136465979285305,0.9125081011017498,3.0515151515151517,206.49038068566512,1702.880452979792,0.1212594696969697,64448.00000000001,9403.0,0.14590057100297912,Dorota_to_analzye_size_spaces_TNFE2P43,E2P4_TNF
2732,13,13,927.0,0.7824011276581991,4.433656957928803,6886.0,0.5924098277821577,0.9663205164187483,6.301481266337496,74.74290624584599,555.2099810236197,0.13462097008422888,43392.0,4110.0,0.0947179203539823,Dorota_to_analzye_size_spaces_TNFE2P43,E2P4_TNF
2733,14,13,2217.0,0.5872495717892328,5.451511050969779,6886.0,0.5924098277821577,0.9663205164187483,6.301481266337496,178.75407027728212,555.2099810236197,0.3219575951205344,43392.0,12086.0,0.278530604719764,Dorota_to_analzye_size_spaces_TNFE2P43,E2P4_TNF
2734,15,15,105.0,0.7187767143039905,1.2095238095238094,451.0,0.5165654199425306,0.9575371549893843,0.7982261640798226,8.466024979302944,36.36359300633931,0.2328159645232816,360.0,126.99999999999999,0.35277777777777775,Dorota_to_analzye_size_spaces_TNFE2P43,E2P4_TNF
2735,16,11,1242.0,0.7700531398650639,2.6650563607085345,32996.0,0.8629031862133317,0.7497898061672007,1.8631955388531942,100.14098118375482,2660.428192543618,0.03764092617286944,61478.0,3310.0,0.053840398191222875,Dorota_to_analzye_size_spaces_TNFE2P43,E2P4_TNF
2736,17,13,353.0,0.2633314566385177,5.388101983002833,6886.0,0.5924098277821577,0.9663205164187483,6.301481266337496,28.461969692323226,555.2099810236197,0.05126343305257043,43392.0,1902.0,0.043832964601769914,Dorota_to_analzye_size_spaces_TNFE2P43,E2P4_TNF
2737,19,11,1174.0,0.7042893309213297,2.4361158432708687,32996.0,0.8629031862133317,0.7497898061672007,1.8631955388531942,94.65822214953957,2660.428192543618,0.035580070311552914,61478.0,2860.0,0.04652070659422883,Dorota_to_analzye_size_spaces_TNFE2P43,E2P4_TNF
2738,20,12,1318.0,0.7520572637515271,10.80576631259484,38223.0,0.5918417587353193,0.8625296175110008,8.040263715563928,106.2687706925836,3081.8749788942514,0.034481856473850825,307323.0,14242.0,0.04634212213208904,Dorota_to_analzye_size_spaces_TNFE2P43,E2P4_TNF
2739,21,12,796.0,0.7759948129439184,9.866834170854272,38223.0,0.5918417587353193,0.8625296175110008,8.040263715563928,64.18053222404897,3081.8749788942514,0.020825157627606415,307323.0,7854.000000000001,0.025556173797600574,Dorota_to_analzye_size_spaces_TNFE2P43,E2P4_TNF
2740,23,14,209.0,0.8591924795185082,4.095693779904306,46177.0,0.768928439674581,0.9384043245000813,4.15128743746887,16.85142114927919,3723.196528278781,0.004526062758516145,191694.0,856.0,0.004465450144501132,Dorota_to_analzye_size_spaces_TNFE2P43,E2P4_TNF
2741,24,18,2902.0,0.7139281838002501,16.37904893177119,36426.0,0.23830288955009468,0.9835029835029835,12.371932136386098,233.98480466606802,2936.985008534181,0.07966836874759788,450660.0,47531.99999999999,0.10547197443749166,Dorota_to_analzye_size_spaces_TNFE2P43,E2P4_TNF
2742,25,14,1783.0,0.4403935276869686,6.180594503645541,46177.0,0.768928439674581,0.9384043245000813,4.15128743746887,143.76116702949665,3723.196528278781,0.038612296164757344,191694.0,11020.0,0.057487453963087,Dorota_to_analzye_size_spaces_TNFE2P43,E2P4_TNF
2743,26,14,1185.0,0.7890920260566948,6.805907172995781,46177.0,0.768928439674581,0.9384043245000813,4.15128743746887,95.54513905213321,3723.196528278781,0.025662126166706368,191694.0,8065.0,0.04207226099930097,Dorota_to_analzye_size_spaces_TNFE2P43,E2P4_TNF
2744,27,19,1834.0,0.4827031335080569,7.856052344601963,15974.0,0.4504566828929068,0.9827130113811136,6.59959934894203,147.87323630515806,1287.964600184621,0.11481156879929887,105422.0,14408.0,0.1366697653241259,Dorota_to_analzye_size_spaces_TNFE2P43,E2P4_TNF
2745,28,20,2761.0,0.7269896944630838,12.83448026077508,40666.0,0.7830716084304011,0.939103526314574,9.626666010918212,222.61614255100406,3278.8511600793663,0.06789455564845326,391478.0,35436.0,0.09051849656941131,Dorota_to_analzye_size_spaces_TNFE2P43,E2P4_TNF
2746,29,22,1905.0,0.6899634345533002,6.5711286089238845,12372.0,0.5394370567379267,0.9727944645384494,7.944713870029098,153.59788176735339,997.5396289898667,0.15397672162948595,98292.0,12518.0,0.12735522728197615,Dorota_to_analzye_size_spaces_TNFE2P43,E2P4_TNF
2747,30,23,2770.0,0.643964196111194,8.483032490974729,4527.0,0.5254380014545248,0.9839165398826342,9.5480450629556,223.3418018349443,365.00661982194686,0.6118842500552242,43224.0,23498.0,0.5436331667592078,Dorota_to_analzye_size_spaces_TNFE2P43,E2P4_TNF
2748,32,22,1403.0,0.7562906722488074,7.711332858161083,12372.0,0.5394370567379267,0.9727944645384494,7.944713870029098,113.12221948535266,997.5396289898667,0.11340122858066602,98292.0,10819.0,0.1100699955235421,Dorota_to_analzye_size_spaces_TNFE2P43,E2P4_TNF
2749,33,27,2872.0,0.7771401219277846,2.4042479108635098,7260.0,0.7463125789931424,0.9733208204853198,2.4958677685950414,231.56594038626716,585.3651557118035,0.3955922865013774,18120.0,6905.0,0.3810706401766004,Dorota_to_analzye_size_spaces_TNFE2P43,E2P4_TNF
2750,34,26,2824.0,0.5751710739264854,2.9373229461756374,8864.0,0.48249217455848564,0.9186444191107886,2.6454196750902526,227.6957575385858,714.6937658718218,0.3185920577617328,23449.0,8295.0,0.35374642841912235,Dorota_to_analzye_size_spaces_TNFE2P43,E2P4_TNF
2751,35,25,3307.0,0.7560441775788193,2.532506803749622,30158.0,0.755574381880971,0.8376756846841842,1.3333443862325087,266.63947244337936,2431.6036316744585,0.10965581271967637,40211.0,8375.0,0.20827634229439707,Dorota_to_analzye_size_spaces_TNFE2P43,E2P4_TNF
2752,36,27,1.0,0.0,8.0,7260.0,0.7463125789931424,0.9733208204853198,2.4958677685950414,0.0806288093266947,585.3651557118035,0.0001377410468319559,18120.0,8.0,0.0004415011037527594,Dorota_to_analzye_size_spaces_TNFE2P43,E2P4_TNF
2753,37,29,2308.0,0.7401263436475175,3.0043327556325825,24130.0,0.7638553542329303,0.9657794676806084,2.084583506009117,186.09129192601137,1945.573169053143,0.09564857024450892,50300.99999999999,6934.0,0.1378501421442914,Dorota_to_analzye_size_spaces_TNFE2P43,E2P4_TNF
2754,38,28,2925.0,0.5294479969086121,17.6608547008547,68645.0,0.7041398090635735,0.9658107632782272,10.711792555903562,235.839267280582,5534.7646162309575,0.04261053244955933,735311.0,51657.99999999999,0.07025326698499001,Dorota_to_analzye_size_spaces_TNFE2P43,E2P4_TNF
2755,39,30,1136.0,0.38762725254083435,48.94718309859155,8813.0,0.7816750592319146,0.9608591365023986,34.88528310450471,91.59432739512518,710.5816965961603,0.12890048791557926,307444.0,55604.0,0.1808589531752124,Dorota_to_analzye_size_spaces_TNFE2P43,E2P4_TNF
2756,40,32,144.0,0.6912238582295961,5.5625,38172.0,0.3969257421434683,0.9697924341353116,6.304411610604632,11.610548543044036,3077.7629096185897,0.003772398616787174,240652.0,801.0,0.0033284576899423233,Dorota_to_analzye_size_spaces_TNFE2P43,E2P4_TNF
2757,41,33,101.0,0.8600289854274512,1.198019801980198,425.0,0.5572873809695376,0.9681093394077449,1.0423529411764705,8.143509741996164,34.267243963845246,0.2376470588235294,442.99999999999994,121.0,0.27313769751693007,Dorota_to_analzye_size_spaces_TNFE2P43,E2P4_TNF
2758,43,31,1194.0,0.7337188936117499,42.8643216080402,20003.0,0.6704131175523502,0.9138797514619883,16.33919912013198,96.27079833607347,1612.818072961874,0.059691046343048546,326833.0,51180.0,0.15659373441482347,Dorota_to_analzye_size_spaces_TNFE2P43,E2P4_TNF
2759,44,32,2890.0,0.6106919984618238,9.060207612456747,38172.0,0.3969257421434683,0.9697924341353116,6.304411610604632,233.01725895414768,3077.7629096185897,0.07570994446190925,240652.0,26183.999999999996,0.10880441467347039,Dorota_to_analzye_size_spaces_TNFE2P43,E2P4_TNF
2760,45,35,3285.0,0.698052318518265,9.478843226788433,5701.0,0.5761933269439258,0.9827615928288226,10.931064725486756,264.8656386381921,459.66484197148645,0.5762146991755832,62318.0,31138.000000000004,0.49966301871048496,Dorota_to_analzye_size_spaces_TNFE2P43,E2P4_TNF
2761,46,36,4498.0,0.6601860209375637,13.513561582925744,5539.0,0.634527988474881,0.9762072611913993,14.574110850333994,362.66838435147275,446.6029748605619,0.8120599386170789,80726.0,60784.0,0.7529668260535639,Dorota_to_analzye_size_spaces_TNFE2P43,E2P4_TNF
2762,48,37,2763.0,0.6586002850825989,4.191096634093377,5540.0,0.7613695298119719,0.9434604904632152,4.35956678700361,222.77740016965745,446.6836036698886,0.4987364620938628,24152.0,11580.0,0.47946339847631664,Dorota_to_analzye_size_spaces_TNFE2P43,E2P4_TNF
2763,51,39,1384.0,0.7786576923463444,3.06864161849711,5167.0,0.7236022191074577,0.9690547636909227,4.148442035997678,111.59027210814546,416.6090577910315,0.2678536868589123,21435.0,4247.0,0.1981338931653837,Dorota_to_analzye_size_spaces_TNFE2P43,E2P4_TNF
2764,54,40,2893.0,0.37259108100611366,5.7469754580020735,5779.0,0.27218162905944676,0.9717504624180259,7.904654784564803,233.25914538212774,465.95388909896866,0.5006056411143797,45681.0,16626.0,0.36395875747028306,Dorota_to_analzye_size_spaces_TNFE2P43,E2P4_TNF
2765,55,39,1798.0,0.5610553153665125,3.663515016685206,5167.0,0.7236022191074577,0.9690547636909227,4.148442035997678,144.97059916939705,416.6090577910315,0.3479775498354945,21435.0,6587.0,0.3073011429904362,Dorota_to_analzye_size_spaces_TNFE2P43,E2P4_TNF
2766,57,44,2039.0,0.7421555542315268,5.473761647866601,7260.0,0.8870849181547041,0.8987373112156475,4.581129476584022,164.4021422171305,585.3651557118035,0.28085399449035814,33259.0,11161.0,0.3355783396975255,Dorota_to_analzye_size_spaces_TNFE2P43,E2P4_TNF
2767,59,45,1953.0,0.8335301644880698,4.006656426011265,15096.0,0.7423792628431998,0.9062856456744912,1.9589957604663486,157.46806461503473,1217.1725055957832,0.12937201907790144,29573.0,7825.0,0.26459946572887433,Dorota_to_analzye_size_spaces_TNFE2P43,E2P4_TNF
2768,61,46,1532.0,0.739195244177242,3.376631853785901,33276.0,0.7101077959577108,0.8061241793648102,1.7008955403293664,123.52333588849628,2683.0042591550928,0.04603918740233201,56599.0,5173.0,0.09139737451191716,Dorota_to_analzye_size_spaces_TNFE2P43,E2P4_TNF
2769,62,46,2237.0,0.6519753827318626,2.8189539561913275,33276.0,0.7101077959577108,0.8061241793648102,1.7008955403293664,180.36664646381604,2683.0042591550928,0.06722562808029811,56599.0,6306.0,0.111415396031732,Dorota_to_analzye_size_spaces_TNFE2P43,E2P4_TNF
2770,63,49,1386.0,0.7158797274117848,10.180375180375181,4990.0,0.6229987321875842,0.9809317869078042,11.837875751503006,111.75152972679885,402.33775854020655,0.2777555110220441,59071.0,14110.000000000002,0.23886509454723978,Dorota_to_analzye_size_spaces_TNFE2P43,E2P4_TNF
2771,64,49,1211.0,0.7320358043888876,10.795210569777044,4990.0,0.6229987321875842,0.9809317869078042,11.837875751503006,97.64148809462728,402.33775854020655,0.24268537074148297,59071.0,13073.0,0.22130994904437035,Dorota_to_analzye_size_spaces_TNFE2P43,E2P4_TNF
2772,65,51,132.0,0.8485846307222465,0.05303030303030303,477.0,0.7151989267611811,0.9578313253012049,0.041928721174004195,10.643002831123699,38.45994204883337,0.27672955974842767,20.0,7.0,0.35,Dorota_to_analzye_size_spaces_TNFE2P43,E2P4_TNF
2773,66,50,886.0,0.6732070061450637,2.2426636568848757,16177.0,0.5687851699932152,0.7591627950631189,2.4688137479137047,71.4371250634515,1304.33224847794,0.05476911664709155,39938.0,1986.9999999999998,0.04975211577945816,Dorota_to_analzye_size_spaces_TNFE2P43,E2P4_TNF
2774,67,50,1121.0,0.6968669597753758,4.1873327386262265,16177.0,0.5687851699932152,0.7591627950631189,2.4688137479137047,90.38489525522475,1304.33224847794,0.06929591395190703,39938.0,4694.0,0.11753217487105012,Dorota_to_analzye_size_spaces_TNFE2P43,E2P4_TNF
2775,69,48,2740.0,0.7619514234856337,4.5959854014598545,49653.0,0.6096618199718121,0.9739510798140484,2.5181761424284534,220.92293755514348,4003.462269498372,0.05518296981048476,125035.0,12593.000000000002,0.1007157995761187,Dorota_to_analzye_size_spaces_TNFE2P43,E2P4_TNF
2776,70,52,2250.0,0.768452346315948,2.5484444444444443,17075.0,0.7392988266748354,0.8271569054885434,1.7655636896046851,181.41482098506307,1376.736919253312,0.13177159590043924,30147.0,5734.0,0.19020134673433509,Dorota_to_analzye_size_spaces_TNFE2P43,E2P4_TNF
2777,71,55,2626.0,0.68637238609062,3.30997715156131,15272.0,0.5983901014421034,0.9575521976299455,3.335843373493976,211.73125329190026,1231.3631760372814,0.1719486642221058,50945.0,8692.0,0.17061536951614487,Dorota_to_analzye_size_spaces_TNFE2P43,E2P4_TNF
2778,73,57,2426.0,0.6552846769016448,1.840065952184666,6556.0,0.7563712052628593,0.9635508524397414,1.6653447223917022,195.60549142656134,528.6024739458104,0.37004270896888347,10918.0,4464.0,0.408866092690969,Dorota_to_analzye_size_spaces_TNFE2P43,E2P4_TNF
2779,74,53,639.0,0.8677237238677089,7.820031298904539,43253.0,0.6198069931099786,0.8220815752461322,11.185698101865766,51.52180915975791,3487.4378898075256,0.014773541719649504,483815.0,4997.0,0.010328327976602627,Dorota_to_analzye_size_spaces_TNFE2P43,E2P4_TNF
2780,76,53,1747.0,0.35797477389125204,10.77389811104751,43253.0,0.6198069931099786,0.8220815752461322,11.185698101865766,140.85852989373564,3487.4378898075256,0.040390261947148176,483815.0,18822.0,0.038903299815011935,Dorota_to_analzye_size_spaces_TNFE2P43,E2P4_TNF
2781,78,58,872.0,0.872879905629532,5.786697247706422,8777.0,0.6710837093674937,0.9591301497104142,8.077247351031104,70.30832173287777,707.6790594603993,0.09935057536743762,70894.0,5046.0,0.07117668632042204,Dorota_to_analzye_size_spaces_TNFE2P43,E2P4_TNF
2782,79,58,925.0,0.7144951422773175,6.561081081081081,8777.0,0.6710837093674937,0.9591301497104142,8.077247351031104,74.58164862719259,707.6790594603993,0.10538908510880711,70894.0,6069.0,0.0856066803960843,Dorota_to_analzye_size_spaces_TNFE2P43,E2P4_TNF
2783,80,58,477.0,0.4692698705024551,9.450733752620545,8777.0,0.6710837093674937,0.9591301497104142,8.077247351031104,38.45994204883337,707.6790594603993,0.0543465876723254,70894.0,4508.0,0.06358789178209721,Dorota_to_analzye_size_spaces_TNFE2P43,E2P4_TNF
2784,81,58,326.0,0.8661075081805049,8.714723926380367,8777.0,0.6710837093674937,0.9591301497104142,8.077247351031104,26.28499184050247,707.6790594603993,0.03714253161672553,70894.0,2840.9999999999995,0.04007391316613535,Dorota_to_analzye_size_spaces_TNFE2P43,E2P4_TNF
2785,82,60,1991.0,0.8360047682849099,3.9151180311401306,4458.0,0.6840546748366068,0.9806423229212494,4.39883355764917,160.53195936944914,359.4432319784049,0.4466128308658591,19610.0,7795.0,0.39750127485976544,Dorota_to_analzye_size_spaces_TNFE2P43,E2P4_TNF
2786,83,60,353.0,0.8289776225564757,3.861189801699717,4458.0,0.6840546748366068,0.9806423229212494,4.39883355764917,28.461969692323226,359.4432319784049,0.07918349035441902,19610.0,1363.0,0.06950535441101478,Dorota_to_analzye_size_spaces_TNFE2P43,E2P4_TNF
2787,85,62,1625.0,0.7134296169792622,9.703384615384616,4415.0,0.6104948059216074,0.9679894759921069,11.250509626274066,131.02181515587887,355.97619317735706,0.36806342015855037,49671.0,15768.0,0.31744881319079543,Dorota_to_analzye_size_spaces_TNFE2P43,E2P4_TNF
2788,86,62,821.0,0.8289478037845227,12.236297198538368,4415.0,0.6104948059216074,0.9679894759921069,11.250509626274066,66.19625245721635,355.97619317735706,0.18595696489241223,49671.0,10046.0,0.20225081033198447,Dorota_to_analzye_size_spaces_TNFE2P43,E2P4_TNF
2789,87,63,1298.0,0.866274182790802,3.553929121725732,4725.0,0.6637490330268936,0.9821242984826439,4.223068783068783,104.65619450604972,380.97112406863243,0.27470899470899474,19954.0,4613.0,0.23118171795128797,Dorota_to_analzye_size_spaces_TNFE2P43,E2P4_TNF
2790,88,64,296.0,0.772551861357665,2.2533783783783785,4996.0,0.5465573360915886,0.9784567175871524,3.4705764611689354,23.866127560701628,402.8215313961667,0.059247397918334666,17339.0,667.0,0.03846819309072034,Dorota_to_analzye_size_spaces_TNFE2P43,E2P4_TNF
2791,89,64,2521.0,0.37878484497440507,2.953193177310591,4996.0,0.5465573360915886,0.9784567175871524,3.4705764611689354,203.26522831259732,402.8215313961667,0.504603682946357,17339.0,7444.999999999999,0.42937885691216326,Dorota_to_analzye_size_spaces_TNFE2P43,E2P4_TNF
2792,90,65,2020.0,0.6117445947435239,10.212376237623763,3658.0,0.5034267467830059,0.9791220556745182,12.070803717878622,162.87019483992327,294.9401845170492,0.5522143247676325,44155.0,20629.0,0.4671951081417733,Dorota_to_analzye_size_spaces_TNFE2P43,E2P4_TNF
2793,91,66,1272.0,0.6203091214539511,3.5589622641509435,6978.0,0.5027494731176162,0.9812965827591056,4.826167956434508,102.55984546355565,562.6278314816756,0.1822871883061049,33677.0,4527.0,0.13442408765626393,Dorota_to_analzye_size_spaces_TNFE2P43,E2P4_TNF
2794,92,63,378.0,0.8163417320916335,2.875661375661376,4725.0,0.6637490330268936,0.9821242984826439,4.223068783068783,30.477689925490594,380.97112406863243,0.08,19954.0,1087.0,0.054475293174300894,Dorota_to_analzye_size_spaces_TNFE2P43,E2P4_TNF
2795,93,66,571.0,0.8653309937890027,3.1541155866900175,6978.0,0.5027494731176162,0.9812965827591056,4.826167956434508,46.03905012554267,562.6278314816756,0.08182860418458011,33677.0,1801.0,0.05347863527036256,Dorota_to_analzye_size_spaces_TNFE2P43,E2P4_TNF
2796,94,63,684.0,0.8115533013643209,3.783625730994152,4725.0,0.6637490330268936,0.9821242984826439,4.223068783068783,55.15010557945917,380.97112406863243,0.14476190476190476,19954.0,2588.0,0.1296983061040393,Dorota_to_analzye_size_spaces_TNFE2P43,E2P4_TNF
2797,95,63,1.0,0.0,3.0,4725.0,0.6637490330268936,0.9821242984826439,4.223068783068783,0.0806288093266947,380.97112406863243,0.00021164021164021165,19954.0,3.0,0.00015034579532925728,Dorota_to_analzye_size_spaces_TNFE2P43,E2P4_TNF
2798,97,66,613.0,0.8643966520670288,6.68678629690049,6978.0,0.5027494731176162,0.9812965827591056,4.826167956434508,49.425460117263846,562.6278314816756,0.08784752077959301,33677.0,4099.0,0.12171511714226327,Dorota_to_analzye_size_spaces_TNFE2P43,E2P4_TNF
2799,5,7,3244.0,0.7732228396256238,2.7053020961775585,5304.0,0.6860072600827811,0.9825861430159318,2.5752262443438916,261.5598574557976,427.65520466878866,0.6116138763197587,13659.000000000002,8776.0,0.6425067720916611,Dorota_to_analzye_size_spaces_E2P4_001,E2P4
2800,6,8,149.0,0.6125714047777764,2.140939597315436,345.0,0.31153466487468046,0.9583333333333334,1.9855072463768115,12.01369258967751,27.81693921770967,0.4318840579710145,685.0,319.0,0.4656934306569343,Dorota_to_analzye_size_spaces_E2P4_001,E2P4
2801,7,9,1055.0,0.8872369500597415,2.585781990521327,4885.0,0.5490166129027017,0.9846805079621044,3.0499488229273286,85.06339383966291,393.8717335609036,0.21596724667349027,14899.0,2728.0,0.1830995368816699,Dorota_to_analzye_size_spaces_E2P4_001,E2P4
2802,8,9,582.0,0.7721834465695738,3.5876288659793816,4885.0,0.5490166129027017,0.9846805079621044,3.0499488229273286,46.92596702813631,393.8717335609036,0.11914022517911975,14899.0,2088.0,0.14014363380092623,Dorota_to_analzye_size_spaces_E2P4_001,E2P4
2803,9,10,4025.0,0.7555076317749606,3.5227329192546586,5530.0,0.7400564953776427,0.9841608827193451,3.7343580470162747,324.53095753994614,445.87731557662164,0.7278481012658228,20651.0,14179.0,0.6866011331170403,Dorota_to_analzye_size_spaces_E2P4_001,E2P4
2804,10,9,963.0,0.8428058295799509,2.663551401869159,4885.0,0.5490166129027017,0.9846805079621044,3.0499488229273286,77.64554338160698,393.8717335609036,0.1971340839303992,14899.0,2565.0,0.172159205315793,Dorota_to_analzye_size_spaces_E2P4_001,E2P4
2805,11,11,219.0,0.33350442361060223,1.0365296803652968,996.0,0.7083441042526911,0.9764705882352941,0.7801204819277109,17.657709242546137,80.30629408938792,0.21987951807228914,777.0,227.0,0.29214929214929214,Dorota_to_analzye_size_spaces_E2P4_001,E2P4
2806,12,12,958.0,0.296367328790722,1.150313152400835,1817.0,0.40888390488169374,0.9826933477555435,1.0919097413318657,77.24239933497351,146.50254654660426,0.527242707760044,1984.0,1102.0,0.5554435483870968,Dorota_to_analzye_size_spaces_E2P4_001,E2P4
2807,13,13,1604.0,0.6751190190887845,2.802992518703242,4262.0,0.5963876690113021,0.9797701149425287,2.9211637728765836,129.3286101600183,343.6399853503728,0.37634913186297514,12450.0,4496.0,0.3611244979919679,Dorota_to_analzye_size_spaces_E2P4_001,E2P4
2808,14,13,987.0,0.7866453780119917,2.4518743667679836,4262.0,0.5963876690113021,0.9797701149425287,2.9211637728765836,79.58063480544766,343.6399853503728,0.2315814171750352,12450.0,2420.0,0.19437751004016066,Dorota_to_analzye_size_spaces_E2P4_001,E2P4
2809,15,14,676.0,0.7468772432446221,1.5488165680473374,4698.0,0.568863950097936,0.9732753262896209,1.6008939974457215,54.505075104845616,378.79414621681167,0.14389101745423585,7520.999999999999,1047.0,0.13921021140805745,Dorota_to_analzye_size_spaces_E2P4_001,E2P4
2810,16,17,2882.0,0.6832838809423132,3.145732130464955,4349.0,0.6156230992986286,0.9841593120615524,3.645435732352265,232.3722284795341,350.6546917617952,0.6626810761094505,15854.0,9066.0,0.5718430679954586,Dorota_to_analzye_size_spaces_E2P4_001,E2P4
2811,17,16,1393.0,0.7922085573816882,3.5549174443646807,5442.0,0.6401473219333009,0.9862268938021022,3.4852995222344725,112.31593139208572,438.7819803558725,0.2559720690922455,18967.0,4952.0,0.2610850424421363,Dorota_to_analzye_size_spaces_E2P4_001,E2P4
2812,18,16,950.0,0.7694000169669895,3.0242105263157897,5442.0,0.6401473219333009,0.9862268938021022,3.4852995222344725,76.59736886035996,438.7819803558725,0.17456817346563763,18967.0,2873.0,0.1514736120630569,Dorota_to_analzye_size_spaces_E2P4_001,E2P4
2813,19,14,1330.0,0.5374132426337107,1.5721804511278195,4698.0,0.568863950097936,0.9732753262896209,1.6008939974457215,107.23631640450394,378.79414621681167,0.2830991911451682,7520.999999999999,2091.0,0.2780215396888712,Dorota_to_analzye_size_spaces_E2P4_001,E2P4
2814,20,16,670.0,0.7913926874560743,2.680597014925373,5442.0,0.6401473219333009,0.9862268938021022,3.4852995222344725,54.02130224888545,438.7819803558725,0.1231165012862918,18967.0,1796.0,0.09469077872093637,Dorota_to_analzye_size_spaces_E2P4_001,E2P4
2815,21,18,1784.0,0.7450691103259554,4.918161434977579,14829.0,0.4265045454811447,0.9779726966959045,7.938633758176546,143.84179583882334,1195.6446135055555,0.12030480814620001,117722.0,8774.0,0.07453152341958173,Dorota_to_analzye_size_spaces_E2P4_001,E2P4
2816,22,19,2420.0,0.7066173653656345,5.470661157024794,4708.0,0.6151508831703287,0.9773718081793648,6.491928632115548,195.12171857060116,379.60043431007864,0.514018691588785,30564.0,13239.000000000002,0.43315665488810373,Dorota_to_analzye_size_spaces_E2P4_001,E2P4
2817,23,18,3329.0,0.5817007407964687,9.051366776809854,14829.0,0.4265045454811447,0.9779726966959045,7.938633758176546,268.41330624856664,1195.6446135055555,0.22449254838492144,117722.0,30132.000000000004,0.2559589541462089,Dorota_to_analzye_size_spaces_E2P4_001,E2P4
2818,24,20,2354.0,0.6441605214425504,2.1117247238742567,4493.0,0.7019355358905328,0.9618925283665168,2.4758513242822167,189.80021715503932,362.26524030483927,0.5239261072779879,11124.0,4971.0,0.44687162891046384,Dorota_to_analzye_size_spaces_E2P4_001,E2P4
2819,25,21,391.0,0.7183722046416741,4.156010230179028,1083.0,0.45945988989708964,0.9739208633093526,3.9787626962142197,31.525864446737625,87.32100050081036,0.3610341643582641,4309.0,1625.0,0.3771176607101416,Dorota_to_analzye_size_spaces_E2P4_001,E2P4
2820,26,23,2295.0,0.7250763627730253,2.3302832244008713,4091.0,0.6583814780516382,0.9787081339712919,2.5274993889024686,185.04311740476433,329.852458955508,0.5609875336103642,10340.0,5348.0,0.5172147001934236,Dorota_to_analzye_size_spaces_E2P4_001,E2P4
2821,27,24,2989.0,0.7188321145320871,7.796587487453998,27154.0,0.4178871406247586,0.9797582536532563,7.346578772924799,240.99951107749044,2189.394688457068,0.11007586359284083,199489.0,23304.0,0.11681847119390042,Dorota_to_analzye_size_spaces_E2P4_001,E2P4
2822,28,25,1617.0,0.6930648791349042,4.276437847866419,10337.0,0.7426205946002625,0.9129206040801907,4.103318177420915,130.37678468126532,833.460002010043,0.1564283641288575,42416.0,6915.0,0.1630281026027914,Dorota_to_analzye_size_spaces_E2P4_001,E2P4
2823,29,25,1084.0,0.8416064922259201,3.9428044280442807,10337.0,0.7426205946002625,0.9129206040801907,4.103318177420915,87.40162931013705,833.460002010043,0.1048660152848989,42416.0,4274.0,0.10076386269332327,Dorota_to_analzye_size_spaces_E2P4_001,E2P4
2824,30,26,2170.0,0.7901257578800203,2.2,16046.0,0.653838512448259,0.9724259135809951,1.6085005608874485,174.9645162389275,1293.769874456143,0.13523619593668204,25810.0,4774.0,0.1849670670282836,Dorota_to_analzye_size_spaces_E2P4_001,E2P4
2825,31,22,1769.0,0.7162198038741981,6.037874505370266,30142.0,0.3882484027042753,0.9267047900141425,4.669165947846858,142.63236369892292,2430.3135707252313,0.058688872669365004,140738.0,10681.0,0.07589279370177208,Dorota_to_analzye_size_spaces_E2P4_001,E2P4
2826,32,22,869.0,0.8481777882889417,5.590333716915995,30142.0,0.3882484027042753,0.9267047900141425,4.669165947846858,70.0664353048977,2430.3135707252313,0.028830203702474952,140738.0,4858.0,0.03451804061447512,Dorota_to_analzye_size_spaces_E2P4_001,E2P4
2827,33,29,2305.0,0.776135554018782,3.406073752711497,4484.0,0.6488980124611359,0.9794670161642639,3.854371097234612,185.84940549803127,361.539581020899,0.514049955396967,17283.0,7851.0,0.4542614129491408,Dorota_to_analzye_size_spaces_E2P4_001,E2P4
2828,35,27,2445.0,0.7210507334413035,10.40040899795501,30063.0,0.8536527104077448,0.9742999740731139,5.181385756577853,197.13743880376853,2423.9438947884228,0.0813292086618102,155768.0,25429.0,0.16324919110471983,Dorota_to_analzye_size_spaces_E2P4_001,E2P4
2829,36,31,749.0,0.7238774160432199,0.6181575433911882,1694.0,0.6221853468752738,0.9707736389684813,0.5838252656434475,60.39097818569433,136.5852029994208,0.44214876033057854,989.0000000000001,463.0,0.4681496461071789,Dorota_to_analzye_size_spaces_E2P4_001,E2P4
2830,38,30,1079.0,0.7882263856364965,4.453197405004634,30211.0,0.7260119731618684,0.9518273471959673,3.149978484657906,86.99848526350358,2435.8769585687733,0.035715467875939225,95164.0,4805.0,0.050491782606868145,Dorota_to_analzye_size_spaces_E2P4_001,E2P4
2831,39,30,1340.0,0.6555141794326146,4.741044776119403,30211.0,0.7260119731618684,0.9518273471959673,3.149978484657906,108.0426044977709,2435.8769585687733,0.044354705239813316,95164.0,6353.0,0.06675843806481442,Dorota_to_analzye_size_spaces_E2P4_001,E2P4
2832,40,32,2217.0,0.7994059037469063,1.6206585475868291,11003.0,0.8328460382595688,0.9566994174419615,1.7650640734345178,178.75407027728212,887.1587890216217,0.20149050259020268,19421.0,3593.0,0.18500592142526132,Dorota_to_analzye_size_spaces_E2P4_001,E2P4
2833,41,33,2560.0,0.6000945307232736,6.594921875,18515.0,0.48484883170869836,0.9891019819434799,4.923629489603025,206.40975187633842,1492.8424046837522,0.13826627059141236,91161.0,16883.0,0.18519981132282445,Dorota_to_analzye_size_spaces_E2P4_001,E2P4
2834,42,35,2657.0,0.6146196124595084,8.90741437711705,4650.0,0.5937196147134599,0.9828788839568802,8.861935483870967,214.2307463810278,374.9239633691303,0.5713978494623656,41208.0,23667.0,0.5743302271403611,Dorota_to_analzye_size_spaces_E2P4_001,E2P4
2835,44,37,364.0,0.6298142498686016,2.368131868131868,851.0,0.47544814160106685,0.9725714285714285,1.99882491186839,29.34888659491687,68.61511673701719,0.42773207990599293,1701.0,862.0,0.5067607289829512,Dorota_to_analzye_size_spaces_E2P4_001,E2P4
2836,45,35,399.0,0.3732526035796383,8.719298245614034,4650.0,0.5937196147134599,0.9828788839568802,8.861935483870967,32.170894921351184,374.9239633691303,0.08580645161290322,41208.0,3478.9999999999995,0.08442535430013588,Dorota_to_analzye_size_spaces_E2P4_001,E2P4
2837,46,34,1424.0,0.8084155278242088,4.754213483146067,16314.0,0.3928300362169147,0.9825343290773307,5.050263577295574,114.81542448121324,1315.3783953556972,0.08728699276694864,82390.0,6770.0,0.08217016628231581,Dorota_to_analzye_size_spaces_E2P4_001,E2P4
2838,47,34,1220.0,0.7904734257063967,5.027868852459016,16314.0,0.3928300362169147,0.9825343290773307,5.050263577295574,98.36714737856752,1315.3783953556972,0.07478239548853745,82390.0,6134.0,0.07445078286199781,Dorota_to_analzye_size_spaces_E2P4_001,E2P4
2839,48,39,2239.0,0.6523742160563434,3.7128182224207236,4081.0,0.6560462377744148,0.9833734939759036,4.206812055868659,180.52790408246943,329.04617086224107,0.548640039206077,17168.0,8313.0,0.4842148182665424,Dorota_to_analzye_size_spaces_E2P4_001,E2P4
2840,50,36,2479.0,0.7450129697267815,6.467527228721258,15483.0,0.7435546987754843,0.9331043210992587,5.962474972550539,199.87881832087615,1248.375854805214,0.16011108958212233,92317.0,16033.0,0.17367332127343826,Dorota_to_analzye_size_spaces_E2P4_001,E2P4
2841,53,41,548.0,0.8539719275179452,4.91970802919708,1072.0,0.7910754641842387,0.9648964896489649,4.897388059701493,44.184587511028695,86.43408359821672,0.5111940298507462,5250.0,2696.0,0.5135238095238095,Dorota_to_analzye_size_spaces_E2P4_001,E2P4
2842,54,46,3029.0,0.5517378358337386,2.3631561571475737,4614.0,0.5161829571718457,0.986951871657754,2.860208062418726,244.22466345055824,372.02132623336934,0.6564802774165583,13197.000000000002,7158.000000000001,0.5423959990907025,Dorota_to_analzye_size_spaces_E2P4_001,E2P4
2843,56,44,1931.0,0.668582184838646,3.420507509062662,16951.0,0.6392804151958595,0.924969987995198,2.4623915993156746,155.69423080984745,1366.7389468968017,0.11391658309244293,41740.0,6605.0,0.1582414949688548,Dorota_to_analzye_size_spaces_E2P4_001,E2P4
2844,57,42,2575.0,0.6595849939834633,1.7918446601941747,21383.0,0.7708544217454416,0.8882565529846717,1.449095075527288,207.61918401623885,1724.0858298327128,0.1204227657484918,30986.0,4614.0,0.14890595752920674,Dorota_to_analzye_size_spaces_E2P4_001,E2P4
2845,60,45,1225.0,0.6751870421858858,3.097142857142857,31125.0,0.6194592579864803,0.9451006589135518,2.170120481927711,98.770291425201,2509.5716902933723,0.0393574297188755,67545.0,3794.0,0.05616996076689614,Dorota_to_analzye_size_spaces_E2P4_001,E2P4
2846,61,45,1134.0,0.8058948647845519,2.6261022927689592,31125.0,0.6194592579864803,0.9451006589135518,2.170120481927711,91.43306977647178,2509.5716902933723,0.03643373493975904,67545.0,2977.9999999999995,0.044089125768006505,Dorota_to_analzye_size_spaces_E2P4_001,E2P4
2847,62,47,1993.0,0.7267012036044095,2.611138986452584,11779.0,0.7889763190362131,0.9762950683796104,2.5882502759147634,160.69321698810253,949.7267450591368,0.16919942270141777,30487.0,5204.0,0.17069570636664808,Dorota_to_analzye_size_spaces_E2P4_001,E2P4
2848,63,48,135.0,0.496946074969735,1.637037037037037,612.0,0.701891140366286,0.9714285714285714,1.473856209150327,10.884889259103783,49.344831307937156,0.22058823529411764,902.0,221.0,0.24501108647450112,Dorota_to_analzye_size_spaces_E2P4_001,E2P4
2849,65,50,2826.0,0.6999478988321184,2.529723991507431,4877.0,0.639120630239441,0.9830679298528523,3.108468320688948,227.8570151572392,393.22670308629,0.579454582735288,15160.0,7149.0,0.4715699208443272,Dorota_to_analzye_size_spaces_E2P4_001,E2P4
2850,66,51,1787.0,0.726508249792376,2.4454392837157246,3186.0,0.629345287653985,0.9836369249768447,2.650345260514752,144.0836822668034,256.8833865148493,0.5608913998744507,8444.0,4370.0,0.5175272382756987,Dorota_to_analzye_size_spaces_E2P4_001,E2P4
2851,68,52,4190.0,0.7511433554219111,7.450596658711217,12709.0,0.586432126758486,0.977690591583968,7.873632858604139,337.8347110788508,1024.7115377329628,0.32968762294437015,100066.0,31218.0,0.31197409709591667,Dorota_to_analzye_size_spaces_E2P4_001,E2P4
2852,70,53,2601.0,0.7054098399486238,4.450595924644367,10283.0,0.5895385952833813,0.9548704615098895,5.820966643975494,209.7155330587329,829.1060463064016,0.25294174851696977,59857.0,11575.999999999998,0.19339425631087423,Dorota_to_analzye_size_spaces_E2P4_001,E2P4
2853,71,49,2912.0,0.6416667470079223,9.885302197802197,29594.0,0.7911966133044462,0.9624378028553774,7.982192336284382,234.79109275933496,2386.128983214203,0.09839832398459147,236225.0,28785.999999999996,0.1218583977140438,Dorota_to_analzye_size_spaces_E2P4_001,E2P4
2854,72,52,869.0,0.9073601694196107,7.609896432681243,12709.0,0.586432126758486,0.977690591583968,7.873632858604139,70.0664353048977,1024.7115377329628,0.06837674089228106,100066.0,6613.0,0.06608638298722842,Dorota_to_analzye_size_spaces_E2P4_001,E2P4
2855,73,55,1977.0,0.8035151291879983,5.500758725341426,5318.0,0.46536656072478333,0.9828127887636297,6.280932681459195,159.4031560388754,428.78400799936236,0.3717562993606619,33402.0,10875.0,0.3255793066283456,Dorota_to_analzye_size_spaces_E2P4_001,E2P4
2856,74,55,578.0,0.846417662851895,6.077854671280277,5318.0,0.46536656072478333,0.9828127887636297,6.280932681459195,46.60345179082953,428.78400799936236,0.1086874764949229,33402.0,3513.0,0.10517334291359799,Dorota_to_analzye_size_spaces_E2P4_001,E2P4
2857,75,55,395.0,0.5804610273154499,6.407594936708861,5318.0,0.46536656072478333,0.9828127887636297,6.280932681459195,31.848379684044403,428.78400799936236,0.07427604362542309,33402.0,2531.0,0.07577390575414646,Dorota_to_analzye_size_spaces_E2P4_001,E2P4
2858,76,57,332.0,0.7205630733106928,5.301204819277109,4940.0,0.6589691866221269,0.9842598127116956,5.821052631578947,26.76876469646264,398.3063180738718,0.06720647773279352,28756.0,1760.0,0.061204618166643486,Dorota_to_analzye_size_spaces_E2P4_001,E2P4
2859,77,57,171.0,0.3682989586959242,6.947368421052632,4940.0,0.6589691866221269,0.9842598127116956,5.821052631578947,13.787526394864793,398.3063180738718,0.03461538461538462,28756.0,1188.0,0.04131311726248435,Dorota_to_analzye_size_spaces_E2P4_001,E2P4
2860,78,59,841.0,0.8473294221735429,2.5802615933412603,6681.0,0.6076215867029561,0.987145390070922,2.8447837150127224,67.80882864375023,538.6810751116473,0.1258793593773387,19006.0,2170.0,0.11417447121961485,Dorota_to_analzye_size_spaces_E2P4_001,E2P4
2861,79,57,1215.0,0.7733140761871174,5.713580246913581,4940.0,0.6589691866221269,0.9842598127116956,5.821052631578947,97.96400333193405,398.3063180738718,0.24595141700404857,28756.0,6942.0,0.24141048824593128,Dorota_to_analzye_size_spaces_E2P4_001,E2P4
2862,80,56,2073.0,0.6004477934783635,2.374336710082007,19627.0,0.47627079333996436,0.9730788299454636,2.206603148723697,167.1435217342381,1582.5016406550367,0.1056198094461711,43309.0,4922.000000000001,0.1136484333510356,Dorota_to_analzye_size_spaces_E2P4_001,E2P4
2863,81,57,899.0,0.8570848152488776,4.916573971078977,4940.0,0.6589691866221269,0.9842598127116956,5.821052631578947,72.48529958469852,398.3063180738718,0.1819838056680162,28756.0,4420.0,0.15370705244122965,Dorota_to_analzye_size_spaces_E2P4_001,E2P4
2864,82,59,3744.0,0.5407684297421218,2.392895299145299,6681.0,0.6076215867029561,0.987145390070922,2.8447837150127224,301.87426211914493,538.6810751116473,0.5603951504265828,19006.0,8959.0,0.47137745974955275,Dorota_to_analzye_size_spaces_E2P4_001,E2P4
2865,84,61,943.0,0.4510481265048712,4.566277836691411,2276.0,0.45991747969916463,0.9759862778730704,4.329525483304042,76.0329671950731,183.5111700275571,0.414323374340949,9854.0,4306.0,0.43697990663689873,Dorota_to_analzye_size_spaces_E2P4_001,E2P4
2866,85,58,2908.0,0.6765399707134985,6.469738651994498,34763.0,0.7438954805841786,0.9561307002585401,7.175761585593879,234.46857752202817,2802.8992986238877,0.08365215890458245,249451.0,18814.0,0.07542162589045544,Dorota_to_analzye_size_spaces_E2P4_001,E2P4
2867,86,65,532.0,0.5158763533936805,8.904135338345865,5689.0,0.7466122195553473,0.9773234839374678,10.271400949200212,42.89452656180158,458.69729625956614,0.09351379855862191,58434.00000000001,4737.0,0.08106581784577471,Dorota_to_analzye_size_spaces_E2P4_001,E2P4
2868,87,67,2467.0,0.5928964019346921,8.18443453587353,12457.0,0.6731291434912824,0.9725952529668956,8.99574536405234,198.9112726089558,1004.3930777826358,0.1980412619410773,112060.0,20191.0,0.18018026057469214,Dorota_to_analzye_size_spaces_E2P4_001,E2P4
2869,88,65,448.0,0.2947658090647626,8.470982142857142,5689.0,0.7466122195553473,0.9773234839374678,10.271400949200212,36.12170657835922,458.69729625956614,0.07874846194410265,58434.00000000001,3795.0,0.06494506622856555,Dorota_to_analzye_size_spaces_E2P4_001,E2P4
2870,89,65,339.0,0.5237808145851798,8.817109144542773,5689.0,0.7466122195553473,0.9773234839374678,10.271400949200212,27.3331663617495,458.69729625956614,0.05958867990859554,58434.00000000001,2989.0,0.051151726734435424,Dorota_to_analzye_size_spaces_E2P4_001,E2P4
2871,90,65,2139.0,0.6379758746063308,10.071528751753156,5689.0,0.7466122195553473,0.9773234839374678,10.271400949200212,172.46502314979995,458.69729625956614,0.3759887502197223,58434.00000000001,21543.0,0.36867234829037887,Dorota_to_analzye_size_spaces_E2P4_001,E2P4
2872,91,63,1766.0,0.5830436188082377,2.1568516421291055,16722.0,0.7573718156243101,0.9403362762188607,1.7710202128931947,142.39047727094282,1348.2749495609887,0.1056093768687956,29615.0,3809.0000000000005,0.12861725476954247,Dorota_to_analzye_size_spaces_E2P4_001,E2P4
2873,92,69,2037.0,0.5051343654786515,5.099656357388316,4490.0,0.09947189157985464,0.9697624190064795,5.664142538975501,164.2408845984771,362.0233538768592,0.45367483296213806,25431.999999999996,10388.0,0.4084617804340988,Dorota_to_analzye_size_spaces_E2P4_001,E2P4
2874,93,62,2262.0,0.6979358729013997,4.324049513704686,23007.0,0.9186375947051869,0.8168359014414542,4.854652931716434,182.3823666969834,1855.0270161792648,0.09831790324683792,111691.0,9781.0,0.08757196193068376,Dorota_to_analzye_size_spaces_E2P4_001,E2P4
2875,94,64,997.0,0.7236524257448492,5.689067201604814,14611.0,0.7292295586462221,0.9637862796833773,5.5456847580589965,80.38692289871462,1178.0675330723361,0.06823626035178974,81028.0,5672.0,0.0700004936565138,Dorota_to_analzye_size_spaces_E2P4_001,E2P4
2876,95,64,1098.0,0.705103121750602,5.999089253187614,14611.0,0.7292295586462221,0.9637862796833773,5.5456847580589965,88.53043264071077,1178.0675330723361,0.07514886044760796,81028.0,6587.0,0.08129288640963618,Dorota_to_analzye_size_spaces_E2P4_001,E2P4
2877,96,68,2006.0,0.6125652403464018,4.670488534396809,19540.0,0.7773913085832788,0.9724779774050665,4.299744114636643,161.74139150934957,1575.4869342436143,0.10266120777891505,84017.0,9369.0,0.11151314614899366,Dorota_to_analzye_size_spaces_E2P4_001,E2P4
2878,97,70,2398.0,0.6768434346102827,2.206005004170142,27831.0,0.5877987574612508,0.9651142629261019,1.7160001437246237,193.34788476541388,2243.98039237124,0.08616291186087456,47758.0,5290.0,0.1107667825285816,Dorota_to_analzye_size_spaces_E2P4_001,E2P4
2879,98,71,4321.0,0.4733794750270839,5.813006248553576,17517.0,0.08755227949431264,0.9913412563667232,5.904549865844608,348.39708510064776,1412.374852975711,0.24667465890278015,103430.0,25118.0,0.24285023687518129,Dorota_to_analzye_size_spaces_E2P4_001,E2P4
2880,102,75,593.0,0.5724183340301399,5.851602023608769,1302.0,0.6598732124995974,0.9752808988764045,6.042242703533026,47.81288393072995,104.97870974335649,0.4554531490015361,7867.0,3470.0,0.44108300495741704,Dorota_to_analzye_size_spaces_E2P4_001,E2P4
2881,103,76,1887.0,0.5487494437176985,11.024907260201378,11527.0,0.7039239356602984,0.9714309792684982,10.934328099245251,152.1465631994729,929.4082851088098,0.16370261126051877,126040.00000000001,20804.0,0.1650587115201523,Dorota_to_analzye_size_spaces_E2P4_001,E2P4
2882,105,77,525.0,0.8713242384754799,4.365714285714286,1050.0,0.7543672612125072,0.9668508287292817,4.000952380952381,42.33012489651472,84.66024979302944,0.5,4201.0,2292.0,0.5455843846703166,Dorota_to_analzye_size_spaces_E2P4_001,E2P4
2883,106,79,212.0,0.8066505322333676,3.0330188679245285,481.0,0.6308547346902389,0.969758064516129,3.0228690228690227,17.093307577259274,38.78245728614015,0.4407484407484408,1454.0,643.0,0.44222833562585967,Dorota_to_analzye_size_spaces_E2P4_001,E2P4
2884,107,76,1010.0,0.7509807927872318,9.085148514851484,11527.0,0.7039239356602984,0.9714309792684982,10.934328099245251,81.43509741996164,929.4082851088098,0.08762036956710333,126040.00000000001,9176.0,0.07280228498889241,Dorota_to_analzye_size_spaces_E2P4_001,E2P4
2885,108,80,1753.0,0.5895073253389691,1.7683970336565886,3024.0,0.43560943503848176,0.9814995131450828,1.7506613756613756,141.3423027496958,243.82151940392475,0.5796957671957672,5294.0,3100.0,0.5855685681904043,Dorota_to_analzye_size_spaces_E2P4_001,E2P4
2886,109,81,2178.0,0.7780822000674014,3.751606978879706,3846.0,0.6913788940419718,0.9813727991834652,4.12402496099844,175.60954671354105,310.0984006704678,0.5663026521060842,15861.000000000002,8171.0,0.5151629783746295,Dorota_to_analzye_size_spaces_E2P4_001,E2P4
2887,110,83,2954.0,0.7094704526394496,4.319905213270142,4749.0,0.612214723067195,0.9846568525813809,4.680774899978943,238.17750275105612,382.9062154924731,0.6220256896188672,22229.000000000004,12761.0,0.5740699086778531,Dorota_to_analzye_size_spaces_E2P4_001,E2P4
2888,111,74,2184.0,0.700979296000781,4.222527472527473,31543.0,0.6442824780976689,0.9034225977373622,4.436578638683701,176.0933195695012,2543.274532591931,0.06923881685318455,139943.0,9222.0,0.06589825857670623,Dorota_to_analzye_size_spaces_E2P4_001,E2P4
2889,112,85,93.0,0.4941484267127293,3.032258064516129,389.0,0.46825322331797276,0.9604938271604938,3.4961439588688945,7.498479267382606,31.364606828084238,0.2390745501285347,1360.0,282.0,0.2073529411764706,Dorota_to_analzye_size_spaces_E2P4_001,E2P4
2890,113,82,2010.0,0.6837199942162282,1.499502487562189,27637.0,0.40185101427116016,0.9544810913486445,1.0247132467344502,162.06390674665633,2228.3384033618613,0.07272858848644932,28320.0,3014.0,0.10642655367231639,Dorota_to_analzye_size_spaces_E2P4_001,E2P4
2891,114,84,1751.0,0.5080128246799358,1.2153055396916048,6383.0,0.5059283556771513,0.9736119585112873,2.1477361742127528,141.18104513104242,514.6536899322922,0.27432241892527026,13709.0,2128.0,0.1552264935443869,Dorota_to_analzye_size_spaces_E2P4_001,E2P4
2892,115,82,1816.0,0.6133163425412311,1.335352422907489,27637.0,0.40185101427116016,0.9544810913486445,1.0247132467344502,146.42191773727757,2228.3384033618613,0.06570901327929948,28320.0,2425.0,0.08562853107344633,Dorota_to_analzye_size_spaces_E2P4_001,E2P4
2893,116,87,117.0,0.6731826756424175,2.5128205128205128,677.0,0.5832455873074684,0.9575671852899575,3.350073855243722,9.433570691223279,54.585703914172306,0.172821270310192,2268.0,294.0,0.12962962962962962,Dorota_to_analzye_size_spaces_E2P4_001,E2P4
2894,117,86,2456.0,0.822569596362308,4.962540716612378,33603.0,0.8854384957958841,0.9628918562668348,5.619795851560872,198.02435570636217,2709.3698798049218,0.07308871231735262,188842.0,12188.0,0.06454072716874425,Dorota_to_analzye_size_spaces_E2P4_001,E2P4
2895,118,88,1670.0,0.8113028813430596,1.2209580838323353,3637.0,0.7630586035104341,0.9805877595039094,1.2106131427000275,134.65011157558013,293.2469795211886,0.4591696453120704,4403.0,2039.0,0.4630933454462866,Dorota_to_analzye_size_spaces_E2P4_001,E2P4
2896,119,90,234.0,0.7469444236862465,3.7777777777777777,7386.0,0.46208152192096597,0.9853255069370331,5.000135391280802,18.867141382446558,595.524385686967,0.03168155970755483,36931.0,884.0,0.02393653028620942,Dorota_to_analzye_size_spaces_E2P4_001,E2P4
2897,120,90,616.0,0.8447037936477297,3.7873376623376624,7386.0,0.46208152192096597,0.9853255069370331,5.000135391280802,49.66734654524393,595.524385686967,0.0834010289737341,36931.0,2333.0,0.06317186103815223,Dorota_to_analzye_size_spaces_E2P4_001,E2P4
2898,121,90,717.0,0.6792780022292787,4.503486750348675,7386.0,0.46208152192096597,0.9853255069370331,5.000135391280802,57.8108562872401,595.524385686967,0.09707554833468725,36931.0,3229.0,0.08743332159974006,Dorota_to_analzye_size_spaces_E2P4_001,E2P4
2899,122,90,1104.0,0.8414195944718337,4.863224637681159,7386.0,0.46208152192096597,0.9853255069370331,5.000135391280802,89.01420549667094,595.524385686967,0.14947197400487408,36931.0,5369.0,0.14537922070888956,Dorota_to_analzye_size_spaces_E2P4_001,E2P4
2900,123,90,2445.0,0.6550950706561128,5.16441717791411,7386.0,0.46208152192096597,0.9853255069370331,5.000135391280802,197.13743880376853,595.524385686967,0.3310316815597076,36931.0,12627.0,0.3419078822669302,Dorota_to_analzye_size_spaces_E2P4_001,E2P4
2901,124,89,1060.0,0.7001979753402144,3.3179245283018868,25242.0,0.50881460353809,0.9405671274732645,3.0103795261865147,85.46653788629638,2035.2324050244274,0.04199350289200539,75988.0,3517.0,0.04628362373006264,Dorota_to_analzye_size_spaces_E2P4_001,E2P4
2902,126,91,470.0,0.6034477587488932,5.017021276595744,949.0,0.46765936096747784,0.965412004069176,4.9578503688092725,37.8955403835465,76.51674005103327,0.4952581664910432,4705.0,2358.0,0.5011689691817216,Dorota_to_analzye_size_spaces_E2P4_001,E2P4
2903,127,89,1415.0,0.4763503252959027,4.191519434628975,25242.0,0.50881460353809,0.9405671274732645,3.0103795261865147,114.089765197273,2035.2324050244274,0.056057364709610966,75988.0,5931.0,0.07805179765226088,Dorota_to_analzye_size_spaces_E2P4_001,E2P4
2904,128,92,2506.0,0.6033622542853716,3.5207501995211494,3829.0,0.5959309065636356,0.9855855855855856,3.7599895534082006,202.05579617269692,308.72771091191396,0.6544789762340036,14397.0,8823.0,0.6128360075015629,Dorota_to_analzye_size_spaces_E2P4_001,E2P4
2905,129,94,1433.0,0.36584619890862907,3.0195394277739007,2598.0,0.5709172733383607,0.9665178571428571,3.0115473441108547,115.5410837651535,209.47364663075282,0.5515781370284835,7824.0,4327.0,0.5530419222903885,Dorota_to_analzye_size_spaces_E2P4_001,E2P4
2906,130,96,1375.0,0.5457416509399551,3.9469090909090907,2394.0,0.5561786362708709,0.9767441860465116,3.27109440267335,110.86461282420521,193.0253695281071,0.5743525480367586,7831.0,5427.0,0.6930149406206104,Dorota_to_analzye_size_spaces_E2P4_001,E2P4
2907,131,97,1374.0,0.5905973814082175,1.6040756914119358,4021.0,0.5948441509657888,0.9684489402697495,1.6645113155931361,110.78398401487851,324.20844230263936,0.3417060432728177,6693.0,2204.0,0.3292992678918273,Dorota_to_analzye_size_spaces_E2P4_001,E2P4
2908,132,95,596.0,0.7385364346073452,1.9395973154362416,13432.0,0.6211198506722917,0.9634198823698178,3.0524865991661705,48.05477035871004,1083.0061668761632,0.04437164979154259,41001.0,1156.0,0.02819443428209068,Dorota_to_analzye_size_spaces_E2P4_001,E2P4
2909,133,99,3217.0,0.5933081727502257,3.3811004041032016,7607.0,0.7049716849514522,0.9872809863724854,3.6099645063757064,259.38287960397685,613.3433525481665,0.4228999605626397,27461.0,10877.0,0.3960889989439569,Dorota_to_analzye_size_spaces_E2P4_001,E2P4
2910,134,95,443.0,0.608494525398219,2.471783295711061,13432.0,0.6211198506722917,0.9634198823698178,3.0524865991661705,35.71856253172575,1083.0061668761632,0.032980941036331146,41001.0,1095.0,0.026706665691080704,Dorota_to_analzye_size_spaces_E2P4_001,E2P4
2911,135,98,1793.0,0.5493050756472018,2.2548800892359173,3230.0,0.43822812341545475,0.9805707346690953,2.238699690402477,144.5674551227636,260.43105412522385,0.555108359133127,7231.000000000001,4042.9999999999995,0.5591204536025445,Dorota_to_analzye_size_spaces_E2P4_001,E2P4
2912,136,99,539.0,0.7798123911965947,3.2319109461966606,7607.0,0.7049716849514522,0.9872809863724854,3.6099645063757064,43.45892822708844,613.3433525481665,0.07085579071907454,27461.0,1742.0,0.06343541750118349,Dorota_to_analzye_size_spaces_E2P4_001,E2P4
2913,137,99,2.0,1.0,4.5,7607.0,0.7049716849514522,0.9872809863724854,3.6099645063757064,0.1612576186533894,613.3433525481665,0.0002629157355067701,27461.0,9.0,0.00032773751866283093,Dorota_to_analzye_size_spaces_E2P4_001,E2P4
2914,138,95,295.0,0.9256480533898893,2.227118644067797,13432.0,0.6211198506722917,0.9634198823698178,3.0524865991661705,23.785498751374934,1083.0061668761632,0.02196247766527695,41001.0,657.0000000000001,0.016023999414648427,Dorota_to_analzye_size_spaces_E2P4_001,E2P4
2915,139,95,414.0,0.39510090755304966,3.8115942028985508,13432.0,0.6211198506722917,0.9634198823698178,3.0524865991661705,33.380327061251606,1083.0061668761632,0.030821917808219176,41001.0,1578.0,0.03848686617399576,Dorota_to_analzye_size_spaces_E2P4_001,E2P4
2916,140,95,291.0,0.5853082395264362,2.240549828178694,13432.0,0.6211198506722917,0.9634198823698178,3.0524865991661705,23.462983514068156,1083.0061668761632,0.02166468135795116,41001.0,652.0,0.01590205116948367,Dorota_to_analzye_size_spaces_E2P4_001,E2P4
2917,141,99,711.0,0.3690409053845119,3.1082981715893108,7607.0,0.7049716849514522,0.9872809863724854,3.6099645063757064,57.32708343127993,613.3433525481665,0.09346654397265676,27461.0,2210.0,0.08047776847165071,Dorota_to_analzye_size_spaces_E2P4_001,E2P4
2918,144,102,1419.0,0.7918457628027076,2.631430584918957,3605.0,0.7486533029202331,0.980152256661229,3.0471567267683772,114.41228043457977,290.66685762273437,0.39361997226074896,10985.0,3734.0000000000005,0.33991807009558495,Dorota_to_analzye_size_spaces_E2P4_001,E2P4
2919,146,104,1085.0,0.5102940124659973,6.130875576036867,1617.0,0.7795219082407279,0.9585062240663901,6.669758812615956,87.48225811946375,130.37678468126532,0.670995670995671,10785.0,6652.0,0.6167825683820121,Dorota_to_analzye_size_spaces_E2P4_001,E2P4
2920,147,103,1403.0,0.7192987037770694,10.169636493228795,6627.0,0.6401885477006217,0.9601564763836569,8.85906141542176,113.12221948535266,534.3271194080057,0.21170967255168252,58709.0,14268.0,0.2430291778091945,Dorota_to_analzye_size_spaces_E2P4_001,E2P4
2921,148,103,902.0,0.8734206175644709,6.770509977827051,6627.0,0.6401885477006217,0.9601564763836569,8.85906141542176,72.72718601267862,534.3271194080057,0.1361098536290931,58709.0,6107.0,0.10402152991875181,Dorota_to_analzye_size_spaces_E2P4_001,E2P4
2922,149,101,2155.0,0.7485822460010438,4.611600928074246,11223.0,0.8456201224917169,0.8342377164944622,4.348124387418694,173.75508409902707,904.8971270734945,0.19201639490332353,48799.0,9938.0,0.20365171417447078,Dorota_to_analzye_size_spaces_E2P4_001,E2P4
2923,150,100,1634.0,0.554515468563354,6.1976744186046515,25392.0,0.8062613427766584,0.9227414783051093,5.265713610586011,131.74747443981914,2047.3267264234316,0.06435097668557026,133707.0,10127.0,0.07574023798305249,Dorota_to_analzye_size_spaces_E2P4_001,E2P4
2924,151,107,1095.0,0.6892039511368194,4.5059360730593605,4455.0,0.6153479026592231,0.9814937210839392,5.1811447811447815,88.2885462127307,359.2013455504249,0.24579124579124578,23082.0,4934.0,0.21375963954596655,Dorota_to_analzye_size_spaces_E2P4_001,E2P4
2925,152,106,1131.0,0.716010931637666,7.831122900088418,2033.0,0.681391628090556,0.9513336452971455,8.666502705361534,91.1911833484917,163.9183693611703,0.5563207083128382,17619.0,8857.0,0.502695953232306,Dorota_to_analzye_size_spaces_E2P4_001,E2P4
2926,153,102,1.0,0.0,11.0,3605.0,0.7486533029202331,0.980152256661229,3.0471567267683772,0.0806288093266947,290.66685762273437,0.00027739251040221914,10985.0,11.0,0.0010013654984069185,Dorota_to_analzye_size_spaces_E2P4_001,E2P4
2927,154,107,1124.0,0.4701769263829895,4.653024911032029,4455.0,0.6153479026592231,0.9814937210839392,5.1811447811447815,90.62678168320484,359.2013455504249,0.25230078563411895,23082.0,5230.0,0.22658348496664069,Dorota_to_analzye_size_spaces_E2P4_001,E2P4
2928,155,100,379.0,0.6679566283359669,6.153034300791557,25392.0,0.8062613427766584,0.9227414783051093,5.265713610586011,30.558318734817288,2047.3267264234316,0.01492596093257719,133707.0,2332.0,0.017441121257675364,Dorota_to_analzye_size_spaces_E2P4_001,E2P4
2929,157,105,117.0,0.8885278628558211,10.35897435897436,34674.0,0.3879597848129953,0.9910821471445721,6.324681317413624,9.433570691223279,2795.723334593812,0.003374286208686624,219302.0,1212.0,0.0055266253841734225,Dorota_to_analzye_size_spaces_E2P4_001,E2P4
2930,158,105,84.0,0.5100535855952358,9.702380952380953,34674.0,0.3879597848129953,0.9910821471445721,6.324681317413624,6.772819983442354,2795.723334593812,0.002422564457518602,219302.0,815.0,0.0037163363763212374,Dorota_to_analzye_size_spaces_E2P4_001,E2P4
2931,159,105,2118.0,0.7891320277266269,8.578847969782814,34674.0,0.3879597848129953,0.9910821471445721,6.324681317413624,170.77181815393936,2795.723334593812,0.061083232393147606,219302.0,18170.0,0.08285378154325998,Dorota_to_analzye_size_spaces_E2P4_001,E2P4
2932,161,110,1081.0,0.7261867335257626,3.209990749306198,3742.0,0.6476558732692091,0.9826680672268907,3.730358097274185,87.15974288215696,301.71300450049154,0.28888295029396044,13959.0,3470.0,0.2485851422021635,Dorota_to_analzye_size_spaces_E2P4_001,E2P4
2933,162,110,847.0,0.7488448090994634,3.4958677685950414,3742.0,0.6476558732692091,0.9826680672268907,3.730358097274185,68.2926014997104,301.71300450049154,0.22634954569748797,13959.0,2961.0,0.21212121212121213,Dorota_to_analzye_size_spaces_E2P4_001,E2P4
2934,164,110,2.0,1.0,0.0,3742.0,0.6476558732692091,0.9826680672268907,3.730358097274185,0.1612576186533894,301.71300450049154,0.0005344735435595938,13959.0,0.0,0.0,Dorota_to_analzye_size_spaces_E2P4_001,E2P4
2935,165,110,330.0,0.5521320576735561,4.224242424242425,3742.0,0.6476558732692091,0.9826680672268907,3.730358097274185,26.60750707780925,301.71300450049154,0.08818813468733298,13959.0,1394.0,0.09986388709792965,Dorota_to_analzye_size_spaces_E2P4_001,E2P4
2936,166,112,383.0,0.5082132735818589,3.02088772845953,858.0,0.5905931734545604,0.9662162162162162,3.01981351981352,30.88083397212407,69.17951840230405,0.44638694638694637,2591.0,1157.0,0.4465457352373601,Dorota_to_analzye_size_spaces_E2P4_001,E2P4
2937,5,6,2423.0,0.8414338813035387,1.8225340486999588,10055.0,0.5767213527176005,0.9715914581118948,2.3169567379413225,195.36360499858125,810.7226777799151,0.24097463948284437,23296.999999999996,4416.0,0.1895523028716144,Dorota_to_analzye_size_spaces_ctrl_001,NONE
2938,6,7,2459.0,0.6687844619423888,3.5229768198454656,3921.0,0.6268786787982239,0.984681064791562,3.882938026013772,198.26624213434226,316.1455613699699,0.627135934710533,15225.0,8663.0,0.5689983579638752,Dorota_to_analzye_size_spaces_ctrl_001,NONE
2939,7,9,2021.0,0.7383295044179726,1.3775358733300347,3176.0,0.7131926930732198,0.9820655534941249,1.4556045340050379,162.95082364924997,256.0770984215824,0.6363350125944585,4623.0,2784.0,0.6022063595068138,Dorota_to_analzye_size_spaces_ctrl_001,NONE
2940,8,8,1576.0,0.7302739288912328,4.619289340101523,4663.0,0.5857270778702877,0.9787993282955499,5.202230323825863,127.07100349887084,375.9721378903774,0.33797984130388165,24258.0,7280.000000000001,0.30010718113612006,Dorota_to_analzye_size_spaces_ctrl_001,NONE
2941,10,6,135.0,0.6072150938883617,2.237037037037037,10055.0,0.5767213527176005,0.9715914581118948,2.3169567379413225,10.884889259103783,810.7226777799151,0.013426156141223273,23296.999999999996,302.0,0.012963042451817832,Dorota_to_analzye_size_spaces_ctrl_001,NONE
2942,12,8,1212.0,0.6973380914804723,3.9331683168316833,4663.0,0.5857270778702877,0.9787993282955499,5.202230323825863,97.72211690395397,375.9721378903774,0.2599185073986704,24258.0,4767.0,0.1965124907247094,Dorota_to_analzye_size_spaces_ctrl_001,NONE
2943,13,15,2377.0,0.7783546381081039,5.3268826251577615,3948.0,0.6691467373303919,0.9789238780064469,6.12613981762918,191.6546797695533,318.32253922179063,0.6020770010131712,24186.0,12661.999999999998,0.5235260067807822,Dorota_to_analzye_size_spaces_ctrl_001,NONE
2944,15,13,3088.0,0.6829612229130535,7.028821243523316,38011.0,0.7848416660932999,0.974666017077361,4.616795138249454,248.98176320083323,3064.781671316992,0.08123964115650732,175489.0,21705.0,0.12368296588390155,Dorota_to_analzye_size_spaces_ctrl_001,NONE
2945,18,18,2084.0,0.6054238240631987,4.137236084452975,14251.0,0.6040168287539537,0.9600511991376988,4.371061679882113,168.03043863683175,1149.041161714726,0.14623535190512946,62292.0,8622.0,0.1384126372567906,Dorota_to_analzye_size_spaces_ctrl_001,NONE
2946,19,20,3010.0,0.5823585439188479,4.844850498338871,8664.0,0.7274247725885172,0.976005407232173,5.575484764542936,242.69271607335102,698.5680040064829,0.3474145891043398,48306.0,14583.0,0.3018879642280462,Dorota_to_analzye_size_spaces_ctrl_001,NONE
2947,20,21,2837.0,0.7177384404251919,5.10609799083539,4273.0,0.6874622851780869,0.9825247183260519,5.720336999765973,228.74393205983284,344.5269022529664,0.6639363444886497,24443.0,14486.000000000002,0.5926441107883649,Dorota_to_analzye_size_spaces_ctrl_001,NONE
2948,21,14,1615.0,0.6616695961186788,6.174613003095975,37798.0,0.8162797267565792,0.8715642870319129,6.127969733848352,130.21552706261193,3047.607734930406,0.042727128419493096,231625.0,9972.0,0.0430523475445224,Dorota_to_analzye_size_spaces_ctrl_001,NONE
2949,22,22,2215.0,0.6402944203827086,1.1458239277652371,4071.0,0.4972876608016767,0.9840464104423495,1.4087447801522968,178.59281265862876,328.2398827689741,0.5440923605993614,5735.0,2538.0,0.44254577157802966,Dorota_to_analzye_size_spaces_ctrl_001,NONE
2950,23,14,695.0,0.8500099755166127,6.0503597122302155,37798.0,0.8162797267565792,0.8715642870319129,6.127969733848352,56.03702248205281,3047.607734930406,0.0183872162548283,231625.0,4205.0,0.01815434430652995,Dorota_to_analzye_size_spaces_ctrl_001,NONE
2951,24,19,2686.0,0.6230719268720079,1.0353685778108712,23479.0,0.8625384443857517,0.9690453588674729,0.8854721240257252,216.56898185150195,1893.0838141814647,0.11440010221900422,20790.0,2781.0,0.13376623376623376,Dorota_to_analzye_size_spaces_ctrl_001,NONE
2952,26,25,2822.0,0.6424737935969322,6.243798724309,4050.0,0.602202574649254,0.9842041312272175,6.514320987654321,227.53449991993241,326.5466777731135,0.6967901234567901,26383.0,17620.0,0.6678543001174999,Dorota_to_analzye_size_spaces_ctrl_001,NONE
2953,29,23,2244.0,0.7063975119478569,4.993761140819965,19939.0,0.6656623448231108,0.9708345505891518,4.429961382215758,180.9310481291029,1607.6578291649655,0.11254325693364763,88329.0,11206.0,0.12686660100306807,Dorota_to_analzye_size_spaces_ctrl_001,NONE
2954,32,30,3011.0,0.7787443954050286,2.2464297575556293,5242.0,0.6797575607434484,0.984228313931656,2.4206409767264403,242.77334488267772,422.6562184905336,0.5743990843189622,12689.0,6764.0,0.5330601308219718,Dorota_to_analzye_size_spaces_ctrl_001,NONE
2955,33,24,1382.0,0.6914944978156163,13.02315484804631,41154.0,0.8503739821782812,0.910970426775279,13.18800116635078,111.42901448949206,3318.1980190307936,0.03358118287408272,542739.0,17998.0,0.033161427500142795,Dorota_to_analzye_size_spaces_ctrl_001,NONE
2956,34,24,888.0,0.213347226539438,13.20045045045045,41154.0,0.8503739821782812,0.910970426775279,13.18800116635078,71.59838268210488,3318.1980190307936,0.021577489429946056,542739.0,11722.0,0.021597858270734183,Dorota_to_analzye_size_spaces_ctrl_001,NONE
2957,35,32,1419.0,0.6776169792131717,5.007047216349542,3867.0,0.2914634599295695,0.9738101233946109,6.167571761055082,114.41228043457977,311.7916056663284,0.3669511249030256,23850.0,7105.0,0.2979035639412998,Dorota_to_analzye_size_spaces_ctrl_001,NONE
2958,36,24,742.0,0.8225180715698173,14.3544474393531,41154.0,0.8503739821782812,0.910970426775279,13.18800116635078,59.826576520407464,3318.1980190307936,0.01802983914078826,542739.0,10651.0,0.019624534076231853,Dorota_to_analzye_size_spaces_ctrl_001,NONE
2959,37,29,2339.0,0.7862200096480246,5.557503206498503,23541.0,0.6227153497095498,0.969803081486364,5.43324412726732,188.5907850151389,1898.0828003597198,0.09935856590629115,127903.99999999999,12999.0,0.10163091068301228,Dorota_to_analzye_size_spaces_ctrl_001,NONE
2960,38,27,2709.0,0.5173526470773433,8.070136581764489,19712.0,0.8605533362964976,0.9343951459992416,7.09380073051948,218.42344446601592,1589.3550894478058,0.13742897727272727,139833.0,21862.0,0.15634363848304764,Dorota_to_analzye_size_spaces_ctrl_001,NONE
2961,39,35,2209.0,0.8019581122140231,4.85921231326392,3967.0,0.7289929728137532,0.9814448292924295,5.219813461053693,178.10903980266858,319.8544865989979,0.5568439626922107,20707.0,10734.0,0.5183754285990245,Dorota_to_analzye_size_spaces_ctrl_001,NONE
2962,40,36,1340.0,0.8364644821332035,3.0343283582089553,7564.0,0.3583781445584342,0.9780191362813551,3.9168429402432574,108.0426044977709,609.8763137471186,0.17715494447382338,29627.0,4066.0,0.13723968002160192,Dorota_to_analzye_size_spaces_ctrl_001,NONE
2963,41,36,539.0,0.8043709080055399,3.4322820037105752,7564.0,0.3583781445584342,0.9780191362813551,3.9168429402432574,43.45892822708844,609.8763137471186,0.0712585933368588,29627.0,1850.0,0.06244304181996152,Dorota_to_analzye_size_spaces_ctrl_001,NONE
2964,44,36,807.0,0.5833888557065822,3.587360594795539,7564.0,0.3583781445584342,0.9780191362813551,3.9168429402432574,65.06744912664261,609.8763137471186,0.10668958223162348,29627.0,2895.0,0.09771492219934519,Dorota_to_analzye_size_spaces_ctrl_001,NONE
2965,46,34,2111.0,0.4522484618275645,3.186641402179062,30010.0,0.8475365353157562,0.9327697137351195,3.295868043985338,170.2074164886525,2419.670567894108,0.07034321892702433,98909.0,6727.0,0.06801201104045132,Dorota_to_analzye_size_spaces_ctrl_001,NONE
2966,48,38,1969.0,0.7854731705359865,1.186896901980701,2826.0,0.7771494403897246,0.9476861167002012,1.365180467091295,158.75812556426186,227.8570151572392,0.6967445152158528,3857.9999999999995,2337.0,0.6057542768273718,Dorota_to_analzye_size_spaces_ctrl_001,NONE
2967,50,39,1548.0,0.7366567930110896,1.2002583979328165,2817.0,0.700469719003721,0.9784647447030219,1.2665956691515796,124.81339683772339,227.13135587329896,0.549520766773163,3568.0,1858.0,0.5207399103139013,Dorota_to_analzye_size_spaces_ctrl_001,NONE
2968,51,42,2493.0,0.7566813087223682,14.0661853188929,14752.0,0.7145079398345909,0.9820917382331402,9.733459869848156,201.00762165144988,1189.4361951874002,0.16899403470715835,143588.0,35067.0,0.24421957266623953,Dorota_to_analzye_size_spaces_ctrl_001,NONE
2969,52,43,1288.0,0.6373845420252344,1.559782608695652,5950.0,0.6682286457593484,0.9575152880592211,1.6663865546218488,103.84990641278277,479.7414154938334,0.2164705882352941,9915.0,2009.0,0.20262228946041352,Dorota_to_analzye_size_spaces_ctrl_001,NONE
2970,53,40,1409.0,0.7042501550235499,3.92264017033357,31690.0,0.7675038728522572,0.9732502073032155,3.4280214578731463,113.60599234131283,2555.126967562955,0.04446197538655727,108634.0,5527.0,0.05087725758049966,Dorota_to_analzye_size_spaces_ctrl_001,NONE
2971,54,44,4237.0,0.7760911325961419,2.2350719848949727,8458.0,0.7991570842814585,0.9778034682080925,2.277370536769922,341.6242651172054,681.9584692851837,0.5009458500827619,19262.0,9470.0,0.4916415740836881,Dorota_to_analzye_size_spaces_ctrl_001,NONE
2972,55,40,1464.0,0.7894212670681562,4.141393442622951,31690.0,0.7675038728522572,0.9732502073032155,3.4280214578731463,118.04057685428103,2555.126967562955,0.04619753865572736,108634.0,6063.0,0.05581125614448515,Dorota_to_analzye_size_spaces_ctrl_001,NONE
2973,56,46,928.0,0.8530496478376547,5.524784482758621,1670.0,0.8081526819016257,0.9542857142857143,5.361676646706587,74.82353505517267,134.65011157558013,0.555688622754491,8954.0,5127.0,0.5725932544114363,Dorota_to_analzye_size_spaces_ctrl_001,NONE
2974,57,43,539.0,0.8940777280484004,2.085343228200371,5950.0,0.6682286457593484,0.9575152880592211,1.6663865546218488,43.45892822708844,479.7414154938334,0.09058823529411765,9915.0,1124.0,0.11336359051941503,Dorota_to_analzye_size_spaces_ctrl_001,NONE
2975,58,43,110.0,0.5938234673656334,2.618181818181818,5950.0,0.6682286457593484,0.9575152880592211,1.6663865546218488,8.869169025936417,479.7414154938334,0.018487394957983194,9915.0,288.0,0.029046898638426626,Dorota_to_analzye_size_spaces_ctrl_001,NONE
2976,59,47,511.0,0.6819018054839198,5.739726027397261,4869.0,0.7164520739882642,0.9832390953150242,7.331279523516122,41.20132156594099,392.5816726116765,0.10494968165947834,35696.0,2933.0,0.082166069027342,Dorota_to_analzye_size_spaces_ctrl_001,NONE
2977,60,47,2646.0,0.5452470801949115,5.832199546485261,4869.0,0.7164520739882642,0.9832390953150242,7.331279523516122,213.34382947843417,392.5816726116765,0.5434380776340111,35696.0,15432.0,0.43231734648139847,Dorota_to_analzye_size_spaces_ctrl_001,NONE
2978,62,48,2651.0,0.6930914246018929,3.4236137306676726,18923.0,0.5748947897557157,0.967680900025569,2.146752629075728,213.74697352506763,1525.7389588890437,0.14009406542303018,40623.00000000001,9076.0,0.22342022991901136,Dorota_to_analzye_size_spaces_ctrl_001,NONE
2979,63,49,2408.0,0.5474277291303521,2.8301495016611296,4009.0,0.4860926355673845,0.9792379091353199,3.236717385881766,194.15417285868082,323.24089659071905,0.6006485407832377,12976.0,6815.0,0.5252003699136868,Dorota_to_analzye_size_spaces_ctrl_001,NONE
2980,66,51,2466.0,0.27469278128593666,2.6017842660178427,4615.0,0.4664876159244925,0.9835890878090366,2.6348862405200433,198.83064379962912,372.10195504269603,0.5343445287107259,12160.0,6416.0,0.5276315789473685,Dorota_to_analzye_size_spaces_ctrl_001,NONE
2981,67,53,2335.0,0.7042734519730881,1.5139186295503213,13822.0,0.562506190738379,0.9663706914633293,1.4556504123860512,188.2682697778321,1114.451402513574,0.16893358414122414,20120.0,3535.0000000000005,0.1756958250497018,Dorota_to_analzye_size_spaces_ctrl_001,NONE
2982,70,54,1170.0,0.786391910591928,3.882905982905983,4756.0,0.48284919556264794,0.9808207877912972,4.118587047939445,94.3357069122328,383.47061715776,0.24600504625735914,19588.0,4543.0,0.2319277108433735,Dorota_to_analzye_size_spaces_ctrl_001,NONE
2983,72,54,1743.0,0.7623375223013434,3.5834767641996557,4756.0,0.48284919556264794,0.9808207877912972,4.118587047939445,140.53601465642885,383.47061715776,0.366484440706476,19588.0,6246.0,0.3188686951194609,Dorota_to_analzye_size_spaces_ctrl_001,NONE
2984,73,55,1222.0,0.5863056757908456,6.160392798690671,8473.0,0.6621154636958213,0.9579423403052572,4.690428419686062,98.52840499722092,683.1679014250841,0.14422282544553286,39742.0,7528.0,0.18942177041920386,Dorota_to_analzye_size_spaces_ctrl_001,NONE
2985,74,57,601.0,0.5505608267880254,6.139767054908486,6930.0,0.6573491415015336,0.9767441860465116,5.640692640692641,48.45791440534351,558.7576486339942,0.08672438672438672,39090.0,3690.0,0.09439754412893323,Dorota_to_analzye_size_spaces_ctrl_001,NONE
2986,75,58,2726.0,0.5768369794295447,1.85509904622157,4578.0,0.551853187812136,0.9809299335761731,2.208169506334644,219.79413422456975,369.1186890976083,0.5954565312363478,10109.0,5057.0,0.5002473043822336,Dorota_to_analzye_size_spaces_ctrl_001,NONE
2987,76,59,1508.0,0.6456954464538583,2.7997347480106103,4111.0,0.5604396484033681,0.9844348659003831,3.008756993432255,121.5882444646556,331.46503514204187,0.36682072488445633,12369.0,4222.0,0.3413372140027488,Dorota_to_analzye_size_spaces_ctrl_001,NONE
2988,77,57,907.0,0.5139930160263896,6.535832414553473,6930.0,0.6573491415015336,0.9767441860465116,5.640692640692641,73.13033005931209,558.7576486339942,0.13088023088023087,39090.0,5928.0,0.1516500383729854,Dorota_to_analzye_size_spaces_ctrl_001,NONE
2989,78,59,1186.0,0.7997142659028713,2.926644182124789,4111.0,0.5604396484033681,0.9844348659003831,3.008756993432255,95.6257678614599,331.46503514204187,0.28849428362928725,12369.0,3471.0,0.28062090710647586,Dorota_to_analzye_size_spaces_ctrl_001,NONE
2990,79,62,2458.0,0.6650240980006117,5.184703010577706,4275.0,0.5203286284392956,0.982984594159577,5.728888888888889,198.18561332501557,344.6881598716198,0.5749707602339181,24491.0,12744.0,0.5203544159078846,Dorota_to_analzye_size_spaces_ctrl_001,NONE
2991,80,60,2120.0,0.7316610230687631,14.39811320754717,14378.0,0.4624627287163184,0.9892665474060823,14.023855890944498,170.93307577259276,1159.2810204992163,0.14744748921964113,201635.0,30524.0,0.15138244848364618,Dorota_to_analzye_size_spaces_ctrl_001,NONE
2992,81,61,2361.0,0.40135328881616894,2.4887759423972895,24205.0,0.5607571350712207,0.9360015467904099,2.0783309233629415,190.36461882032617,1951.6203297526451,0.09754183020037183,50306.0,5876.000000000001,0.11680515246690257,Dorota_to_analzye_size_spaces_ctrl_001,NONE
2993,83,56,2188.0,0.5908225817030865,15.55255941499086,33748.0,0.809760759813095,0.9458785279856499,11.295336019912291,176.415834806808,2721.0610571572925,0.06483347161313263,381195.0,34029.0,0.08926927163262897,Dorota_to_analzye_size_spaces_ctrl_001,NONE
2994,86,64,2667.0,0.7875409884550245,2.317960254968129,18366.0,0.7299735274424208,0.899897104218727,2.1570292932592836,215.03703447429476,1480.8287120940747,0.1452139823587063,39616.0,6182.0,0.15604806138933763,Dorota_to_analzye_size_spaces_ctrl_001,NONE
2995,87,65,1966.0,0.6187804897471589,3.828585961342828,4229.0,0.5787829186969344,0.967291857273559,4.454480964767084,158.51623913628177,340.97923464259185,0.4648853156774651,18838.0,7527.0,0.3995647096294723,Dorota_to_analzye_size_spaces_ctrl_001,NONE
2996,88,66,449.0,0.7976757007618213,6.79064587973274,968.0,0.6903461904134451,0.9660678642714571,6.172520661157025,36.20233538768592,78.04868742824047,0.46384297520661155,5975.0,3049.0,0.5102928870292887,Dorota_to_analzye_size_spaces_ctrl_001,NONE
2997,89,67,2038.0,0.7130827419001582,1.33954857703631,4114.0,0.6194586816894174,0.9830346475507766,1.475206611570248,164.3215134078038,331.70692157002196,0.49538162372386974,6069.0,2730.0,0.44982698961937717,Dorota_to_analzye_size_spaces_ctrl_001,NONE
2998,90,68,1975.0,0.5400277256946213,9.175189873417722,8987.0,0.6464028994540334,0.9836908931698775,10.674641148325358,159.24189842022201,724.6111094190052,0.2197618782686102,95933.0,18121.0,0.1888922477145508,Dorota_to_analzye_size_spaces_ctrl_001,NONE
2999,91,68,879.0,0.8194144278274278,7.989761092150171,8987.0,0.6464028994540334,0.9836908931698775,10.674641148325358,70.87272339816464,724.6111094190052,0.0978079448091688,95933.0,7023.0,0.07320734262454004,Dorota_to_analzye_size_spaces_ctrl_001,NONE
3000,92,70,2467.0,0.7345916221671347,1.5415484394000811,4529.0,0.6754916827177432,0.9845652173913043,1.6120556414219473,198.9112726089558,365.16787744060025,0.5447118569220578,7301.0,3803.0,0.5208875496507328,Dorota_to_analzye_size_spaces_ctrl_001,NONE
3001,93,69,954.0,0.7257286146064658,4.567085953878407,6438.0,0.7183356097127939,0.9698704429044893,4.614631873252563,76.91988409766674,519.0882744452605,0.14818266542404473,29709.0,4357.0,0.14665589551987612,Dorota_to_analzye_size_spaces_ctrl_001,NONE
3002,94,69,1010.0,0.6551496036946898,4.75940594059406,6438.0,0.7183356097127939,0.9698704429044893,4.614631873252563,81.43509741996164,519.0882744452605,0.15688101894998446,29709.0,4807.0,0.16180282069406576,Dorota_to_analzye_size_spaces_ctrl_001,NONE
3003,95,71,2316.0,0.744971559741468,4.405008635578584,13824.0,0.7355517751065481,0.9782747151652396,6.470630787037037,186.7363224006249,1114.6126601322276,0.1675347222222222,89450.0,10202.0,0.11405254332029066,Dorota_to_analzye_size_spaces_ctrl_001,NONE
3004,96,74,1141.0,0.5646161876077351,7.361963190184049,9921.0,0.668449761598736,0.9778237729154347,8.951617780465678,91.99747144175865,799.918417330138,0.1150085676847092,88809.0,8400.0,0.09458500827618822,Dorota_to_analzye_size_spaces_ctrl_001,NONE
3005,97,74,1586.0,0.5050033885673182,9.787515762925599,9921.0,0.668449761598736,0.9778237729154347,8.951617780465678,127.87729159213778,799.918417330138,0.15986291704465275,88809.0,15523.0,0.17479084327038927,Dorota_to_analzye_size_spaces_ctrl_001,NONE
3006,98,77,2609.0,0.7291047106456156,4.632042928325029,4609.0,0.6405981213894693,0.9831484641638225,4.701453677587329,210.36056353334646,371.61818218673585,0.5660663918420482,21669.0,12085.0,0.5577091697817158,Dorota_to_analzye_size_spaces_ctrl_001,NONE
3007,99,75,1132.0,0.7550539274992747,2.1696113074204946,20736.0,0.6133707166435711,0.9249297470895222,2.2354841820987654,91.27181215781839,1671.9189901983411,0.05459104938271605,46355.0,2456.0,0.05298241829360371,Dorota_to_analzye_size_spaces_ctrl_001,NONE
3008,100,75,1168.0,0.7199861603020905,2.7414383561643834,20736.0,0.6133707166435711,0.9249297470895222,2.2354841820987654,94.1744492935794,1671.9189901983411,0.05632716049382716,46355.0,3201.9999999999995,0.06907561212382697,Dorota_to_analzye_size_spaces_ctrl_001,NONE
3009,101,81,1730.0,0.8798449398612773,26.0514450867052,6306.0,0.6857849974614433,0.9026624677927283,31.38788455439264,139.4878401351818,508.44527161413674,0.2743418966064066,197932.0,45069.0,0.227699411919245,Dorota_to_analzye_size_spaces_ctrl_001,NONE
3010,103,79,4054.0,0.38604905796096056,29.647261963492845,6767.0,0.8877954964988901,0.9494878630559843,21.89611349194621,326.8691930104203,545.615152713743,0.5990837889759125,148171.0,120190.0,0.8111573789742932,Dorota_to_analzye_size_spaces_ctrl_001,NONE
3011,106,72,2406.0,0.6815826428084968,1.9513715710723192,27614.0,0.5437494346992305,0.9806804460544073,1.1654957630187586,193.99291524002743,2226.4839407473473,0.0871297168103136,32184.0,4695.0,0.1458799403430276,Dorota_to_analzye_size_spaces_ctrl_001,NONE
3012,108,80,3605.0,0.47507210313999165,32.49403606102635,27096.0,0.528004457112628,0.8670997471919102,28.313994685562445,290.66685762273437,2184.7182175161192,0.1330454679657514,767196.0,117140.99999999999,0.1526871881500946,Dorota_to_analzye_size_spaces_ctrl_001,NONE
3013,109,80,1378.0,0.5955578089060475,32.004354136429605,27096.0,0.528004457112628,0.8670997471919102,28.313994685562445,111.10649925218529,2184.7182175161192,0.05085621493947446,767196.0,44101.99999999999,0.05748465841844847,Dorota_to_analzye_size_spaces_ctrl_001,NONE
3014,110,85,2478.0,0.7724767342498188,3.6053268765133173,4350.0,0.6403217751970033,0.981941309255079,4.026206896551724,199.79818951154945,350.7353205711219,0.5696551724137932,17513.999999999996,8934.0,0.5101062007536828,Dorota_to_analzye_size_spaces_ctrl_001,NONE
3015,112,87,2417.0,0.6182970958914586,21.054613156805956,23346.0,0.2931005206852431,0.9329443734015346,22.171121391244753,194.87983214262107,1882.3601825410144,0.10352951255032983,517607.0,50889.0,0.09831590376482544,Dorota_to_analzye_size_spaces_ctrl_001,NONE
3016,113,86,2418.0,0.7937614808936283,4.00206782464847,27287.0,0.4802998035664485,0.9297420695764762,3.2425697218455674,194.96046095194777,2200.1183200975183,0.0886136255359695,88480.0,9677.0,0.10936934900542496,Dorota_to_analzye_size_spaces_ctrl_001,NONE
3017,114,84,2480.0,0.752976248598643,3.9693548387096773,42484.0,0.37187374662090616,0.9496390012741132,2.6318849449204405,199.95944713020285,3425.4343354352973,0.05837491761604369,111812.99999999999,9844.0,0.08803985225331581,Dorota_to_analzye_size_spaces_ctrl_001,NONE
3018,115,88,917.0,0.7775561713969397,2.723009814612868,18047.0,0.4297705018855444,0.9587738405142645,2.3418296669806615,73.93661815257903,1455.108121918859,0.050811769269130606,42263.0,2497.0,0.059082412512126446,Dorota_to_analzye_size_spaces_ctrl_001,NONE
3019,116,88,550.0,0.5950574804870181,2.9072727272727272,18047.0,0.4297705018855444,0.9587738405142645,2.3418296669806615,44.34584512968208,1455.108121918859,0.03047597938715576,42263.0,1599.0,0.03783451245770532,Dorota_to_analzye_size_spaces_ctrl_001,NONE
3020,118,88,987.0,0.8634211974466748,2.972644376899696,18047.0,0.4297705018855444,0.9587738405142645,2.3418296669806615,79.58063480544766,1455.108121918859,0.054690530282041336,42263.0,2934.0,0.06942242623571446,Dorota_to_analzye_size_spaces_ctrl_001,NONE
3021,119,91,2294.0,0.8421044934168137,3.14821272885789,8134.0,0.6032644230658442,0.9851035485042994,3.7185886402753874,184.96248859543763,655.8347350633346,0.28202606343742315,30247.0,7222.0,0.23876748107250306,Dorota_to_analzye_size_spaces_ctrl_001,NONE
3022,120,91,2331.0,0.3679939794274873,2.93993993993994,8134.0,0.6032644230658442,0.9851035485042994,3.7185886402753874,187.94575454052534,655.8347350633346,0.28657487091222034,30247.0,6853.0,0.22656792409164545,Dorota_to_analzye_size_spaces_ctrl_001,NONE
3023,121,93,2362.0,0.748820386578671,4.825148179508891,4130.0,0.6453444687844381,0.9814638783269962,5.514285714285714,190.44524762965287,332.9969825192491,0.5719128329297821,22774.0,11397.0,0.5004390972161237,Dorota_to_analzye_size_spaces_ctrl_001,NONE
3024,122,90,2142.0,0.7784917418157231,18.375816993464053,36651.0,0.8333220220296879,0.8964412376177082,13.84718015879512,172.70690957778004,2955.1264906326874,0.05844315298354751,507513.0,39361.0,0.0775566340172567,Dorota_to_analzye_size_spaces_ctrl_001,NONE
3025,123,95,1013.0,0.5414908230338183,4.729516288252714,4993.0,0.6971366977091835,0.9609314857582756,5.176046465051072,81.67698384794173,402.5796449681866,0.2028840376527138,25844.0,4791.0,0.18538151988856214,Dorota_to_analzye_size_spaces_ctrl_001,NONE
3026,124,95,1170.0,0.6123152756577609,3.7341880341880342,4993.0,0.6971366977091835,0.9609314857582756,5.176046465051072,94.3357069122328,402.5796449681866,0.2343280592829962,25844.0,4369.0,0.16905277820770778,Dorota_to_analzye_size_spaces_ctrl_001,NONE
3027,126,98,663.0,0.6929350768773369,3.7812971342383106,2237.0,0.5187848079936355,0.9802804557405784,3.0925346446133215,53.45690058359858,180.36664646381604,0.29637907912382655,6918.0,2507.0,0.36238797340271756,Dorota_to_analzye_size_spaces_ctrl_001,NONE
3028,127,98,646.0,0.7642569716585027,2.888544891640867,2237.0,0.5187848079936355,0.9802804557405784,3.0925346446133215,52.08621082504477,180.36664646381604,0.28877961555654896,6918.0,1866.0,0.2697311361665221,Dorota_to_analzye_size_spaces_ctrl_001,NONE
3029,128,97,1948.0,0.6986915862243565,9.168377823408624,4041.0,0.7091487965349638,0.9810633648943918,8.671863400148478,157.06492056840128,325.82101848917324,0.48205889631279386,35043.0,17860.0,0.5096595611106355,Dorota_to_analzye_size_spaces_ctrl_001,NONE
3030,129,94,2628.0,0.8215971781669518,3.4383561643835616,18844.0,0.501200509324474,0.9642820591546413,3.8596370197410317,211.89251091055365,1519.369282952235,0.13946083634047973,72731.0,9036.0,0.12423863277007054,Dorota_to_analzye_size_spaces_ctrl_001,NONE
3031,130,99,1608.0,0.6616849279233873,1.7431592039800996,3126.0,0.4796232005855439,0.9811676082862524,1.8941138835572617,129.65112539732507,252.0456579552476,0.5143953934740882,5921.0,2803.0,0.4733997635534538,Dorota_to_analzye_size_spaces_ctrl_001,NONE
3032,131,94,373.0,0.5784484540784871,4.02680965147453,18844.0,0.501200509324474,0.9642820591546413,3.8596370197410317,30.074545878857123,1519.369282952235,0.019794098917427297,72731.0,1501.9999999999998,0.0206514416136173,Dorota_to_analzye_size_spaces_ctrl_001,NONE
3033,132,96,4730.0,0.729578523021147,5.210359408033827,21247.0,0.6440825916767874,0.9719579139981702,6.381748011483975,381.3742681152659,1713.1203117642822,0.222619663952558,135593.0,24645.0,0.18175717035540181,Dorota_to_analzye_size_spaces_ctrl_001,NONE
3034,133,94,1590.0,0.7501179039011193,3.788679245283019,18844.0,0.501200509324474,0.9642820591546413,3.8596370197410317,128.19980682944455,1519.369282952235,0.08437699002334961,72731.0,6024.0,0.08282575518004702,Dorota_to_analzye_size_spaces_ctrl_001,NONE
3035,135,100,2161.0,0.6627973336751742,2.7769551133734383,18810.0,0.6918457417465751,0.94732070910556,2.434396597554492,174.23885695498723,1516.627903435127,0.11488569909622541,45791.0,6001.0,0.13105195344063245,Dorota_to_analzye_size_spaces_ctrl_001,NONE
3036,136,101,1452.0,0.7350465602619382,3.137052341597796,3190.0,0.7120848254300438,0.9821428571428571,2.9084639498432603,117.07303114236069,257.2059017521561,0.45517241379310347,9278.0,4555.0,0.4909463246389308,Dorota_to_analzye_size_spaces_ctrl_001,NONE
3037,137,104,1988.0,0.6934066420000753,4.6695171026156945,5331.0,0.3104126485264722,0.9655859445752581,4.736072031513787,160.29007294146905,429.8321825206094,0.37291314950290755,25248.0,9283.0,0.36767268694550065,Dorota_to_analzye_size_spaces_ctrl_001,NONE
3038,138,105,1536.0,0.6303923348689955,2.625,4652.0,0.7122165145537012,0.9820561536837661,3.0494411006018916,123.84585112580305,375.0852209877837,0.3301805674978504,14186.0,4032.0,0.28422388270125476,Dorota_to_analzye_size_spaces_ctrl_001,NONE
3039,139,105,499.0,0.8505092542535084,2.408817635270541,4652.0,0.7122165145537012,0.9820561536837661,3.0494411006018916,40.23377585402065,375.0852209877837,0.10726569217540842,14186.0,1202.0,0.08473142534893557,Dorota_to_analzye_size_spaces_ctrl_001,NONE
3040,140,105,386.0,0.7722758611350466,2.660621761658031,4652.0,0.7122165145537012,0.9820561536837661,3.0494411006018916,31.122720400104154,375.0852209877837,0.08297506448839209,14186.0,1027.0,0.07239531932891584,Dorota_to_analzye_size_spaces_ctrl_001,NONE
3041,144,107,2850.0,0.3559186316429542,1.0480701754385966,5913.0,0.5802791354683866,0.9671246319921492,1.4622019279553526,229.79210658107988,476.75814954874573,0.4819888381532217,8646.0,2987.0000000000005,0.3454776775387463,Dorota_to_analzye_size_spaces_ctrl_001,NONE
3042,145,109,756.0,0.589808912510517,3.312169312169312,1389.0,0.5569097606373322,0.9733707077785564,3.2181425485961124,60.95537985098119,111.99341615477893,0.5442764578833693,4470.0,2504.0,0.5601789709172259,Dorota_to_analzye_size_spaces_ctrl_001,NONE
3043,147,110,1202.0,0.8854840244849509,3.0207986688851913,2573.0,0.8119851838214157,0.9757299962078119,2.791682860474155,96.91582881068702,207.45792639758545,0.4671589584143024,7183.0,3631.0,0.5054990950856189,Dorota_to_analzye_size_spaces_ctrl_001,NONE
3044,7,10,2414.0,0.6255711053078032,32.21996685998343,66152.0,0.8482642979747684,0.9432633214983388,17.404522916918612,194.637945714641,5333.756994579508,0.036491716047889707,1151344.0,77779.0,0.06755496185327756,Dorota_to_analzye_size_spaces_FulvTNF2,FULV_TNF
3045,8,11,3068.0,0.7197861349917736,16.88820078226858,29915.0,0.5648315551429041,0.9858621144213024,17.19154270432893,247.3691870142993,2412.010831008072,0.10255724552899884,514285.0,51813.0,0.10074763992727767,Dorota_to_analzye_size_spaces_FulvTNF2,FULV_TNF
3046,11,14,2851.0,0.6845461546384302,18.245177130831287,45387.0,0.7664119316345154,0.9532881056898616,13.922268490977594,229.87273539040658,3659.499768910692,0.06281534360059048,631890.0,52017.0,0.08231970754403456,Dorota_to_analzye_size_spaces_FulvTNF2,FULV_TNF
3047,12,16,502.0,0.7509817687749629,8.756972111553784,4075.0,0.6202738161722192,0.9798028372204857,10.731533742331289,40.475662282000734,328.5623980062809,0.12319018404907975,43731.0,4396.0,0.10052365598774325,Dorota_to_analzye_size_spaces_FulvTNF2,FULV_TNF
3048,13,16,2216.0,0.5110984241541179,9.666967509025271,4075.0,0.6202738161722192,0.9798028372204857,10.731533742331289,178.67344146795546,328.5623980062809,0.543803680981595,43731.0,21422.0,0.4898584528137934,Dorota_to_analzye_size_spaces_FulvTNF2,FULV_TNF
3049,14,17,2579.0,0.6541645800197186,8.964327258627375,5076.0,0.5479491740905821,0.9525239256896229,12.027186761229315,207.9416992535456,409.2718361423023,0.5080772261623325,61050.0,23119.0,0.37868959868959867,Dorota_to_analzye_size_spaces_FulvTNF2,FULV_TNF
3050,16,15,2926.0,0.6587582074892911,19.625085440874916,46965.0,0.6895979126434088,0.9850661744656752,12.992121792824443,235.9198960899087,3786.7320300282163,0.06230171404237198,610175.0,57423.0,0.09410906707092227,Dorota_to_analzye_size_spaces_FulvTNF2,FULV_TNF
3051,18,18,3194.0,0.5771622545241428,22.29367564182843,49013.0,0.5186968577781195,0.992527641650804,19.730418460408462,257.52841698946287,3951.859831529287,0.06516638442862098,967046.9999999999,71206.0,0.07363240876606826,Dorota_to_analzye_size_spaces_FulvTNF2,FULV_TNF
3052,19,21,995.0,0.7314207166848553,11.226130653266331,2195.0,0.40441612180642905,0.9614542268944372,12.268337129840546,80.22566528006122,176.98023647209484,0.4533029612756264,26929.0,11170.0,0.4147944595046233,Dorota_to_analzye_size_spaces_FulvTNF2,FULV_TNF
3053,21,23,2618.0,0.5550039496162855,12.178380443086326,3631.0,0.5397890639806625,0.9682666666666667,17.321674469843018,211.0862228172867,292.76320666522844,0.7210134949049849,62895.0,31883.0,0.5069242388107162,Dorota_to_analzye_size_spaces_FulvTNF2,FULV_TNF
3054,22,18,548.0,0.43511993598871235,30.195255474452555,49013.0,0.5186968577781195,0.992527641650804,19.730418460408462,44.184587511028695,3951.859831529287,0.011180707159325077,967046.9999999999,16547.0,0.017110853970903173,Dorota_to_analzye_size_spaces_FulvTNF2,FULV_TNF
3055,23,22,3493.0,0.628387692032192,9.37417692527913,20898.0,0.4505397170745289,0.950125028415549,8.929275528758733,281.6364309781446,1684.9808573092657,0.16714518135706766,186604.0,32744.0,0.1754731945724636,Dorota_to_analzye_size_spaces_FulvTNF2,FULV_TNF
3056,24,20,2238.0,0.643495662989909,29.472743521000893,22373.0,0.676708164139677,0.9699978322133103,24.51830331202789,180.44727527314274,1803.9083510661403,0.10003128771286819,548548.0,65960.0,0.12024471878486477,Dorota_to_analzye_size_spaces_FulvTNF2,FULV_TNF
3057,25,24,2251.0,0.7882210528763294,19.882274544646823,17411.0,0.8960051186906138,0.8603973117216841,16.719717420021826,181.49544979438977,1403.8281991870813,0.12928608351042445,291107.0,44755.0,0.15374072076590395,Dorota_to_analzye_size_spaces_FulvTNF2,FULV_TNF
3058,28,27,4441.0,0.7357978272904284,7.968025219545147,35071.0,0.281861214651205,0.9926129287897657,8.270479883664565,358.07254221985113,2827.7329718965098,0.12662883864161273,290054.0,35386.0,0.12199797279127335,Dorota_to_analzye_size_spaces_FulvTNF2,FULV_TNF
3059,29,26,3444.0,0.6668257190900784,8.80110336817654,44194.0,0.7630866746304797,0.9051325113668947,6.791985337376114,277.6856193211365,3563.309599383945,0.07792913065121962,300165.0,30311.0,0.10098112704679094,Dorota_to_analzye_size_spaces_FulvTNF2,FULV_TNF
3060,34,29,2440.0,0.7384636709495778,24.933196721311475,43465.0,0.5520530324581929,0.8406343680495116,17.209478891061774,196.73429475713505,3504.5311973847847,0.05613712182215576,748010.0,60837.0,0.0813318003770003,Dorota_to_analzye_size_spaces_FulvTNF2,FULV_TNF
3061,35,36,2333.0,0.6723517713528964,21.507072438919845,46580.0,0.8722950422567686,0.9805696482327432,14.384929154143409,188.10701215917874,3755.6899384374387,0.05008587376556462,670050.0,50176.0,0.0748839638832923,Dorota_to_analzye_size_spaces_FulvTNF2,FULV_TNF
3062,38,39,3102.0,0.6773550769512817,21.03191489361702,62051.0,0.8306643134623984,0.9591164832447138,14.282090538428067,250.11056653140693,5003.098247530733,0.049991136323346924,886218.0,65241.0,0.07361732666228851,Dorota_to_analzye_size_spaces_FulvTNF2,FULV_TNF
3063,40,38,101.0,0.9341608365101034,19.693069306930692,38597.0,0.9015610662620437,0.9507821160241409,15.940487602663419,8.143509741996164,3112.030153582435,0.0026167836878513875,615255.0,1988.9999999999998,0.0032328059097447397,Dorota_to_analzye_size_spaces_FulvTNF2,FULV_TNF
3064,41,38,2473.0,0.7765922245156909,23.289122523251113,38597.0,0.9015610662620437,0.9507821160241409,15.940487602663419,199.39504546491597,3112.030153582435,0.064072337228282,615255.0,57594.0,0.09360996659921496,Dorota_to_analzye_size_spaces_FulvTNF2,FULV_TNF
3065,42,40,2586.0,0.6821209234091953,15.191415313225058,61643.0,0.7792607172514728,0.8976177301453243,10.539769316872961,208.5061009188325,4970.201693325441,0.04195123533896793,649703.0,39285.0,0.06046608989030372,Dorota_to_analzye_size_spaces_FulvTNF2,FULV_TNF
3066,43,45,3949.0,0.6585797907555063,20.353000759685997,32459.0,0.5326490987947902,0.9853677787559576,13.791028682337718,318.40316803111733,2617.130521935183,0.12166117255614775,447643.0,80374.0,0.17954932837104567,Dorota_to_analzye_size_spaces_FulvTNF2,FULV_TNF
3067,44,43,3007.0,0.6682528028356503,23.995344196873962,34972.0,0.6019985515175191,0.9648246751455293,21.537887452819398,242.45082964537096,2819.750719773167,0.08598307217202333,753223.0,72154.0,0.09579367597643726,Dorota_to_analzye_size_spaces_FulvTNF2,FULV_TNF
3068,45,46,2800.0,0.7054962737642481,13.939642857142857,51302.0,0.859091339750701,0.9487369160779673,9.04923784647772,225.76066611474513,4136.419176078091,0.054578768858913884,464244.0,39031.0,0.08407432298532669,Dorota_to_analzye_size_spaces_FulvTNF2,FULV_TNF
3069,46,44,2846.0,0.7333411418984099,16.13527758257203,40696.0,0.8991618025714997,0.9452535247253385,14.948889325732258,229.4695913437731,3281.270024359167,0.06993316296441911,608360.0,45921.0,0.07548326648694852,Dorota_to_analzye_size_spaces_FulvTNF2,FULV_TNF
3070,47,48,3942.0,0.6860779273698783,19.312278031456113,55709.0,0.6938071795870938,0.9741038643119426,14.7268843454379,317.8387663658305,4491.750338780835,0.07076055933511641,820420.0,76129.0,0.09279271592598913,Dorota_to_analzye_size_spaces_FulvTNF2,FULV_TNF
3071,48,47,2336.0,0.5369322069460596,12.95847602739726,64005.0,0.348029088759662,0.9531929469232144,7.6983829388329035,188.3488985871588,5160.646940955094,0.036497148660260915,492735.0,30271.0,0.06143464539762753,Dorota_to_analzye_size_spaces_FulvTNF2,FULV_TNF
3072,49,47,575.0,0.596155855330854,11.20695652173913,64005.0,0.348029088759662,0.9531929469232144,7.6983829388329035,46.36156536284945,5160.646940955094,0.008983673150535115,492735.0,6444.0,0.013078023684130415,Dorota_to_analzye_size_spaces_FulvTNF2,FULV_TNF
3073,51,49,3155.0,0.6788520265674506,9.935974643423139,9121.0,0.8078898179207663,0.9423494162620105,11.092095165003837,254.38389342572177,735.4153698687824,0.3459050542703651,101171.0,31348.000000000004,0.309851637326902,Dorota_to_analzye_size_spaces_FulvTNF2,FULV_TNF
3074,52,51,2801.0,0.6954210417980929,13.400928239914316,69093.0,0.4052785909076413,0.9867186495865644,8.92475359298337,225.84129492407183,5570.886322809317,0.040539562618499704,616638.0,37536.0,0.06087201891547391,Dorota_to_analzye_size_spaces_FulvTNF2,FULV_TNF
3075,53,53,3759.0,0.6839161718640044,8.643788241553604,5762.0,0.6315059175107791,0.978434369162846,10.151856994099271,303.08369425904533,464.5831993404148,0.6523776466504686,58495.0,32492.0,0.5554662791691598,Dorota_to_analzye_size_spaces_FulvTNF2,FULV_TNF
3076,54,52,1500.0,0.6249211347971337,14.572666666666667,30452.0,0.8266363639495643,0.904801521274067,14.194141599894916,120.94321399004204,2455.308501616507,0.04925784841718114,432240.0,21859.0,0.05057144179159726,Dorota_to_analzye_size_spaces_FulvTNF2,FULV_TNF
3077,55,52,645.0,0.6333418495650758,13.686821705426357,30452.0,0.8266363639495643,0.904801521274067,14.194141599894916,52.005582015718076,2455.308501616507,0.02118087481938789,432240.0,8828.0,0.02042383860818064,Dorota_to_analzye_size_spaces_FulvTNF2,FULV_TNF
3078,56,52,453.0,0.767392215933025,19.852097130242825,30452.0,0.8266363639495643,0.904801521274067,14.194141599894916,36.524850624992695,2455.308501616507,0.014875870221988703,432240.0,8993.0,0.020805570979085693,Dorota_to_analzye_size_spaces_FulvTNF2,FULV_TNF
3079,57,52,414.0,0.5644975266187321,15.057971014492754,30452.0,0.8266363639495643,0.904801521274067,14.194141599894916,33.380327061251606,2455.308501616507,0.013595166163141994,432240.0,6234.0,0.014422543031649084,Dorota_to_analzye_size_spaces_FulvTNF2,FULV_TNF
3080,59,55,2489.0,0.713274771293288,10.90397750100442,36286.0,0.8222794440568596,0.942934358921054,8.313399107093645,200.6851064141431,2925.6969752284435,0.06859394807914898,301660.0,27140.0,0.08996883909036664,Dorota_to_analzye_size_spaces_FulvTNF2,FULV_TNF
3081,60,56,1809.0,0.3523135538953563,8.87175234936429,13284.0,0.7570085398601718,0.9401273885350319,6.212812405901837,145.85751607199072,1071.0731030958123,0.13617886178861788,82531.0,16049.0,0.1944602634161709,Dorota_to_analzye_size_spaces_FulvTNF2,FULV_TNF
3082,61,59,3494.0,0.7484305379299462,9.779049799656555,20988.0,0.5734329127354387,0.9737403730166094,8.4568324757004,281.71705978747127,1692.2374501486684,0.16647608157042118,177492.0,34168.0,0.1925044509048295,Dorota_to_analzye_size_spaces_FulvTNF2,FULV_TNF
3083,62,57,2960.0,0.7244658260539841,14.31722972972973,64162.0,0.6080226950295726,0.9469986568860419,9.8277952682273,238.6612756070163,5173.305664019385,0.04613322527352639,630571.0,42379.0,0.06720734064839645,Dorota_to_analzye_size_spaces_FulvTNF2,FULV_TNF
3084,66,60,2698.0,0.6098413360119084,9.152335063009637,50936.0,0.5244835344592641,0.9879167555615896,5.727029998429401,217.53652756342228,4106.909031864521,0.05296843097220041,291712.0,24693.0,0.08464855748135147,Dorota_to_analzye_size_spaces_FulvTNF2,FULV_TNF
3085,69,63,999.0,0.7787852086334454,15.428428428428429,21495.0,0.8418884401629498,0.9546120708797797,15.919748778785765,80.548180517368,1733.1162564773024,0.04647592463363573,342195.0,15413.0,0.04504156986513538,Dorota_to_analzye_size_spaces_FulvTNF2,FULV_TNF
3086,70,63,1456.0,0.5190573382031409,17.165521978021978,21495.0,0.8418884401629498,0.9546120708797797,15.919748778785765,117.39554637966748,1733.1162564773024,0.06773668294952315,342195.0,24993.0,0.07303730329198264,Dorota_to_analzye_size_spaces_FulvTNF2,FULV_TNF
3087,73,64,1719.0,0.6328432004347893,8.650959860383944,4210.0,0.30542107087319076,0.9731853906611189,10.774109263657957,138.60092323258817,339.44728726538466,0.40831353919239904,45359.0,14871.0,0.3278511431028021,Dorota_to_analzye_size_spaces_FulvTNF2,FULV_TNF
3088,74,65,1394.0,0.7280274433333056,16.104017216642756,3925.0,0.6035444786609595,0.9790471439261661,16.462165605095542,112.3965602014124,316.46807660727666,0.3551592356687898,64614.0,22449.000000000004,0.34743244498096393,Dorota_to_analzye_size_spaces_FulvTNF2,FULV_TNF
3089,75,65,1128.0,0.6672805028992204,11.729609929078014,3925.0,0.6035444786609595,0.9790471439261661,16.462165605095542,90.94929692051161,316.46807660727666,0.28738853503184714,64614.0,13231.0,0.20476986411613582,Dorota_to_analzye_size_spaces_FulvTNF2,FULV_TNF
3090,77,64,932.0,0.7449514880642815,8.639484978540773,4210.0,0.30542107087319076,0.9731853906611189,10.774109263657957,75.14605029247946,339.44728726538466,0.22137767220902613,45359.0,8052.000000000001,0.17751714103044602,Dorota_to_analzye_size_spaces_FulvTNF2,FULV_TNF
3091,5,7,2414.0,0.7568909011803198,12.23695111847556,17234.0,0.5005081651385728,0.9856448384329425,11.743994429615876,194.637945714641,1389.5568999362563,0.14007195079494023,202396.0,29540.0,0.14595150101780668,Dorota_to_analzye_size_spaces_FulvTNF3,FULV_TNF
3092,6,9,173.0,0.8308405435892054,3.040462427745665,467.0,0.6692962929978871,0.9729166666666667,2.518201284796574,13.948784013518182,37.65365395556642,0.37044967880085655,1176.0,526.0,0.44727891156462585,Dorota_to_analzye_size_spaces_FulvTNF3,FULV_TNF
3093,9,12,4827.0,0.6874550144527843,9.796561010979906,7522.0,0.617637707508966,0.9767562654200753,10.91823982983249,389.1952626199553,606.4899037553974,0.6417176282903483,82127.0,47288.00000000001,0.5757911527268743,Dorota_to_analzye_size_spaces_FulvTNF3,FULV_TNF
3094,10,8,2450.0,0.6818543146779588,13.95795918367347,73051.0,0.5794955813937462,0.8993548863664343,9.35503962984764,197.540582850402,5890.0151501243745,0.033538213029253534,683395.0,34197.0,0.05003987445035448,Dorota_to_analzye_size_spaces_FulvTNF3,FULV_TNF
3095,11,11,1957.0,0.7751964849778599,15.66377107818089,27337.0,0.8256210833210104,0.9524423385129956,8.369279730767824,157.79057985234152,2204.149760563853,0.07158795771298972,228791.0,30654.0,0.1339825430196118,Dorota_to_analzye_size_spaces_FulvTNF3,FULV_TNF
3096,12,13,2034.0,0.6731840056369869,20.007866273353,51020.0,0.7564410166105284,0.9125216862513638,9.644825558604468,163.998998170497,4113.681851847963,0.03986671893375147,492079.0,40696.0,0.0827021677413586,Dorota_to_analzye_size_spaces_FulvTNF3,FULV_TNF
3097,13,20,2151.0,0.6556128072337853,11.740120874012087,2877.0,0.6052310912847699,0.9812414733969986,12.81126173096976,173.43256886172028,231.96908443290064,0.7476538060479666,36858.0,25253.0,0.6851429811709805,Dorota_to_analzye_size_spaces_FulvTNF3,FULV_TNF
3098,14,19,4504.0,0.7507055657368368,11.478463587921848,13131.0,0.3767545937877859,0.9884823848238482,15.490594775721576,363.1521572074329,1058.736895268828,0.3430051024293656,203407.0,51699.0,0.2541652942130802,Dorota_to_analzye_size_spaces_FulvTNF3,FULV_TNF
3099,15,17,1935.0,0.7209334629447366,12.085271317829458,34141.0,0.8758013655866869,0.956169831400885,6.866846313816232,156.01674604715424,2752.7481792226836,0.056676723001669545,234441.0,23385.0,0.0997479109882657,Dorota_to_analzye_size_spaces_FulvTNF3,FULV_TNF
3100,17,16,2370.0,0.7031483806985542,18.864135021097045,49976.0,0.6790990882143348,0.8608833459656859,10.117556427085,191.09027810426642,4029.5053749108943,0.04742276292620458,505635.0,44708.0,0.08841951209864823,Dorota_to_analzye_size_spaces_FulvTNF3,FULV_TNF
3101,18,18,2554.0,0.6472797911151551,9.191072826938136,28056.0,0.8442473927776858,0.851497769279796,7.425577416595381,205.92597902037826,2262.121874469746,0.09103222127174224,208332.0,23474.0,0.11267592112589521,Dorota_to_analzye_size_spaces_FulvTNF3,FULV_TNF
3102,20,22,2921.0,0.8172058318949984,11.386853817185894,30672.0,0.8237812132091227,0.9218839229358902,7.982981220657277,235.5167520432752,2473.0468396683796,0.09523343766301513,244854.0,33261.0,0.13584013330392805,Dorota_to_analzye_size_spaces_FulvTNF3,FULV_TNF
3103,23,27,2568.0,0.7212458716404068,10.117601246105918,8892.0,0.8195039029846899,0.9303201506591338,10.892825011246064,207.05478235095197,716.9513725329692,0.28879892037786775,96859.0,25982.0,0.2682455941110274,Dorota_to_analzye_size_spaces_FulvTNF3,FULV_TNF
3104,24,26,2453.0,0.6155203486028771,22.713819812474522,27218.0,0.5577617008351179,0.9622768251723528,22.00095525020207,197.78246927838208,2194.5549322539764,0.09012418252626939,598822.0,55717.0,0.09304434372818633,Dorota_to_analzye_size_spaces_FulvTNF3,FULV_TNF
3105,25,30,64.0,0.6639041452821669,13.078125,31540.0,0.47274771333431276,0.9402856035536475,15.197400126823082,5.1602437969084605,2543.0326461639506,0.002029169308814204,479326.0,837.0,0.001746201958583511,Dorota_to_analzye_size_spaces_FulvTNF3,FULV_TNF
3106,26,30,1746.0,0.5864166601110101,14.58991981672394,31540.0,0.47274771333431276,0.9402856035536475,15.197400126823082,140.77790108440894,2543.0326461639506,0.05535827520608751,479326.0,25474.0,0.05314545841452373,Dorota_to_analzye_size_spaces_FulvTNF3,FULV_TNF
3107,27,32,2463.0,0.7593521749515358,20.647178237921235,17589.0,0.8806267752743232,0.8877504668651895,18.339814656887828,198.58875737164902,1418.180127247233,0.14003070100631076,322579.0,50854.0,0.15764820400584043,Dorota_to_analzye_size_spaces_FulvTNF3,FULV_TNF
3108,28,33,2440.0,0.765662774812863,17.82704918032787,8765.0,0.8099492639812614,0.9324468085106383,16.99178551055334,196.73429475713505,706.711513748479,0.27837992013690815,148933.0,43498.0,0.2920642167954718,Dorota_to_analzye_size_spaces_FulvTNF3,FULV_TNF
3109,29,30,1274.0,0.7198369543751783,14.684458398744113,31540.0,0.47274771333431276,0.9402856035536475,15.197400126823082,102.72110308220904,2543.0326461639506,0.04039315155358275,479326.0,18708.0,0.03902980435027518,Dorota_to_analzye_size_spaces_FulvTNF3,FULV_TNF
3110,30,35,4088.0,0.7928803962334354,11.518346379647749,8985.0,0.6931365288671143,0.9617854849068722,14.224040066777963,329.6105725275279,724.4498518003518,0.45498052309404563,127803.0,47087.0,0.36843423080835347,Dorota_to_analzye_size_spaces_FulvTNF3,FULV_TNF
3111,31,30,182.0,0.6963782668722112,32.2967032967033,31540.0,0.47274771333431276,0.9402856035536475,15.197400126823082,14.674443297458435,2543.0326461639506,0.005770450221940393,479326.0,5878.0,0.012263052703170702,Dorota_to_analzye_size_spaces_FulvTNF3,FULV_TNF
3112,32,37,2558.0,0.7555611422510312,10.75684128225176,29941.0,0.3419460467278125,0.9897196879545154,10.217527804682542,206.24849425768502,2414.107180050566,0.08543468822016632,305923.0,27516.0,0.0899442016455121,Dorota_to_analzye_size_spaces_FulvTNF3,FULV_TNF
3113,33,34,2119.0,0.7500718761444434,12.283152430391695,44691.0,0.706304339112186,0.9401901796608744,8.063838356716117,170.85244696326606,3603.382117619313,0.04741446823745273,360381.0,26028.0,0.07222356339540653,Dorota_to_analzye_size_spaces_FulvTNF3,FULV_TNF
3114,34,36,3103.0,0.763429802886927,13.19465033838221,21401.0,0.8847168396996467,0.9569397245573242,13.319284145600673,250.19119534073363,1725.5371484005932,0.14499322461567216,285046.0,40943.0,0.14363646569325653,Dorota_to_analzye_size_spaces_FulvTNF3,FULV_TNF
3115,35,40,130.0,0.6356414776691257,7.023076923076923,1396.0,0.679363283984225,0.9714683368128044,7.240687679083095,10.48174521247031,112.5578178200658,0.09312320916905444,10108.0,913.0,0.0903244954491492,Dorota_to_analzye_size_spaces_FulvTNF3,FULV_TNF
3116,36,38,2562.0,0.7609380664141823,13.76151444184231,15650.0,0.9199196099337104,0.9629584051193699,11.751693290734824,206.5710094949918,1261.8408659627719,0.16370607028753995,183914.0,35257.0,0.1917037310917059,Dorota_to_analzye_size_spaces_FulvTNF3,FULV_TNF
3117,37,39,1341.0,0.6539598582071208,11.140193885160327,31888.0,0.7974903459273476,0.9476092835279784,8.558391871550427,108.12323330709759,2571.0914718096406,0.04205343702960361,272910.0,14938.999999999998,0.054739657762632364,Dorota_to_analzye_size_spaces_FulvTNF3,FULV_TNF
3118,39,43,2593.0,0.46167651385396086,12.477053605861936,40487.0,0.6568929925358836,0.971726869074763,8.137328031219898,209.07050258411934,3264.4186032098883,0.06404524909230123,329456.0,32353.0,0.09820127725705405,Dorota_to_analzye_size_spaces_FulvTNF3,FULV_TNF
3119,40,39,1163.0,0.7526457013460532,11.594153052450558,31888.0,0.7974903459273476,0.9476092835279784,8.558391871550427,93.77130524694593,2571.0914718096406,0.036471399899648774,272910.0,13483.999999999998,0.04940822981935436,Dorota_to_analzye_size_spaces_FulvTNF3,FULV_TNF
3120,41,44,2697.0,0.7888656814318453,6.041527623285131,10670.0,0.9099161655000862,0.8839367078121116,7.319587628865979,217.45589875409559,860.3093955158324,0.2527647610121837,78100.0,16294.0,0.20862996158770808,Dorota_to_analzye_size_spaces_FulvTNF3,FULV_TNF
3121,43,47,1498.0,0.5987547377564011,10.138851802403204,20700.0,0.7964477332506179,0.9505878030859662,10.460144927536232,120.78195637138866,1669.0163530625803,0.07236714975845411,216525.0,15188.0,0.07014432513566562,Dorota_to_analzye_size_spaces_FulvTNF3,FULV_TNF
3122,44,42,2023.0,0.6802311904779254,10.184873949579831,26776.0,0.7670074335860447,0.9458810230323583,7.424708694353152,163.11208126790336,2158.916998531577,0.07555273379145504,198804.0,20604.0,0.10363976579948089,Dorota_to_analzye_size_spaces_FulvTNF3,FULV_TNF
3123,45,49,315.0,0.8489411374508472,17.11111111111111,1459.0,0.7875952649789408,0.961133069828722,18.987662782727895,25.398074937908827,117.63743280764756,0.21590130226182316,27703.0,5390.0,0.19456376565714906,Dorota_to_analzye_size_spaces_FulvTNF3,FULV_TNF
3124,46,48,4485.0,0.7133398150721453,12.116833890746934,10242.0,0.492416208155356,0.9833893422947672,13.64547939855497,361.6202098302257,825.8002651240071,0.4379027533684827,139757.0,54344.0,0.3888463547443062,Dorota_to_analzye_size_spaces_FulvTNF3,FULV_TNF
3125,47,47,1300.0,0.7366420132205228,9.225384615384616,20700.0,0.7964477332506179,0.9505878030859662,10.460144927536232,104.81745212470311,1669.0163530625803,0.06280193236714976,216525.0,11993.000000000002,0.055388523265211875,Dorota_to_analzye_size_spaces_FulvTNF3,FULV_TNF
3126,48,50,1797.0,0.6658940450404388,17.229271007234278,3962.0,0.6928343340972211,0.969652471855115,19.045683997980817,144.88997036007038,319.4513425523644,0.4535588086824836,75459.0,30960.999999999996,0.4103022833591751,Dorota_to_analzye_size_spaces_FulvTNF3,FULV_TNF
3127,49,45,2208.0,0.7220197568970539,13.268115942028986,45784.0,0.8429208338548012,0.9108162412716097,8.69194478420409,178.02841099334188,3691.50940621339,0.04822645465664861,397952.00000000006,29296.0,0.07361691862335155,Dorota_to_analzye_size_spaces_FulvTNF3,FULV_TNF
3128,51,54,1915.0,0.7717541809154086,8.132114882506528,25075.0,0.6465811691513602,0.9434494694860411,6.06085742771685,154.40416986062033,2021.7673938668695,0.07637088733798604,151976.0,15573.000000000002,0.10247012686213613,Dorota_to_analzye_size_spaces_FulvTNF3,FULV_TNF
3129,52,51,1991.0,0.7496810097713664,8.756906077348066,34295.0,0.8801039643716253,0.9302861793028618,6.369966467415075,160.53195936944914,2765.1650158589946,0.05805511007435486,218458.0,17435.0,0.07980939127887282,Dorota_to_analzye_size_spaces_FulvTNF3,FULV_TNF
3130,53,55,2404.0,0.6316118485069531,14.08361064891847,26096.0,0.7010938895317197,0.9764639850327409,11.246896076026978,193.83165762137403,2104.089408189425,0.09212139791538933,293499.0,33857.0,0.11535644073744715,Dorota_to_analzye_size_spaces_FulvTNF3,FULV_TNF
3131,55,59,1316.0,0.662720770297173,8.132218844984802,3387.0,0.64723181315647,0.9674378748928878,8.659580749926189,106.10751307393022,273.0897771895149,0.3885444346028934,29330.0,10702.0,0.3648823729969315,Dorota_to_analzye_size_spaces_FulvTNF3,FULV_TNF
3132,57,59,1247.0,0.6994135662803893,7.538893344025662,3387.0,0.64723181315647,0.9674378748928878,8.659580749926189,100.54412523038829,273.0897771895149,0.3681724239740183,29330.0,9401.0,0.32052505966587114,Dorota_to_analzye_size_spaces_FulvTNF3,FULV_TNF
3133,58,60,2368.0,0.6829326066186525,7.219594594594595,33223.0,0.722261595233704,0.9683464980034393,5.451945941064925,190.92902048561302,2678.730932260778,0.07127592330614334,181130.0,17096.0,0.09438524816430188,Dorota_to_analzye_size_spaces_FulvTNF3,FULV_TNF
3134,59,58,2402.0,0.5760669222818925,10.373022481265611,52934.0,0.6005203489872263,0.9392788700404571,7.322798201533986,193.67040000272067,4268.005392899257,0.04537726225110515,387625.0,24915.999999999996,0.06427861980006448,Dorota_to_analzye_size_spaces_FulvTNF3,FULV_TNF
3135,60,61,2113.0,0.7701373042137334,10.837671557027923,29779.0,0.6368430223675993,0.9756249385709137,6.26129151415427,170.36867410730588,2401.0453129396415,0.07095604284898754,186455.0,22900.0,0.12281783808425625,Dorota_to_analzye_size_spaces_FulvTNF3,FULV_TNF
3136,61,64,1305.0,0.6948684800865634,13.059770114942529,28371.0,0.5441008227855325,0.9642128874388255,10.705015685030489,105.22059617133658,2287.519949407655,0.045997673680871314,303712.0,17043.0,0.05611566220630071,Dorota_to_analzye_size_spaces_FulvTNF3,FULV_TNF
3137,62,64,937.0,0.7851183194253891,16.171824973319104,28371.0,0.5441008227855325,0.9642128874388255,10.705015685030489,75.54919433911293,2287.519949407655,0.033026682175460856,303712.0,15153.0,0.049892661468759876,Dorota_to_analzye_size_spaces_FulvTNF3,FULV_TNF
3138,63,63,963.0,0.753868847710788,9.77466251298027,19519.0,0.3594923449267988,0.9867549668874173,8.300169066038219,77.64554338160698,1573.7937292477538,0.049336543880321736,162011.0,9413.0,0.058100993142440945,Dorota_to_analzye_size_spaces_FulvTNF3,FULV_TNF
3139,64,66,2467.0,0.7472401879629323,8.31495743818403,4156.0,0.6201070043564771,0.974214721050164,10.239412897016361,198.9112726089558,335.0933315617431,0.5935996150144369,42555.0,20513.0,0.48203501351192574,Dorota_to_analzye_size_spaces_FulvTNF3,FULV_TNF
3140,65,63,462.0,0.4414405592063149,10.311688311688311,19519.0,0.3594923449267988,0.9867549668874173,8.300169066038219,37.25050990893295,1573.7937292477538,0.02366924535068395,162011.0,4764.0,0.029405410743714933,Dorota_to_analzye_size_spaces_FulvTNF3,FULV_TNF
3141,66,63,869.0,0.719999139874252,9.11162255466053,19519.0,0.3594923449267988,0.9867549668874173,8.300169066038219,70.0664353048977,1573.7937292477538,0.04452072339771505,162011.0,7918.0,0.04887322465758498,Dorota_to_analzye_size_spaces_FulvTNF3,FULV_TNF
3142,67,67,1202.0,0.624992606998439,10.965058236272878,30029.0,0.5476836774397862,0.989195243271733,8.67364880615405,96.91582881068702,2421.202515271315,0.04002797295947251,260460.99999999997,13179.999999999998,0.050602585415858804,Dorota_to_analzye_size_spaces_FulvTNF3,FULV_TNF
3143,70,68,2509.0,0.6807115744470369,13.087684336389,28531.0,0.7171434392567816,0.9815598444971961,10.78542637832533,202.29768260067698,2300.420558899926,0.08793943429953384,307719.0,32837.0,0.10671099282137275,Dorota_to_analzye_size_spaces_FulvTNF3,FULV_TNF
3144,71,67,1048.0,0.7381295388836983,11.193702290076336,30029.0,0.5476836774397862,0.989195243271733,8.67364880615405,84.49899217437604,2421.202515271315,0.034899597056179024,260460.99999999997,11731.0,0.045039372497226074,Dorota_to_analzye_size_spaces_FulvTNF3,FULV_TNF
3145,75,70,2259.0,0.723800847107804,5.620628596724214,3521.0,0.7270256187843032,0.7383099182218494,5.646691280886112,182.14048026900332,283.89403763929204,0.6415790968474865,19882.0,12697.0,0.6386178452871945,Dorota_to_analzye_size_spaces_FulvTNF3,FULV_TNF
3146,8,8,685.0,0.8154405983793525,7.611678832116788,5546.0,0.37659016255054656,0.9765803838703997,7.749549224666426,55.23073438878587,447.1673765258488,0.12351244139920664,42979.0,5214.0,0.12131506084366783,Dorota_to_analzye_size_spaces_Fulv2,FULV
3147,9,9,2313.0,0.7720780012073615,9.767833981841765,3575.0,0.6941706925416473,0.9834938101788171,10.033286713286714,186.49443597264482,288.2479933429335,0.646993006993007,35869.0,22593.000000000004,0.6298753798544705,Dorota_to_analzye_size_spaces_Fulv2,FULV
3148,11,8,876.0,0.7396557985350092,6.7408675799086755,5546.0,0.37659016255054656,0.9765803838703997,7.749549224666426,70.63083697018455,447.1673765258488,0.1579516768842409,42979.0,5905.0,0.13739268014611788,Dorota_to_analzye_size_spaces_Fulv2,FULV
3149,12,8,366.0,0.6514713557932537,6.636612021857924,5546.0,0.37659016255054656,0.9765803838703997,7.749549224666426,29.510144213570257,447.1673765258488,0.06599350883519654,42979.0,2429.0,0.05651597291700598,Dorota_to_analzye_size_spaces_Fulv2,FULV
3150,13,8,157.0,0.46681459063364084,8.993630573248408,5546.0,0.37659016255054656,0.9765803838703997,7.749549224666426,12.658723064291067,447.1673765258488,0.028308690948431303,42979.0,1412.0,0.03285325391470253,Dorota_to_analzye_size_spaces_Fulv2,FULV
3151,14,10,2347.0,0.8040115452930059,3.0596506178099703,27431.0,0.8237254374625549,0.9676179053934884,1.961394043235755,189.23581548975244,2211.7288686405623,0.08556013269658416,53803.0,7181.0,0.13346839395572738,Dorota_to_analzye_size_spaces_Fulv2,FULV
3152,15,11,1563.0,0.5672501189508897,9.866922584772873,12061.0,0.7352818156559392,0.9356865787432118,9.271121797529226,126.0228289776238,972.4640692892647,0.12959124450708898,111818.99999999999,15422.0,0.13791931603752494,Dorota_to_analzye_size_spaces_Fulv2,FULV
3153,17,13,1791.0,0.4835522572164843,6.902289223897264,5286.0,0.4973591277191491,0.9814333457111029,7.968974650018918,144.4061975041102,426.20388610090816,0.3388195232690125,42124.0,12362.0,0.2934669072262843,Dorota_to_analzye_size_spaces_Fulv2,FULV
3154,18,13,986.0,0.6787825721115701,6.234279918864098,5286.0,0.4973591277191491,0.9814333457111029,7.968974650018918,79.50000599612098,426.20388610090816,0.1865304578130912,42124.0,6147.0,0.1459263127908081,Dorota_to_analzye_size_spaces_Fulv2,FULV
3155,19,15,809.0,0.7674166420793885,2.8380716934487022,14597.0,0.9402208453240435,0.9286804937014888,2.441529081318079,65.22870674529601,1176.9387297417625,0.05542234705761458,35639.0,2296.0,0.06442380538174472,Dorota_to_analzye_size_spaces_Fulv2,FULV
3156,20,15,1179.0,0.5360312437707034,2.3214588634435964,14597.0,0.9402208453240435,0.9286804937014888,2.441529081318079,95.06136619617304,1176.9387297417625,0.08077002123724053,35639.0,2737.0,0.07679788995201886,Dorota_to_analzye_size_spaces_Fulv2,FULV
3157,22,16,2490.0,0.7818337418817645,6.979116465863454,6339.0,0.6336357510388552,0.9367518841436382,8.492664458116423,200.7657352234698,511.1060223219177,0.39280643634642687,53835.0,17378.0,0.322801151667131,Dorota_to_analzye_size_spaces_Fulv2,FULV
3158,23,14,1677.0,0.5939582183679339,9.89505068574836,16966.0,0.5094946038217768,0.9871988828115908,9.009371684545561,135.214513240867,1367.9483790367021,0.09884474832016975,152853.0,16594.0,0.10856182083439644,Dorota_to_analzye_size_spaces_Fulv2,FULV
3159,24,22,2610.0,0.5431389509338006,6.6080459770114945,4881.0,0.34391253958517276,0.9856623586429726,7.473263675476336,210.44119234267316,393.5492183235968,0.5347264904732637,36477.0,17247.0,0.4728184883625298,Dorota_to_analzye_size_spaces_Fulv2,FULV
3160,25,23,1666.0,0.7905981569004594,9.927370948379352,3968.0,0.7284664201601315,0.9766182623677085,11.091229838709678,134.32759633827337,319.9351154083246,0.41985887096774194,44010.0,16539.0,0.3758009543285617,Dorota_to_analzye_size_spaces_Fulv2,FULV
3161,26,19,2278.0,0.8190180383446485,8.605355575065847,32122.0,0.7762330233410422,0.9691648563842626,5.171191083992279,183.6724276462105,2589.958613192087,0.07091712844779278,166109.0,19603.0,0.11801287106658881,Dorota_to_analzye_size_spaces_Fulv2,FULV
3162,27,20,1885.0,0.7511013954180803,9.856763925729442,30970.0,0.6934428974933322,0.9484580283588032,7.808718114304165,151.9853055808195,2497.0742248477345,0.060865353567969,241836.0,18580.0,0.07682892538745266,Dorota_to_analzye_size_spaces_Fulv2,FULV
3163,29,24,1676.0,0.6568782838038364,5.678997613365155,13607.0,0.7255446487086551,0.9840179346253978,6.690820901006835,135.1338844315403,1097.1162085083347,0.12317189681781436,91042.0,9518.0,0.10454515498341425,Dorota_to_analzye_size_spaces_Fulv2,FULV
3164,30,18,1499.0,0.7856581153023731,7.695130086724483,44536.0,0.6808403337583453,0.953457503746521,8.586424465600862,120.86258518071534,3590.884652173675,0.03365816418178552,382405.0,11535.0,0.03016435454557341,Dorota_to_analzye_size_spaces_Fulv2,FULV
3165,32,18,1141.0,0.8442732536968938,12.312883435582823,44536.0,0.6808403337583453,0.953457503746521,8.586424465600862,91.99747144175865,3590.884652173675,0.025619723369858093,382405.0,14049.0,0.03673853636850983,Dorota_to_analzye_size_spaces_Fulv2,FULV
3166,37,27,1700.0,0.7145836114634236,7.395294117647059,23477.0,0.38701851480601823,0.9624482433485017,5.541167951612216,137.06897585538098,1892.9225565628115,0.07241129616220131,130090.0,12572.0,0.09664078714735952,Dorota_to_analzye_size_spaces_Fulv2,FULV
3167,38,30,2568.0,0.5862618107293752,9.641355140186915,6323.0,0.6091794024699506,0.93314639905549,11.382097105804206,207.05478235095197,509.81596137269054,0.406136327692551,71969.0,24759.0,0.3440231210660145,Dorota_to_analzye_size_spaces_Fulv2,FULV
3168,39,28,2276.0,0.5519837697227534,7.010544815465729,22177.0,0.4412800800956277,0.9923039062150432,5.707083915768589,183.5111700275571,1788.1051044381084,0.10262884970915814,126566.0,15956.0,0.12606861242355766,Dorota_to_analzye_size_spaces_Fulv2,FULV
3169,40,29,1725.0,0.5851477587475337,5.435942028985507,28738.0,0.8856654181781821,0.8277073732718894,4.458904586262092,139.08469608854836,2317.110722430552,0.06002505393555571,128139.99999999999,9377.0,0.07317777430934916,Dorota_to_analzye_size_spaces_Fulv2,FULV
3170,41,31,2006.0,0.6787286306342443,3.875872382851446,14578.0,0.7434137710773837,0.925469781615033,3.787968171216902,161.74139150934957,1175.4067823645553,0.13760460968582797,55221.0,7775.0,0.14079788486264283,Dorota_to_analzye_size_spaces_Fulv2,FULV
3171,44,32,1846.0,0.6720067386370844,7.725352112676056,26510.0,0.8199490041073023,0.9341414426160188,5.154998113919276,148.8407820170784,2137.4697352506764,0.06963410033949453,136659.0,14261.0,0.10435463452827841,Dorota_to_analzye_size_spaces_Fulv2,FULV
3172,46,35,2136.0,0.646111506595321,5.385299625468165,25605.0,0.35313071334130086,0.953027878066029,5.107518062878344,172.22313672181986,2064.5006628100177,0.08342120679554775,130778.0,11503.0,0.08795821927235467,Dorota_to_analzye_size_spaces_Fulv2,FULV
3173,47,34,2191.0,0.690333323494515,6.340027384755819,16974.0,0.5760867869573345,0.9503919372900336,6.085837162719454,176.65772123478808,1368.5934095113157,0.12907976905856014,103301.0,13891.0,0.13447110870175508,Dorota_to_analzye_size_spaces_Fulv2,FULV
3174,49,37,2420.0,0.8494952867966019,6.6115702479338845,24115.0,0.7594611041400514,0.9539916132605427,5.168608749740825,195.12171857060116,1944.3637369132425,0.10035247771096828,124640.99999999999,16000.0,0.12836867483412362,Dorota_to_analzye_size_spaces_Fulv2,FULV
3175,50,36,2189.0,0.6858789737390836,5.094563727729557,27779.0,0.6306231791866969,0.9662260869565218,4.215198531264624,176.4964636161347,2239.7876942862517,0.07880053277655784,117094.0,11152.0,0.09523972193280612,Dorota_to_analzye_size_spaces_Fulv2,FULV
3176,51,38,4131.0,0.41207348057505966,9.52069716775599,30560.0,0.7226750527854143,0.9809019419033863,9.156119109947644,333.07761132857576,2464.01641302379,0.13517670157068062,279811.0,39330.0,0.14055916314941155,Dorota_to_analzye_size_spaces_Fulv2,FULV
3177,52,39,1974.0,0.6800760008199456,4.678824721377913,13026.0,0.7100220538489592,0.98502722323049,3.980961154613849,159.16126961089532,1050.2708702895252,0.1515430677107324,51856.0,9236.0,0.1781086084541808,Dorota_to_analzye_size_spaces_Fulv2,FULV
3178,53,38,439.0,0.8190255512232384,8.225512528473804,30560.0,0.7226750527854143,0.9809019419033863,9.156119109947644,35.39604729441897,2464.01641302379,0.014365183246073299,279811.0,3610.9999999999995,0.012905139540618487,Dorota_to_analzye_size_spaces_Fulv2,FULV
3179,54,41,3331.0,0.6211613685895829,8.953467427199039,4733.0,0.4970256359226907,0.9858362841074776,9.87872385379252,268.57456386722004,381.616154543246,0.7037819564758081,46756.0,29823.999999999996,0.6378646590811874,Dorota_to_analzye_size_spaces_Fulv2,FULV
3180,55,40,2492.0,0.6057091955142453,11.097913322632424,28341.0,0.6466629607584634,0.9816424786117557,8.889947425990615,200.92699284212318,2285.1010851278543,0.08792914858332451,251950.0,27656.0,0.10976781107362572,Dorota_to_analzye_size_spaces_Fulv2,FULV
3181,56,42,2268.0,0.5379119649757312,4.9034391534391535,20375.0,0.8246001217099197,0.9318545620855249,4.108515337423313,182.86613955294357,1642.8119900314043,0.11131288343558282,83711.0,11121.0,0.13284992414378038,Dorota_to_analzye_size_spaces_Fulv2,FULV
3182,57,45,1387.0,0.6342186198092696,3.496755587599135,10093.0,0.26258169927602015,0.9568638604474782,3.018131378182899,111.83215853612555,813.7865725343296,0.13742197562667194,30462.0,4850.0,0.15921475937233273,Dorota_to_analzye_size_spaces_Fulv2,FULV
3183,58,45,902.0,0.6976764184647279,3.522172949002217,10093.0,0.26258169927602015,0.9568638604474782,3.018131378182899,72.72718601267862,813.7865725343296,0.08936886951352423,30462.0,3177.0,0.10429387433523735,Dorota_to_analzye_size_spaces_Fulv2,FULV
3184,59,44,2131.0,0.7237113119969744,7.38808071328015,23087.0,0.9182502966658116,0.871470632643817,5.32026681682332,171.8199926751864,1861.4773209254004,0.09230302767791397,122829.0,15744.0,0.1281781989595291,Dorota_to_analzye_size_spaces_Fulv2,FULV
3185,60,43,2310.0,0.6202903289068297,3.60995670995671,26616.0,0.7464643983087038,0.952374136758865,2.834648331830478,186.25254954466473,2146.016389039306,0.08678990081154193,75447.0,8339.0,0.11052792026190571,Dorota_to_analzye_size_spaces_Fulv2,FULV
3186,61,46,2349.0,0.6522887245318743,17.517667092379735,21115.0,0.7796265015126776,0.9553001854951817,12.91607861709685,189.39707310840583,1702.4773089331584,0.11124792801326072,272723.0,41149.0,0.15088203048514426,Dorota_to_analzye_size_spaces_Fulv2,FULV
3187,62,47,1873.0,0.689308105588293,4.493860117458622,21942.0,0.6221988745370026,0.9415955027249711,3.79664570230608,151.01775986889916,1769.157334246335,0.08536140734664115,83306.0,8417.0,0.10103714018197969,Dorota_to_analzye_size_spaces_Fulv2,FULV
3188,63,48,546.0,0.7248288238197768,5.430402930402931,8681.0,0.4840782394952971,0.9867015230734257,5.778596935836885,44.0233298923753,699.9386937650366,0.06289597972583803,50163.99999999999,2965.0,0.059106131887409305,Dorota_to_analzye_size_spaces_Fulv2,FULV
3189,64,48,4468.0,0.31117715566694587,4.899955237242614,8681.0,0.4840782394952971,0.9867015230734257,5.778596935836885,360.2495200716719,699.9386937650366,0.5146872480129018,50163.99999999999,21893.0,0.43642851447253017,Dorota_to_analzye_size_spaces_Fulv2,FULV
3190,66,51,1125.0,0.7830720088255002,6.353777777777778,4329.0,0.5436828391188596,0.9831932773109243,8.098868098868099,90.70741049253154,349.04211557526133,0.2598752598752599,35060.0,7148.000000000001,0.20387906446092416,Dorota_to_analzye_size_spaces_Fulv2,FULV
3191,67,52,120.0,0.8018827726195524,2.441666666666667,641.0,0.6065523042419754,0.9697428139183056,1.750390015600624,9.675457119203363,51.6830667784113,0.187207488299532,1122.0,293.0,0.2611408199643494,Dorota_to_analzye_size_spaces_Fulv2,FULV
3192,68,51,1113.0,0.7500877473614245,6.839173405211141,4329.0,0.5436828391188596,0.9831932773109243,8.098868098868099,89.7398647806112,349.04211557526133,0.2571032571032571,35060.0,7612.0,0.21711351968054762,Dorota_to_analzye_size_spaces_Fulv2,FULV
3193,72,53,1560.0,0.6519372465593338,5.124358974358974,15123.0,0.7479019501744917,0.9363506903597301,3.5520730013886133,125.78094254964373,1219.349483447604,0.1031541360841103,53718.0,7993.999999999999,0.14881417774302838,Dorota_to_analzye_size_spaces_Fulv2,FULV
3194,73,55,3956.0,0.46641002776882196,4.026036400404449,7305.0,0.5427365783027885,0.98304400484457,5.498425735797399,318.9675696964042,588.9934521315048,0.5415468856947296,40166.0,15926.999999999998,0.3965294029776427,Dorota_to_analzye_size_spaces_Fulv2,FULV
3195,74,50,2806.0,0.6059854553315597,6.986457590876693,18089.0,0.8595030414134966,0.9114223812163047,7.5476256288352035,226.24443897070532,1458.4945319105802,0.1551218972856432,136529.0,19604.0,0.14358854162851847,Dorota_to_analzye_size_spaces_Fulv2,FULV
3196,75,56,2090.0,0.4975226261845505,7.698564593301436,10245.0,0.8236588160134191,0.9710900473933649,7.708150317227916,168.5142114927919,826.0421515519871,0.20400195217179112,78970.0,16090.0,0.20374825883246803,Dorota_to_analzye_size_spaces_Fulv2,FULV
3197,76,57,2236.0,0.6235949654216225,8.476744186046512,10004.0,0.7324746034108395,0.9725840948862532,7.892942822870852,180.28601765448934,806.6106085042537,0.22351059576169532,78961.0,18954.0,0.24004255265257532,Dorota_to_analzye_size_spaces_Fulv2,FULV
3198,77,58,2551.0,0.5692067529293672,7.9976479811838495,11776.0,0.7056620478610227,0.9831357488729338,9.498641304347826,205.68409259239817,949.4848586311567,0.21662703804347827,111856.0,20402.0,0.18239522242883707,Dorota_to_analzye_size_spaces_Fulv2,FULV
3199,78,59,2034.0,0.6114318319059117,5.829400196656834,24800.0,0.7015827487838839,0.9871039643368891,5.425725806451613,163.998998170497,1999.5944713020285,0.08201612903225806,134558.0,11857.0,0.08811813493066187,Dorota_to_analzye_size_spaces_Fulv2,FULV
3200,79,60,2515.0,0.7305386813788473,3.5244532803180912,14574.0,0.4179231033408484,0.9827376938637896,3.605187319884726,202.78145545663716,1175.0842671272485,0.1725675861122547,52542.0,8864.0,0.1687031327319097,Dorota_to_analzye_size_spaces_Fulv2,FULV
3201,81,63,1138.0,0.8194935945400947,4.422671353251318,4239.0,0.5694501073261029,0.98375493153864,4.45930644019816,91.75558501377856,341.7855227358588,0.26845954234489267,18903.0,5033.0,0.2662540337512564,Dorota_to_analzye_size_spaces_Fulv2,FULV
3202,82,63,1277.0,0.7069470876561698,3.907595927956147,4239.0,0.5694501073261029,0.98375493153864,4.45930644019816,102.96298951018913,341.7855227358588,0.30125029488086813,18903.0,4990.0,0.26397926255091786,Dorota_to_analzye_size_spaces_Fulv2,FULV
3203,83,62,1730.0,0.7158316292272865,8.414450867052023,15639.0,0.802823890638818,0.9656684161778326,8.229298548500543,139.4878401351818,1260.9539490601783,0.11062088368821536,128697.99999999999,14557.0,0.11310976083544423,Dorota_to_analzye_size_spaces_Fulv2,FULV
3204,84,64,1858.0,0.7507961979793674,3.088805166846071,3752.0,0.6444126489243379,0.9775924960917144,2.965085287846482,149.80832772899873,302.5192925937585,0.4952025586353945,11125.0,5739.0,0.5158651685393258,Dorota_to_analzye_size_spaces_Fulv2,FULV
3205,85,65,2739.0,0.7115712304348786,10.096020445418036,5515.0,0.5706249348847606,0.9841184867951464,10.34669084315503,220.84230874581678,444.66788343672124,0.4966455122393472,57061.99999999999,27653.0,0.48461322771721993,Dorota_to_analzye_size_spaces_Fulv2,FULV
3206,86,66,1260.0,0.8569622810794806,6.538095238095238,2753.0,0.8133344888944359,0.9765874423554451,6.094805666545587,101.59229975163531,221.97111207639048,0.4576825281511079,16779.0,8238.0,0.49097085642767746,Dorota_to_analzye_size_spaces_Fulv2,FULV
3207,88,68,2193.0,0.7256644299813222,2.7856817145462838,4420.0,0.6145334361528975,0.9772275038691134,2.870135746606335,176.81897885344148,356.37933722399055,0.49615384615384617,12686.0,6109.0,0.4815544694939303,Dorota_to_analzye_size_spaces_Fulv2,FULV
3208,89,69,1974.0,0.7446833288474579,2.636271529888551,4006.0,0.7157475995840598,0.9699757869249395,3.178482276585122,159.16126961089532,322.99901016273895,0.4927608587119321,12733.0,5204.0,0.4087017984763999,Dorota_to_analzye_size_spaces_Fulv2,FULV
3209,90,71,2756.0,0.5372931715313044,4.716981132075472,3846.0,0.7677516507803241,0.9788750318147111,5.236089443577743,222.21299850437057,310.0984006704678,0.7165886635465418,20138.0,13000.0,0.6455457344324164,Dorota_to_analzye_size_spaces_Fulv2,FULV
3210,91,72,1835.0,0.6376339048816301,2.4806539509536787,13548.0,0.7952071819089664,0.9469490459215768,2.0506347800413347,147.95386511448476,1092.3591087580596,0.13544434602893415,27782.000000000004,4552.0,0.16384709524152327,Dorota_to_analzye_size_spaces_Fulv2,FULV
3211,93,67,1657.0,0.8175132005765698,4.358479179239589,55284.0,0.6754536353693859,0.9572158254696563,3.216192750162796,133.60193705433312,4457.483094816989,0.029972505607409015,177804.0,7222.0,0.04061775888056512,Dorota_to_analzye_size_spaces_Fulv2,FULV
3212,94,73,2109.0,0.7332813053354913,3.9340919867235655,3823.0,0.7213421719661692,0.9792520491803278,4.5409364373528645,170.04615886999912,308.24393805595383,0.551660999215276,17360.0,8297.0,0.4779377880184332,Dorota_to_analzye_size_spaces_Fulv2,FULV
3213,95,67,641.0,0.6222417369699219,5.032761310452418,55284.0,0.6754536353693859,0.9572158254696563,3.216192750162796,51.6830667784113,4457.483094816989,0.011594674770277114,177804.0,3226.0,0.01814357382286113,Dorota_to_analzye_size_spaces_Fulv2,FULV
3214,96,67,511.0,0.4164890910210137,3.559686888454012,55284.0,0.6754536353693859,0.9572158254696563,3.216192750162796,41.20132156594099,4457.483094816989,0.009243180667100788,177804.0,1819.0,0.0102303660210119,Dorota_to_analzye_size_spaces_Fulv2,FULV
3215,97,74,2137.0,0.7678650159358397,2.1633130556855407,21761.0,0.7719653182343534,0.9726455996066687,1.7546528192638207,172.30376553114655,1754.5635197582033,0.09820320757318138,38183.0,4623.0,0.12107482387449912,Dorota_to_analzye_size_spaces_Fulv2,FULV
3216,99,77,2681.0,0.7084082610325767,3.2715404699738904,8300.0,0.46299019357376797,0.9388078271688723,3.203132530120482,216.1658378048685,669.219117411566,0.3230120481927711,26586.0,8771.0,0.3299104791995787,Dorota_to_analzye_size_spaces_Fulv2,FULV
3217,100,75,1908.0,0.8269717214996285,3.50104821802935,23215.0,0.8080872340950299,0.9115002552122188,2.315657979754469,153.83976819533348,1871.7978085192174,0.08218824036183502,53758.0,6680.0,0.12426057517020722,Dorota_to_analzye_size_spaces_Fulv2,FULV
3218,101,78,757.0,0.8739756001433164,7.846763540290621,4939.0,0.6707871536278381,0.9832769261397571,8.073294189107107,61.036008660307886,398.2256892645451,0.1532698926908281,39874.00000000001,5940.0,0.14896925314741433,Dorota_to_analzye_size_spaces_Fulv2,FULV
3219,102,78,413.0,0.5437121706443686,6.087167070217918,4939.0,0.6707871536278381,0.9832769261397571,8.073294189107107,33.29969825192491,398.2256892645451,0.08362016602551124,39874.00000000001,2514.0,0.06304860309976425,Dorota_to_analzye_size_spaces_Fulv2,FULV
3220,103,78,728.0,0.651453147096292,7.364010989010989,4939.0,0.6707871536278381,0.9832769261397571,8.073294189107107,58.69777318983374,398.2256892645451,0.14739825875683338,39874.00000000001,5361.0,0.13444851281536838,Dorota_to_analzye_size_spaces_Fulv2,FULV
3221,104,79,1971.0,0.7249588866345019,2.9512937595129376,5483.0,0.7835153372522664,0.9269653423499578,2.6977931789166516,158.91938318291525,442.087761538267,0.3594747401057815,14792.0,5817.0,0.3932531097890752,Dorota_to_analzye_size_spaces_Fulv2,FULV
3222,105,78,516.0,0.7032242277998708,6.790697674418604,4939.0,0.6707871536278381,0.9832769261397571,8.073294189107107,41.604465612574465,398.2256892645451,0.10447458999797529,39874.00000000001,3504.0,0.08787681195766664,Dorota_to_analzye_size_spaces_Fulv2,FULV
3223,106,82,1021.0,0.6973389519819717,5.605288932419197,9085.0,0.6650932247035181,0.9539059218815624,6.459548706659328,82.32201432255529,732.5127327330213,0.1123830489818382,58685.0,5723.0,0.09752066115702479,Dorota_to_analzye_size_spaces_Fulv2,FULV
3224,107,82,1348.0,0.6649304629502855,5.658011869436201,9085.0,0.6650932247035181,0.9539059218815624,6.459548706659328,108.68763497238444,732.5127327330213,0.14837644468904787,58685.0,7626.999999999999,0.12996506773451477,Dorota_to_analzye_size_spaces_Fulv2,FULV
3225,109,83,73.0,0.5313329058158115,1.3287671232876712,285.0,0.5260688348190826,0.9595959595959596,1.3719298245614036,5.8859030808487125,22.979210658107988,0.256140350877193,391.0,97.0,0.24808184143222506,Dorota_to_analzye_size_spaces_Fulv2,FULV
3226,110,84,2397.0,0.744165285399362,4.51063829787234,4425.0,0.6226885991442115,0.9824600355239786,5.245197740112994,193.26725595608718,356.78248127062403,0.5416949152542373,23210.0,10812.0,0.46583369237397676,Dorota_to_analzye_size_spaces_Fulv2,FULV
3227,111,85,2552.0,0.6337799766322755,7.741379310344827,3858.0,0.5920152991220566,0.9809305873379099,8.21435977190254,205.76472140172487,311.0659463823881,0.6614826334888543,31691.0,19756.0,0.6233946546338077,Dorota_to_analzye_size_spaces_Fulv2,FULV
3228,112,81,1148.0,0.6740211723003684,5.661149825783972,39431.0,0.6971323662369162,0.9269812163528223,4.601937561816845,92.56187310704551,3179.2745805608984,0.029114148766199183,181459.00000000003,6499.0,0.035815253032365435,Dorota_to_analzye_size_spaces_Fulv2,FULV
3229,113,81,967.0,0.8268072107824742,6.222337125129266,39431.0,0.6971323662369162,0.9269812163528223,4.601937561816845,77.96805861891377,3179.2745805608984,0.024523851791737467,181459.00000000003,6017.0,0.0331590056155936,Dorota_to_analzye_size_spaces_Fulv2,FULV
3230,114,87,1249.0,0.825143898858234,3.7197758206565252,7233.0,0.5172358378229478,0.9766405617067243,4.625881377021982,100.70538284904167,583.1881778599827,0.17268076869901838,33459.0,4646.0,0.13885651095370452,Dorota_to_analzye_size_spaces_Fulv2,FULV
3231,115,86,766.0,0.8077066836088507,4.494778067885117,5857.0,0.675945577445636,0.9430043471260666,5.2450059757555065,61.76166794424814,472.2429362264508,0.13078367765067442,30720.0,3443.0,0.11207682291666667,Dorota_to_analzye_size_spaces_Fulv2,FULV
3232,116,88,1110.0,0.6809613817498192,5.933333333333334,6358.0,0.570360239407916,0.9351375202235623,5.86159169550173,89.49797835263111,512.6379696991248,0.17458320226486315,37268.0,6586.0,0.1767199742406354,Dorota_to_analzye_size_spaces_Fulv2,FULV
3233,117,86,637.0,0.8104421256559154,4.832025117739404,5857.0,0.675945577445636,0.9430043471260666,5.2450059757555065,51.36055154110452,472.2429362264508,0.10875875021341984,30720.0,3078.0,0.1001953125,Dorota_to_analzye_size_spaces_Fulv2,FULV
3234,118,87,2866.0,0.6833302221365363,3.918702023726448,7233.0,0.5172358378229478,0.9766405617067243,4.625881377021982,231.082167530307,583.1881778599827,0.39623945803954097,33459.0,11231.0,0.3356645446666069,Dorota_to_analzye_size_spaces_Fulv2,FULV
3235,119,86,817.0,0.9111277923560046,5.88984088127295,5857.0,0.675945577445636,0.9430043471260666,5.2450059757555065,65.87373721990957,472.2429362264508,0.13949120710261226,30720.0,4812.0,0.156640625,Dorota_to_analzye_size_spaces_Fulv2,FULV
3236,120,89,689.0,0.8392717026490614,3.7968069666182873,4644.0,0.8237347883356305,0.8891441700172314,4.119509043927649,55.553249626092644,374.44019051317014,0.1483634797588286,19131.0,2616.0,0.1367414144582092,Dorota_to_analzye_size_spaces_Fulv2,FULV
3237,121,88,1499.0,0.6878949694552837,5.3208805870580385,6358.0,0.570360239407916,0.9351375202235623,5.86159169550173,120.86258518071534,512.6379696991248,0.23576596413966655,37268.0,7976.0,0.21401738757110658,Dorota_to_analzye_size_spaces_Fulv2,FULV
3238,122,89,1394.0,0.7186308835771925,3.2152080344332856,4644.0,0.8237347883356305,0.8891441700172314,4.119509043927649,112.3965602014124,374.44019051317014,0.30017226528854435,19131.0,4482.0,0.23427944174376666,Dorota_to_analzye_size_spaces_Fulv2,FULV
3239,123,90,651.0,0.8419648063378921,4.403993855606759,3844.0,0.6364341864338902,0.9823664707385638,4.055150884495317,52.489354871678245,309.9371430518144,0.1693548387096774,15588.0,2867.0,0.18392353092122146,Dorota_to_analzye_size_spaces_Fulv2,FULV
3240,124,90,353.0,0.8011721121992641,3.728045325779037,3844.0,0.6364341864338902,0.9823664707385638,4.055150884495317,28.461969692323226,309.9371430518144,0.09183142559833507,15588.0,1316.0,0.08442391583269182,Dorota_to_analzye_size_spaces_Fulv2,FULV
3241,125,90,660.0,0.7718598895715031,4.115151515151515,3844.0,0.6364341864338902,0.9823664707385638,4.055150884495317,53.2150141556185,309.9371430518144,0.1716961498439126,15588.0,2716.0,0.17423659225044907,Dorota_to_analzye_size_spaces_Fulv2,FULV
3242,126,90,370.0,0.5488568055415015,3.345945945945946,3844.0,0.6364341864338902,0.9823664707385638,4.055150884495317,29.83265945087704,309.9371430518144,0.09625390218522373,15588.0,1238.0,0.0794200667179882,Dorota_to_analzye_size_spaces_Fulv2,FULV
3243,127,90,80.0,0.6462741247937807,4.4125,3844.0,0.6364341864338902,0.9823664707385638,4.055150884495317,6.450304746135576,309.9371430518144,0.02081165452653486,15588.0,353.0,0.02264562483962022,Dorota_to_analzye_size_spaces_Fulv2,FULV
3244,128,91,3336.0,0.6070434751171071,2.3528177458033572,5134.0,0.47790978022794467,0.9865488086087625,2.536034281262174,268.9777079138535,413.94830708325054,0.6497857421114142,13020.0,7849.0,0.6028417818740399,Dorota_to_analzye_size_spaces_Fulv2,FULV
3245,129,92,278.0,0.8650249136268718,5.482014388489208,956.0,0.7321533089657771,0.958876629889669,7.674686192468619,22.414808992821126,77.08114171632013,0.2907949790794979,7337.0,1524.0,0.2077143246558539,Dorota_to_analzye_size_spaces_Fulv2,FULV
3246,130,93,809.0,0.8237374709283182,2.331273176761434,3520.0,0.4261957403443819,0.9848908785674314,2.567613636363636,65.22870674529601,283.81340882996534,0.22982954545454545,9038.0,1886.0,0.20867448550564285,Dorota_to_analzye_size_spaces_Fulv2,FULV
3247,131,93,998.0,0.6994595242570577,2.375751503006012,3520.0,0.4261957403443819,0.9848908785674314,2.567613636363636,80.4675517080413,283.81340882996534,0.28352272727272726,9038.0,2371.0,0.2623368001770303,Dorota_to_analzye_size_spaces_Fulv2,FULV
3248,5,5,2291.0,0.5390151253894235,4.564382365779136,5268.0,0.695490241151189,0.9833862236326302,5.048215641609719,184.72060216745754,424.7525675330277,0.43488990129081245,26594.0,10457.0,0.3932089945100399,Dorota_to_analzye_size_spaces_Fulv3,FULV
3249,6,5,266.0,0.46555615199208883,4.917293233082707,5268.0,0.695490241151189,0.9833862236326302,5.048215641609719,21.44726328090079,424.7525675330277,0.050493545937737284,26594.0,1308.0,0.04918402647213657,Dorota_to_analzye_size_spaces_Fulv3,FULV
3250,7,6,2034.0,0.7109859471893117,3.1170108161258603,4853.0,0.3725440580575648,0.9754773869346733,3.382237791057078,163.998998170497,391.2916116624493,0.41912219245827326,16414.0,6340.0,0.3862556354331668,Dorota_to_analzye_size_spaces_Fulv3,FULV
3251,8,5,355.0,0.6959150774751247,4.20281690140845,5268.0,0.695490241151189,0.9833862236326302,5.048215641609719,28.623227310976617,424.7525675330277,0.06738800303720577,26594.0,1492.0,0.05610288034895089,Dorota_to_analzye_size_spaces_Fulv3,FULV
3252,9,8,1913.0,0.6326768175761408,2.564035546262415,3248.0,0.5405528011669185,0.9833484710868907,2.8685344827586206,154.24291224196696,261.88237269310434,0.5889778325123153,9317.0,4905.0,0.5264570140603199,Dorota_to_analzye_size_spaces_Fulv3,FULV
3253,10,7,2381.0,0.6910556109871695,3.5854682906341875,10177.0,0.5629042784527656,0.9793110084680523,3.7397071828633193,191.97719500686006,820.5593925177719,0.2339589269922374,38059.0,8537.0,0.22430962453033448,Dorota_to_analzye_size_spaces_Fulv3,FULV
3254,11,9,1696.0,0.8204884441356969,5.994693396226415,3714.0,0.6146039323978172,0.9812417437252312,5.866182014001077,136.7464606180742,299.4553978393441,0.45665051157781367,21787.0,10167.0,0.466654426951852,Dorota_to_analzye_size_spaces_Fulv3,FULV
3255,12,10,2786.0,0.6286529700637816,6.15721464465183,4807.0,0.5509731726316845,0.9820224719101124,6.629706677761598,224.63186278417143,387.5826864334214,0.5795714582899938,31869.0,17154.0,0.5382660265461734,Dorota_to_analzye_size_spaces_Fulv3,FULV
3256,13,11,108.0,0.5499245437135643,3.2037037037037037,574.0,0.46478449517434145,0.9778534923339012,3.533101045296167,8.707911407283028,46.28093655352276,0.18815331010452963,2028.0,346.0,0.17061143984220908,Dorota_to_analzye_size_spaces_Fulv3,FULV
3257,14,9,615.0,0.855570730933062,4.317073170731708,3714.0,0.6146039323978172,0.9812417437252312,5.866182014001077,49.58671773591724,299.4553978393441,0.16558966074313408,21787.0,2655.0,0.12186166062330747,Dorota_to_analzye_size_spaces_Fulv3,FULV
3258,15,12,670.0,0.7687444542097085,8.159701492537314,4430.0,0.7023104256293035,0.9744830620325561,6.667042889390519,54.02130224888545,357.1856253172575,0.15124153498871332,29535.0,5467.000000000001,0.18510242085661083,Dorota_to_analzye_size_spaces_Fulv3,FULV
3259,16,12,367.0,0.824054582866419,7.416893732970027,4430.0,0.7023104256293035,0.9744830620325561,6.667042889390519,29.590773022896954,357.1856253172575,0.08284424379232505,29535.0,2722.0,0.09216184188251228,Dorota_to_analzye_size_spaces_Fulv3,FULV
3260,17,12,1836.0,0.7226989869763143,5.296840958605665,4430.0,0.7023104256293035,0.9744830620325561,6.667042889390519,148.03449392381145,357.1856253172575,0.4144469525959368,29535.0,9725.0,0.3292703572033181,Dorota_to_analzye_size_spaces_Fulv3,FULV
3261,18,13,2127.0,0.6974120905510373,3.371885284438176,4826.0,0.7349901669942238,0.9789046653144016,3.35142975549109,171.4974774378796,389.1146338106286,0.4407376709490261,16174.000000000002,7172.0,0.4434277235068628,Dorota_to_analzye_size_spaces_Fulv3,FULV
3262,19,16,740.0,0.5941987340798242,3.4108108108108106,1572.0,0.6837445948804646,0.9770043505282784,3.2519083969465647,59.66531890175408,126.74848826156406,0.4707379134860051,5112.0,2524.0,0.4937402190923318,Dorota_to_analzye_size_spaces_Fulv3,FULV
3263,20,15,3220.0,0.6704809588470082,5.4618012422360245,16067.0,0.6181506640553994,0.9842563097280078,5.179809547519761,259.62476603195694,1295.4630794520037,0.20041077985933903,83224.0,17587.0,0.21132125348457176,Dorota_to_analzye_size_spaces_Fulv3,FULV
3264,21,17,421.0,0.4996499942377791,2.0688836104513064,6801.0,0.6837590208511894,0.9215447154471544,2.480223496544626,33.944728726538465,548.3565322308506,0.06190266137332745,16868.0,871.0,0.05163623428977947,Dorota_to_analzye_size_spaces_Fulv3,FULV
3265,22,14,1477.0,0.7485584852779563,9.708869329722411,27393.0,0.813898197856157,0.9172582373426199,8.745372905486803,119.08875137552806,2208.664973886148,0.053918884386522106,239562.0,14340.000000000002,0.05985924311869162,Dorota_to_analzye_size_spaces_Fulv3,FULV
3266,23,17,4104.0,0.6697785842779432,2.5933235867446394,6801.0,0.6837590208511894,0.9215447154471544,2.480223496544626,330.90063347675505,548.3565322308506,0.6034406704896339,16868.0,10643.0,0.6309580270334361,Dorota_to_analzye_size_spaces_Fulv3,FULV
3267,24,18,1102.0,0.7475891598757339,4.413793103448276,17453.0,0.6364584396009966,0.9439666828925307,3.650547183865238,88.85294787801756,1407.2146091788024,0.06314100727668595,63713.0,4864.0,0.07634234771553686,Dorota_to_analzye_size_spaces_Fulv3,FULV
3268,27,19,2260.0,0.6614111065997275,2.9199115044247788,14324.0,0.564180704223273,0.9428026064635029,2.715302987992181,182.22110907833002,1154.9270647955748,0.157777157218654,38894.0,6599.0,0.16966627243276597,Dorota_to_analzye_size_spaces_Fulv3,FULV
3269,28,18,1189.0,0.674293381491603,4.178301093355761,17453.0,0.6364584396009966,0.9439666828925307,3.650547183865238,95.86765428944,1407.2146091788024,0.06812582364063485,63713.0,4967.999999999999,0.07797466765024405,Dorota_to_analzye_size_spaces_Fulv3,FULV
3270,31,20,1532.0,0.7010657721581202,9.799608355091383,11374.0,0.6280619256745318,0.9427268959801077,9.516089326534201,123.52333588849628,917.0720772818255,0.13469315983822755,108236.00000000001,15012.999999999998,0.13870616061199598,Dorota_to_analzye_size_spaces_Fulv3,FULV
3271,32,21,2272.0,0.5049971977427576,4.720510563380282,18416.0,0.5395465243101633,0.9320781455612916,4.807775847089488,183.18865479025035,1484.8601525604095,0.12337098175499565,88540.0,10725.0,0.12113169189067088,Dorota_to_analzye_size_spaces_Fulv3,FULV
3272,33,22,1982.0,0.4084184908664844,1.7986881937436932,20191.0,0.5681336431415978,0.9601959292372075,1.6427120994502502,159.8063000855089,1627.9762891152925,0.09816254766975385,33168.0,3565.0,0.1074831162566329,Dorota_to_analzye_size_spaces_Fulv3,FULV
3273,34,24,2308.0,0.6019236883997519,6.171143847487002,21806.0,0.5314811724072469,0.9676073837415691,5.925616802714849,186.09129192601137,1758.1918161779045,0.10584242868935155,129214.0,14243.000000000002,0.11022799387063323,Dorota_to_analzye_size_spaces_Fulv3,FULV
3274,35,23,2395.0,0.6406235927713012,4.381210855949895,48753.0,0.6392152111493028,0.9324471645787511,3.071913523270363,193.1059983374338,3930.8963411043464,0.04912518204007958,149765.0,10492.999999999998,0.07006309885487262,Dorota_to_analzye_size_spaces_Fulv3,FULV
3275,36,26,305.0,0.5888406979015021,7.445901639344262,12195.0,0.6917001486587836,0.8712581267414446,5.620172201722017,24.59178684464188,983.2683297390417,0.025010250102501026,68538.0,2271.0,0.03313490326534185,Dorota_to_analzye_size_spaces_Fulv3,FULV
3276,37,27,2332.0,0.7098023038692459,2.4609777015437393,12895.0,0.436174179857849,0.970862821864177,2.502442807289647,188.02638334985204,1039.7084962677282,0.18084528887165569,32268.999999999996,5739.0,0.17784870928755153,Dorota_to_analzye_size_spaces_Fulv3,FULV
3277,38,29,1287.0,0.7199203208742901,6.172494172494172,4907.0,0.5890965902852423,0.9841556357801845,6.601589565926228,103.76927760345608,395.64556736609086,0.2622783778275932,32394.000000000004,7944.0,0.2452305982589368,Dorota_to_analzye_size_spaces_Fulv3,FULV
3278,39,29,1276.0,0.44588883385377165,6.5956112852664575,4907.0,0.5890965902852423,0.9841556357801845,6.601589565926228,102.88236070086244,395.64556736609086,0.2600366822906053,32394.000000000004,8416.0,0.25980119775267024,Dorota_to_analzye_size_spaces_Fulv3,FULV
3279,41,28,2002.0,0.6293958812584391,7.92057942057942,43577.0,0.31095204445956,0.9534405426102177,7.691580420864217,161.41887627204278,3513.561624029375,0.04594166647543429,335176.0,15857.0,0.047309473231973646,Dorota_to_analzye_size_spaces_Fulv3,FULV
3280,42,30,2053.0,0.680766429109876,3.403312226010716,31693.0,0.6277990000091412,0.9423745948678303,2.3422206796453477,165.53094554770422,2555.368853990935,0.06477771116650365,74232.0,6987.0,0.09412382799870676,Dorota_to_analzye_size_spaces_Fulv3,FULV
3281,43,32,2259.0,0.548495502068478,13.133244798583444,31383.0,0.7792910729572272,0.8296893588896233,9.873020425070898,182.14048026900332,2530.37392309966,0.07198164611413822,309845.0,29668.0,0.09575110135713018,Dorota_to_analzye_size_spaces_Fulv3,FULV
3282,44,31,1901.0,0.564860137474923,3.5165702261967384,36188.0,0.7979752603336442,0.9581910133185055,2.3869791090969383,153.27536653004663,2917.7953519144276,0.052531225820714046,86380.0,6685.0,0.0773905996758509,Dorota_to_analzye_size_spaces_Fulv3,FULV
3283,45,35,1160.0,0.595260234303541,1.6379310344827587,6122.0,0.5517217795424975,0.9739102768055997,1.9487095720352825,93.52941881896585,493.6095706980249,0.18948056190787324,11930.0,1900.0,0.15926236378876782,Dorota_to_analzye_size_spaces_Fulv3,FULV
3284,46,35,1018.0,0.594161434891723,1.7298624754420433,6122.0,0.5517217795424975,0.9739102768055997,1.9487095720352825,82.0801278945752,493.6095706980249,0.16628552760535772,11930.0,1761.0,0.1476110645431685,Dorota_to_analzye_size_spaces_Fulv3,FULV
3285,47,33,2552.0,0.782150494334413,4.3757836990595615,31260.0,0.5535312918963153,0.9846289530049137,3.603486884197057,205.76472140172487,2520.4565795524763,0.08163787587971849,112645.0,11167.000000000002,0.09913444893248703,Dorota_to_analzye_size_spaces_Fulv3,FULV
3286,48,36,1216.0,0.3384650491683787,1.7269736842105263,15186.0,0.4324520444138036,0.9546140306763893,1.759251942578691,98.04463214126075,1224.4290984351856,0.08007375214012907,26716.0,2100.0,0.07860458152418026,Dorota_to_analzye_size_spaces_Fulv3,FULV
3287,49,34,2449.0,0.5684542149778542,5.7215189873417724,30936.0,0.8198826300047233,0.9420506105545235,4.488104473752263,197.45995404107532,2494.332845330627,0.07916343418670804,138844.0,14012.0,0.1009190170263029,Dorota_to_analzye_size_spaces_Fulv3,FULV
3288,50,36,893.0,0.6228907806414962,2.0593505039193727,15186.0,0.4324520444138036,0.9546140306763893,1.759251942578691,72.00152672873837,1224.4290984351856,0.058804161727907284,26716.0,1838.9999999999998,0.06883515496331785,Dorota_to_analzye_size_spaces_Fulv3,FULV
3289,51,39,454.0,0.5111725800632893,2.845814977973568,1860.0,0.268220872477968,0.9393939393939394,2.6596774193548387,36.60547943431939,149.96958534765213,0.24408602150537634,4947.0,1292.0,0.2611683848797251,Dorota_to_analzye_size_spaces_Fulv3,FULV
3290,52,37,2206.0,0.7872475596801854,1.514505893019039,16173.0,0.7641185085472287,0.9422079813574133,1.3497186669139924,177.86715337468848,1304.0097332406333,0.13640017312805292,21829.0,3341.0,0.1530532777497824,Dorota_to_analzye_size_spaces_Fulv3,FULV
3291,55,40,85.0,0.8925678546806126,1.5058823529411764,656.0,0.3270483854573386,0.9411764705882353,1.6753048780487805,6.853448792769049,52.892498918311716,0.12957317073170732,1099.0,128.0,0.1164695177434031,Dorota_to_analzye_size_spaces_Fulv3,FULV
3292,56,38,2120.0,0.7344854032658004,4.531603773584906,27566.0,0.7579188659264134,0.9108210804559722,3.2168613509395634,170.93307577259276,2222.613757899666,0.07690633388957412,88676.0,9607.0,0.10833822003698859,Dorota_to_analzye_size_spaces_Fulv3,FULV
3293,57,44,2360.0,0.5427403252245095,3.4470338983050848,4091.0,0.5734650145092406,0.9855456516502048,3.809826448301149,190.28399001099947,329.852458955508,0.5768760694206796,15586.0,8135.0,0.5219427691518029,Dorota_to_analzye_size_spaces_Fulv3,FULV
3294,58,43,2501.0,0.6376394047053933,2.5317872850859655,4631.0,0.4948422445471454,0.9849000425350914,2.861800906931548,201.65265212606343,373.39201599192313,0.540056143381559,13253.0,6332.0,0.4777786161623783,Dorota_to_analzye_size_spaces_Fulv3,FULV
3295,59,41,186.0,0.7848768128198085,4.06989247311828,27477.0,0.8179323592127533,0.9519800436545057,2.917312661498708,14.996958534765213,2215.43779386959,0.00676929795829239,80159.0,757.0000000000001,0.009443730585461397,Dorota_to_analzye_size_spaces_Fulv3,FULV
3296,60,41,1878.0,0.6582956642386607,3.1453674121405752,27477.0,0.8179323592127533,0.9519800436545057,2.917312661498708,151.42090391553265,2215.43779386959,0.06834807293372638,80159.0,5907.0,0.07369103905986851,Dorota_to_analzye_size_spaces_Fulv3,FULV
3297,61,42,3587.0,0.7078450599249808,4.158349595762475,28481.0,0.5422392821612249,0.9783250893102501,2.8498999332888593,289.2155390548539,2296.3891184335916,0.12594361153049402,81168.0,14915.999999999998,0.18376700177409813,Dorota_to_analzye_size_spaces_Fulv3,FULV
3298,62,41,515.0,0.8503491802810579,2.7514563106796115,27477.0,0.8179323592127533,0.9519800436545057,2.917312661498708,41.52383680324777,2215.43779386959,0.01874294864796011,80159.0,1417.0,0.017677366234608714,Dorota_to_analzye_size_spaces_Fulv3,FULV
3299,64,47,2640.0,0.7296838974618719,2.440151515151515,3530.0,0.6815467641686722,0.9808280077799388,2.6209631728045326,212.860056622474,284.61969692323225,0.7478753541076487,9252.0,6441.999999999999,0.6962818849978382,Dorota_to_analzye_size_spaces_Fulv3,FULV
3300,65,49,86.0,0.4175688113903867,4.6395348837209305,408.0,0.5330161331380853,0.9622641509433962,4.617647058823529,6.934077602095744,32.89655420529144,0.2107843137254902,1883.9999999999998,399.0,0.2117834394904459,Dorota_to_analzye_size_spaces_Fulv3,FULV
3301,66,48,2289.0,0.7433745262691752,2.145915246832678,24125.0,0.8254197680081622,0.9261391992015049,1.8745284974093264,184.55934454880415,1945.1700250065096,0.09488082901554404,45223.0,4912.0,0.10861729650841385,Dorota_to_analzye_size_spaces_Fulv3,FULV
3302,67,50,3112.0,0.5679222057558811,5.4318766066838045,5649.0,0.49107794623770396,0.9846609726337807,5.880863869711454,250.9168546246739,455.4721438864983,0.5508939635333687,33221.0,16904.0,0.5088347731856356,Dorota_to_analzye_size_spaces_Fulv3,FULV
3303,68,51,2532.0,0.5897066399382068,8.183254344391786,14177.0,0.6009809908252952,0.969433807439825,5.340481060873246,204.15214521519096,1143.0746298245506,0.17859913945122383,75712.0,20720.000000000004,0.2736686390532545,Dorota_to_analzye_size_spaces_Fulv3,FULV
3304,69,46,2260.0,0.5918506221069816,5.943362831858407,26116.0,0.9321508145166041,0.9213942986169913,6.693750957267575,182.22110907833002,2105.7019843759585,0.08653698881911472,174814.0,13431.999999999998,0.07683595135401054,Dorota_to_analzye_size_spaces_Fulv3,FULV
3305,70,53,377.0,0.7578712755006538,26.94429708222812,1566.0,0.6723912926174804,0.9343675417661098,21.90038314176245,30.3970611161639,126.2647154056039,0.24074074074074073,34296.0,10158.0,0.296186144156753,Dorota_to_analzye_size_spaces_Fulv3,FULV
3306,71,55,3079.0,0.70281284820998,3.578434556674245,5866.0,0.6092851611247301,0.9845585767035918,4.161779747698602,248.25610391689295,472.9685955103911,0.524889191953631,24413.0,11018.0,0.4513169213124155,Dorota_to_analzye_size_spaces_Fulv3,FULV
3307,72,54,1881.0,0.4480556436611587,4.265816055289739,3643.0,0.4021490167177392,0.9808831448572967,4.420532528136151,151.6627903435127,293.73075237714875,0.516332692835575,16104.0,8023.999999999999,0.49826130153999,Dorota_to_analzye_size_spaces_Fulv3,FULV
3308,73,52,2291.0,0.7076792296567255,4.724574421649934,35102.0,0.8050814914386234,0.9231780764274256,4.040823884678936,184.72060216745754,2830.2324649856373,0.06526693635690274,141841.0,10824.0,0.076310798711233,Dorota_to_analzye_size_spaces_Fulv3,FULV
3309,74,56,2656.0,0.7237319401009169,6.9156626506024095,5102.0,0.6286377220226776,0.9597441685477803,7.031948255586045,214.15011757170112,411.36818518479635,0.5205801646413172,35877.0,18368.0,0.5119714580371826,Dorota_to_analzye_size_spaces_Fulv3,FULV
3310,75,57,953.0,0.8038638414974594,3.479538300104932,2036.0,0.7181461538569643,0.9736967957914874,3.449901768172888,76.83925528834004,164.1602557891504,0.4680746561886051,7024.0,3316.0,0.47209567198177677,Dorota_to_analzye_size_spaces_Fulv3,FULV
3311,76,58,3649.0,0.6761230967859507,3.287476020827624,5810.0,0.5929707609876533,0.9835788048078551,3.485025817555938,294.21452523310893,468.45338218809616,0.6280550774526679,20248.0,11996.0,0.5924535756617938,Dorota_to_analzye_size_spaces_Fulv3,FULV
3312,77,60,982.0,0.5974488251341912,3.3319755600814664,1866.0,0.5205618695931477,0.9795275590551181,3.2368703108252945,79.17749075881419,150.4533582036123,0.5262593783494105,6040.0,3272.0,0.5417218543046357,Dorota_to_analzye_size_spaces_Fulv3,FULV
3313,78,59,2053.0,0.36483040809654355,2.1972722844617634,3459.0,0.18233793272200255,0.980720158775163,2.487135010118531,165.53094554770422,278.8950514610369,0.5935241399248338,8603.0,4511.0,0.5243519702429386,Dorota_to_analzye_size_spaces_Fulv3,FULV
3314,79,62,82.0,0.9334883382494026,2.8048780487804876,564.0,0.8293272377508984,0.9543147208121827,3.5815602836879434,6.6115623647889645,45.47464846025581,0.1453900709219858,2020.0,230.0,0.11386138613861387,Dorota_to_analzye_size_spaces_Fulv3,FULV
3315,80,63,1798.0,0.7396005749407198,2.747497219132369,12625.0,0.7174040798329855,0.9802018633540373,2.914217821782178,144.97059916939705,1017.9387177495205,0.1424158415841584,36792.0,4940.0,0.13426831919982604,Dorota_to_analzye_size_spaces_Fulv3,FULV
3316,81,64,3062.0,0.5563399079127157,2.3941868060091442,4014.0,0.500424461030445,0.9850306748466258,2.590682610861983,246.88541415833916,323.64404063735253,0.7628300946686597,10399.0,7331.0,0.7049716318876815,Dorota_to_analzye_size_spaces_Fulv3,FULV
3317,82,61,2411.0,0.6935481560904627,5.076316880962256,26297.0,0.4512416666331014,0.9888320673836204,4.716431532113929,194.39605928666091,2120.2957988640906,0.09168346199186218,124027.99999999999,12239.0,0.098679330473764,Dorota_to_analzye_size_spaces_Fulv3,FULV
3318,83,65,1383.0,0.7439583022420917,1.3926247288503253,3924.0,0.8220039798385727,0.8891910265125765,1.5463812436289501,111.50964329881876,316.38744779794996,0.35244648318042815,6068.0,1925.9999999999998,0.3174027686222808,Dorota_to_analzye_size_spaces_Fulv3,FULV
3319,84,66,2000.0,0.7591216321762874,2.9285,4924.0,0.6630484413773589,0.9846030793841232,3.1476441917140536,161.2576186533894,397.01625712464465,0.4061738424045491,15499.0,5857.0,0.37789534808697334,Dorota_to_analzye_size_spaces_Fulv3,FULV
3320,85,66,522.0,0.8230801465965728,3.2049808429118776,4924.0,0.6630484413773589,0.9846030793841232,3.1476441917140536,42.088238468534634,397.01625712464465,0.10601137286758733,15499.0,1673.0,0.10794244789986451,Dorota_to_analzye_size_spaces_Fulv3,FULV
3321,86,65,280.0,0.7556109384278195,1.6714285714285715,3924.0,0.8220039798385727,0.8891910265125765,1.5463812436289501,22.576066611474516,316.38744779794996,0.07135575942915393,6068.0,468.0,0.07712590639419907,Dorota_to_analzye_size_spaces_Fulv3,FULV
3322,87,68,756.0,0.839584196115572,1.9682539682539681,3123.0,0.8483566158410419,0.9710820895522388,1.9724623759205893,60.95537985098119,251.80377152726754,0.2420749279538905,6160.0,1488.0,0.24155844155844156,Dorota_to_analzye_size_spaces_Fulv3,FULV
3323,88,68,914.0,0.8164237528996005,1.974835886214442,3123.0,0.8483566158410419,0.9710820895522388,1.9724623759205893,73.69473172459895,251.80377152726754,0.292667307076529,6160.0,1805.0,0.2930194805194805,Dorota_to_analzye_size_spaces_Fulv3,FULV
3324,89,69,1895.0,0.6143149012521648,2.3762532981530344,3895.0,0.5511171183847285,0.98036748049333,2.7086007702182284,152.79159367408644,314.04921232747586,0.4865211810012837,10550.0,4503.0,0.42682464454976304,Dorota_to_analzye_size_spaces_Fulv3,FULV
3325,90,67,436.0,0.8800696249706811,2.279816513761468,9894.0,0.723102302014075,0.9119734537745414,3.3716393774004447,35.154160866438886,797.7414394783173,0.04406711138063473,33359.0,994.0,0.02979705626667466,Dorota_to_analzye_size_spaces_Fulv3,FULV
3326,91,67,806.0,0.6861814211819454,2.8138957816377173,9894.0,0.723102302014075,0.9119734537745414,3.3716393774004447,64.98682031731592,797.7414394783173,0.08146351324034769,33359.0,2268.0,0.06798764950987739,Dorota_to_analzye_size_spaces_Fulv3,FULV
3327,92,67,1279.0,0.684777719600697,2.888975762314308,9894.0,0.723102302014075,0.9119734537745414,3.3716393774004447,103.12424712884251,797.7414394783173,0.12927026480695372,33359.0,3695.0,0.11076471117239725,Dorota_to_analzye_size_spaces_Fulv3,FULV
3328,93,70,479.0,0.5211527477972905,1.6346555323590815,1522.0,0.5520716793860012,0.971282705807275,1.5361366622864652,38.621199667486756,122.71704779522932,0.3147174770039422,2338.0,783.0,0.334901625320787,Dorota_to_analzye_size_spaces_Fulv3,FULV
3329,94,71,1948.0,0.6408720386196338,2.6724845995893225,5049.0,0.47680342754249655,0.9842105263157894,2.703901762725292,157.06492056840128,407.0948582904815,0.3858189740542682,13651.999999999998,5206.0,0.38133606797538827,Dorota_to_analzye_size_spaces_Fulv3,FULV
3330,95,72,2328.0,0.7692481378097321,2.147766323024055,4773.0,0.6281004266587336,0.9835153513290747,2.4309658495705007,187.70386811254525,384.8413069163138,0.48774355751099935,11603.0,5000.0,0.4309230371455658,Dorota_to_analzye_size_spaces_Fulv3,FULV
3331,96,74,2404.0,0.6489376406997132,4.066139767054908,3828.0,0.49411812427356755,0.9817902026160554,4.506792058516196,193.83165762137403,308.6470821025873,0.6280041797283177,17252.0,9775.0,0.5666009738001391,Dorota_to_analzye_size_spaces_Fulv3,FULV
3332,97,71,764.0,0.8137565659888227,2.180628272251309,5049.0,0.47680342754249655,0.9842105263157894,2.703901762725292,61.600410325594744,407.0948582904815,0.1513170924935631,13651.999999999998,1666.0000000000002,0.12203340169938474,Dorota_to_analzye_size_spaces_Fulv3,FULV
3333,98,77,2298.0,0.6338131689756643,4.360313315926893,3856.0,0.621392529878931,0.9824203821656051,4.79149377593361,185.28500383274442,310.9046887637347,0.595954356846473,18476.0,10020.0,0.5423251786100888,Dorota_to_analzye_size_spaces_Fulv3,FULV
3334,99,78,2057.0,0.7219245700738911,4.697131745260087,3346.0,0.6134629480590227,0.9789350497366881,5.025403466826061,165.85346078501098,269.78399600712044,0.6147638971906755,16815.0,9662.0,0.5746060065417782,Dorota_to_analzye_size_spaces_Fulv3,FULV
3335,101,80,1357.0,0.7552975903228839,2.1842299189388354,3232.0,0.5047324322499519,0.982370820668693,2.5194925742574257,109.4132942563247,260.59231174387725,0.4198638613861386,8143.0,2963.9999999999995,0.36399361414712017,Dorota_to_analzye_size_spaces_Fulv3,FULV
3336,102,81,3022.0,0.6843697175138647,1.8639973527465254,5114.0,0.7053598341698019,0.9844080846968238,2.052209620649198,243.66026178527136,412.33573089671665,0.590926867422761,10495.0,5633.0,0.5367317770366842,Dorota_to_analzye_size_spaces_Fulv3,FULV
3337,105,84,2086.0,0.7627828533022531,2.777564717162033,3564.0,0.7056302580989706,0.9764383561643836,3.2031425364758697,168.19169625548514,287.3610764403399,0.5852974186307519,11416.0,5794.0,0.5075332866152769,Dorota_to_analzye_size_spaces_Fulv3,FULV
3338,106,85,1492.0,0.7138488508384292,2.621313672922252,3448.0,0.5914531629365054,0.9787113255747942,2.714327146171694,120.29818351542849,278.0081345584433,0.43271461716937354,9359.0,3911.0,0.417886526338284,Dorota_to_analzye_size_spaces_Fulv3,FULV
3339,107,86,1210.0,0.8460040076987043,3.615702479338843,3382.0,0.753154755314868,0.976891969959561,3.582791247782377,97.56085928530058,272.6866331428815,0.3577764636309876,12117.0,4375.0,0.3610629693818602,Dorota_to_analzye_size_spaces_Fulv3,FULV
3340,108,87,1851.0,0.6812304588889669,2.331172339276067,3683.0,0.6004528672772697,0.984233030464992,2.827043171327722,149.24392606371188,296.9559047502166,0.5025794189519414,10412.0,4315.0,0.4144256626968882,Dorota_to_analzye_size_spaces_Fulv3,FULV
3341,109,86,1076.0,0.7164152336578179,3.066914498141264,3382.0,0.753154755314868,0.976891969959561,3.582791247782377,86.75659883552349,272.6866331428815,0.3181549379065642,12117.0,3300.0,0.27234463976231743,Dorota_to_analzye_size_spaces_Fulv3,FULV
3342,110,83,2010.0,0.6513175601572362,2.6761194029850746,31915.0,0.38580908251458856,0.9541106128550074,2.278145072849757,162.06390674665633,2573.268449661461,0.06297979006736644,72707.0,5379.0,0.07398187244694458,Dorota_to_analzye_size_spaces_Fulv3,FULV
3343,111,88,1452.0,0.8016226398804425,2.2789256198347108,7694.0,0.665190368545651,0.9875497368758824,2.239017416168443,117.07303114236069,620.358058959589,0.18871848193397453,17227.0,3309.0,0.1920821965519243,Dorota_to_analzye_size_spaces_Fulv3,FULV
3344,112,88,326.0,0.6915526912474894,2.1993865030674846,7694.0,0.665190368545651,0.9875497368758824,2.239017416168443,26.28499184050247,620.358058959589,0.042370678450740835,17227.0,717.0,0.04162071167353573,Dorota_to_analzye_size_spaces_Fulv3,FULV
3345,113,89,308.0,0.8792862834096501,3.3636363636363638,771.0,0.8126635494305171,0.948339483394834,2.124513618677043,24.833673272621965,62.16481199088161,0.39948119325551235,1638.0,1036.0,0.6324786324786325,Dorota_to_analzye_size_spaces_Fulv3,FULV
3346,114,90,1915.0,0.7551360258612796,2.4109660574412533,3797.0,0.6443918740781273,0.9836787564766839,2.8780616276007374,154.40416986062033,306.14758901345976,0.5043455359494338,10928.0,4617.0,0.42249267935578333,Dorota_to_analzye_size_spaces_Fulv3,FULV
3347,115,88,2093.0,0.7904329408187388,2.2661251791686574,7694.0,0.665190368545651,0.9875497368758824,2.239017416168443,168.756097920772,620.358058959589,0.2720301533662594,17227.0,4743.0,0.2753236198989958,Dorota_to_analzye_size_spaces_Fulv3,FULV
3348,116,88,615.0,0.7541363962223444,2.4504065040650405,7694.0,0.665190368545651,0.9875497368758824,2.239017416168443,49.58671773591724,620.358058959589,0.07993241486872887,17227.0,1506.9999999999998,0.08747895745051372,Dorota_to_analzye_size_spaces_Fulv3,FULV
3349,117,93,117.0,0.8071102057770164,1.017094017094017,679.0,0.6008111200703137,0.97,1.0500736377025037,9.433570691223279,54.7469615328257,0.1723122238586156,713.0,119.0,0.16690042075736325,Dorota_to_analzye_size_spaces_Fulv3,FULV
3350,118,91,1984.0,0.6672785151194032,7.54133064516129,17656.0,0.7277506374154267,0.9434143734971948,6.856705935659266,159.9675577041623,1423.5822574721215,0.11236973266878116,121062.0,14962.0,0.12358956567709108,Dorota_to_analzye_size_spaces_Fulv3,FULV
3351,119,88,167.0,0.19762101001099408,2.089820359281437,7694.0,0.665190368545651,0.9875497368758824,2.239017416168443,13.465011157558013,620.358058959589,0.021705224850532882,17227.0,349.0,0.02025889591919661,Dorota_to_analzye_size_spaces_Fulv3,FULV
3352,120,94,1785.0,0.5742419238860488,1.4044817927170867,2937.0,0.5727512958614096,0.9809619238476954,1.4579502894109635,143.92242464815004,236.80681299250233,0.6077630234933605,4282.0,2507.0,0.5854740775338627,Dorota_to_analzye_size_spaces_Fulv3,FULV
3353,121,92,180.0,0.8615330868878087,3.1666666666666665,7959.0,0.8994848268318937,0.8565432630219544,4.009674582233949,14.513185678805044,641.7246934311631,0.022615906520919715,31912.999999999996,570.0,0.017861059756212203,Dorota_to_analzye_size_spaces_Fulv3,FULV
3354,122,92,511.0,0.8027478814052905,4.729941291585127,7959.0,0.8994848268318937,0.8565432630219544,4.009674582233949,41.20132156594099,641.7246934311631,0.06420404573438875,31912.999999999996,2417.0,0.07573716040485069,Dorota_to_analzye_size_spaces_Fulv3,FULV
3355,123,92,226.0,0.6160559347892546,2.809734513274336,7959.0,0.8994848268318937,0.8565432630219544,4.009674582233949,18.222110907833002,641.7246934311631,0.028395527076265862,31912.999999999996,635.0,0.01989784727227149,Dorota_to_analzye_size_spaces_Fulv3,FULV
3356,124,92,1030.0,0.8132353130526517,3.229126213592233,7959.0,0.8994848268318937,0.8565432630219544,4.009674582233949,83.04767360649554,641.7246934311631,0.12941324286970726,31912.999999999996,3326.0,0.10422085043712595,Dorota_to_analzye_size_spaces_Fulv3,FULV
3357,125,96,3544.0,0.7487636338986718,3.9286117381489842,10929.0,0.38677856959888907,0.973630289532294,3.7636563272028547,285.748500253806,881.1922571314464,0.32427486503797237,41133.0,13923.0,0.33848734592662827,Dorota_to_analzye_size_spaces_Fulv3,FULV
3358,127,99,2070.0,0.5617333551129503,1.5246376811594202,3521.0,0.5082788890791233,0.9837943559653535,1.6094859414938938,166.90163530625802,283.89403763929204,0.5879011644419199,5667.0,3156.0,0.5569084171519323,Dorota_to_analzye_size_spaces_Fulv3,FULV
