,label,cell_area_pixel,nuclear_area_pixel,filename,cell_type,treatment,timepoint,YAP_cell,YAP_nucleus,YAP_nucleus/cell,GFP_cell,GFP_nucleus,GFP_nucleus/cell,nuc/cell_area
0,5,135638.0,28127.0,1hrBleb_Composite_1.tif,OTHER,blebbistatin,1hr,10428227.0,4081547.0,0.39139414590802446,5858535.0,1483201.0,0.25316926501249887,0.2073681416712131
1,6,189278.0,36024.0,1hrBleb_Composite_1.tif,OTHER,blebbistatin,1hr,13470742.0,5287897.0,0.3925468248148469,7817234.0,1813957.0,0.23204588733048032,0.19032322826741618
2,7,160398.0,29906.0,1hrBleb_Composite_1.tif,OTHER,blebbistatin,1hr,9383542.0,2774751.0,0.2957040102767164,6674905.0,1457776.0,0.21839651650472927,0.18644870883676853
3,9,121771.0,31817.0,1hrBleb_Composite_1.tif,OTHER,blebbistatin,1hr,9569180.0,3261814.0,0.3408666155302753,5335787.0,1585654.0,0.2971734066595987,0.26128552775291325
4,11,152154.0,34257.0,1hrBleb_Composite_1.tif,OTHER,blebbistatin,1hr,8891946.0,3154742.0,0.3547864550684406,6312204.0,1642101.0,0.2601470104578369,0.22514689065026222
5,12,108360.0,30847.0,1hrBleb_Composite_1.tif,OTHER,blebbistatin,1hr,9402808.0,3299181.0,0.35087188848267453,4995788.0,1574742.0,0.3152139362198716,0.284671465485419
6,13,220274.0,21633.0,1hrBleb_Composite_1.tif,OTHER,blebbistatin,1hr,10040028.0,2403886.0,0.23943020876037396,7726722.0,1078106.0,0.1395295443527022,0.09820950271026085
7,14,104089.0,29405.0,1hrBleb_Composite_1.tif,OTHER,blebbistatin,1hr,8574599.0,3395262.0,0.39596743824405084,4469098.0,1394354.0,0.3119989760797369,0.28249863097925815
8,15,167466.0,33236.0,1hrBleb_Composite_1.tif,OTHER,blebbistatin,1hr,9728379.0,3089489.0,0.3175749012245514,6903668.0,1638448.0,0.23733006859541914,0.1984641658605329
9,16,119654.0,28709.0,1hrBleb_Composite_1.tif,OTHER,blebbistatin,1hr,8364494.0,2319638.0,0.2773195844243537,5177686.0,1393076.0,0.2690537819404267,0.23993347485249136
10,19,171446.0,29429.0,1hrBleb_Composite_1.tif,OTHER,blebbistatin,1hr,11248415.0,3717286.0,0.33047198205258255,7377812.0,1553858.0,0.21061230619592908,0.17165171540893343
11,20,166213.0,29733.0,1hrBleb_Composite_1.tif,OTHER,blebbistatin,1hr,8927730.0,2345288.0,0.26269701256646427,6592610.0,1399818.0,0.21233138316994332,0.1788849247652109
12,21,204927.0,31930.0,1hrBleb_Composite_1.tif,OTHER,blebbistatin,1hr,12314842.0,3780574.0,0.30699330125388535,8469918.0,1684300.0,0.19885670675914455,0.15581158168518547
13,22,155136.0,32250.0,1hrBleb_Composite_1.tif,OTHER,blebbistatin,1hr,11077613.0,2907217.0,0.26244074422892366,6760934.0,1626718.0,0.24060551397188612,0.20788211633663367
14,24,148842.0,35500.0,1hrBleb_Composite_1.tif,OTHER,blebbistatin,1hr,8256257.0,3087925.0,0.3740102809299662,5973155.0,1673453.0,0.28016232627480786,0.23850794802542294
0,6,295548.0,32177.0,1hrBleb_Composite_10.tif,OTHER,blebbistatin,1hr,16826704.0,4831615.0,0.2871397155378736,15706464.0,2516069.0,0.16019321726392394,0.10887233207465453
1,7,318578.0,37719.0,1hrBleb_Composite_10.tif,OTHER,blebbistatin,1hr,14838407.0,3662297.0,0.24681200616750842,16193027.0,2669035.0,0.16482619339793603,0.11839800613978366
2,11,163211.0,26262.0,1hrBleb_Composite_10.tif,OTHER,blebbistatin,1hr,9700969.0,2637482.0,0.27187820103331944,8948420.0,1905151.0,0.21290361873939756,0.16090827211401193
3,13,207545.0,31697.0,1hrBleb_Composite_10.tif,OTHER,blebbistatin,1hr,9531331.0,3403829.0,0.3571200076883281,10507240.0,2120169.0,0.20178172383994275,0.1527235057457419
0,3,245367.0,36590.0,1hrBleb_Composite_2.tif,OTHER,blebbistatin,1hr,16231907.0,4516982.0,0.27827796204105903,14694305.0,2840533.0,0.19330842799302178,0.1491235577726426
1,5,214272.0,34202.0,1hrBleb_Composite_2.tif,OTHER,blebbistatin,1hr,11904987.0,3530210.0,0.2965320331723168,12905501.0,2674990.0,0.20727517668628284,0.15961954898446834
2,6,242319.0,31554.0,1hrBleb_Composite_2.tif,OTHER,blebbistatin,1hr,13449449.0,4896256.0,0.3640488171671568,14077046.0,2571655.0,0.18268427907389093,0.1302167803597737
3,10,310167.0,30610.0,1hrBleb_Composite_2.tif,OTHER,blebbistatin,1hr,15227677.0,3161683.0,0.20762740108028296,17982418.0,2205767.0,0.12266242504206053,0.09868877088794101
0,6,168950.0,28078.0,1hrBleb_Composite_3.tif,OTHER,blebbistatin,1hr,11843694.0,2622910.0,0.22146046664157315,10931386.0,2239425.0,0.20486194522817144,0.16619118082272863
1,8,118205.0,38944.0,1hrBleb_Composite_3.tif,OTHER,blebbistatin,1hr,12211713.0,4982046.0,0.4079727389597184,8636565.0,3220413.0,0.3728812322954786,0.32946152870013956
2,9,161335.0,38692.0,1hrBleb_Composite_3.tif,OTHER,blebbistatin,1hr,15529722.0,5500567.0,0.35419610215817127,11192920.0,3095563.0,0.27656438176990455,0.2398239687606533
3,10,76331.0,21135.0,1hrBleb_Composite_3.tif,OTHER,blebbistatin,1hr,8525575.0,2801436.0,0.32859203044955915,5556790.0,1639894.0,0.29511534537025874,0.2768861930277345
4,11,154041.0,29373.0,1hrBleb_Composite_3.tif,OTHER,blebbistatin,1hr,13322393.0,3703717.0,0.278006886600628,10055994.0,2346662.0,0.23335952666638424,0.19068299998052465
5,12,113114.0,36226.0,1hrBleb_Composite_3.tif,OTHER,blebbistatin,1hr,9201054.0,3474583.0,0.37762880209158645,7793280.0,2855399.0,0.36639245606471216,0.32026097565288114
6,14,102582.0,27781.0,1hrBleb_Composite_3.tif,OTHER,blebbistatin,1hr,8789095.0,3366059.0,0.3829812967091606,6652548.0,1996504.0,0.30011117544736243,0.27081749234758534
7,15,378710.0,24234.0,1hrBleb_Composite_3.tif,OTHER,blebbistatin,1hr,11842546.0,3313477.0,0.27979431112194963,18279818.0,1850932.0,0.1012554939004316,0.06399091653243907
8,19,97017.0,26707.0,1hrBleb_Composite_3.tif,OTHER,blebbistatin,1hr,8459998.0,2846392.0,0.33645303462246684,6339558.0,1938728.0,0.3058143801192449,0.2752816516692951
0,4,188997.0,31234.0,1hrBleb_Composite_4.tif,OTHER,blebbistatin,1hr,10179265.0,2686899.0,0.2639580559107165,11034854.0,2138921.0,0.1938331943494676,0.16526188246374282
1,7,241738.0,30140.0,1hrBleb_Composite_4.tif,OTHER,blebbistatin,1hr,11776902.0,3757864.0,0.3190876514044186,13895503.0,2283301.0,0.16431942046286485,0.12468043915313273
2,10,176047.0,33283.0,1hrBleb_Composite_4.tif,OTHER,blebbistatin,1hr,13467667.0,4605277.0,0.3419506140150332,11378695.0,2715163.0,0.23861813678985155,0.18905746760808192
3,11,336899.0,35479.0,1hrBleb_Composite_4.tif,OTHER,blebbistatin,1hr,14974917.0,3264451.0,0.21799459723215828,18836712.0,2477758.0,0.13153877385819776,0.10531049364943203
4,13,213186.0,29856.0,1hrBleb_Composite_4.tif,OTHER,blebbistatin,1hr,13888688.0,3580800.0,0.2578213291277045,13081926.0,2286326.0,0.1747698312924259,0.1400467197658383
5,14,197481.0,33480.0,1hrBleb_Composite_4.tif,OTHER,blebbistatin,1hr,9152841.0,2907405.0,0.3176505524350308,10845736.0,2195905.0,0.20246712625127516,0.16953529706655324
6,16,193345.0,31164.0,1hrBleb_Composite_4.tif,OTHER,blebbistatin,1hr,12669335.0,3118217.0,0.24612317852515542,12330123.0,2485997.0,0.20161980541475538,0.16118337686518916
7,18,228670.0,28464.0,1hrBleb_Composite_4.tif,OTHER,blebbistatin,1hr,8147197.0,1665449.0,0.20441987594015462,11950380.0,1880971.0,0.15739842582411606,0.12447631958717803
8,19,133270.0,25623.0,1hrBleb_Composite_4.tif,OTHER,blebbistatin,1hr,9796168.0,2529210.0,0.25818360812105307,9015655.0,2120470.0,0.2351986627704809,0.1922638253170256
0,6,146548.0,27157.0,1hrBleb_Composite_5.tif,OTHER,blebbistatin,1hr,7402852.0,3273046.0,0.44213311302184616,6649411.0,1504780.0,0.22630275072483863,0.18531129732237903
1,9,188611.0,32221.0,1hrBleb_Composite_5.tif,OTHER,blebbistatin,1hr,10182961.0,3857986.0,0.3788668148684847,8953947.0,1862132.0,0.20796772641160374,0.17083309032877192
2,10,141353.0,31207.0,1hrBleb_Composite_5.tif,OTHER,blebbistatin,1hr,9749196.0,4158309.0,0.4265284029575362,6794728.0,1770661.0,0.2605933600285398,0.2207735244388163
3,11,164300.0,30779.0,1hrBleb_Composite_5.tif,OTHER,blebbistatin,1hr,10966077.0,4656244.0,0.42460435030685995,8038112.0,1876574.0,0.2334595487099458,0.18733414485696895
4,13,208255.0,36208.0,1hrBleb_Composite_5.tif,OTHER,blebbistatin,1hr,10853710.0,4362708.0,0.4019554603909631,9574087.0,2033659.0,0.21241283894746307,0.17386377277856474
5,14,167423.0,28343.0,1hrBleb_Composite_5.tif,OTHER,blebbistatin,1hr,8352839.0,2662705.0,0.31877844167713515,7469924.0,1514889.0,0.2027984488195596,0.16928976305525525
6,15,245928.0,34016.0,1hrBleb_Composite_5.tif,OTHER,blebbistatin,1hr,12442895.0,3956243.0,0.3179519717879159,11245929.0,2006747.0,0.17844208335300712,0.13831690576103575
0,5,179635.0,27101.0,1hrBleb_Composite_6.tif,OTHER,blebbistatin,1hr,4408346.0,1579751.0,0.3583545846900402,5958062.0,1132301.0,0.19004518583391714,0.15086703593397724
1,7,207510.0,31371.0,1hrBleb_Composite_6.tif,OTHER,blebbistatin,1hr,6688374.0,2682702.0,0.4010992806323331,7435227.0,1468660.0,0.19752725774209717,0.15117825646956773
2,13,260515.0,34077.0,1hrBleb_Composite_6.tif,OTHER,blebbistatin,1hr,7729468.0,2956977.0,0.382558929023317,9123210.0,1637321.0,0.17946764351582392,0.13080628754582269
0,4,124053.0,26849.0,1hrBleb_Composite_7.tif,OTHER,blebbistatin,1hr,6084565.0,1544400.0,0.2538225822223939,6060720.0,1483346.0,0.24474748874721156,0.21643168645659516
1,9,205138.0,31212.0,1hrBleb_Composite_7.tif,OTHER,blebbistatin,1hr,10537890.0,3234273.0,0.30691846280422364,10311395.0,1989328.0,0.19292520556142015,0.1521512347785393
2,10,154336.0,32320.0,1hrBleb_Composite_7.tif,OTHER,blebbistatin,1hr,10788024.0,2805449.0,0.2600521652528767,8507121.0,2046661.0,0.2405820958700364,0.2094132282811528
3,11,168008.0,32233.0,1hrBleb_Composite_7.tif,OTHER,blebbistatin,1hr,12444149.0,4283716.0,0.344235351087487,9783981.0,2369227.0,0.2421536795707187,0.19185395933526975
4,12,146259.0,36461.0,1hrBleb_Composite_7.tif,OTHER,blebbistatin,1hr,8294050.0,3203894.0,0.3862882427764482,7760562.0,2264120.0,0.29174691214373394,0.24929064194340178
5,16,230211.0,33532.0,1hrBleb_Composite_7.tif,OTHER,blebbistatin,1hr,12307539.0,2359446.0,0.1917073754549955,11832530.0,2002647.0,0.16924926452753553,0.14565767925946196
6,17,170909.0,33385.0,1hrBleb_Composite_7.tif,OTHER,blebbistatin,1hr,10974157.0,3027622.0,0.27588652139749775,9385779.0,2155271.0,0.22963155215992195,0.19533786986056909
7,20,191556.0,34510.0,1hrBleb_Composite_7.tif,OTHER,blebbistatin,1hr,8615738.0,3161383.0,0.36693119034028193,9535213.0,2085372.0,0.21870219364790278,0.18015619453319134
8,22,143294.0,31541.0,1hrBleb_Composite_7.tif,OTHER,blebbistatin,1hr,8277993.0,3470476.0,0.4192412339561051,7474760.0,2019296.0,0.2701486067780103,0.22011389171912293
0,5,829541.0,29897.0,1hrBleb_Composite_8.tif,OTHER,blebbistatin,1hr,21137326.0,4127132.0,0.1952532690275014,33112727.0,1900717.0,0.05740140339392766,0.0360404127101614
1,7,169019.0,23713.0,1hrBleb_Composite_8.tif,OTHER,blebbistatin,1hr,9732070.0,2701086.0,0.2775448594183971,8798064.0,1487540.0,0.16907583304690668,0.1402978363379265
2,8,148067.0,25217.0,1hrBleb_Composite_8.tif,OTHER,blebbistatin,1hr,10994157.0,3028436.0,0.2754586822800511,8079569.0,1705149.0,0.21104454952980783,0.17030803622684326
3,13,203154.0,31354.0,1hrBleb_Composite_8.tif,OTHER,blebbistatin,1hr,13702295.0,3516555.0,0.256639854856431,11042462.0,2118291.0,0.19183140498921344,0.15433611939710762
0,4,336870.0,28383.0,1hrBleb_Composite_9.tif,OTHER,blebbistatin,1hr,11574056.0,2523466.0,0.21802780287221696,13674684.0,1677821.0,0.12269541292508113,0.0842550538783507
1,5,536926.0,35765.0,1hrBleb_Composite_9.tif,OTHER,blebbistatin,1hr,19357429.0,4378826.0,0.22620906939656088,23815209.0,2383981.0,0.10010329953434378,0.06661066888174534
2,7,321229.0,36449.0,1hrBleb_Composite_9.tif,OTHER,blebbistatin,1hr,14620280.0,3384585.0,0.23149932833023718,15266463.0,2416851.0,0.15831112943449965,0.11346733949923575
0,12,137937.0,31838.0,L_NLS_1hrBleb_Composite_1.tif,L_LNS,blebbistatin,1hr,9419207.0,3309050.0,0.35130876728794685,2946829.0,888406.0,0.3014786402604291,0.23081551722887986
1,16,86647.0,31220.0,L_NLS_1hrBleb_Composite_1.tif,L_LNS,blebbistatin,1hr,5964934.0,2458211.0,0.41211034355116083,275812.0,104536.0,0.3790117906400012,0.36031253245928885
2,17,122017.0,33342.0,L_NLS_1hrBleb_Composite_1.tif,L_LNS,blebbistatin,1hr,6885957.0,2192172.0,0.31835400656727886,1173373.0,152877.0,0.1302884930878757,0.27325700517141055
3,19,217371.0,31495.0,L_NLS_1hrBleb_Composite_1.tif,L_LNS,blebbistatin,1hr,10088217.0,3747312.0,0.3714543412379016,1087428.0,126469.0,0.11630103326381148,0.14489053277576125
4,21,108721.0,33663.0,L_NLS_1hrBleb_Composite_1.tif,L_LNS,blebbistatin,1hr,7793297.0,3653096.0,0.46874846422508987,1033522.0,193125.0,0.18686104408033888,0.3096273948915113
5,22,84181.0,25724.0,L_NLS_1hrBleb_Composite_1.tif,L_LNS,blebbistatin,1hr,5052982.0,1976831.0,0.3912206692998313,335492.0,95667.0,0.28515434049098043,0.3055796438626293
6,23,161463.0,33012.0,L_NLS_1hrBleb_Composite_1.tif,L_LNS,blebbistatin,1hr,9115065.0,3715006.0,0.4075676915085082,14425920.0,5847232.0,0.4053281870411038,0.20445550993106779
7,24,113632.0,27945.0,L_NLS_1hrBleb_Composite_1.tif,L_LNS,blebbistatin,1hr,6497062.0,1742420.0,0.26818583538220814,330231.0,82769.0,0.25063970372254574,0.24592544353703183
8,26,105398.0,23351.0,L_NLS_1hrBleb_Composite_1.tif,L_LNS,blebbistatin,1hr,6133378.0,2194494.0,0.3577953290992337,2840339.0,1433809.0,0.5048020676405176,0.22155069356154766
9,30,100205.0,24044.0,L_NLS_1hrBleb_Composite_1.tif,L_LNS,blebbistatin,1hr,5422340.0,1824000.0,0.33638613587491745,2669532.0,1199563.0,0.4493532948846464,0.23994810638191708
10,31,151234.0,38984.0,L_NLS_1hrBleb_Composite_1.tif,L_LNS,blebbistatin,1hr,7597665.0,2707833.0,0.35640331601880315,668661.0,132549.0,0.1982304934787583,0.2577727230649193
11,32,185710.0,32513.0,L_NLS_1hrBleb_Composite_1.tif,L_LNS,blebbistatin,1hr,5750875.0,1877567.0,0.3264837090008042,1219565.0,502053.0,0.4116656348780098,0.17507404017015776
0,6,62318.0,19381.0,L_NLS_1hrBleb_Composite_10.tif,L_LNS,blebbistatin,1hr,4596152.0,1606570.0,0.3495467512823771,207186.0,77782.0,0.3754211191875899,0.31100163676626336
1,8,107955.0,31228.0,L_NLS_1hrBleb_Composite_10.tif,L_LNS,blebbistatin,1hr,8827448.0,2912889.0,0.32998087329429754,334827.0,90816.0,0.27123260668942467,0.28926867676346624
2,12,121847.0,31545.0,L_NLS_1hrBleb_Composite_10.tif,L_LNS,blebbistatin,1hr,12487332.0,4491194.0,0.3596600138444305,2158075.0,1011351.0,0.4686357054319243,0.25889024760560375
3,16,102624.0,23906.0,L_NLS_1hrBleb_Composite_10.tif,L_LNS,blebbistatin,1hr,9177280.0,3085349.0,0.33619427542801356,464717.0,106999.0,0.2302455042531261,0.23294745868412847
4,18,141117.0,37632.0,L_NLS_1hrBleb_Composite_10.tif,L_LNS,blebbistatin,1hr,9980232.0,3861535.0,0.38691836021447196,1398604.0,600977.0,0.4296977557621743,0.2666723357214226
5,21,131335.0,31930.0,L_NLS_1hrBleb_Composite_10.tif,L_LNS,blebbistatin,1hr,7796056.0,2392685.0,0.3069096733014745,1237443.0,339104.0,0.2740360566102843,0.2431187421479423
6,27,144116.0,34572.0,L_NLS_1hrBleb_Composite_10.tif,L_LNS,blebbistatin,1hr,15792543.0,5927115.0,0.3753109932960132,411140.0,121617.0,0.29580434888359197,0.23989008853978738
7,29,52692.0,14570.0,L_NLS_1hrBleb_Composite_10.tif,L_LNS,blebbistatin,1hr,5628645.0,2277762.0,0.40467323840817815,1822359.0,946108.0,0.5191666406015499,0.2765125635770136
0,5,115232.0,25857.0,L_NLS_1hrBleb_Composite_2.tif,L_LNS,blebbistatin,1hr,7518898.0,2279072.0,0.30311250398662143,2448254.0,837573.0,0.34211033659089296,0.2243907942238267
1,8,193807.0,34871.0,L_NLS_1hrBleb_Composite_2.tif,L_LNS,blebbistatin,1hr,9245773.0,2904196.0,0.3141106752242349,2216736.0,374151.0,0.1687846455328916,0.17992642164627698
2,9,143740.0,30563.0,L_NLS_1hrBleb_Composite_2.tif,L_LNS,blebbistatin,1hr,8763312.0,2577788.0,0.2941568210740414,1547799.0,370790.0,0.23955952937041566,0.2126269653541116
3,10,97975.0,28552.0,L_NLS_1hrBleb_Composite_2.tif,L_LNS,blebbistatin,1hr,7068591.0,3246080.0,0.4592258909873269,853107.0,291951.0,0.3422208468574282,0.29142128093901504
4,15,116670.0,27602.0,L_NLS_1hrBleb_Composite_2.tif,L_LNS,blebbistatin,1hr,9537809.0,3003220.0,0.31487525069961037,1151572.0,308159.0,0.2675985522398947,0.23658181194823005
5,16,140880.0,32296.0,L_NLS_1hrBleb_Composite_2.tif,L_LNS,blebbistatin,1hr,8556792.0,3010982.0,0.35188210721962154,1273169.0,332386.0,0.2610698186964967,0.22924474730266894
6,17,138530.0,33901.0,L_NLS_1hrBleb_Composite_2.tif,L_LNS,blebbistatin,1hr,9025619.0,3309302.0,0.3666565140850727,1484548.0,345277.0,0.23258055650608805,0.24471955533097525
7,18,76631.0,26038.0,L_NLS_1hrBleb_Composite_2.tif,L_LNS,blebbistatin,1hr,6709462.0,2614414.0,0.389660750742757,831330.0,323240.0,0.38882272984254146,0.3397841604572562
8,19,138459.0,29435.0,L_NLS_1hrBleb_Composite_2.tif,L_LNS,blebbistatin,1hr,9540065.0,2999352.0,0.3143953421701005,1319506.0,305061.0,0.23119334053804985,0.212590008594602
9,20,70574.0,14550.0,L_NLS_1hrBleb_Composite_2.tif,L_LNS,blebbistatin,1hr,7793251.0,2003855.0,0.2571269679367442,864602.0,223612.0,0.2586299823502606,0.20616657692634682
10,21,36453.0,10718.0,L_NLS_1hrBleb_Composite_2.tif,L_LNS,blebbistatin,1hr,2406639.0,691667.0,0.28739956428861996,350107.0,114852.0,0.32804828238224315,0.2940224398540586
11,22,98889.0,35316.0,L_NLS_1hrBleb_Composite_2.tif,L_LNS,blebbistatin,1hr,10760353.0,4861629.0,0.4518094341328765,1099723.0,443000.0,0.4028287123211936,0.3571276886205746
12,25,89023.0,29748.0,L_NLS_1hrBleb_Composite_2.tif,L_LNS,blebbistatin,1hr,8788227.0,3995281.0,0.4546174103149589,921235.0,360332.0,0.3911401542494586,0.3341608348404345
0,7,276449.0,29034.0,L_NLS_1hrBleb_Composite_3.tif,L_LNS,blebbistatin,1hr,19669028.0,3779178.0,0.19213852357116987,1934881.0,240431.0,0.12426138868488552,0.10502479661709754
1,9,199152.0,35166.0,L_NLS_1hrBleb_Composite_3.tif,L_LNS,blebbistatin,1hr,12069840.0,3390790.0,0.2809308159843047,11234017.0,5390960.0,0.4798782127532832,0.17657869366112317
2,13,115734.0,34136.0,L_NLS_1hrBleb_Composite_3.tif,L_LNS,blebbistatin,1hr,8328107.0,3231594.0,0.38803463980469993,862849.0,275022.0,0.3187371139098498,0.2949522180171773
3,16,84626.0,31694.0,L_NLS_1hrBleb_Composite_3.tif,L_LNS,blebbistatin,1hr,5620363.0,2502524.0,0.4452602082819206,662900.0,239374.0,0.3611012219037562,0.37451846950109896
4,18,17812.0,9801.0,L_NLS_1hrBleb_Composite_3.tif,L_LNS,blebbistatin,1hr,1118779.0,526209.0,0.47034222129660996,135850.0,80108.0,0.5896797938903202,0.5502470244778801
0,3,127104.0,32365.0,L_NLS_1hrBleb_Composite_4.tif,L_LNS,blebbistatin,1hr,8500140.0,2821579.0,0.33194500325876986,325442.0,96737.0,0.29724805034384005,0.2546340005035247
1,4,138179.0,31060.0,L_NLS_1hrBleb_Composite_4.tif,L_LNS,blebbistatin,1hr,10363693.0,2813377.0,0.2714647182235136,354506.0,89453.0,0.2523314132906072,0.2247809001367791
2,5,121937.0,31236.0,L_NLS_1hrBleb_Composite_4.tif,L_LNS,blebbistatin,1hr,7654835.0,2424045.0,0.31666848468974185,308446.0,88168.0,0.28584582066228775,0.25616506884702755
3,10,113814.0,31440.0,L_NLS_1hrBleb_Composite_4.tif,L_LNS,blebbistatin,1hr,8363517.0,2553782.0,0.3053478578449712,327040.0,99952.0,0.3056262230919765,0.276240181348516
4,12,52379.0,18320.0,L_NLS_1hrBleb_Composite_4.tif,L_LNS,blebbistatin,1hr,6450004.0,2944591.0,0.45652545331754835,224678.0,73705.0,0.3280472498419961,0.34975849099830086
5,13,116175.0,19965.0,L_NLS_1hrBleb_Composite_4.tif,L_LNS,blebbistatin,1hr,6603362.0,1408979.0,0.21337297576598102,286124.0,54481.0,0.19041045141267424,0.17185280826339575
6,16,97287.0,30261.0,L_NLS_1hrBleb_Composite_4.tif,L_LNS,blebbistatin,1hr,6947482.0,2651407.0,0.3816356775015754,418538.0,162513.0,0.3882873239705833,0.3110487526596565
7,17,106449.0,30919.0,L_NLS_1hrBleb_Composite_4.tif,L_LNS,blebbistatin,1hr,8711698.0,2603348.0,0.2988335913389101,423463.0,171108.0,0.4040683601636979,0.2904583415532321
8,18,105753.0,32496.0,L_NLS_1hrBleb_Composite_4.tif,L_LNS,blebbistatin,1hr,8918535.0,3597070.0,0.40332520980183406,1789581.0,789275.0,0.4410389918086971,0.3072820629202008
9,19,90459.0,37838.0,L_NLS_1hrBleb_Composite_4.tif,L_LNS,blebbistatin,1hr,9018406.0,4159637.0,0.4612386046935567,547638.0,150775.0,0.2753187324473466,0.41828894858444154
10,20,52464.0,36920.0,L_NLS_1hrBleb_Composite_4.tif,L_LNS,blebbistatin,1hr,7237160.0,5739298.0,0.7930317970032443,206593.0,155775.0,0.7540187712071561,0.7037206465385788
11,21,39925.0,12687.0,L_NLS_1hrBleb_Composite_4.tif,L_LNS,blebbistatin,1hr,2334801.0,682273.0,0.2922189085922098,121271.0,38273.0,0.31559894781110076,0.3177708202880401
12,22,72459.0,34874.0,L_NLS_1hrBleb_Composite_4.tif,L_LNS,blebbistatin,1hr,7308109.0,4066108.0,0.5563830533999972,231769.0,121382.0,0.523719738187592,0.48129286907078483
13,23,104722.0,36355.0,L_NLS_1hrBleb_Composite_4.tif,L_LNS,blebbistatin,1hr,10761280.0,4866844.0,0.45225512206726337,358910.0,129648.0,0.3612270485637068,0.3471572353469185
14,26,95184.0,31818.0,L_NLS_1hrBleb_Composite_4.tif,L_LNS,blebbistatin,1hr,8819532.0,2933688.0,0.3326353371131257,281374.0,100903.0,0.35860811588846164,0.3342788703983863
15,27,111097.0,34551.0,L_NLS_1hrBleb_Composite_4.tif,L_LNS,blebbistatin,1hr,7228928.0,3255021.0,0.45027713652702034,335856.0,127812.0,0.3805559525510933,0.31099849680909475
16,32,186291.0,31249.0,L_NLS_1hrBleb_Composite_4.tif,L_LNS,blebbistatin,1hr,12520194.0,4332275.0,0.34602299293445454,456062.0,103180.0,0.22624116896386895,0.1677429398092232
17,34,107439.0,35694.0,L_NLS_1hrBleb_Composite_4.tif,L_LNS,blebbistatin,1hr,8861035.0,3240013.0,0.36564724098257145,457073.0,188869.0,0.4132140817768715,0.33222572808756595
18,35,59491.0,11189.0,L_NLS_1hrBleb_Composite_4.tif,L_LNS,blebbistatin,1hr,4177231.0,930379.0,0.22272625095428047,282192.0,64186.0,0.22745506605431762,0.18807886907263283
19,37,83283.0,25803.0,L_NLS_1hrBleb_Composite_4.tif,L_LNS,blebbistatin,1hr,6593294.0,2101480.0,0.3187299095110881,355248.0,98254.0,0.2765786155024096,0.30982313317243615
0,7,79793.0,23246.0,L_NLS_1hrBleb_Composite_5.tif,L_LNS,blebbistatin,1hr,6074696.0,1925225.0,0.316925324328987,301509.0,80655.0,0.2675044526034049,0.2913288133044252
1,8,133040.0,27028.0,L_NLS_1hrBleb_Composite_5.tif,L_LNS,blebbistatin,1hr,9126831.0,3500243.0,0.38351131953686884,355688.0,92566.0,0.2602449337621736,0.20315694527961514
2,9,83678.0,31618.0,L_NLS_1hrBleb_Composite_5.tif,L_LNS,blebbistatin,1hr,7971482.0,2985931.0,0.37457664710275956,800474.0,230391.0,0.2878182177060092,0.3778531991682402
3,10,136282.0,38430.0,L_NLS_1hrBleb_Composite_5.tif,L_LNS,blebbistatin,1hr,9931937.0,3326382.0,0.3349177506864975,458849.0,124898.0,0.27219847923826795,0.28198881730529346
4,11,50821.0,24192.0,L_NLS_1hrBleb_Composite_5.tif,L_LNS,blebbistatin,1hr,4615970.0,2073553.0,0.4492128415046025,2635852.0,1672907.0,0.6346741015808172,0.4760236909938805
5,15,80284.0,24440.0,L_NLS_1hrBleb_Composite_5.tif,L_LNS,blebbistatin,1hr,7657867.0,2560447.0,0.3343551148119966,2269479.0,1063404.0,0.46856745534988425,0.30441931144437245
6,18,74475.0,25964.0,L_NLS_1hrBleb_Composite_5.tif,L_LNS,blebbistatin,1hr,4931359.0,1876152.0,0.38045333953581556,227596.0,88982.0,0.3909646918223519,0.34862705605908023
7,19,32398.0,13265.0,L_NLS_1hrBleb_Composite_5.tif,L_LNS,blebbistatin,1hr,2718799.0,942967.0,0.3468321858291106,978700.0,374494.0,0.3826443241034025,0.4094388542502624
8,20,63659.0,25067.0,L_NLS_1hrBleb_Composite_5.tif,L_LNS,blebbistatin,1hr,8085949.0,3247997.0,0.4016840818560691,419187.0,117778.0,0.2809676826809992,0.39376993041046826
9,22,56803.0,23706.0,L_NLS_1hrBleb_Composite_5.tif,L_LNS,blebbistatin,1hr,6003845.0,2018930.0,0.33627283848933476,1633736.0,862874.0,0.5281599964743385,0.4173371124764537
10,24,64212.0,22037.0,L_NLS_1hrBleb_Composite_5.tif,L_LNS,blebbistatin,1hr,5749090.0,1871372.0,0.3255075151023901,1208248.0,597354.0,0.4943968456806881,0.34319130380614216
11,25,14427.0,3248.0,L_NLS_1hrBleb_Composite_5.tif,L_LNS,blebbistatin,1hr,1129809.0,250812.0,0.22199504518020302,58133.0,14493.0,0.24930762217673266,0.22513343037360506
12,26,117195.0,37206.0,L_NLS_1hrBleb_Composite_5.tif,L_LNS,blebbistatin,1hr,8957086.0,3057980.0,0.3414034430393992,625312.0,184943.0,0.29576115603090936,0.3174708818635607
13,27,105162.0,39330.0,L_NLS_1hrBleb_Composite_5.tif,L_LNS,blebbistatin,1hr,12520443.0,4928501.0,0.39363631143083355,4116721.0,1613004.0,0.3918176626494727,0.37399440862669026
14,28,102079.0,26917.0,L_NLS_1hrBleb_Composite_5.tif,L_LNS,blebbistatin,1hr,9527310.0,2794897.0,0.293356361869195,443424.0,108061.0,0.24369677780183302,0.26368792797735086
15,29,86487.0,11351.0,L_NLS_1hrBleb_Composite_5.tif,L_LNS,blebbistatin,1hr,5744717.0,851289.0,0.14818641196772617,235292.0,33399.0,0.1419470275232477,0.131245158231873
16,31,79003.0,22348.0,L_NLS_1hrBleb_Composite_5.tif,L_LNS,blebbistatin,1hr,7653284.0,2513866.0,0.32846892915511827,899561.0,318699.0,0.3542828112823922,0.2828753338480817
17,34,148509.0,31682.0,L_NLS_1hrBleb_Composite_5.tif,L_LNS,blebbistatin,1hr,9001919.0,2278914.0,0.2531586876087199,758558.0,103047.0,0.13584590763000323,0.2133338720212243
18,36,187861.0,27021.0,L_NLS_1hrBleb_Composite_5.tif,L_LNS,blebbistatin,1hr,10324615.0,1764515.0,0.17090370924242695,488553.0,79426.0,0.16257396843331226,0.14383506954610056
0,4,28358.0,14763.0,L_NLS_1hrBleb_Composite_6.tif,L_LNS,blebbistatin,1hr,1501676.0,795174.0,0.5295243447987449,212493.0,93898.0,0.44188749747050493,0.5205938359545808
1,5,63936.0,31657.0,L_NLS_1hrBleb_Composite_6.tif,L_LNS,blebbistatin,1hr,3475382.0,1612149.0,0.4638767767111644,354370.0,182401.0,0.5147190789288032,0.49513576076076077
2,7,66994.0,23467.0,L_NLS_1hrBleb_Composite_6.tif,L_LNS,blebbistatin,1hr,4303061.0,1590779.0,0.36968544020175403,688212.0,234606.0,0.3408920507053059,0.3502851001582231
3,8,76432.0,24790.0,L_NLS_1hrBleb_Composite_6.tif,L_LNS,blebbistatin,1hr,4931180.0,1758831.0,0.3566754813249567,868599.0,129492.0,0.14908145185522895,0.32434059032865814
4,10,83224.0,34051.0,L_NLS_1hrBleb_Composite_6.tif,L_LNS,blebbistatin,1hr,6102556.0,2872539.0,0.47071079724626863,3310342.0,1847961.0,0.5582386955788858,0.40914880322983754
5,12,91295.0,35116.0,L_NLS_1hrBleb_Composite_6.tif,L_LNS,blebbistatin,1hr,5624302.0,2056934.0,0.3657225376588953,751410.0,273649.0,0.36418067366683965,0.38464318965989375
6,13,95786.0,27839.0,L_NLS_1hrBleb_Composite_6.tif,L_LNS,blebbistatin,1hr,4441254.0,1400446.0,0.31532670727681866,673439.0,105632.0,0.156854592620861,0.29063746267721796
7,14,186130.0,30029.0,L_NLS_1hrBleb_Composite_6.tif,L_LNS,blebbistatin,1hr,6649488.0,2099900.0,0.31579875021956577,425735.0,82436.0,0.19363218903778173,0.16133347660237468
8,18,55037.0,22981.0,L_NLS_1hrBleb_Composite_6.tif,L_LNS,blebbistatin,1hr,4092021.0,1880762.0,0.4596168983492509,2803501.0,1498855.0,0.5346368701134759,0.41755546268873667
9,19,81873.0,32438.0,L_NLS_1hrBleb_Composite_6.tif,L_LNS,blebbistatin,1hr,5335480.0,2709315.0,0.5077921761491,7016058.0,4054678.0,0.5779139796164741,0.3961989911203938
10,20,136664.0,33257.0,L_NLS_1hrBleb_Composite_6.tif,L_LNS,blebbistatin,1hr,4989023.0,1722077.0,0.34517319322841367,5353346.0,2732231.0,0.5103781821686848,0.24334865070537962
11,21,47633.0,26881.0,L_NLS_1hrBleb_Composite_6.tif,L_LNS,blebbistatin,1hr,3222058.0,1837522.0,0.5702945136307291,678764.0,316738.0,0.4666393621347037,0.5643356496546512
12,24,165186.0,33675.0,L_NLS_1hrBleb_Composite_6.tif,L_LNS,blebbistatin,1hr,7881388.0,2278292.0,0.2890724324192642,1148597.0,400237.0,0.3484572918090505,0.20386110203043842
13,25,86050.0,31057.0,L_NLS_1hrBleb_Composite_6.tif,L_LNS,blebbistatin,1hr,2549509.0,1130349.0,0.44335948608143766,441073.0,182257.0,0.41321277883706325,0.360918070889018
14,26,164556.0,37603.0,L_NLS_1hrBleb_Composite_6.tif,L_LNS,blebbistatin,1hr,5830803.0,1695068.0,0.29070918705365284,476233.0,112460.0,0.23614491225933523,0.22851187437711173
15,29,139661.0,30979.0,L_NLS_1hrBleb_Composite_6.tif,L_LNS,blebbistatin,1hr,5551657.0,1610479.0,0.2900897876075557,325507.0,81859.0,0.25148153495930964,0.22181568225918474
0,7,194413.0,24548.0,L_NLS_1hrBleb_Composite_7.tif,L_LNS,blebbistatin,1hr,8569843.0,2247773.0,0.26228870237179375,658331.0,103289.0,0.15689523962869742,0.12626727636526364
1,8,53133.0,6485.0,L_NLS_1hrBleb_Composite_7.tif,L_LNS,blebbistatin,1hr,1535161.0,207950.0,0.1354581050456597,519616.0,93231.0,0.17942288151250155,0.122052208608586
2,12,220784.0,37843.0,L_NLS_1hrBleb_Composite_7.tif,L_LNS,blebbistatin,1hr,10183087.0,2156735.0,0.21179579434016424,757696.0,143194.0,0.18898608412872708,0.17140281904485832
3,16,149502.0,31963.0,L_NLS_1hrBleb_Composite_7.tif,L_LNS,blebbistatin,1hr,9963714.0,3319959.0,0.33320496754523465,735251.0,139511.0,0.1897460867105247,0.2137964709502214
4,17,93608.0,31012.0,L_NLS_1hrBleb_Composite_7.tif,L_LNS,blebbistatin,1hr,9092325.0,2932174.0,0.3224889123519012,518083.0,189016.0,0.3648372944103551,0.3312964703871464
5,18,109276.0,34339.0,L_NLS_1hrBleb_Composite_7.tif,L_LNS,blebbistatin,1hr,6494480.0,2496183.0,0.3843545595644301,552004.0,137325.0,0.24877537119296236,0.31424100442915187
6,19,318150.0,35177.0,L_NLS_1hrBleb_Composite_7.tif,L_LNS,blebbistatin,1hr,10567218.0,2206875.0,0.20884162700154382,864792.0,124690.0,0.14418496008288698,0.11056734244853057
7,22,101813.0,29096.0,L_NLS_1hrBleb_Composite_7.tif,L_LNS,blebbistatin,1hr,8507013.0,3222055.0,0.3787528007774292,430987.0,133090.0,0.30880281771839985,0.28577882981544594
8,23,66340.0,25047.0,L_NLS_1hrBleb_Composite_7.tif,L_LNS,blebbistatin,1hr,7685883.0,3264669.0,0.4247617352488972,740023.0,363557.0,0.49127797379270643,0.3775550195960205
9,24,167430.0,36357.0,L_NLS_1hrBleb_Composite_7.tif,L_LNS,blebbistatin,1hr,11459367.0,3288140.0,0.28693906042105116,600992.0,145185.0,0.24157559501623982,0.21714746461207668
10,25,77895.0,29419.0,L_NLS_1hrBleb_Composite_7.tif,L_LNS,blebbistatin,1hr,7502367.0,3172595.0,0.42287920598925643,317165.0,129323.0,0.40774675642015984,0.3776750754220425
11,26,84114.0,24196.0,L_NLS_1hrBleb_Composite_7.tif,L_LNS,blebbistatin,1hr,7682307.0,2893233.0,0.37660991678671524,693691.0,309496.0,0.4461583039134139,0.28765722709655944
12,27,131303.0,37317.0,L_NLS_1hrBleb_Composite_7.tif,L_LNS,blebbistatin,1hr,11757162.0,3757668.0,0.31960672141797486,575176.0,193350.0,0.33615797599343505,0.2842052352193019
13,28,74219.0,28622.0,L_NLS_1hrBleb_Composite_7.tif,L_LNS,blebbistatin,1hr,6069897.0,2614315.0,0.430701707129462,364232.0,153661.0,0.42187671593929144,0.3856424904674005
14,29,152562.0,38840.0,L_NLS_1hrBleb_Composite_7.tif,L_LNS,blebbistatin,1hr,12917333.0,4448414.0,0.3443755765992872,575571.0,171113.0,0.2972926016077947,0.2545850211717203
0,7,201193.0,24581.0,L_NLS_1hrBleb_Composite_8.tif,L_LNS,blebbistatin,1hr,3537094.0,588918.0,0.16649769556590807,3934058.0,734563.0,0.186718904500137,0.12217621885453271
1,10,312644.0,31393.0,L_NLS_1hrBleb_Composite_8.tif,L_LNS,blebbistatin,1hr,8733651.0,2005122.0,0.22958577117404852,36907255.0,8003559.0,0.2168559812969022,0.10041133045892453
2,11,560348.0,17375.0,L_NLS_1hrBleb_Composite_8.tif,L_LNS,blebbistatin,1hr,1683383.0,140459.0,0.08343852824936453,925924.0,58460.0,0.06313693132481715,0.03100751675744359
3,12,401482.0,15924.0,L_NLS_1hrBleb_Composite_8.tif,L_LNS,blebbistatin,1hr,2404957.0,119023.0,0.04949069775467919,5930251.0,59744.0,0.010074447101817444,0.03966304840565704
4,14,332531.0,32980.0,L_NLS_1hrBleb_Composite_8.tif,L_LNS,blebbistatin,1hr,3680603.0,784592.0,0.21316941816327378,973328.0,85423.0,0.08776383706212089,0.09917872318671041
0,8,110020.0,34355.0,L_NLS_1hrBleb_Composite_9.tif,L_LNS,blebbistatin,1hr,8754163.0,3329539.0,0.3803377890039288,7828332.0,4679338.0,0.5977439383000108,0.312261407016906
1,10,38435.0,13917.0,L_NLS_1hrBleb_Composite_9.tif,L_LNS,blebbistatin,1hr,2711132.0,1097696.0,0.4048847492486533,2495686.0,1030650.0,0.41297262556267095,0.3620918433719266
2,11,151454.0,36428.0,L_NLS_1hrBleb_Composite_9.tif,L_LNS,blebbistatin,1hr,10849568.0,3285164.0,0.3027921480375993,12395491.0,5861065.0,0.4728384700533444,0.2405218746286001
3,13,170531.0,31191.0,L_NLS_1hrBleb_Composite_9.tif,L_LNS,blebbistatin,1hr,10884195.0,2737680.0,0.25152801837894306,1439579.0,272245.0,0.1891143174497544,0.1829051609384804
4,16,122660.0,28824.0,L_NLS_1hrBleb_Composite_9.tif,L_LNS,blebbistatin,1hr,8266957.0,2563159.0,0.31004866724237223,888282.0,226591.0,0.2550890370400391,0.23499103212131095
5,17,143207.0,25067.0,L_NLS_1hrBleb_Composite_9.tif,L_LNS,blebbistatin,1hr,8147189.0,2215871.0,0.2719798202791171,2613952.0,404053.0,0.15457552395759372,0.17504032624103572
6,18,91315.0,16250.0,L_NLS_1hrBleb_Composite_9.tif,L_LNS,blebbistatin,1hr,5723096.0,1253466.0,0.21901886671130452,1827164.0,142454.0,0.07796453958155918,0.1779554290094727
7,19,98364.0,20391.0,L_NLS_1hrBleb_Composite_9.tif,L_LNS,blebbistatin,1hr,7685333.0,3136507.0,0.4081159528155774,1571942.0,219140.0,0.13940717914528652,0.2073014517506405
8,20,72630.0,10240.0,L_NLS_1hrBleb_Composite_9.tif,L_LNS,blebbistatin,1hr,4775673.0,948386.0,0.198586879796837,585625.0,89678.0,0.15313212379935967,0.140988572215338
9,21,45037.0,22123.0,L_NLS_1hrBleb_Composite_9.tif,L_LNS,blebbistatin,1hr,6312161.0,3519160.0,0.5575206335833323,450271.0,237589.0,0.5276577883097068,0.4912183315940227
10,23,78710.0,18949.0,L_NLS_1hrBleb_Composite_9.tif,L_LNS,blebbistatin,1hr,5575401.0,2040033.0,0.36589888332695714,618262.0,175488.0,0.2838408312333606,0.24074450514547072
11,24,30976.0,15395.0,L_NLS_1hrBleb_Composite_9.tif,L_LNS,blebbistatin,1hr,5193509.0,2798338.0,0.5388145086491619,326321.0,168278.0,0.5156824108776328,0.4969976756198347
12,25,78794.0,26472.0,L_NLS_1hrBleb_Composite_9.tif,L_LNS,blebbistatin,1hr,8174822.0,3160958.0,0.386669948287559,695101.0,256582.0,0.36912909059259014,0.33596466736045894
13,26,63424.0,10268.0,L_NLS_1hrBleb_Composite_9.tif,L_LNS,blebbistatin,1hr,3041994.0,518677.0,0.1705055960005181,478782.0,93467.0,0.19521828305993125,0.16189455095862765
14,29,43549.0,16086.0,L_NLS_1hrBleb_Composite_9.tif,L_LNS,blebbistatin,1hr,4543195.0,2250128.0,0.4952743608847958,423939.0,188198.0,0.4439270744140077,0.3693770235826311
15,30,128179.0,30256.0,L_NLS_1hrBleb_Composite_9.tif,L_LNS,blebbistatin,1hr,11646921.0,3117647.0,0.267679930172103,1045054.0,292598.0,0.27998361807141064,0.23604490595183297
16,32,172922.0,39287.0,L_NLS_1hrBleb_Composite_9.tif,L_LNS,blebbistatin,1hr,11078045.0,3190616.0,0.28801255095100264,1207815.0,320243.0,0.26514242661334725,0.22719492025306207
0,6,72413.0,27076.0,M_NLS_1hrBleb_Composite_1.tif,M_LNS,blebbistatin,1hr,5336224.0,2198473.0,0.41199038870931953,5571087.0,3973554.0,0.7132457274495982,0.37391076187977296
1,7,151000.0,38419.0,M_NLS_1hrBleb_Composite_1.tif,M_LNS,blebbistatin,1hr,7957276.0,2100886.0,0.26402075283049126,1151308.0,327036.0,0.2840560475563446,0.25443046357615895
2,8,76815.0,22775.0,M_NLS_1hrBleb_Composite_1.tif,M_LNS,blebbistatin,1hr,5062681.0,1447439.0,0.28590365460513906,806318.0,201925.0,0.2504284909923876,0.2964915706567728
3,9,87357.0,23369.0,M_NLS_1hrBleb_Composite_1.tif,M_LNS,blebbistatin,1hr,7514306.0,1909089.0,0.2540605878972722,4337244.0,2980799.0,0.68725646977666,0.2675114758977529
4,10,92111.0,22067.0,M_NLS_1hrBleb_Composite_1.tif,M_LNS,blebbistatin,1hr,9389925.0,2196988.0,0.23397290180698993,1041265.0,234004.0,0.22473049607928816,0.23956964966182107
5,12,72550.0,29644.0,M_NLS_1hrBleb_Composite_1.tif,M_LNS,blebbistatin,1hr,5646067.0,2555758.0,0.4526616492507085,757720.0,324061.0,0.4276790899012828,0.40860096485182634
6,17,105714.0,26737.0,M_NLS_1hrBleb_Composite_1.tif,M_LNS,blebbistatin,1hr,8033398.0,2055434.0,0.2558610938982483,1020654.0,252095.0,0.24699359430326046,0.25291825113040844
7,18,108775.0,31450.0,M_NLS_1hrBleb_Composite_1.tif,M_LNS,blebbistatin,1hr,12433561.0,3939065.0,0.31680907826808424,1321737.0,399375.0,0.30215920413819086,0.28912893587680993
8,19,52883.0,19975.0,M_NLS_1hrBleb_Composite_1.tif,M_LNS,blebbistatin,1hr,3981216.0,1468785.0,0.36892873936003473,813475.0,335219.0,0.41208273149144103,0.37772062855738137
9,21,104565.0,29603.0,M_NLS_1hrBleb_Composite_1.tif,M_LNS,blebbistatin,1hr,8116130.0,3261504.0,0.4018545784752092,949184.0,302315.0,0.31849989043220284,0.2831062018839956
10,23,81362.0,14660.0,M_NLS_1hrBleb_Composite_1.tif,M_LNS,blebbistatin,1hr,7245618.0,1248815.0,0.17235451827573575,3791578.0,1185437.0,0.31265003647557826,0.18018239472972641
11,25,134604.0,31603.0,M_NLS_1hrBleb_Composite_1.tif,M_LNS,blebbistatin,1hr,12098033.0,2547982.0,0.21061126217790943,1468654.0,419368.0,0.28554581269652346,0.23478499895991203
12,26,51532.0,12825.0,M_NLS_1hrBleb_Composite_1.tif,M_LNS,blebbistatin,1hr,3957787.0,1074920.0,0.27159622283867224,529718.0,175264.0,0.33086283645260306,0.24887448575642318
13,27,36837.0,8694.0,M_NLS_1hrBleb_Composite_1.tif,M_LNS,blebbistatin,1hr,3063521.0,844069.0,0.2755225115153446,423658.0,120936.0,0.28545666551794135,0.23601270461763987
14,28,73390.0,30594.0,M_NLS_1hrBleb_Composite_1.tif,M_LNS,blebbistatin,1hr,5761690.0,2112715.0,0.3666832127379293,1384064.0,368636.0,0.26634317488208636,0.41686878321297177
15,29,104275.0,28560.0,M_NLS_1hrBleb_Composite_1.tif,M_LNS,blebbistatin,1hr,9602671.0,3536388.0,0.36827128618693694,1638243.0,331507.0,0.20235520615683997,0.2738911532006713
16,31,87865.0,23386.0,M_NLS_1hrBleb_Composite_1.tif,M_LNS,blebbistatin,1hr,7650816.0,1832099.0,0.23946452247707956,4420297.0,2196919.0,0.4970071015590129,0.26615831104535365
17,32,124817.0,34388.0,M_NLS_1hrBleb_Composite_1.tif,M_LNS,blebbistatin,1hr,10452084.0,3171488.0,0.30343116262747216,1601279.0,378828.0,0.23657838515336801,0.27550734274978567
18,34,98824.0,23437.0,M_NLS_1hrBleb_Composite_1.tif,M_LNS,blebbistatin,1hr,7842606.0,1687741.0,0.2152015541772722,1427742.0,355473.0,0.24897565526544713,0.23715898971909657
0,5,97654.0,28356.0,M_NLS_1hrBleb_Composite_10.tif,M_LNS,blebbistatin,1hr,3903652.0,1626483.0,0.4166567614121341,744020.0,253341.0,0.3405029434692616,0.2903721301738792
1,6,104342.0,29897.0,M_NLS_1hrBleb_Composite_10.tif,M_LNS,blebbistatin,1hr,5091539.0,1877175.0,0.3686851853634039,4417489.0,2387172.0,0.5403911588687601,0.28652891453106133
2,7,220942.0,38833.0,M_NLS_1hrBleb_Composite_10.tif,M_LNS,blebbistatin,1hr,7623894.0,2989973.0,0.39218449259656546,1225062.0,294717.0,0.24057313017626863,0.17576105946356962
3,8,90737.0,31815.0,M_NLS_1hrBleb_Composite_10.tif,M_LNS,blebbistatin,1hr,5771164.0,2702198.0,0.46822408789630654,774953.0,259938.0,0.33542421282322926,0.35062874020520846
4,9,74573.0,24870.0,M_NLS_1hrBleb_Composite_10.tif,M_LNS,blebbistatin,1hr,3822195.0,1598214.0,0.4181403617554834,1334413.0,782636.0,0.586502079940768,0.33349871937564535
5,11,81093.0,27099.0,M_NLS_1hrBleb_Composite_10.tif,M_LNS,blebbistatin,1hr,5081423.0,1673652.0,0.32936679351433645,910526.0,295860.0,0.32493306067042566,0.3341718767341201
6,13,119480.0,33695.0,M_NLS_1hrBleb_Composite_10.tif,M_LNS,blebbistatin,1hr,5654384.0,2817010.0,0.4981992733425958,727305.0,257168.0,0.35359030943001907,0.28201372614663545
7,15,98594.0,26540.0,M_NLS_1hrBleb_Composite_10.tif,M_LNS,blebbistatin,1hr,5965239.0,2445503.0,0.40995893039658593,1615308.0,675015.0,0.417886248319206,0.26918473740795584
8,16,131632.0,35064.0,M_NLS_1hrBleb_Composite_10.tif,M_LNS,blebbistatin,1hr,7163481.0,2636563.0,0.3680561168515698,3580567.0,2478171.0,0.6921169189125633,0.2663789959888173
9,17,198539.0,31717.0,M_NLS_1hrBleb_Composite_10.tif,M_LNS,blebbistatin,1hr,7357156.0,1814235.0,0.24659460802516625,3389098.0,1771551.0,0.5227204996727743,0.1597519882743441
10,19,87495.0,24875.0,M_NLS_1hrBleb_Composite_10.tif,M_LNS,blebbistatin,1hr,4948603.0,2162104.0,0.43691199314230705,647991.0,212766.0,0.32834715296971717,0.2843019601120064
11,21,165424.0,30105.0,M_NLS_1hrBleb_Composite_10.tif,M_LNS,blebbistatin,1hr,7028079.0,2582194.0,0.3674110663810125,1675499.0,313901.0,0.18734776923173335,0.18198689428377987
12,22,56043.0,17164.0,M_NLS_1hrBleb_Composite_10.tif,M_LNS,blebbistatin,1hr,3499156.0,1318097.0,0.3766899789549251,3545429.0,1692246.0,0.47730359287973334,0.30626483236086577
13,23,80705.0,7651.0,M_NLS_1hrBleb_Composite_10.tif,M_LNS,blebbistatin,1hr,1986587.0,343999.0,0.17316080292481528,453593.0,76011.0,0.16757533736190813,0.09480205687379964
14,25,123371.0,27715.0,M_NLS_1hrBleb_Composite_10.tif,M_LNS,blebbistatin,1hr,7647082.0,2759162.0,0.360812398768576,1070440.0,284847.0,0.26610272411344865,0.2246476076225369
15,28,225520.0,28173.0,M_NLS_1hrBleb_Composite_10.tif,M_LNS,blebbistatin,1hr,6254031.0,1476410.0,0.23607334213725514,7669686.0,4064538.0,0.5299484229210948,0.12492461865909897
0,4,206794.0,36393.0,M_NLS_1hrBleb_Composite_2.tif,M_LNS,blebbistatin,1hr,8229066.0,2068061.0,0.251311752755416,1434018.0,480650.0,0.33517710377415066,0.1759867307562115
1,7,103576.0,34573.0,M_NLS_1hrBleb_Composite_2.tif,M_LNS,blebbistatin,1hr,3514618.0,1542239.0,0.438807005483953,1632205.0,638993.0,0.3914906522158675,0.33379354290569246
2,8,11698.0,4882.0,M_NLS_1hrBleb_Composite_2.tif,M_LNS,blebbistatin,1hr,771380.0,252836.0,0.3277710078041951,200620.0,80090.0,0.39921244143156215,0.41733629680287226
3,9,35492.0,23022.0,M_NLS_1hrBleb_Composite_2.tif,M_LNS,blebbistatin,1hr,4508560.0,2956065.0,0.6556561296733325,286069.0,164603.0,0.5753961456851319,0.6486532176265074
4,10,100510.0,23159.0,M_NLS_1hrBleb_Composite_2.tif,M_LNS,blebbistatin,1hr,7827862.0,2943921.0,0.37608238367002383,560442.0,136888.0,0.24425007404869728,0.2304148840911352
5,12,182562.0,25849.0,M_NLS_1hrBleb_Composite_2.tif,M_LNS,blebbistatin,1hr,8251298.0,2070807.0,0.25096742354960394,885578.0,175154.0,0.19778494949061518,0.14159025426978233
6,14,106961.0,25821.0,M_NLS_1hrBleb_Composite_2.tif,M_LNS,blebbistatin,1hr,5537153.0,1965241.0,0.35491903510703066,572272.0,178494.0,0.31190412950485086,0.24140574601957723
7,15,168015.0,37981.0,M_NLS_1hrBleb_Composite_2.tif,M_LNS,blebbistatin,1hr,7222146.0,2488884.0,0.3446183447412999,1928078.0,987303.0,0.5120659018981597,0.2260571972740529
8,19,84293.0,26578.0,M_NLS_1hrBleb_Composite_2.tif,M_LNS,blebbistatin,1hr,4662695.0,1582152.0,0.3393213581415898,651415.0,265225.0,0.4071521226867665,0.31530494821634064
9,20,100367.0,30394.0,M_NLS_1hrBleb_Composite_2.tif,M_LNS,blebbistatin,1hr,5122501.0,1856032.0,0.36232926064826537,466656.0,166721.0,0.35726745182747033,0.30282861896838603
10,23,112025.0,37320.0,M_NLS_1hrBleb_Composite_2.tif,M_LNS,blebbistatin,1hr,11167280.0,4069870.0,0.36444595281930786,593312.0,210393.0,0.35460769375977563,0.33313992412407945
0,9,65894.0,22060.0,M_NLS_1hrBleb_Composite_3.tif,M_LNS,blebbistatin,1hr,8967256.0,3040313.0,0.339046080540134,264289.0,86797.0,0.32841699805894303,0.3347801013749355
1,10,139104.0,25719.0,M_NLS_1hrBleb_Composite_3.tif,M_LNS,blebbistatin,1hr,13125574.0,2956157.0,0.225221159851752,423266.0,85178.0,0.20123988224898764,0.18489044168391994
2,12,54404.0,11575.0,M_NLS_1hrBleb_Composite_3.tif,M_LNS,blebbistatin,1hr,5545117.0,1409558.0,0.254198062908321,175267.0,38145.0,0.21763937307080056,0.21276009116976694
3,13,86895.0,30576.0,M_NLS_1hrBleb_Composite_3.tif,M_LNS,blebbistatin,1hr,10619035.0,4435943.0,0.4177350390124903,330034.0,140159.0,0.42468048746492787,0.3518729501122044
4,14,108150.0,22251.0,M_NLS_1hrBleb_Composite_3.tif,M_LNS,blebbistatin,1hr,10680958.0,2359641.0,0.2209203519010186,367934.0,75303.0,0.20466442351073835,0.20574202496532593
5,15,49382.0,15228.0,M_NLS_1hrBleb_Composite_3.tif,M_LNS,blebbistatin,1hr,7166713.0,2181744.0,0.3044274271901219,206055.0,61662.0,0.29925020018926984,0.3083714713863351
6,16,105938.0,25809.0,M_NLS_1hrBleb_Composite_3.tif,M_LNS,blebbistatin,1hr,10775809.0,2933735.0,0.27225194878639736,337027.0,86496.0,0.25664412643497403,0.24362362891502576
7,17,164466.0,38833.0,M_NLS_1hrBleb_Composite_3.tif,M_LNS,blebbistatin,1hr,15742810.0,5947782.0,0.3778094253821268,571914.0,203058.0,0.35504988512258834,0.23611567132416428
8,18,72419.0,20291.0,M_NLS_1hrBleb_Composite_3.tif,M_LNS,blebbistatin,1hr,5890090.0,2167879.0,0.3680553268286223,269439.0,105702.0,0.3923040094418403,0.28018890070285424
9,19,172693.0,30622.0,M_NLS_1hrBleb_Composite_3.tif,M_LNS,blebbistatin,1hr,12422254.0,3097384.0,0.24934154461823113,488066.0,112727.0,0.23096671351825368,0.1773204472676947
10,22,120628.0,26476.0,M_NLS_1hrBleb_Composite_3.tif,M_LNS,blebbistatin,1hr,8546080.0,2688826.0,0.314626823058057,336271.0,82804.0,0.2462418703961983,0.21948469675365587
11,24,267555.0,28096.0,M_NLS_1hrBleb_Composite_3.tif,M_LNS,blebbistatin,1hr,15501781.0,3718652.0,0.23988546864389323,733786.0,127243.0,0.17340614293540624,0.10501018482181233
0,7,79732.0,25514.0,M_NLS_1hrBleb_Composite_4.tif,M_LNS,blebbistatin,1hr,5298172.0,1808393.0,0.34132395097780893,1363898.0,512516.0,0.375772968359804,0.31999698991621933
1,8,82943.0,15142.0,M_NLS_1hrBleb_Composite_4.tif,M_LNS,blebbistatin,1hr,5070790.0,925820.0,0.18257904586859247,1207523.0,217136.0,0.17981934919666126,0.1825591068565159
2,9,43142.0,11090.0,M_NLS_1hrBleb_Composite_4.tif,M_LNS,blebbistatin,1hr,5128538.0,1200555.0,0.23409303002142132,405401.0,97669.0,0.24091948465839996,0.2570580872467665
3,10,76335.0,34610.0,M_NLS_1hrBleb_Composite_4.tif,M_LNS,blebbistatin,1hr,8301314.0,3583298.0,0.431654314003783,1072809.0,492590.0,0.4591590861001352,0.45339621405646163
4,11,45298.0,11523.0,M_NLS_1hrBleb_Composite_4.tif,M_LNS,blebbistatin,1hr,5291743.0,1256172.0,0.23738341034324606,428445.0,102157.0,0.23843667215161807,0.25438209192458827
5,12,51522.0,11208.0,M_NLS_1hrBleb_Composite_4.tif,M_LNS,blebbistatin,1hr,3942220.0,849304.0,0.21543800193799434,838877.0,214583.0,0.25579792985145616,0.21753813904739722
6,13,97408.0,24259.0,M_NLS_1hrBleb_Composite_4.tif,M_LNS,blebbistatin,1hr,6698355.0,2629634.0,0.3925790735187968,1731071.0,630241.0,0.364075765812032,0.24904525295663602
7,16,55061.0,19542.0,M_NLS_1hrBleb_Composite_4.tif,M_LNS,blebbistatin,1hr,6205048.0,2371115.0,0.3821267780684372,3657466.0,2893607.0,0.7911507584759503,0.35491545740179076
8,18,99195.0,29295.0,M_NLS_1hrBleb_Composite_4.tif,M_LNS,blebbistatin,1hr,8319060.0,2134744.0,0.25660879955187244,1121653.0,382920.0,0.3413890035510091,0.29532738545289583
9,20,108119.0,22933.0,M_NLS_1hrBleb_Composite_4.tif,M_LNS,blebbistatin,1hr,6415787.0,2233933.0,0.3481931367110535,1702028.0,739649.0,0.434569231528506,0.21210888003033695
10,21,115581.0,18213.0,M_NLS_1hrBleb_Composite_4.tif,M_LNS,blebbistatin,1hr,7025768.0,1642665.0,0.23380575618209995,977636.0,153800.0,0.15731826569398016,0.15757780258000884
11,24,145367.0,30432.0,M_NLS_1hrBleb_Composite_4.tif,M_LNS,blebbistatin,1hr,11402074.0,2781879.0,0.24398008642988986,1337726.0,295006.0,0.2205279706008555,0.20934600012382454
12,25,90142.0,27688.0,M_NLS_1hrBleb_Composite_4.tif,M_LNS,blebbistatin,1hr,4865078.0,1764154.0,0.3626157689558112,732649.0,247876.0,0.33832844923012245,0.3071598145148765
13,26,136967.0,37859.0,M_NLS_1hrBleb_Composite_4.tif,M_LNS,blebbistatin,1hr,10303879.0,3222906.0,0.31278569944386964,1098635.0,336625.0,0.30640294547324637,0.2764096461191382
14,27,197149.0,27733.0,M_NLS_1hrBleb_Composite_4.tif,M_LNS,blebbistatin,1hr,9550706.0,2203797.0,0.2307470254031482,1531342.0,335190.0,0.2188864407820069,0.14067025447757786
15,28,76142.0,12589.0,M_NLS_1hrBleb_Composite_4.tif,M_LNS,blebbistatin,1hr,5436059.0,1014731.0,0.18666666421390937,779260.0,153892.0,0.19748479326540563,0.16533581991542118
16,33,169879.0,36610.0,M_NLS_1hrBleb_Composite_4.tif,M_LNS,blebbistatin,1hr,9712140.0,2990598.0,0.3079236913800666,2627369.0,1421763.0,0.5411356379709131,0.21550633097675403
17,34,132164.0,26800.0,M_NLS_1hrBleb_Composite_4.tif,M_LNS,blebbistatin,1hr,6494401.0,1725186.0,0.2656420507449417,1983872.0,1038827.0,0.5236361015226789,0.20277836627220724
0,5,166483.0,32774.0,M_NLS_1hrBleb_Composite_5.tif,M_LNS,blebbistatin,1hr,5597480.0,1806942.0,0.32281348035187263,1359848.0,282614.0,0.2078276395597155,0.1968609407567139
1,7,98818.0,11750.0,M_NLS_1hrBleb_Composite_5.tif,M_LNS,blebbistatin,1hr,2595847.0,344144.0,0.13257483973439113,1049184.0,183393.0,0.1747958413395553,0.11890546256754843
2,11,30969.0,4005.0,M_NLS_1hrBleb_Composite_5.tif,M_LNS,blebbistatin,1hr,873754.0,139898.0,0.16011142724382377,842453.0,118400.0,0.1405419649523475,0.12932287125835512
3,13,47696.0,18177.0,M_NLS_1hrBleb_Composite_5.tif,M_LNS,blebbistatin,1hr,1969696.0,855488.0,0.4343248907445616,3770061.0,1850574.0,0.4908604927082082,0.3811011405568601
4,14,105648.0,33237.0,M_NLS_1hrBleb_Composite_5.tif,M_LNS,blebbistatin,1hr,4174033.0,1450797.0,0.3475767920378205,2400593.0,1150877.0,0.4794136282160283,0.3146013175829169
5,15,113645.0,26577.0,M_NLS_1hrBleb_Composite_5.tif,M_LNS,blebbistatin,1hr,4093024.0,1638666.0,0.4003558249353046,876747.0,243259.0,0.2774563243444232,0.23385982665317437
6,16,86936.0,17861.0,M_NLS_1hrBleb_Composite_5.tif,M_LNS,blebbistatin,1hr,2120098.0,519108.0,0.24485094556949727,2357361.0,561695.0,0.2382727974205054,0.20544998619674243
7,17,139637.0,29416.0,M_NLS_1hrBleb_Composite_5.tif,M_LNS,blebbistatin,1hr,5741922.0,1483021.0,0.2582795447238747,1343133.0,262100.0,0.1951407641685522,0.21066049829199998
8,19,53845.0,15187.0,M_NLS_1hrBleb_Composite_5.tif,M_LNS,blebbistatin,1hr,1879476.0,494956.0,0.26334786929974097,3709479.0,1048719.0,0.28271328669066464,0.28205032964992105
9,20,108926.0,25817.0,M_NLS_1hrBleb_Composite_5.tif,M_LNS,blebbistatin,1hr,4901390.0,1919036.0,0.39152893362903174,950208.0,246129.0,0.25902644473631037,0.23701411967757927
10,22,133419.0,28773.0,M_NLS_1hrBleb_Composite_5.tif,M_LNS,blebbistatin,1hr,5351967.0,2268749.0,0.4239093776176124,2412007.0,926410.0,0.3840826332593562,0.21565893913160794
11,24,114995.0,26563.0,M_NLS_1hrBleb_Composite_5.tif,M_LNS,blebbistatin,1hr,5972888.0,2064020.0,0.345564825591908,3576912.0,2087566.0,0.5836224094973541,0.23099265185442847
12,26,144224.0,29660.0,M_NLS_1hrBleb_Composite_5.tif,M_LNS,blebbistatin,1hr,4739512.0,1543787.0,0.3257269946779331,1070472.0,233696.0,0.21831117488360274,0.20565231861548702
13,27,113265.0,22094.0,M_NLS_1hrBleb_Composite_5.tif,M_LNS,blebbistatin,1hr,6035207.0,2175758.0,0.36051091536711166,973574.0,226051.0,0.23218676751844236,0.1950646713459586
14,28,104232.0,28312.0,M_NLS_1hrBleb_Composite_5.tif,M_LNS,blebbistatin,1hr,4493594.0,1450761.0,0.32285092956773576,1325868.0,613705.0,0.46287036115209057,0.2716248369022949
0,10,143854.0,32886.0,M_NLS_1hrBleb_Composite_6.tif,M_LNS,blebbistatin,1hr,10967211.0,3733826.0,0.3404535574267697,1539694.0,387503.0,0.25167533289082117,0.22860678187606878
1,11,100146.0,28118.0,M_NLS_1hrBleb_Composite_6.tif,M_LNS,blebbistatin,1hr,6639686.0,2347621.0,0.3535740997390539,1113930.0,323299.0,0.29023277943856435,0.28077007568949336
2,12,127355.0,24059.0,M_NLS_1hrBleb_Composite_6.tif,M_LNS,blebbistatin,1hr,6422024.0,1935254.0,0.3013464291008567,1231898.0,277043.0,0.22489118417271559,0.18891288131600645
3,13,112898.0,30163.0,M_NLS_1hrBleb_Composite_6.tif,M_LNS,blebbistatin,1hr,10205550.0,2971995.0,0.29121360436233223,1377297.0,381359.0,0.27688944359858475,0.2671703661712342
4,15,151324.0,32636.0,M_NLS_1hrBleb_Composite_6.tif,M_LNS,blebbistatin,1hr,13585036.0,4088603.0,0.3009637221425103,1715967.0,436311.0,0.25426537922932085,0.21566968887949037
5,16,100630.0,35473.0,M_NLS_1hrBleb_Composite_6.tif,M_LNS,blebbistatin,1hr,7986465.0,3085299.0,0.3863159733373902,2111482.0,1237229.0,0.5859528994327207,0.35250919208983406
6,17,180082.0,30371.0,M_NLS_1hrBleb_Composite_6.tif,M_LNS,blebbistatin,1hr,7722053.0,1834616.0,0.23758137894158457,1822007.0,371030.0,0.20363807603373643,0.16865094790151153
7,18,131419.0,34185.0,M_NLS_1hrBleb_Composite_6.tif,M_LNS,blebbistatin,1hr,11262421.0,3328171.0,0.2955111516431503,1673259.0,456471.0,0.2728035528271475,0.26012220455185325
8,19,67745.0,14956.0,M_NLS_1hrBleb_Composite_6.tif,M_LNS,blebbistatin,1hr,7731541.0,1906168.0,0.2465443822906714,987714.0,232936.0,0.23583344976379803,0.2207690604472655
9,23,45089.0,11455.0,M_NLS_1hrBleb_Composite_6.tif,M_LNS,blebbistatin,1hr,6703886.0,1534167.0,0.22884741775143552,675631.0,162868.0,0.24106057892547855,0.25405309498990886
10,24,143586.0,22476.0,M_NLS_1hrBleb_Composite_6.tif,M_LNS,blebbistatin,1hr,7913469.0,1760090.0,0.22241699563111955,1454961.0,295527.0,0.20311678457360713,0.15653336676277632
0,3,420013.0,34059.0,M_NLS_1hrBleb_Composite_7.tif,M_LNS,blebbistatin,1hr,14966744.0,5045489.0,0.337113336073631,14999049.0,5670042.0,0.37802676689702125,0.08109034720353894
1,4,129448.0,6234.0,M_NLS_1hrBleb_Composite_7.tif,M_LNS,blebbistatin,1hr,5054904.0,417839.0,0.08266012569180345,1126841.0,19062.0,0.016916317386392578,0.048158333848340645
2,9,159478.0,27767.0,M_NLS_1hrBleb_Composite_7.tif,M_LNS,blebbistatin,1hr,11138200.0,2975855.0,0.267175575945844,619453.0,126974.0,0.2049776173495003,0.17411178971394173
3,10,117556.0,24103.0,M_NLS_1hrBleb_Composite_7.tif,M_LNS,blebbistatin,1hr,6187333.0,1569119.0,0.25360183458688906,396679.0,134212.0,0.3383390600460322,0.20503419646806628
4,13,214386.0,26116.0,M_NLS_1hrBleb_Composite_7.tif,M_LNS,blebbistatin,1hr,16530229.0,2660579.0,0.1609523376838881,2088482.0,841156.0,0.40275951624194034,0.12181765600365696
5,14,157180.0,37580.0,M_NLS_1hrBleb_Composite_7.tif,M_LNS,blebbistatin,1hr,11014725.0,3120654.0,0.28331656033173774,400717.0,99901.0,0.24930561967672946,0.23908894261356406
6,15,162936.0,33222.0,M_NLS_1hrBleb_Composite_7.tif,M_LNS,blebbistatin,1hr,10398894.0,3076139.0,0.2958140548408321,2448687.0,1448441.0,0.5915174132096099,0.2038960082486375
0,13,161362.0,35978.0,M_NLS_1hrBleb_Composite_8.tif,M_LNS,blebbistatin,1hr,7911203.0,2319238.0,0.29315870165384456,1460160.0,539846.0,0.36971701731317114,0.22296451456972521
1,15,248258.0,39152.0,M_NLS_1hrBleb_Composite_8.tif,M_LNS,blebbistatin,1hr,10444987.0,3470831.0,0.33229634464839447,3256424.0,1388981.0,0.42653567225889505,0.15770690169098278
2,16,55323.0,3902.0,M_NLS_1hrBleb_Composite_8.tif,M_LNS,blebbistatin,1hr,1658765.0,102908.0,0.06203892655077724,484068.0,31490.0,0.06505284381533173,0.07053124378649024
3,18,100479.0,18383.0,M_NLS_1hrBleb_Composite_8.tif,M_LNS,blebbistatin,1hr,6179983.0,1454647.0,0.23538042094937803,507266.0,101438.0,0.1999700354449145,0.182953652006887
4,19,101025.0,15472.0,M_NLS_1hrBleb_Composite_8.tif,M_LNS,blebbistatin,1hr,5010169.0,935323.0,0.18668492020927838,456256.0,75217.0,0.16485701009959322,0.15315021034397427
5,20,24112.0,1581.0,M_NLS_1hrBleb_Composite_8.tif,M_LNS,blebbistatin,1hr,1403963.0,97764.0,0.0696343137247919,2823919.0,196796.0,0.06968896770764317,0.0655690112806901
6,23,240610.0,25906.0,M_NLS_1hrBleb_Composite_8.tif,M_LNS,blebbistatin,1hr,6062783.0,893292.0,0.14734025611670415,1500208.0,249482.0,0.16629827330610156,0.10766801047338016
0,3,200798.0,38582.0,M_NLS_1hrBleb_Composite_9.tif,M_LNS,blebbistatin,1hr,10908774.0,3037065.0,0.27840571268595354,1957528.0,455343.0,0.23261123212541532,0.19214334804131517
1,5,120277.0,32606.0,M_NLS_1hrBleb_Composite_9.tif,M_LNS,blebbistatin,1hr,6845201.0,2584122.0,0.3775085640290183,1403476.0,420259.0,0.29944152945971286,0.2710908985092744
2,7,146288.0,23854.0,M_NLS_1hrBleb_Composite_9.tif,M_LNS,blebbistatin,1hr,9044360.0,2190272.0,0.24216992689366634,1625273.0,315321.0,0.19401109844315387,0.16306190528272996
3,8,97764.0,33962.0,M_NLS_1hrBleb_Composite_9.tif,M_LNS,blebbistatin,1hr,7240464.0,2893870.0,0.3996801862422077,1129877.0,452700.0,0.40066308102563375,0.3473875864326337
4,14,191919.0,30444.0,M_NLS_1hrBleb_Composite_9.tif,M_LNS,blebbistatin,1hr,13392037.0,3038653.0,0.22689998541670695,2021065.0,373639.0,0.18487233216150892,0.15862942178731654
5,18,87329.0,5535.0,M_NLS_1hrBleb_Composite_9.tif,M_LNS,blebbistatin,1hr,6267577.0,477494.0,0.07618478400823796,845679.0,76000.0,0.08986861445063671,0.06338100745456836
6,19,38895.0,5307.0,M_NLS_1hrBleb_Composite_9.tif,M_LNS,blebbistatin,1hr,2909743.0,460450.0,0.15824421606994157,467744.0,68263.0,0.145940942053773,0.13644427304280757
7,20,146526.0,25142.0,M_NLS_1hrBleb_Composite_9.tif,M_LNS,blebbistatin,1hr,8079889.0,1459498.0,0.1806334220680507,1622709.0,369110.0,0.2274653064720785,0.17158729508756126
8,26,100153.0,16499.0,M_NLS_1hrBleb_Composite_9.tif,M_LNS,blebbistatin,1hr,4516665.0,944936.0,0.20921099970885598,1708792.0,405232.0,0.2371453049873829,0.16473795093506935
0,8,138746.0,27507.0,1hrROCKi_Composite_1.tif,OTHER,ROCKi,1hr,9576222.0,2973237.0,0.3104812106486253,8672209.0,1954237.0,0.22534477663072927,0.19825436408977556
1,9,151690.0,36318.0,1hrROCKi_Composite_1.tif,OTHER,ROCKi,1hr,9947242.0,3542249.0,0.35610363153927493,9596140.0,2481452.0,0.25858855748248777,0.23942250642758256
2,11,155468.0,26987.0,1hrROCKi_Composite_1.tif,OTHER,ROCKi,1hr,10847228.0,2364358.0,0.21796886725345868,9031915.0,1863814.0,0.20635867365890845,0.17358556101577174
3,14,93237.0,28496.0,1hrROCKi_Composite_1.tif,OTHER,ROCKi,1hr,10733537.0,4769370.0,0.4443428107621933,6712240.0,2322669.0,0.3460348557262553,0.30562973926660014
4,17,102053.0,33008.0,1hrROCKi_Composite_1.tif,OTHER,ROCKi,1hr,8588445.0,3296942.0,0.3838811333134229,6801011.0,2316009.0,0.3405389286975128,0.32343978129011397
5,18,87400.0,26083.0,1hrROCKi_Composite_1.tif,OTHER,ROCKi,1hr,6449170.0,2312865.0,0.35862987020035136,5620594.0,1787522.0,0.31803079887997604,0.2984324942791762
6,19,112782.0,28993.0,1hrROCKi_Composite_1.tif,OTHER,ROCKi,1hr,6544601.0,2356406.0,0.36005342418888486,6734301.0,1902701.0,0.2825387519803466,0.2570711638382011
7,21,109242.0,29285.0,1hrROCKi_Composite_1.tif,OTHER,ROCKi,1hr,11755173.0,3988532.0,0.3393001532176515,7694161.0,2267421.0,0.2946937294397661,0.2680745500814705
8,22,103433.0,34627.0,1hrROCKi_Composite_1.tif,OTHER,ROCKi,1hr,12555673.0,3994540.0,0.3181462276056409,8227884.0,2884388.0,0.35056255046862594,0.33477710208540795
9,26,209723.0,28916.0,1hrROCKi_Composite_1.tif,OTHER,ROCKi,1hr,9161034.0,2552373.0,0.2786118903171847,10903011.0,1827289.0,0.16759489649235426,0.13787710456173144
10,27,102754.0,30680.0,1hrROCKi_Composite_1.tif,OTHER,ROCKi,1hr,6677038.0,2182204.0,0.3268221627613921,6261153.0,1971590.0,0.314892480666101,0.2985771843431886
11,29,108779.0,30826.0,1hrROCKi_Composite_1.tif,OTHER,ROCKi,1hr,7157346.0,2956115.0,0.41301831712481135,6291502.0,1977625.0,0.31433273008575696,0.28338190275696595
12,31,81913.0,27102.0,1hrROCKi_Composite_1.tif,OTHER,ROCKi,1hr,7155545.0,2718268.0,0.37988273429906455,5068646.0,1771821.0,0.3495649528493408,0.330863232942268
13,34,52115.0,19088.0,1hrROCKi_Composite_1.tif,OTHER,ROCKi,1hr,6212631.0,2615548.0,0.4210048850478968,3609058.0,1401876.0,0.3884326602675823,0.3662669097188909
0,8,72334.0,24664.0,1hrROCKi_Composite_2.tif,OTHER,ROCKi,1hr,5202363.0,2151727.0,0.41360570187047696,2683886.0,1020815.0,0.38034961246491095,0.3409738159095308
1,9,101422.0,31715.0,1hrROCKi_Composite_2.tif,OTHER,ROCKi,1hr,7089789.0,2110045.0,0.29761746082993445,4210889.0,1472228.0,0.349624034259749,0.3127033582457455
2,12,100043.0,28583.0,1hrROCKi_Composite_2.tif,OTHER,ROCKi,1hr,8851491.0,3015689.0,0.34069842018706226,4265856.0,1331523.0,0.31213500877666756,0.28570714592725127
3,13,77112.0,35254.0,1hrROCKi_Composite_2.tif,OTHER,ROCKi,1hr,4309163.0,1804018.0,0.4186469622987109,3117081.0,1450259.0,0.4652618908523712,0.4571791679634817
4,14,78579.0,30306.0,1hrROCKi_Composite_2.tif,OTHER,ROCKi,1hr,4308339.0,1401811.0,0.325371564308194,3224218.0,1266313.0,0.39275042816583744,0.3856755621730997
5,15,121868.0,37273.0,1hrROCKi_Composite_2.tif,OTHER,ROCKi,1hr,8845625.0,2724466.0,0.30800152617819543,4916823.0,1571318.0,0.31957994013614077,0.3058473102044835
6,17,118165.0,28127.0,1hrROCKi_Composite_2.tif,OTHER,ROCKi,1hr,8554890.0,2724556.0,0.31847937261612946,4704707.0,1207178.0,0.256589411412868,0.2380315660305505
7,18,121268.0,33854.0,1hrROCKi_Composite_2.tif,OTHER,ROCKi,1hr,8980676.0,2783228.0,0.30991297314366983,4926925.0,1471962.0,0.29875875926668255,0.27916680410330835
8,19,166033.0,37522.0,1hrROCKi_Composite_2.tif,OTHER,ROCKi,1hr,10561303.0,3373779.0,0.31944723108502804,6417722.0,1572839.0,0.2450774589488295,0.22599121861316726
9,20,99337.0,25520.0,1hrROCKi_Composite_2.tif,OTHER,ROCKi,1hr,7725129.0,2409450.0,0.31189770423251184,3850992.0,1057508.0,0.2746066468068487,0.25690326867129065
10,21,91608.0,33747.0,1hrROCKi_Composite_2.tif,OTHER,ROCKi,1hr,6928357.0,2571009.0,0.37108494842283674,3803174.0,1469283.0,0.38633073322440675,0.36838485721771025
11,25,101798.0,28263.0,1hrROCKi_Composite_2.tif,OTHER,ROCKi,1hr,8956266.0,2514544.0,0.28075807484949644,4358810.0,1242633.0,0.28508537880751855,0.27763806754553133
12,26,95057.0,29364.0,1hrROCKi_Composite_2.tif,OTHER,ROCKi,1hr,7834299.0,2527489.0,0.32261839891482313,4311586.0,1407879.0,0.32653390190987724,0.3089093912073808
13,27,132091.0,32869.0,1hrROCKi_Composite_2.tif,OTHER,ROCKi,1hr,11302189.0,3525582.0,0.31193797944805207,5470371.0,1550235.0,0.2833875435505197,0.24883602970679305
14,28,155454.0,32140.0,1hrROCKi_Composite_2.tif,OTHER,ROCKi,1hr,12806729.0,3207762.0,0.2504747309012317,7153168.0,1588739.0,0.22210285009383254,0.206749263447708
15,29,83196.0,26593.0,1hrROCKi_Composite_2.tif,OTHER,ROCKi,1hr,6199427.0,1788788.0,0.2885408603085414,3460857.0,1116356.0,0.3225663470059584,0.31964277128708113
16,30,176069.0,30767.0,1hrROCKi_Composite_2.tif,OTHER,ROCKi,1hr,10366762.0,2264448.0,0.2184334896470084,7038348.0,1391837.0,0.1977505232762006,0.17474399241206573
17,33,129876.0,32251.0,1hrROCKi_Composite_2.tif,OTHER,ROCKi,1hr,8156859.0,2312129.0,0.2834582527416497,5031194.0,1307846.0,0.2599474399118778,0.2483214758692907
0,7,55221.0,23902.0,1hrROCKi_Composite_3.tif,OTHER,ROCKi,1hr,3977969.0,1776099.0,0.44648387154349367,3161347.0,1438861.0,0.455141748121924,0.43284257800474457
1,9,86234.0,30176.0,1hrROCKi_Composite_3.tif,OTHER,ROCKi,1hr,8123640.0,3671302.0,0.45192819967403774,5380156.0,2038984.0,0.3789823194717774,0.349931581510773
2,11,103832.0,33241.0,1hrROCKi_Composite_3.tif,OTHER,ROCKi,1hr,6263452.0,2746041.0,0.4384229335516581,5320608.0,1803159.0,0.3389009301192646,0.320142152708221
3,13,73744.0,34368.0,1hrROCKi_Composite_3.tif,OTHER,ROCKi,1hr,5945727.0,3477521.0,0.5848773413242822,4387081.0,2136002.0,0.48688455945992337,0.46604469516164027
4,14,88824.0,27631.0,1hrROCKi_Composite_3.tif,OTHER,ROCKi,1hr,7382696.0,2940790.0,0.398335513205474,5557522.0,1839069.0,0.3309152892242262,0.31107583535981265
5,15,84268.0,32498.0,1hrROCKi_Composite_3.tif,OTHER,ROCKi,1hr,7586906.0,3568604.0,0.4703635447704242,4998495.0,2007878.0,0.4016965106497056,0.3856505435040585
6,18,114072.0,31512.0,1hrROCKi_Composite_3.tif,OTHER,ROCKi,1hr,6291096.0,2565040.0,0.4077254583303132,5672505.0,1698436.0,0.2994155139572376,0.2762465811066695
7,19,71688.0,24726.0,1hrROCKi_Composite_3.tif,OTHER,ROCKi,1hr,5771282.0,2191280.0,0.37968687026556663,4264534.0,1562132.0,0.36630778415648696,0.3449112822229662
8,20,103376.0,28548.0,1hrROCKi_Composite_3.tif,OTHER,ROCKi,1hr,8135776.0,2809618.0,0.34534112050282606,6321223.0,1892692.0,0.29941864098134174,0.2761569416498994
9,22,365289.0,38292.0,1hrROCKi_Composite_3.tif,OTHER,ROCKi,1hr,13363917.0,2455311.0,0.18372689683720725,18750088.0,2404299.0,0.12822867818007042,0.10482658935801516
10,23,119644.0,35055.0,1hrROCKi_Composite_3.tif,OTHER,ROCKi,1hr,7783379.0,3469847.0,0.44580213812021746,6539462.0,2090140.0,0.31961956503455485,0.2929942161746515
11,24,123573.0,31985.0,1hrROCKi_Composite_3.tif,OTHER,ROCKi,1hr,9044539.0,3610171.0,0.3991547827921357,7309510.0,2080405.0,0.2846162054638409,0.25883485874746104
12,25,170982.0,34163.0,1hrROCKi_Composite_3.tif,OTHER,ROCKi,1hr,10355965.0,3025251.0,0.292126421825489,9426131.0,2068521.0,0.2194453906910481,0.1998046578002363
13,27,151891.0,37542.0,1hrROCKi_Composite_3.tif,OTHER,ROCKi,1hr,9598505.0,2562408.0,0.2669590733140213,8154187.0,2145246.0,0.2630852100890009,0.24716408477131627
14,31,172970.0,29083.0,1hrROCKi_Composite_3.tif,OTHER,ROCKi,1hr,8851662.0,2036928.0,0.2301181405254742,9079676.0,1735088.0,0.19109580562125786,0.1681389836387813
0,5,271910.0,36850.0,1hrROCKi_Composite_4.tif,OTHER,ROCKi,1hr,15203257.0,4606649.0,0.3030040865585578,14874376.0,2603704.0,0.17504626748712013,0.13552278327387737
1,7,199056.0,32890.0,1hrROCKi_Composite_4.tif,OTHER,ROCKi,1hr,11284244.0,3960082.0,0.3509390615800225,10722918.0,2224673.0,0.20746899304834748,0.16522988505747127
2,10,191370.0,36120.0,1hrROCKi_Composite_4.tif,OTHER,ROCKi,1hr,11685062.0,3201869.0,0.27401386488150425,10381230.0,2219738.0,0.21382225420301834,0.18874431729111146
3,14,115290.0,37256.0,1hrROCKi_Composite_4.tif,OTHER,ROCKi,1hr,10039796.0,4551993.0,0.4533949693798559,6745766.0,2456969.0,0.36422387020243513,0.3231503165929395
0,4,151868.0,28832.0,1hrROCKi_Composite_5.tif,OTHER,ROCKi,1hr,7529522.0,3361860.0,0.4464904943501062,2569219.0,632354.0,0.24612693585093368,0.18984907946374482
1,5,408143.0,35612.0,1hrROCKi_Composite_5.tif,OTHER,ROCKi,1hr,13737143.0,4589840.0,0.3341189649114084,6338092.0,846665.0,0.13358357688717676,0.08725373214780113
2,6,173597.0,35249.0,1hrROCKi_Composite_5.tif,OTHER,ROCKi,1hr,9358348.0,3852698.0,0.411685694953853,3012428.0,779762.0,0.2588483442591823,0.20305074396446943
3,8,268907.0,31726.0,1hrROCKi_Composite_5.tif,OTHER,ROCKi,1hr,11080629.0,3257759.0,0.29400488004787456,4531659.0,756367.0,0.16690730701493647,0.11798130952336681
0,7,314668.0,29784.0,1hrROCKi_Composite_6.tif,OTHER,ROCKi,1hr,13504774.0,4179106.0,0.30945397531273017,23865290.0,3181196.0,0.13329802403406787,0.094652141304486
1,10,228122.0,35384.0,1hrROCKi_Composite_6.tif,OTHER,ROCKi,1hr,9861024.0,3222104.0,0.3267514611058649,18231753.0,3431929.0,0.18823911227845178,0.15510998500802203
2,16,207969.0,36747.0,1hrROCKi_Composite_6.tif,OTHER,ROCKi,1hr,10399224.0,4551433.0,0.43767044541015754,16148234.0,3612869.0,0.22373152383102698,0.17669460352264038
0,7,257051.0,32133.0,1hrROCKi_Composite_7.tif,OTHER,ROCKi,1hr,10497357.0,2480839.0,0.2363298685564376,16993588.0,2773699.0,0.1632203275729646,0.12500632170269713
1,8,97605.0,22657.0,1hrROCKi_Composite_7.tif,OTHER,ROCKi,1hr,5299605.0,1683707.0,0.3177042439955431,6904631.0,1908904.0,0.27646720005746866,0.23212950156241996
2,9,165887.0,32524.0,1hrROCKi_Composite_7.tif,OTHER,ROCKi,1hr,10575829.0,4398107.0,0.41586404243109454,11704067.0,2907385.0,0.24840809609172607,0.19606117417278027
3,11,257876.0,27089.0,1hrROCKi_Composite_7.tif,OTHER,ROCKi,1hr,8856888.0,2838737.0,0.32051178698432226,14839487.0,2067568.0,0.13932880563863156,0.10504661154973709
4,12,199974.0,39038.0,1hrROCKi_Composite_7.tif,OTHER,ROCKi,1hr,10114431.0,4070298.0,0.4024248126266322,14080694.0,3388454.0,0.24064538296194776,0.19521537799913988
5,14,167607.0,25619.0,1hrROCKi_Composite_7.tif,OTHER,ROCKi,1hr,10794234.0,3862194.0,0.3578015818445292,11320044.0,2228953.0,0.19690320991685192,0.15285161120955568
6,18,171974.0,33919.0,1hrROCKi_Composite_7.tif,OTHER,ROCKi,1hr,8077499.0,2623521.0,0.3247937263749584,10989572.0,2464036.0,0.22421582933348086,0.19723330270854897
7,20,99277.0,21094.0,1hrROCKi_Composite_7.tif,OTHER,ROCKi,1hr,6721668.0,2699372.0,0.40159258088914834,6801814.0,1789124.0,0.2630363017865528,0.21247620294730904
0,3,309142.0,25865.0,1hrROCKi_Composite_8.tif,OTHER,ROCKi,1hr,13062906.0,2347361.0,0.17969669229802313,12607152.0,1346046.0,0.10676844381665264,0.0836670526812921
1,4,379097.0,29598.0,1hrROCKi_Composite_8.tif,OTHER,ROCKi,1hr,18340705.0,4067732.0,0.2217871123274705,15172409.0,1640696.0,0.10813681597958505,0.0780750045502866
2,8,352008.0,32390.0,1hrROCKi_Composite_8.tif,OTHER,ROCKi,1hr,13606557.0,3838139.0,0.28208010299740044,14189807.0,1735178.0,0.12228341090192418,0.09201495420558624
0,5,216501.0,37002.0,1hrROCKi_Composite_9.tif,OTHER,ROCKi,1hr,13913466.0,3807451.0,0.27365223014883566,1999435.0,393433.0,0.19677208811489247,0.17090914129726884
1,6,131370.0,33058.0,1hrROCKi_Composite_9.tif,OTHER,ROCKi,1hr,9548221.0,3790841.0,0.39702065966005606,1284199.0,379907.0,0.29583187652380977,0.2516404049630814
2,7,271873.0,32035.0,1hrROCKi_Composite_9.tif,OTHER,ROCKi,1hr,13361872.0,3668616.0,0.2745585349118746,2271060.0,367073.0,0.16163069227585355,0.11783075185840447
3,9,285519.0,32225.0,1hrROCKi_Composite_9.tif,OTHER,ROCKi,1hr,16627383.0,3641116.0,0.21898310756419095,2549748.0,339290.0,0.1330680522153562,0.1128646429834792
0,7,192422.0,37833.0,1hr_ROCKi_Composite_10.tif,OTHER,ROCKi,1hr,6758280.0,2072769.0,0.3067006694010902,7843261.0,1773873.0,0.22616523917793888,0.19661473220317843
1,14,201781.0,36922.0,1hr_ROCKi_Composite_10.tif,OTHER,ROCKi,1hr,11043310.0,4529586.0,0.41016561157841264,8653849.0,2105970.0,0.2433564532960998,0.18298055812985364
2,15,350888.0,35035.0,1hr_ROCKi_Composite_10.tif,OTHER,ROCKi,1hr,8022916.0,2674990.0,0.33341867221344457,12652440.0,1701873.0,0.13450947011011316,0.09984667472241855
0,9,71489.0,16196.0,L_NLS_1hrROCKi_Composite_1.tif,L_LNS,ROCKi,1hr,7152644.0,2055552.0,0.28738351859815753,1110384.0,306082.0,0.2756541881006931,0.22655233672313224
1,10,61423.0,28377.0,L_NLS_1hrROCKi_Composite_1.tif,L_LNS,ROCKi,1hr,5642603.0,2409638.0,0.42704368887905103,483863.0,184702.0,0.38172375238445594,0.4619930644872442
2,14,61760.0,24433.0,L_NLS_1hrROCKi_Composite_1.tif,L_LNS,ROCKi,1hr,6170291.0,2214213.0,0.3588506603659374,2176964.0,341725.0,0.15697319753565056,0.39561204663212435
3,18,68934.0,25615.0,L_NLS_1hrROCKi_Composite_1.tif,L_LNS,ROCKi,1hr,7892561.0,2346532.0,0.29730932709927743,905672.0,310166.0,0.3424705632944377,0.3715873154031392
4,19,52604.0,27133.0,L_NLS_1hrROCKi_Composite_1.tif,L_LNS,ROCKi,1hr,5699188.0,2384929.0,0.41846820985726385,634862.0,219708.0,0.34607205975471833,0.5157972777735533
5,20,99133.0,19815.0,L_NLS_1hrROCKi_Composite_1.tif,L_LNS,ROCKi,1hr,8014410.0,1813379.0,0.2262648155010787,720023.0,145812.0,0.2025101975909103,0.19988298548414757
6,21,59552.0,37425.0,L_NLS_1hrROCKi_Composite_1.tif,L_LNS,ROCKi,1hr,5738871.0,3317025.0,0.5779926051657199,435328.0,272870.0,0.6268147236107028,0.628442369693713
7,22,52666.0,28384.0,L_NLS_1hrROCKi_Composite_1.tif,L_LNS,ROCKi,1hr,5579872.0,3264167.0,0.5849895839904571,348254.0,190545.0,0.5471437513998404,0.5389435309307713
8,23,52893.0,24957.0,L_NLS_1hrROCKi_Composite_1.tif,L_LNS,ROCKi,1hr,5550187.0,2263974.0,0.4079094992655202,623658.0,315490.0,0.505870204503109,0.4718393738301855
9,26,31942.0,22076.0,L_NLS_1hrROCKi_Composite_1.tif,L_LNS,ROCKi,1hr,3032537.0,2003275.0,0.6605937536788504,257378.0,173801.0,0.6752752760531203,0.6911276688998811
10,27,62518.0,26868.0,L_NLS_1hrROCKi_Composite_1.tif,L_LNS,ROCKi,1hr,6405271.0,2858082.0,0.446207818529458,422706.0,183360.0,0.43377666747100824,0.4297642279023641
11,31,71332.0,21283.0,L_NLS_1hrROCKi_Composite_1.tif,L_LNS,ROCKi,1hr,7979984.0,1903913.0,0.2385860673404859,508024.0,150554.0,0.2963521408437397,0.29836539000728984
12,32,101375.0,22951.0,L_NLS_1hrROCKi_Composite_1.tif,L_LNS,ROCKi,1hr,11050810.0,2487876.0,0.22513064653179268,958509.0,225168.0,0.23491485212971397,0.22639704069050554
13,33,107899.0,26542.0,L_NLS_1hrROCKi_Composite_1.tif,L_LNS,ROCKi,1hr,9126774.0,2221761.0,0.24343333142685467,634150.0,137908.0,0.2174690530631554,0.24598930481283424
14,34,81777.0,25787.0,L_NLS_1hrROCKi_Composite_1.tif,L_LNS,ROCKi,1hr,10207229.0,3055986.0,0.29939428222880077,4134068.0,1833604.0,0.4435350361919543,0.31533316213605295
15,35,67126.0,28200.0,L_NLS_1hrROCKi_Composite_1.tif,L_LNS,ROCKi,1hr,7763292.0,3063022.0,0.39455195038393504,3961240.0,1853558.0,0.4679236804636932,0.4201054732890385
16,37,95874.0,31736.0,L_NLS_1hrROCKi_Composite_1.tif,L_LNS,ROCKi,1hr,11340079.0,3825292.0,0.33732498688942114,865429.0,239613.0,0.27687193287953143,0.33101779418820537
17,39,35345.0,16140.0,L_NLS_1hrROCKi_Composite_1.tif,L_LNS,ROCKi,1hr,3828034.0,1672654.0,0.43694857464693365,1514295.0,721432.0,0.47641443708128206,0.4566416749186589
18,40,202535.0,27627.0,L_NLS_1hrROCKi_Composite_1.tif,L_LNS,ROCKi,1hr,19441909.0,2314741.0,0.11905934751571978,2732317.0,728837.0,0.26674686721928675,0.13640605327474264
19,41,41904.0,18256.0,L_NLS_1hrROCKi_Composite_1.tif,L_LNS,ROCKi,1hr,5764056.0,2525369.0,0.43812360601631906,548424.0,148060.0,0.2699735970708795,0.43566246659030167
20,43,41081.0,20809.0,L_NLS_1hrROCKi_Composite_1.tif,L_LNS,ROCKi,1hr,5738579.0,2899704.0,0.505300005454312,566460.0,182979.0,0.32302192564347,0.5065358681628976
21,45,39731.0,17127.0,L_NLS_1hrROCKi_Composite_1.tif,L_LNS,ROCKi,1hr,3413727.0,1454877.0,0.42618434338774014,1839629.0,830908.0,0.4516715055046425,0.4310739724648259
22,47,83754.0,28593.0,L_NLS_1hrROCKi_Composite_1.tif,L_LNS,ROCKi,1hr,6928116.0,2499196.0,0.36073241267900247,3618500.0,1856688.0,0.5131098521486804,0.3413926499032882
0,2,84544.0,30941.0,L_NLS_1hrROCKi_Composite_10.tif,L_LNS,ROCKi,1hr,4765434.0,2382025.0,0.4998547876227013,405164.0,211098.0,0.5210186492383331,0.3659751135503406
1,5,162456.0,30980.0,L_NLS_1hrROCKi_Composite_10.tif,L_LNS,ROCKi,1hr,12841449.0,4530704.0,0.3528187512172497,566550.0,124196.0,0.2192145441708587,0.19069778893977446
2,10,124494.0,27095.0,L_NLS_1hrROCKi_Composite_10.tif,L_LNS,ROCKi,1hr,6615006.0,1851368.0,0.2798739713917115,339893.0,90728.0,0.26693106359942687,0.21764101081176604
3,11,126162.0,32187.0,L_NLS_1hrROCKi_Composite_10.tif,L_LNS,ROCKi,1hr,5416663.0,1576734.0,0.29108955089138827,755919.0,163141.0,0.2158180969124999,0.25512436391306414
4,12,131018.0,32020.0,L_NLS_1hrROCKi_Composite_10.tif,L_LNS,ROCKi,1hr,6363113.0,1830396.0,0.2876573149023128,490606.0,101514.0,0.20691552895806412,0.2443939000747989
5,17,130039.0,2939.0,L_NLS_1hrROCKi_Composite_10.tif,L_LNS,ROCKi,1hr,3762415.0,148417.0,0.03944726990510085,265242.0,8125.0,0.030632403616320192,0.02260091203408208
0,4,147398.0,36924.0,L_NLS_1hrROCKi_Composite_2.tif,L_LNS,ROCKi,1hr,7946019.0,3206404.0,0.403523324069575,2166891.0,867998.0,0.40057298682767156,0.250505434266408
1,5,172621.0,35857.0,L_NLS_1hrROCKi_Composite_2.tif,L_LNS,ROCKi,1hr,9211458.0,3047858.0,0.33087682753370856,3231659.0,1361415.0,0.42127433618460364,0.20772096094913134
2,7,213307.0,37048.0,L_NLS_1hrROCKi_Composite_2.tif,L_LNS,ROCKi,1hr,14449270.0,4645483.0,0.32150295482055496,1448258.0,288838.0,0.19943822164282884,0.17368393911123403
3,15,130667.0,37416.0,L_NLS_1hrROCKi_Composite_2.tif,L_LNS,ROCKi,1hr,7889136.0,5111623.0,0.6479319154847882,2777221.0,1852113.0,0.6668943523039758,0.286346208300489
4,17,115299.0,29631.0,L_NLS_1hrROCKi_Composite_2.tif,L_LNS,ROCKi,1hr,5500455.0,2566486.0,0.4665952180319628,3288260.0,1776265.0,0.5401838662392876,0.2569926885749226
5,18,171698.0,32623.0,L_NLS_1hrROCKi_Composite_2.tif,L_LNS,ROCKi,1hr,7775299.0,3029744.0,0.3896626997881368,3010471.0,1304248.0,0.43323719112391385,0.19000221318827243
6,19,17536.0,5218.0,L_NLS_1hrROCKi_Composite_2.tif,L_LNS,ROCKi,1hr,445380.0,115483.0,0.2592909425658988,130022.0,40433.0,0.31097045115442,0.29755930656934304
7,20,85298.0,14946.0,L_NLS_1hrROCKi_Composite_2.tif,L_LNS,ROCKi,1hr,2945488.0,464805.0,0.15780237434340252,750628.0,144042.0,0.19189531965234444,0.17522098994114751
8,21,211532.0,33907.0,L_NLS_1hrROCKi_Composite_2.tif,L_LNS,ROCKi,1hr,7857643.0,2667631.0,0.3394950623233965,1747611.0,454822.0,0.26025356901507257,0.160292532571904
0,5,74210.0,18706.0,L_NLS_1hrROCKi_Composite_3.tif,L_LNS,ROCKi,1hr,2580117.0,674647.0,0.26147922749239666,760145.0,184466.0,0.24267212176624198,0.25206845438620135
1,8,227688.0,37377.0,L_NLS_1hrROCKi_Composite_3.tif,L_LNS,ROCKi,1hr,11832313.0,4591813.0,0.38807399702830714,1293698.0,286302.0,0.22130512685340784,0.16415884895119637
2,9,193225.0,20801.0,L_NLS_1hrROCKi_Composite_3.tif,L_LNS,ROCKi,1hr,9369598.0,2632121.0,0.280921444014994,1035510.0,171455.0,0.16557541694430764,0.10765170138439643
3,13,584948.0,35807.0,L_NLS_1hrROCKi_Composite_3.tif,L_LNS,ROCKi,1hr,12905961.0,3025513.0,0.23442756413102442,2520150.0,250649.0,0.0994579687717001,0.06121398825194718
4,17,96971.0,18630.0,L_NLS_1hrROCKi_Composite_3.tif,L_LNS,ROCKi,1hr,2066446.0,582030.0,0.281657493106522,509871.0,138683.0,0.27199625003187083,0.192119293396995
0,5,74210.0,18706.0,L_NLS_1hrROCKi_Composite_4.tif,L_LNS,ROCKi,1hr,2580117.0,674647.0,0.26147922749239666,760145.0,184466.0,0.24267212176624198,0.25206845438620135
1,8,227688.0,37377.0,L_NLS_1hrROCKi_Composite_4.tif,L_LNS,ROCKi,1hr,11832313.0,4591813.0,0.38807399702830714,1293698.0,286302.0,0.22130512685340784,0.16415884895119637
2,9,193225.0,20801.0,L_NLS_1hrROCKi_Composite_4.tif,L_LNS,ROCKi,1hr,9369598.0,2632121.0,0.280921444014994,1035510.0,171455.0,0.16557541694430764,0.10765170138439643
3,13,584948.0,35807.0,L_NLS_1hrROCKi_Composite_4.tif,L_LNS,ROCKi,1hr,12905961.0,3025513.0,0.23442756413102442,2520150.0,250649.0,0.0994579687717001,0.06121398825194718
4,17,96971.0,18630.0,L_NLS_1hrROCKi_Composite_4.tif,L_LNS,ROCKi,1hr,2066446.0,582030.0,0.281657493106522,509871.0,138683.0,0.27199625003187083,0.192119293396995
0,7,82108.0,20908.0,L_NLS_1hrROCKi_Composite_5.tif,L_LNS,ROCKi,1hr,2466442.0,718597.0,0.2913496445487062,174633.0,55811.0,0.31959022636042445,0.25464022994105323
1,8,99914.0,37696.0,L_NLS_1hrROCKi_Composite_5.tif,L_LNS,ROCKi,1hr,6799288.0,2886039.0,0.4244619436623364,293843.0,112205.0,0.3818535748682119,0.37728446463959003
2,9,73535.0,36799.0,L_NLS_1hrROCKi_Composite_5.tif,L_LNS,ROCKi,1hr,4599078.0,2766662.0,0.6015688361884708,286888.0,151373.0,0.5276379632469814,0.5004283674440743
3,12,155563.0,28683.0,L_NLS_1hrROCKi_Composite_5.tif,L_LNS,ROCKi,1hr,7511720.0,2058719.0,0.2740675903787681,2112643.0,788355.0,0.3731605387185625,0.18438189029525015
4,13,69063.0,29769.0,L_NLS_1hrROCKi_Composite_5.tif,L_LNS,ROCKi,1hr,3417575.0,1740748.0,0.5093518064709626,283758.0,123217.0,0.43423269123689906,0.43104122323096306
5,16,56070.0,14855.0,L_NLS_1hrROCKi_Composite_5.tif,L_LNS,ROCKi,1hr,2216344.0,708008.0,0.31944860545113934,129464.0,44114.0,0.34074337267502935,0.2649366862850009
6,19,61100.0,4927.0,L_NLS_1hrROCKi_Composite_5.tif,L_LNS,ROCKi,1hr,2382077.0,252047.0,0.1058097618171033,194227.0,13831.0,0.07121049081744557,0.08063829787234042
7,20,145762.0,32118.0,L_NLS_1hrROCKi_Composite_5.tif,L_LNS,ROCKi,1hr,6022815.0,2273865.0,0.37754189693689744,287906.0,88220.0,0.30641945635033657,0.22034549471055556
8,21,9897.0,785.0,L_NLS_1hrROCKi_Composite_5.tif,L_LNS,ROCKi,1hr,388486.0,27583.0,0.07100127160309509,23335.0,2535.0,0.10863509749303621,0.07931696473678893
0,5,93080.0,28055.0,L_NLS_1hrROCKi_Composite_6.tif,L_LNS,ROCKi,1hr,5852765.0,2753334.0,0.47043303464260056,6020475.0,3131566.0,0.5201526457630005,0.3014073914911904
1,6,634511.0,24939.0,L_NLS_1hrROCKi_Composite_6.tif,L_LNS,ROCKi,1hr,12554816.0,2841046.0,0.22629132916006098,9010984.0,2753969.0,0.305623558980906,0.03930428314087541
2,7,391074.0,22681.0,L_NLS_1hrROCKi_Composite_6.tif,L_LNS,ROCKi,1hr,7010125.0,1867912.0,0.2664591572903479,3839308.0,635158.0,0.16543554202997,0.05799669627743087
0,5,394220.0,36437.0,L_NLS_1hrROCKi_Composite_7.tif,L_LNS,ROCKi,1hr,9894822.0,3208637.0,0.324274352787751,2670940.0,334831.0,0.125360734423087,0.09242808584039369
1,9,440634.0,39204.0,L_NLS_1hrROCKi_Composite_7.tif,L_LNS,ROCKi,1hr,10515036.0,2691435.0,0.2559606072675357,17899876.0,6029707.0,0.33685747320260767,0.08897179972494179
0,3,147672.0,6132.0,L_NLS_1hrROCKi_Composite_8.tif,L_LNS,ROCKi,1hr,1819195.0,314048.0,0.17263020182003577,717439.0,45228.0,0.0630408996444297,0.04152445961319681
1,5,182446.0,38852.0,L_NLS_1hrROCKi_Composite_8.tif,L_LNS,ROCKi,1hr,8885735.0,3685836.0,0.4148037275475805,5647558.0,2245137.0,0.3975412027640973,0.2129506812974798
2,7,47540.0,15673.0,L_NLS_1hrROCKi_Composite_8.tif,L_LNS,ROCKi,1hr,4418783.0,1638760.0,0.37086229398456544,278986.0,111466.0,0.3995397618518492,0.32968026924694993
0,5,414159.0,25153.0,L_NLS_1hrROCKi_Composite_9.tif,L_LNS,ROCKi,1hr,9265929.0,2229724.0,0.24063685357399134,4945947.0,506102.0,0.10232661207247065,0.06073271376452039
1,6,72322.0,24083.0,L_NLS_1hrROCKi_Composite_9.tif,L_LNS,ROCKi,1hr,3215778.0,1455189.0,0.4525153788601079,1519632.0,538363.0,0.35427195531549743,0.33299687508641906
2,8,99511.0,21996.0,L_NLS_1hrROCKi_Composite_9.tif,L_LNS,ROCKi,1hr,4036273.0,1541197.0,0.38183665971057956,1637316.0,426552.0,0.2605190445827195,0.2210408899518646
3,9,629891.0,14433.0,L_NLS_1hrROCKi_Composite_9.tif,L_LNS,ROCKi,1hr,8005032.0,854045.0,0.10668851792222692,8501463.0,864874.0,0.10173237241637116,0.02291348820668973
4,11,276912.0,26430.0,L_NLS_1hrROCKi_Composite_9.tif,L_LNS,ROCKi,1hr,5079038.0,1680146.0,0.33080004520541095,3281720.0,624260.0,0.19022341942639837,0.0954454844860461
0,5,145871.0,36688.0,M_NLS_1hrROCKi_Composite_1.tif,M_LNS,ROCKi,1hr,6016737.0,2138116.0,0.35536138608019596,303737.0,75235.0,0.24769784385833796,0.25150989572978866
1,6,51135.0,7820.0,M_NLS_1hrROCKi_Composite_1.tif,M_LNS,ROCKi,1hr,1909735.0,382019.0,0.20003770156592407,117635.0,23871.0,0.20292429974072343,0.1529285225383788
2,13,76887.0,26509.0,M_NLS_1hrROCKi_Composite_1.tif,M_LNS,ROCKi,1hr,8878988.0,3415326.0,0.3846526203211447,17250539.0,6616090.0,0.38352946536916904,0.3447787012108679
3,14,96078.0,11166.0,M_NLS_1hrROCKi_Composite_1.tif,M_LNS,ROCKi,1hr,3688147.0,548350.0,0.14867899788159203,218812.0,35570.0,0.16255964023910938,0.11621807281583713
4,17,113598.0,26512.0,M_NLS_1hrROCKi_Composite_1.tif,M_LNS,ROCKi,1hr,5456092.0,1674068.0,0.3068254714180039,421025.0,148372.0,0.3524066266848762,0.2333843905702565
5,22,115335.0,17150.0,M_NLS_1hrROCKi_Composite_1.tif,M_LNS,ROCKi,1hr,9122701.0,1977384.0,0.21675422662652213,16724569.0,3988375.0,0.238474007910159,0.14869727316079248
6,25,134329.0,33879.0,M_NLS_1hrROCKi_Composite_1.tif,M_LNS,ROCKi,1hr,8492897.0,2412693.0,0.28408362894310385,366947.0,85551.0,0.23314266092923502,0.25220912833416465
7,27,76531.0,31329.0,M_NLS_1hrROCKi_Composite_1.tif,M_LNS,ROCKi,1hr,4612074.0,2378268.0,0.5156612838388976,2187945.0,1132021.0,0.5173900623644562,0.4093635258914688
8,31,79280.0,29582.0,M_NLS_1hrROCKi_Composite_1.tif,M_LNS,ROCKi,1hr,6132734.0,2062582.0,0.33632340812433736,200894.0,66686.0,0.3319462004838373,0.3731331987891019
0,6,97672.0,28878.0,M_NLS_1hrROCKi_Composite_10.tif,M_LNS,ROCKi,1hr,5881163.0,2330232.0,0.3962195912611162,1110339.0,336170.0,0.3027633902799055,0.2956630354656401
1,7,107244.0,29633.0,M_NLS_1hrROCKi_Composite_10.tif,M_LNS,ROCKi,1hr,5228692.0,2067255.0,0.3953675221259925,983794.0,311863.0,0.31700030697483417,0.27631382641453134
2,9,81407.0,29964.0,M_NLS_1hrROCKi_Composite_10.tif,M_LNS,ROCKi,1hr,5104020.0,2517293.0,0.4931981065904914,2032855.0,1180730.0,0.5808235215989335,0.3680764553416782
3,11,39185.0,19601.0,M_NLS_1hrROCKi_Composite_10.tif,M_LNS,ROCKi,1hr,4161483.0,2573524.0,0.6184151178798519,737178.0,387348.0,0.5254470426409904,0.5002169197396963
4,12,190741.0,38062.0,M_NLS_1hrROCKi_Composite_10.tif,M_LNS,ROCKi,1hr,9160236.0,3015089.0,0.3291497074966191,7360166.0,3467135.0,0.4710675003797469,0.19954807828416543
5,13,73370.0,14750.0,M_NLS_1hrROCKi_Composite_10.tif,M_LNS,ROCKi,1hr,4132770.0,913913.0,0.2211381228570668,1104728.0,232496.0,0.21045542432164296,0.20103584571350688
6,14,93315.0,35369.0,M_NLS_1hrROCKi_Composite_10.tif,M_LNS,ROCKi,1hr,6991659.0,3292571.0,0.47092843057706335,2755799.0,1735170.0,0.629643163380203,0.37902802336173175
7,15,186489.0,29302.0,M_NLS_1hrROCKi_Composite_10.tif,M_LNS,ROCKi,1hr,9745773.0,2283094.0,0.23426505008889495,2322017.0,359900.0,0.15499455861003603,0.15712454890100758
8,16,118040.0,35670.0,M_NLS_1hrROCKi_Composite_10.tif,M_LNS,ROCKi,1hr,6455167.0,2645003.0,0.4097497400144721,1208932.0,405107.0,0.33509494330533063,0.30218569976279225
9,17,65011.0,18007.0,M_NLS_1hrROCKi_Composite_10.tif,M_LNS,ROCKi,1hr,4300212.0,1730619.0,0.40244969317791773,970325.0,255898.0,0.26372400999665063,0.27698389503314824
10,18,61349.0,15842.0,M_NLS_1hrROCKi_Composite_10.tif,M_LNS,ROCKi,1hr,3668151.0,957086.0,0.2609178302638032,871960.0,232066.0,0.26614294233680447,0.25822751797095306
11,20,144995.0,31672.0,M_NLS_1hrROCKi_Composite_10.tif,M_LNS,ROCKi,1hr,6534597.0,1979717.0,0.3029593102681007,1475208.0,367603.0,0.24918723325795414,0.21843511845236044
12,21,126762.0,27848.0,M_NLS_1hrROCKi_Composite_10.tif,M_LNS,ROCKi,1hr,8559176.0,2621430.0,0.3062713046209121,1358579.0,364159.0,0.2680440371888569,0.21968728798851392
13,22,64727.0,14490.0,M_NLS_1hrROCKi_Composite_10.tif,M_LNS,ROCKi,1hr,4352925.0,1175184.0,0.2699757059907993,649428.0,153959.0,0.23706862038593962,0.22386330279481514
14,23,154018.0,38519.0,M_NLS_1hrROCKi_Composite_10.tif,M_LNS,ROCKi,1hr,11192456.0,3366701.0,0.3008009144731058,1816867.0,525401.0,0.28917967027856195,0.2500941448402135
15,26,152217.0,39150.0,M_NLS_1hrROCKi_Composite_10.tif,M_LNS,ROCKi,1hr,9361774.0,3908180.0,0.4174614768525709,2055262.0,858564.0,0.41773944149213094,0.2571986046236623
16,27,96248.0,13329.0,M_NLS_1hrROCKi_Composite_10.tif,M_LNS,ROCKi,1hr,6817702.0,1240429.0,0.18194239055916495,1234642.0,207825.0,0.1683281469446204,0.13848599451417173
17,30,140887.0,32827.0,M_NLS_1hrROCKi_Composite_10.tif,M_LNS,ROCKi,1hr,7818547.0,2744481.0,0.3510218714551438,1607046.0,462956.0,0.2880788726645037,0.23300233520480954
18,31,139161.0,14227.0,M_NLS_1hrROCKi_Composite_10.tif,M_LNS,ROCKi,1hr,5082580.0,465690.0,0.09162472602497157,1443645.0,177833.0,0.12318333108208736,0.10223410294550916
0,6,85505.0,25235.0,M_NLS_1hrROCKi_Composite_2.tif,M_LNS,ROCKi,1hr,9268679.0,2514005.0,0.2712366023248836,339714.0,104476.0,0.30754104923553344,0.29512893982808025
1,9,41930.0,10494.0,M_NLS_1hrROCKi_Composite_2.tif,M_LNS,ROCKi,1hr,3042150.0,769266.0,0.2528691879098664,152134.0,48648.0,0.31977072843677284,0.2502742666348676
2,10,39548.0,12626.0,M_NLS_1hrROCKi_Composite_2.tif,M_LNS,ROCKi,1hr,4225570.0,1291037.0,0.3055296681867772,173645.0,59037.0,0.3399867545855049,0.31925761100434913
3,11,66878.0,27708.0,M_NLS_1hrROCKi_Composite_2.tif,M_LNS,ROCKi,1hr,6760618.0,3242619.0,0.4796335187108634,1969265.0,1200370.0,0.609552294891749,0.41430664792607436
4,13,114687.0,35288.0,M_NLS_1hrROCKi_Composite_2.tif,M_LNS,ROCKi,1hr,12571811.0,3894363.0,0.3097694516724758,480748.0,148509.0,0.30891236156988694,0.3076896248049038
5,15,29006.0,8700.0,M_NLS_1hrROCKi_Composite_2.tif,M_LNS,ROCKi,1hr,2794001.0,811645.0,0.2904956011110948,1295247.0,426604.0,0.32936111799525497,0.29993794387368133
6,19,129927.0,38284.0,M_NLS_1hrROCKi_Composite_2.tif,M_LNS,ROCKi,1hr,11272372.0,4362092.0,0.38697197005208844,798918.0,216356.0,0.27081127224571233,0.29465776936279603
7,21,109217.0,34063.0,M_NLS_1hrROCKi_Composite_2.tif,M_LNS,ROCKi,1hr,10959525.0,3913032.0,0.35704394122920474,603478.0,214455.0,0.3553650671606919,0.31188368111191483
8,22,81103.0,25593.0,M_NLS_1hrROCKi_Composite_2.tif,M_LNS,ROCKi,1hr,9148400.0,2660512.0,0.2908171920773031,324421.0,108468.0,0.3343433378233838,0.31556169315561694
9,24,65565.0,26811.0,M_NLS_1hrROCKi_Composite_2.tif,M_LNS,ROCKi,1hr,9055067.0,3586182.0,0.3960414649609992,289907.0,122563.0,0.42276661136157456,0.40892244337680167
10,25,78828.0,21833.0,M_NLS_1hrROCKi_Composite_2.tif,M_LNS,ROCKi,1hr,7221249.0,2151188.0,0.2978969427587942,483620.0,144744.0,0.29929283321616146,0.2769701121428934
11,26,82175.0,33061.0,M_NLS_1hrROCKi_Composite_2.tif,M_LNS,ROCKi,1hr,10684680.0,4269939.0,0.3996319028740215,468314.0,149388.0,0.3189911042591082,0.4023243078795254
12,29,73869.0,27666.0,M_NLS_1hrROCKi_Composite_2.tif,M_LNS,ROCKi,1hr,6780666.0,2456607.0,0.362295827577999,2421146.0,1921134.0,0.7934812687875906,0.3745278804369898
13,34,270378.0,39304.0,M_NLS_1hrROCKi_Composite_2.tif,M_LNS,ROCKi,1hr,16815984.0,4815379.0,0.28635725390794853,11795380.0,6012757.0,0.5097552601103144,0.14536685677089112
14,35,146053.0,32733.0,M_NLS_1hrROCKi_Composite_2.tif,M_LNS,ROCKi,1hr,10684907.0,3040976.0,0.28460481686925304,1652555.0,884933.0,0.5354938262266611,0.22411727249697028
0,5,77442.0,30207.0,M_NLS_1hrROCKi_Composite_3.tif,M_LNS,ROCKi,1hr,7208587.0,3362794.0,0.46649835813870316,582833.0,249289.0,0.42771943249610095,0.3900596575501666
1,6,84972.0,26121.0,M_NLS_1hrROCKi_Composite_3.tif,M_LNS,ROCKi,1hr,6342028.0,1989663.0,0.31372661867781093,667312.0,199501.0,0.29896210468266715,0.30740714588334983
2,8,20863.0,2094.0,M_NLS_1hrROCKi_Composite_3.tif,M_LNS,ROCKi,1hr,1622538.0,161382.0,0.09946269363182865,133404.0,15409.0,0.11550628167071453,0.10036907443800029
3,9,81795.0,36564.0,M_NLS_1hrROCKi_Composite_3.tif,M_LNS,ROCKi,1hr,8841012.0,4766491.0,0.5391340946036495,695997.0,355764.0,0.5111573756783434,0.44701998899688244
4,10,108396.0,26896.0,M_NLS_1hrROCKi_Composite_3.tif,M_LNS,ROCKi,1hr,8527256.0,2318122.0,0.27184852899924666,826118.0,187011.0,0.22637322997441042,0.24812723716742316
5,11,71717.0,28503.0,M_NLS_1hrROCKi_Composite_3.tif,M_LNS,ROCKi,1hr,7094476.0,3231991.0,0.4555644419686528,563680.0,229681.0,0.4074670025546409,0.39743714879317316
6,12,73520.0,29228.0,M_NLS_1hrROCKi_Composite_3.tif,M_LNS,ROCKi,1hr,6037169.0,2308782.0,0.38242792275651055,488088.0,196182.0,0.40193981413187785,0.39755168661588686
7,13,109033.0,29387.0,M_NLS_1hrROCKi_Composite_3.tif,M_LNS,ROCKi,1hr,7660753.0,2040848.0,0.2664030546344465,708988.0,208173.0,0.2936199202243197,0.2695239056065595
8,14,48778.0,7575.0,M_NLS_1hrROCKi_Composite_3.tif,M_LNS,ROCKi,1hr,3561620.0,573806.0,0.16110814741606347,310184.0,47475.0,0.15305431614783482,0.15529542006642338
9,15,67806.0,28599.0,M_NLS_1hrROCKi_Composite_3.tif,M_LNS,ROCKi,1hr,7286884.0,3383291.0,0.4642987318036077,493972.0,226591.0,0.458712234701562,0.4217768339085037
10,17,76321.0,29376.0,M_NLS_1hrROCKi_Composite_3.tif,M_LNS,ROCKi,1hr,7311432.0,2766107.0,0.3783262977758666,704557.0,372325.0,0.5284526305181838,0.3849006171302787
11,18,94623.0,35537.0,M_NLS_1hrROCKi_Composite_3.tif,M_LNS,ROCKi,1hr,8266771.0,3965106.0,0.479643865785081,6643117.0,4308772.0,0.6486069716971716,0.37556408061464974
12,20,45704.0,15468.0,M_NLS_1hrROCKi_Composite_3.tif,M_LNS,ROCKi,1hr,4273764.0,1366571.0,0.3197581803768294,377212.0,135233.0,0.3585066222707655,0.3384386486959566
13,22,54629.0,28620.0,M_NLS_1hrROCKi_Composite_3.tif,M_LNS,ROCKi,1hr,5611219.0,3213948.0,0.5727717987838293,1826238.0,941360.0,0.5154640304275785,0.5238975635651394
14,23,164307.0,29253.0,M_NLS_1hrROCKi_Composite_3.tif,M_LNS,ROCKi,1hr,11901007.0,3453003.0,0.2901437668257821,1083537.0,215267.0,0.19867064991781544,0.17803867151125638
15,24,87806.0,33798.0,M_NLS_1hrROCKi_Composite_3.tif,M_LNS,ROCKi,1hr,9424810.0,3481742.0,0.369423044071976,1179371.0,314291.0,0.26649035799591475,0.38491674828599415
16,25,73391.0,10479.0,M_NLS_1hrROCKi_Composite_3.tif,M_LNS,ROCKi,1hr,9434780.0,1412027.0,0.14966188930743482,568913.0,92709.0,0.1629581324385275,0.14278317504871169
17,26,74933.0,25883.0,M_NLS_1hrROCKi_Composite_3.tif,M_LNS,ROCKi,1hr,7139533.0,2932808.0,0.41078429079324935,486514.0,184115.0,0.37843720838454803,0.34541523761226695
18,27,209111.0,31817.0,M_NLS_1hrROCKi_Composite_3.tif,M_LNS,ROCKi,1hr,16408677.0,3598104.0,0.2192805672267179,1296217.0,226671.0,0.17487118283435565,0.15215364088928846
19,28,66719.0,24957.0,M_NLS_1hrROCKi_Composite_3.tif,M_LNS,ROCKi,1hr,7131570.0,2511028.0,0.35210030890813665,479332.0,180953.0,0.3775107858436324,0.37406136183096267
20,29,111297.0,33926.0,M_NLS_1hrROCKi_Composite_3.tif,M_LNS,ROCKi,1hr,8588963.0,2990735.0,0.3482067625626051,1242043.0,576102.0,0.46383418287450595,0.30482402939881575
0,7,88879.0,26797.0,M_NLS_1hrROCKi_Composite_4.tif,M_LNS,ROCKi,1hr,5025773.0,1331489.0,0.26493218058197215,540832.0,195860.0,0.362145731021833,0.3014997918518435
1,8,62197.0,26335.0,M_NLS_1hrROCKi_Composite_4.tif,M_LNS,ROCKi,1hr,2492336.0,1114078.0,0.4470015278838808,1821081.0,1198167.0,0.6579427274239861,0.42341270479283566
2,9,52087.0,24590.0,M_NLS_1hrROCKi_Composite_4.tif,M_LNS,ROCKi,1hr,3269775.0,1596457.0,0.48824674480659985,2576600.0,1981796.0,0.769151595125359,0.4720947645285772
3,10,128482.0,23196.0,M_NLS_1hrROCKi_Composite_4.tif,M_LNS,ROCKi,1hr,6023632.0,1852389.0,0.30752028012335414,879195.0,212657.0,0.24187694425013792,0.18053890817390764
4,11,112767.0,30766.0,M_NLS_1hrROCKi_Composite_4.tif,M_LNS,ROCKi,1hr,5222277.0,2063287.0,0.395093366361072,1533370.0,621293.0,0.4051813978361387,0.2728280436652567
5,13,117290.0,28060.0,M_NLS_1hrROCKi_Composite_4.tif,M_LNS,ROCKi,1hr,4774705.0,1154560.0,0.24180760905647575,693967.0,161633.0,0.2329116514185833,0.23923608150737488
6,16,127743.0,27899.0,M_NLS_1hrROCKi_Composite_4.tif,M_LNS,ROCKi,1hr,6415938.0,1369056.0,0.21338360813337037,704387.0,214236.0,0.30414530648634913,0.21839944263090738
7,18,171421.0,23133.0,M_NLS_1hrROCKi_Composite_4.tif,M_LNS,ROCKi,1hr,4224318.0,876414.0,0.20746875590331978,5707967.0,3103359.0,0.5436890227291082,0.1349484602236599
8,20,135753.0,39297.0,M_NLS_1hrROCKi_Composite_4.tif,M_LNS,ROCKi,1hr,4868966.0,1608204.0,0.3302968227751026,755553.0,262547.0,0.3474898518039105,0.2894742657620826
9,21,67285.0,25172.0,M_NLS_1hrROCKi_Composite_4.tif,M_LNS,ROCKi,1hr,2596305.0,1002853.0,0.3862616295080894,531750.0,224891.0,0.42292618711800656,0.374110128557628
10,26,115171.0,34387.0,M_NLS_1hrROCKi_Composite_4.tif,M_LNS,ROCKi,1hr,4275203.0,1766100.0,0.41310319065550805,564096.0,154119.0,0.2732141337644656,0.29857342560193106
11,27,92891.0,31581.0,M_NLS_1hrROCKi_Composite_4.tif,M_LNS,ROCKi,1hr,2030849.0,737598.0,0.3631968698805278,1013916.0,334705.0,0.3301111729176776,0.339979115307188
12,30,196551.0,39072.0,M_NLS_1hrROCKi_Composite_4.tif,M_LNS,ROCKi,1hr,5532878.0,1359879.0,0.2457814902117849,2392533.0,1302030.0,0.5442056598592371,0.1987881007982661
13,31,139453.0,39132.0,M_NLS_1hrROCKi_Composite_4.tif,M_LNS,ROCKi,1hr,5381649.0,1857779.0,0.34520627413642174,979563.0,471968.0,0.48181485009131625,0.2806106716958402
14,34,29505.0,4670.0,M_NLS_1hrROCKi_Composite_4.tif,M_LNS,ROCKi,1hr,816600.0,152547.0,0.18680749448934608,224926.0,46025.0,0.2046228537385629,0.15827825792238603
0,4,70701.0,31057.0,M_NLS_1hrROCKi_Composite_5.tif,M_LNS,ROCKi,1hr,8817425.0,4067662.0,0.46132085047505367,2206505.0,1099224.0,0.49817426201164283,0.43927242896140084
1,7,119441.0,35827.0,M_NLS_1hrROCKi_Composite_5.tif,M_LNS,ROCKi,1hr,12150264.0,4785749.0,0.39388024819872225,12241708.0,4844637.0,0.39574845274858705,0.2999556266273725
2,8,193103.0,36107.0,M_NLS_1hrROCKi_Composite_5.tif,M_LNS,ROCKi,1hr,14660904.0,3159113.0,0.2154787317344142,1200545.0,265219.0,0.22091550087668518,0.18698311263936862
3,9,93464.0,30818.0,M_NLS_1hrROCKi_Composite_5.tif,M_LNS,ROCKi,1hr,9276970.0,3890020.0,0.4193201012830698,797071.0,253207.0,0.31767182597284305,0.32973123341607463
4,10,92535.0,29767.0,M_NLS_1hrROCKi_Composite_5.tif,M_LNS,ROCKi,1hr,8926090.0,3163843.0,0.3544489244450818,1258492.0,231462.0,0.18392012027092744,0.3216836872534717
5,12,152089.0,31037.0,M_NLS_1hrROCKi_Composite_5.tif,M_LNS,ROCKi,1hr,14096635.0,4271527.0,0.3030174931818835,1240758.0,382852.0,0.3085629913327176,0.20407130035702778
6,13,107747.0,30410.0,M_NLS_1hrROCKi_Composite_5.tif,M_LNS,ROCKi,1hr,11058617.0,4324391.0,0.3910426593126428,1323669.0,321155.0,0.2426248556096728,0.282235236247877
7,15,125490.0,33479.0,M_NLS_1hrROCKi_Composite_5.tif,M_LNS,ROCKi,1hr,9219618.0,3980334.0,0.43172439465496293,2341069.0,1537291.0,0.6566619779254691,0.2667861981034345
8,16,110378.0,33143.0,M_NLS_1hrROCKi_Composite_5.tif,M_LNS,ROCKi,1hr,9994708.0,3138358.0,0.3140019698424406,838021.0,230277.0,0.2747866700237822,0.3002681693815797
0,5,39772.0,12134.0,M_NLS_1hrROCKi_Composite_6.tif,M_LNS,ROCKi,1hr,1481191.0,526733.0,0.35561450211350193,1554052.0,615134.0,0.39582587970029315,0.3050890073418485
1,8,688848.0,34005.0,M_NLS_1hrROCKi_Composite_6.tif,M_LNS,ROCKi,1hr,11217613.0,3528580.0,0.31455711656303353,23197420.0,2980864.0,0.12849980730615732,0.04936502682739879
0,5,136434.0,30392.0,M_NLS_1hrROCKi_Composite_7.tif,M_LNS,ROCKi,1hr,6186731.0,2471007.0,0.3994043057634153,5407698.0,3153601.0,0.5831688455975167,0.2227597226497794
1,6,82732.0,29895.0,M_NLS_1hrROCKi_Composite_7.tif,M_LNS,ROCKi,1hr,3119186.0,1260359.0,0.40406663789847735,693384.0,211910.0,0.3056170895203812,0.3613474834405067
2,7,75266.0,10802.0,M_NLS_1hrROCKi_Composite_7.tif,M_LNS,ROCKi,1hr,2000076.0,391839.0,0.195912055341897,370374.0,75024.0,0.20256281488441413,0.14351765737517605
3,8,28619.0,9050.0,M_NLS_1hrROCKi_Composite_7.tif,M_LNS,ROCKi,1hr,988762.0,297019.0,0.30039483718023147,145658.0,52892.0,0.36312457949443216,0.31622348789265875
4,11,40123.0,5830.0,M_NLS_1hrROCKi_Composite_7.tif,M_LNS,ROCKi,1hr,973883.0,195716.0,0.20096459225594862,207338.0,34804.0,0.16786117354271768,0.1453031926825013
5,12,108151.0,30926.0,M_NLS_1hrROCKi_Composite_7.tif,M_LNS,ROCKi,1hr,5825686.0,2728270.0,0.46831737927516176,3668515.0,2144583.0,0.5845915854235297,0.2859520485247478
6,13,137644.0,39203.0,M_NLS_1hrROCKi_Composite_7.tif,M_LNS,ROCKi,1hr,4701332.0,2337351.0,0.49716782392734654,700830.0,244817.0,0.34932437252971477,0.2848144488680945
7,14,120827.0,33011.0,M_NLS_1hrROCKi_Composite_7.tif,M_LNS,ROCKi,1hr,4788041.0,2336330.0,0.48795112656721196,3181777.0,1868368.0,0.5872089715904037,0.2732088026682778
8,16,148998.0,37818.0,M_NLS_1hrROCKi_Composite_7.tif,M_LNS,ROCKi,1hr,6356048.0,2720407.0,0.4280029036910986,5180743.0,3256528.0,0.6285831974294035,0.25381548745620747
9,17,143676.0,36157.0,M_NLS_1hrROCKi_Composite_7.tif,M_LNS,ROCKi,1hr,6819656.0,3009546.0,0.44130466404757074,2546436.0,1354968.0,0.5321036931617367,0.2516565049138339
10,18,114640.0,23504.0,M_NLS_1hrROCKi_Composite_7.tif,M_LNS,ROCKi,1hr,3746070.0,1021561.0,0.2727020584238949,1240876.0,271385.0,0.21870436691498588,0.20502442428471737
11,19,228128.0,38728.0,M_NLS_1hrROCKi_Composite_7.tif,M_LNS,ROCKi,1hr,7909038.0,2397403.0,0.30312194732153264,1157173.0,221717.0,0.1916022928291621,0.16976434282508066
12,21,146856.0,28360.0,M_NLS_1hrROCKi_Composite_7.tif,M_LNS,ROCKi,1hr,4588948.0,1247113.0,0.27176446540688626,589166.0,126228.0,0.21424861584001792,0.1931143433022825
13,22,169630.0,38398.0,M_NLS_1hrROCKi_Composite_7.tif,M_LNS,ROCKi,1hr,7373759.0,3132461.0,0.42481195818848977,866030.0,220483.0,0.2545904876274494,0.22636326121558686
14,26,75205.0,3123.0,M_NLS_1hrROCKi_Composite_7.tif,M_LNS,ROCKi,1hr,1575545.0,203906.0,0.1294193437826276,251756.0,15312.0,0.06082079473776196,0.04152649424905259
15,29,91062.0,12550.0,M_NLS_1hrROCKi_Composite_7.tif,M_LNS,ROCKi,1hr,2345522.0,493758.0,0.2105109225153292,1309109.0,354074.0,0.27046945670681355,0.13781818980474841
0,5,74891.0,8146.0,M_NLS_1hrROCKi_Composite_8.tif,M_LNS,ROCKi,1hr,999526.0,137106.0,0.1371710190630359,438340.0,70352.0,0.16049641830542502,0.10877141445567558
1,7,102856.0,17129.0,M_NLS_1hrROCKi_Composite_8.tif,M_LNS,ROCKi,1hr,2011941.0,575711.0,0.286147058984334,654109.0,179339.0,0.2741729589410939,0.16653379481994243
2,8,198364.0,34482.0,M_NLS_1hrROCKi_Composite_8.tif,M_LNS,ROCKi,1hr,5419101.0,1293062.0,0.23861190260155699,1301884.0,264971.0,0.20352888583007395,0.17383194531265753
3,11,155756.0,16115.0,M_NLS_1hrROCKi_Composite_8.tif,M_LNS,ROCKi,1hr,4613732.0,741433.0,0.16070135846642156,3303581.0,601101.0,0.1819543701213925,0.10346310896530471
4,15,99819.0,21976.0,M_NLS_1hrROCKi_Composite_8.tif,M_LNS,ROCKi,1hr,4466473.0,1332105.0,0.2982453940726833,1451599.0,348317.0,0.23995400933728944,0.2201584868612188
5,17,226737.0,37965.0,M_NLS_1hrROCKi_Composite_8.tif,M_LNS,ROCKi,1hr,8940189.0,3705918.0,0.414523451349854,1478879.0,353503.0,0.23903443080874096,0.16744069119729024
0,10,58259.0,18009.0,M_NLS_1hrROCKi_Composite_9.tif,M_LNS,ROCKi,1hr,6358491.0,1829027.0,0.2876511109318233,2664294.0,933523.0,0.35038287816584807,0.3091196210027635
1,13,65114.0,10772.0,M_NLS_1hrROCKi_Composite_9.tif,M_LNS,ROCKi,1hr,6445991.0,1195968.0,0.1855367157664353,1269591.0,231588.0,0.1824115010267086,0.1654329330097982
2,18,146288.0,38654.0,M_NLS_1hrROCKi_Composite_9.tif,M_LNS,ROCKi,1hr,6867313.0,2792557.0,0.4066447823187905,2580673.0,841165.0,0.32594792133679856,0.26423219949688287
3,19,155503.0,38287.0,M_NLS_1hrROCKi_Composite_9.tif,M_LNS,ROCKi,1hr,11408452.0,2357872.0,0.20667764566130445,3522740.0,1095843.0,0.31107688901253,0.24621389941030078
4,20,153138.0,32322.0,M_NLS_1hrROCKi_Composite_9.tif,M_LNS,ROCKi,1hr,8424030.0,2435699.0,0.2891370282394531,8242112.0,2911529.0,0.3532503562193768,0.2110645300317361
5,23,197698.0,27779.0,M_NLS_1hrROCKi_Composite_9.tif,M_LNS,ROCKi,1hr,10617265.0,2044217.0,0.1925370610981265,2756490.0,479835.0,0.1740746383988333,0.14051229653309594
6,24,117182.0,35431.0,M_NLS_1hrROCKi_Composite_9.tif,M_LNS,ROCKi,1hr,7809759.0,2951044.0,0.3778662056025032,1921154.0,633051.0,0.3295160096483676,0.30235872403611475
7,27,148148.0,28971.0,M_NLS_1hrROCKi_Composite_9.tif,M_LNS,ROCKi,1hr,7418646.0,1733372.0,0.2336507227868805,2080482.0,561207.0,0.2697485486536293,0.19555444555444557
0,4,130460.0,28699.0,24hrBleb_Composite_1.tif,OTHER,blebbistatin,24hr,5809410.0,1747955.0,0.30088339435502054,310687.0,82450.0,0.2653796264407587,0.2199831365935919
1,5,81322.0,32468.0,24hrBleb_Composite_1.tif,OTHER,blebbistatin,24hr,5369514.0,2275450.0,0.4237720583278114,244180.0,109382.0,0.44795642558768123,0.39925235483632965
2,6,104658.0,14256.0,24hrBleb_Composite_1.tif,OTHER,blebbistatin,24hr,8222636.0,1256032.0,0.1527529614590747,296849.0,50424.0,0.1698641396804436,0.1362151006134266
3,7,203665.0,16405.0,24hrBleb_Composite_1.tif,OTHER,blebbistatin,24hr,10817408.0,1003056.0,0.09272609482789222,457512.0,54566.0,0.11926681704523598,0.0805489406623622
4,8,71065.0,20311.0,24hrBleb_Composite_1.tif,OTHER,blebbistatin,24hr,3718085.0,1033594.0,0.2779909550212004,220170.0,67004.0,0.30432847345233227,0.2858087666221065
5,9,54947.0,22127.0,24hrBleb_Composite_1.tif,OTHER,blebbistatin,24hr,3525580.0,1000901.0,0.28389683399610843,168614.0,67616.0,0.40101059224026475,0.40269714452108396
6,10,93545.0,27407.0,24hrBleb_Composite_1.tif,OTHER,blebbistatin,24hr,6343390.0,1479908.0,0.23329922959174826,272819.0,86270.0,0.316216979022722,0.2929819872788498
7,14,91752.0,28764.0,24hrBleb_Composite_1.tif,OTHER,blebbistatin,24hr,6822621.0,1942086.0,0.2846539475078566,272007.0,89002.0,0.32720481458197764,0.3134972534658645
8,17,61060.0,23666.0,24hrBleb_Composite_1.tif,OTHER,blebbistatin,24hr,3749485.0,1252991.0,0.3341768269509013,184123.0,72388.0,0.39315023109551767,0.3875859810022928
9,18,59553.0,21178.0,24hrBleb_Composite_1.tif,OTHER,blebbistatin,24hr,4637671.0,1673860.0,0.3609268531553877,233895.0,85263.0,0.364535368434554,0.3556160059107014
10,19,89591.0,28942.0,24hrBleb_Composite_1.tif,OTHER,blebbistatin,24hr,5584699.0,1886766.0,0.3378456027800245,264780.0,91397.0,0.34518090490218295,0.32304584165820227
11,20,106487.0,34307.0,24hrBleb_Composite_1.tif,OTHER,blebbistatin,24hr,9293670.0,2424328.0,0.26085798183064385,356841.0,115339.0,0.32322238756196736,0.3221707814099374
12,21,45157.0,18072.0,24hrBleb_Composite_1.tif,OTHER,blebbistatin,24hr,2782225.0,920916.0,0.3309998292733334,121175.0,48176.0,0.39757375696306996,0.4002037336404101
13,22,39970.0,14568.0,24hrBleb_Composite_1.tif,OTHER,blebbistatin,24hr,4734172.0,1676916.0,0.3542152672104013,184870.0,60645.0,0.3280413263374263,0.3644733550162622
14,23,70539.0,28376.0,24hrBleb_Composite_1.tif,OTHER,blebbistatin,24hr,7142599.0,2899210.0,0.40590406937306717,242744.0,105827.0,0.4359613419899153,0.4022739193921093
15,24,93529.0,17584.0,24hrBleb_Composite_1.tif,OTHER,blebbistatin,24hr,5120395.0,1011515.0,0.19754628305042873,237464.0,54733.0,0.23048967422430347,0.18800585914529183
16,27,92277.0,24130.0,24hrBleb_Composite_1.tif,OTHER,blebbistatin,24hr,6139129.0,1312997.0,0.2138734989930982,281933.0,75840.0,0.2690000815796661,0.26149528051410426
17,28,86308.0,27203.0,24hrBleb_Composite_1.tif,OTHER,blebbistatin,24hr,7074832.0,1914050.0,0.2705435266872768,264640.0,90181.0,0.34076859129383313,0.31518515085507715
18,29,63682.0,26496.0,24hrBleb_Composite_1.tif,OTHER,blebbistatin,24hr,6250480.0,2647483.0,0.42356475022718254,202010.0,90801.0,0.44948764912628086,0.4160673345686379
19,30,101903.0,22694.0,24hrBleb_Composite_1.tif,OTHER,blebbistatin,24hr,5989025.0,1282318.0,0.21411131194142619,282379.0,69896.0,0.24752548879343012,0.2227019812959383
20,31,92998.0,21889.0,24hrBleb_Composite_1.tif,OTHER,blebbistatin,24hr,3966664.0,1102361.0,0.2779063212815605,209628.0,53056.0,0.2530959604632969,0.2353706531323254
21,33,58617.0,20969.0,24hrBleb_Composite_1.tif,OTHER,blebbistatin,24hr,3886989.0,1315014.0,0.33831173692541966,169618.0,68219.0,0.40219198434128456,0.3577289864715014
22,34,73775.0,22848.0,24hrBleb_Composite_1.tif,OTHER,blebbistatin,24hr,6093173.0,2051320.0,0.33665874906227017,217326.0,76664.0,0.35276036921491216,0.30969840731955267
23,35,76339.0,21281.0,24hrBleb_Composite_1.tif,OTHER,blebbistatin,24hr,4679371.0,1220147.0,0.2607502162149571,220052.0,66202.0,0.300847072510134,0.27876969831933873
24,36,81068.0,23823.0,24hrBleb_Composite_1.tif,OTHER,blebbistatin,24hr,4510743.0,1398187.0,0.3099682247470095,226990.0,76461.0,0.3368474382131371,0.2938644101248335
25,37,85753.0,37032.0,24hrBleb_Composite_1.tif,OTHER,blebbistatin,24hr,7677499.0,3011030.0,0.392188914645251,286289.0,130820.0,0.4569508433785441,0.43184495003090273
26,38,97562.0,25413.0,24hrBleb_Composite_1.tif,OTHER,blebbistatin,24hr,5022076.0,1518820.0,0.3024287167298942,258886.0,82525.0,0.31876965150684083,0.26048051495459296
27,40,68018.0,22774.0,24hrBleb_Composite_1.tif,OTHER,blebbistatin,24hr,5206093.0,1808096.0,0.3473038226554923,215141.0,76363.0,0.35494396697979463,0.3348231350524861
28,41,73830.0,30175.0,24hrBleb_Composite_1.tif,OTHER,blebbistatin,24hr,5488489.0,2042079.0,0.3720657907850412,231131.0,100675.0,0.4355754961472066,0.4087091968034674
29,42,85356.0,21488.0,24hrBleb_Composite_1.tif,OTHER,blebbistatin,24hr,3087174.0,924618.0,0.2995030406449394,184471.0,53827.0,0.2917911216397157,0.25174563006701345
30,43,72728.0,23089.0,24hrBleb_Composite_1.tif,OTHER,blebbistatin,24hr,3547219.0,1078156.0,0.3039440192443714,175632.0,59687.0,0.3398412589960827,0.31747057529424705
31,46,135255.0,22328.0,24hrBleb_Composite_1.tif,OTHER,blebbistatin,24hr,5533708.0,1062620.0,0.19202675674249528,347597.0,69667.0,0.20042462967171754,0.16508077335403498
0,5,161955.0,36973.0,24hrBleb_Composite_10.tif,OTHER,blebbistatin,24hr,8510370.0,2557588.0,0.30052606408417026,714999.0,206468.0,0.2887668374361363,0.22829180945324318
1,8,124390.0,26068.0,24hrBleb_Composite_10.tif,OTHER,blebbistatin,24hr,5353575.0,1511488.0,0.28233246008508334,532785.0,141627.0,0.26582392522312004,0.2095666854248734
2,10,147354.0,32118.0,24hrBleb_Composite_10.tif,OTHER,blebbistatin,24hr,8549003.0,2069743.0,0.24210343592112438,727942.0,203317.0,0.2793038456360534,0.21796490085101186
3,15,137483.0,32566.0,24hrBleb_Composite_10.tif,OTHER,blebbistatin,24hr,8025638.0,2607223.0,0.3248617742290395,643344.0,203338.0,0.31606418960929145,0.23687292247041453
4,17,159340.0,35348.0,24hrBleb_Composite_10.tif,OTHER,blebbistatin,24hr,10474556.0,2891878.0,0.27608597443175636,766046.0,219570.0,0.28662769598692506,0.22184009037278776
0,5,103859.0,22892.0,24hrBleb_Composite_5.tif,OTHER,blebbistatin,24hr,6162132.0,1609590.0,0.2612066732747692,387873.0,98182.0,0.25312924591296637,0.22041421542668427
1,6,153222.0,18928.0,24hrBleb_Composite_5.tif,OTHER,blebbistatin,24hr,11266491.0,1205396.0,0.10698947880045348,505641.0,65755.0,0.13004285649304545,0.12353317408727206
2,7,92844.0,26815.0,24hrBleb_Composite_5.tif,OTHER,blebbistatin,24hr,5370735.0,1464994.0,0.2727734658291649,477547.0,170034.0,0.3560571001388345,0.28881780190426953
3,9,105349.0,27335.0,24hrBleb_Composite_5.tif,OTHER,blebbistatin,24hr,5805290.0,1616731.0,0.2784927195712876,412644.0,120061.0,0.29095539981194446,0.2594709014798432
4,10,185824.0,31774.0,24hrBleb_Composite_5.tif,OTHER,blebbistatin,24hr,14428512.0,2427302.0,0.16822954439099472,550307.0,111241.0,0.202143530792812,0.1709897537454796
5,11,65914.0,12659.0,24hrBleb_Composite_5.tif,OTHER,blebbistatin,24hr,2903621.0,528501.0,0.18201445712095346,251120.0,59915.0,0.23859111181905066,0.19205328154868465
6,12,111017.0,31518.0,24hrBleb_Composite_5.tif,OTHER,blebbistatin,24hr,7708995.0,2381903.0,0.3089771105053253,541887.0,155056.0,0.286140837480877,0.2839024653881838
7,13,116339.0,39355.0,24hrBleb_Composite_5.tif,OTHER,blebbistatin,24hr,8899950.0,2830861.0,0.31807605660705957,443180.0,158905.0,0.3585563427952525,0.3382786511831802
8,14,143525.0,26884.0,24hrBleb_Composite_5.tif,OTHER,blebbistatin,24hr,7748610.0,1194784.0,0.15419333273967847,581244.0,115859.0,0.1993293694214478,0.18731231492771294
9,15,108267.0,38206.0,24hrBleb_Composite_5.tif,OTHER,blebbistatin,24hr,6911686.0,2199448.0,0.3182216321748413,430271.0,155677.0,0.36181150949053037,0.35288684456020764
10,16,114835.0,37124.0,24hrBleb_Composite_5.tif,OTHER,blebbistatin,24hr,8824943.0,2983002.0,0.33801940703752986,421291.0,143794.0,0.341317521618074,0.3232812295902817
11,17,118005.0,32787.0,24hrBleb_Composite_5.tif,OTHER,blebbistatin,24hr,8234007.0,1915307.0,0.23260934803674566,387554.0,112285.0,0.2897273670249823,0.2778441591457989
12,20,59590.0,17626.0,24hrBleb_Composite_5.tif,OTHER,blebbistatin,24hr,3488389.0,1273849.0,0.3651682768177517,250189.0,80694.0,0.32253216568274384,0.2957878838731331
13,21,97333.0,19559.0,24hrBleb_Composite_5.tif,OTHER,blebbistatin,24hr,8786174.0,1590664.0,0.18104171394739052,389154.0,83456.0,0.2144549458569101,0.2009493183195833
14,22,111517.0,29905.0,24hrBleb_Composite_5.tif,OTHER,blebbistatin,24hr,7216249.0,1609679.0,0.22306311769452522,493511.0,132115.0,0.2677042659636766,0.26816539182366816
15,23,121117.0,30699.0,24hrBleb_Composite_5.tif,OTHER,blebbistatin,24hr,10073436.0,2003751.0,0.19891435256053644,621375.0,138771.0,0.22332890766445382,0.2534656571744677
16,25,85548.0,27897.0,24hrBleb_Composite_5.tif,OTHER,blebbistatin,24hr,6800565.0,1897822.0,0.2790682832970496,390955.0,129703.0,0.3317594096507271,0.32609762940103804
17,27,107120.0,34622.0,24hrBleb_Composite_5.tif,OTHER,blebbistatin,24hr,8899378.0,3000686.0,0.3371792950024148,433448.0,155796.0,0.3594341189715952,0.32320761762509337
18,28,115439.0,19346.0,24hrBleb_Composite_5.tif,OTHER,blebbistatin,24hr,7015368.0,1213529.0,0.1729815171492073,434201.0,76791.0,0.17685588011082426,0.16758634430305183
19,29,95634.0,20579.0,24hrBleb_Composite_5.tif,OTHER,blebbistatin,24hr,7151204.0,1278447.0,0.17877367223757007,654595.0,94506.0,0.14437323841459224,0.21518497605454126
20,30,51445.0,22637.0,24hrBleb_Composite_5.tif,OTHER,blebbistatin,24hr,3914869.0,1697031.0,0.4334834703281259,208924.0,96762.0,0.4631444927342,0.44002332588200993
21,32,131444.0,31304.0,24hrBleb_Composite_5.tif,OTHER,blebbistatin,24hr,10513904.0,2768854.0,0.26335165320132276,1463616.0,173047.0,0.11823251453933271,0.23815465141048658
22,33,44725.0,19125.0,24hrBleb_Composite_5.tif,OTHER,blebbistatin,24hr,4239719.0,1725429.0,0.4069677731000569,205577.0,91617.0,0.44565783137218656,0.4276131917272219
23,34,87385.0,20808.0,24hrBleb_Composite_5.tif,OTHER,blebbistatin,24hr,8149037.0,1864484.0,0.22879807761334253,504489.0,134165.0,0.2659423694074598,0.23811867025233163
24,35,119978.0,33675.0,24hrBleb_Composite_5.tif,OTHER,blebbistatin,24hr,10483771.0,2791191.0,0.26623921869334993,639640.0,170273.0,0.26620130073166154,0.2806764573505143
25,36,74335.0,21209.0,24hrBleb_Composite_5.tif,OTHER,blebbistatin,24hr,4650601.0,1238614.0,0.2663341791738315,319098.0,94083.0,0.2948404565368633,0.2853164727248268
26,40,80623.0,29227.0,24hrBleb_Composite_5.tif,OTHER,blebbistatin,24hr,7588573.0,2885587.0,0.3802542322515709,462145.0,163362.0,0.35348645987731125,0.36251441896233083
27,42,101190.0,28389.0,24hrBleb_Composite_5.tif,OTHER,blebbistatin,24hr,9136198.0,2985942.0,0.3268254475220436,2441431.0,1939724.0,0.7945028960474411,0.28055143788911946
28,44,81607.0,22927.0,24hrBleb_Composite_5.tif,OTHER,blebbistatin,24hr,6733864.0,1670056.0,0.24800857278970886,400177.0,117417.0,0.2934126648957836,0.2809440366635215
29,45,62270.0,23752.0,24hrBleb_Composite_5.tif,OTHER,blebbistatin,24hr,5027724.0,1855203.0,0.3689945987488573,355140.0,150879.0,0.42484372360195977,0.3814356833145977
30,47,60140.0,18206.0,24hrBleb_Composite_5.tif,OTHER,blebbistatin,24hr,5106623.0,1234948.0,0.24183261619273638,329840.0,102004.0,0.3092529711375212,0.30272697040239444
0,3,476451.0,25586.0,24hrBleb_Composite_6.tif,OTHER,blebbistatin,24hr,11084936.0,1988025.0,0.17934474317217527,1238090.0,100293.0,0.08100622733403873,0.0537012200625038
1,10,551071.0,29835.0,24hrBleb_Composite_6.tif,OTHER,blebbistatin,24hr,17394784.0,2758697.0,0.15859334614330364,1646138.0,119195.0,0.07240887459010119,0.05414002914325015
2,11,122749.0,25221.0,24hrBleb_Composite_6.tif,OTHER,blebbistatin,24hr,6206015.0,1823791.0,0.29387473281969184,435517.0,104397.0,0.23970820886440714,0.20546806898630537
3,12,246430.0,28382.0,24hrBleb_Composite_6.tif,OTHER,blebbistatin,24hr,10086735.0,3055057.0,0.30287868175380833,1582139.0,752489.0,0.4756149744112243,0.11517266566570629
4,13,114276.0,25272.0,24hrBleb_Composite_6.tif,OTHER,blebbistatin,24hr,5101864.0,1601275.0,0.3138607771590932,385442.0,99713.0,0.25869780667389647,0.22114879764780007
5,14,214570.0,27157.0,24hrBleb_Composite_6.tif,OTHER,blebbistatin,24hr,10043901.0,3066858.0,0.3053453035827414,725943.0,125625.0,0.17305077671387423,0.12656475742182038
0,6,883141.0,28159.0,24hrBleb_Composite_7.tif,OTHER,blebbistatin,24hr,29733338.0,1908374.0,0.06418297198921964,4863725.0,113283.0,0.023291407306128532,0.031885055727228155
0,3,567105.0,4971.0,24hrBleb_Composite_8.tif,OTHER,blebbistatin,24hr,10499325.0,272450.0,0.025949287216082938,1462878.0,18206.0,0.012445330369313093,0.008765572513026688
1,5,272967.0,22289.0,24hrBleb_Composite_8.tif,OTHER,blebbistatin,24hr,8904482.0,1749991.0,0.19652923100973196,838887.0,94196.0,0.11228687534793125,0.08165455897599344
0,3,335962.0,25658.0,24hrBleb_Composite_9.tif,OTHER,blebbistatin,24hr,16310019.0,1733779.0,0.10630147028032279,1522028.0,183223.0,0.12038083399254153,0.07637173251736804
1,9,286043.0,29755.0,24hrBleb_Composite_9.tif,OTHER,blebbistatin,24hr,15633928.0,3326991.0,0.2128058284520691,1135540.0,167839.0,0.14780544938971768,0.104022821743584
2,10,148687.0,23639.0,24hrBleb_Composite_9.tif,OTHER,blebbistatin,24hr,7770165.0,2469455.0,0.3178124274066252,568205.0,114409.0,0.20135162485370597,0.15898498187467633
3,12,182932.0,29085.0,24hrBleb_Composite_9.tif,OTHER,blebbistatin,24hr,10276351.0,3039878.0,0.29581297875092044,684415.0,148068.0,0.21634242382180402,0.15899350578356986
0,7,159890.0,27127.0,L_NLS_24hrBleb_Composite_1.tif,L_LNS,blebbistatin,24hr,6177595.0,2460487.0,0.3982920537846848,879628.0,208711.0,0.23727189220897926,0.16966039151916942
1,8,161299.0,30673.0,L_NLS_24hrBleb_Composite_1.tif,L_LNS,blebbistatin,24hr,7763947.0,2860933.0,0.3684895066903471,1437279.0,470257.0,0.3271856055783185,0.19016236926453356
2,11,245182.0,31015.0,L_NLS_24hrBleb_Composite_1.tif,L_LNS,blebbistatin,24hr,9659278.0,2889317.0,0.2991234955656106,2076951.0,483026.0,0.23256494736755948,0.1264978668907179
0,2,752172.0,35565.0,L_NLS_24hrBleb_Composite_10.tif,L_LNS,blebbistatin,24hr,8704229.0,1822998.0,0.20943819377913886,4660947.0,709326.0,0.15218495297200332,0.0472830682343932
1,3,267613.0,27801.0,L_NLS_24hrBleb_Composite_10.tif,L_LNS,blebbistatin,24hr,7601359.0,2006181.0,0.26392399043381587,10907797.0,3259788.0,0.2988493460228495,0.1038850877946886
0,3,1096519.0,25501.0,L_NLS_24hrBleb_Composite_2.tif,L_LNS,blebbistatin,24hr,12209066.0,2404064.0,0.19690810091451713,5215188.0,1708181.0,0.3275396783394961,0.02325632296385197
1,6,552001.0,35197.0,L_NLS_24hrBleb_Composite_2.tif,L_LNS,blebbistatin,24hr,13619421.0,4687650.0,0.34418864061842275,6520298.0,2593136.0,0.3977020682183544,0.063762565647526
2,7,72072.0,11098.0,L_NLS_24hrBleb_Composite_2.tif,L_LNS,blebbistatin,24hr,2083383.0,630406.0,0.30258766631003514,963490.0,286196.0,0.2970409656561044,0.153984903984904
0,5,297828.0,33261.0,L_NLS_24hrBleb_Composite_3.tif,L_LNS,blebbistatin,24hr,4911517.0,2172271.0,0.44228107120468074,1607763.0,196937.0,0.12249131246334193,0.11167855272170514
0,5,291887.0,31718.0,L_NLS_24hrBleb_Composite_4.tif,L_LNS,blebbistatin,24hr,11742839.0,3160068.0,0.26910596321724245,2635505.0,348533.0,0.13224524332148868,0.10866533966911852
1,12,149965.0,36027.0,L_NLS_24hrBleb_Composite_4.tif,L_LNS,blebbistatin,24hr,7348454.0,3369729.0,0.45856298481285995,1354253.0,400961.0,0.29607540097751306,0.24023605507951856
2,14,93411.0,18555.0,L_NLS_24hrBleb_Composite_4.tif,L_LNS,blebbistatin,24hr,4027573.0,1740551.0,0.43215877154802657,773247.0,193573.0,0.25033786099396443,0.19863827600603784
3,16,103844.0,1623.0,L_NLS_24hrBleb_Composite_4.tif,L_LNS,blebbistatin,24hr,3476790.0,105163.0,0.03024715326493691,819167.0,21309.0,0.026013010778022063,0.01562921305034475
0,8,214792.0,5416.0,L_NLS_24hrBleb_Composite_5.tif,L_LNS,blebbistatin,24hr,4759945.0,163522.0,0.03435375828922393,938850.0,34777.0,0.03704212600521915,0.025215091809750827
0,4,202944.0,3390.0,L_NLS_24hrBleb_Composite_6.tif,L_LNS,blebbistatin,24hr,4669767.0,209337.0,0.04482814667198599,358768.0,11787.0,0.03285410070017393,0.01670411542100284
1,6,235049.0,3912.0,L_NLS_24hrBleb_Composite_6.tif,L_LNS,blebbistatin,24hr,4196847.0,181831.0,0.043325620400267155,995152.0,43426.0,0.04363755486599032,0.016643338197567317
2,8,351078.0,36408.0,L_NLS_24hrBleb_Composite_6.tif,L_LNS,blebbistatin,24hr,12381830.0,2675938.0,0.2161181343953196,727973.0,98184.0,0.13487313403106985,0.1037034505152701
3,10,219871.0,29548.0,L_NLS_24hrBleb_Composite_6.tif,L_LNS,blebbistatin,24hr,8794134.0,2228512.0,0.2534089200824095,441419.0,73973.0,0.16758000901637674,0.13438789108158875
0,4,42525.0,6973.0,L_NLS_24hrBleb_Composite_7.tif,L_LNS,blebbistatin,24hr,1037903.0,248514.0,0.23943856025081342,138291.0,31368.0,0.22682604074017831,0.16397413286302176
1,5,304884.0,3547.0,L_NLS_24hrBleb_Composite_7.tif,L_LNS,blebbistatin,24hr,2073555.0,92437.0,0.044578995975510655,546579.0,14035.0,0.025677898345893273,0.011633932905629682
2,6,35458.0,13449.0,L_NLS_24hrBleb_Composite_7.tif,L_LNS,blebbistatin,24hr,663682.0,304667.0,0.45905569233458193,116983.0,59848.0,0.511595701939598,0.3792938123977664
3,8,94863.0,28679.0,L_NLS_24hrBleb_Composite_7.tif,L_LNS,blebbistatin,24hr,1952265.0,910261.0,0.4662589351343183,353397.0,145641.0,0.4121172505708877,0.30232018806067695
4,9,55848.0,38649.0,L_NLS_24hrBleb_Composite_7.tif,L_LNS,blebbistatin,24hr,3107510.0,2398320.0,0.7717819089882253,217580.0,158371.0,0.7278748046695468,0.6920391061452514
5,11,77778.0,38827.0,L_NLS_24hrBleb_Composite_7.tif,L_LNS,blebbistatin,24hr,3711889.0,2575945.0,0.6939714522713368,400820.0,172433.0,0.4302005887929744,0.49920285942040166
6,12,21374.0,5674.0,L_NLS_24hrBleb_Composite_7.tif,L_LNS,blebbistatin,24hr,472253.0,160872.0,0.34064791541821865,133371.0,27479.0,0.20603429531157447,0.2654627117058108
0,4,29657.0,5235.0,L_NLS_24hrBleb_Composite_9.tif,L_LNS,blebbistatin,24hr,700134.0,144233.0,0.2060077070960702,68645.0,16569.0,0.24137227766042682,0.17651819132076743
1,8,145123.0,12109.0,L_NLS_24hrBleb_Composite_9.tif,L_LNS,blebbistatin,24hr,3674660.0,399901.0,0.10882666695694296,348533.0,44765.0,0.12843834012848138,0.08343956505860546
2,9,154954.0,32584.0,L_NLS_24hrBleb_Composite_9.tif,L_LNS,blebbistatin,24hr,7935193.0,3785946.0,0.47710824424812354,372240.0,115001.0,0.30894315495379326,0.2102817610387599
3,10,142135.0,16175.0,L_NLS_24hrBleb_Composite_9.tif,L_LNS,blebbistatin,24hr,2808013.0,429852.0,0.1530804878752342,909352.0,150432.0,0.16542768916767103,0.11380026031589686
4,16,144637.0,6104.0,L_NLS_24hrBleb_Composite_9.tif,L_LNS,blebbistatin,24hr,2602322.0,213868.0,0.08218352686562232,254037.0,19877.0,0.07824450768982472,0.042202202755864685
5,18,103566.0,17625.0,L_NLS_24hrBleb_Composite_9.tif,L_LNS,blebbistatin,24hr,2267883.0,535967.0,0.2363292109866338,284601.0,62168.0,0.21843914814073034,0.17018133364231505
0,4,240465.0,34076.0,M_NLS_24hrBleb_Composite_1.tif,M_LNS,blebbistatin,24hr,11157226.0,3716874.0,0.33313603220011856,665801.0,101427.0,0.15233831129721945,0.1417087725864471
1,7,675733.0,35268.0,M_NLS_24hrBleb_Composite_1.tif,M_LNS,blebbistatin,24hr,18394053.0,3994285.0,0.21715089110594604,4732995.0,1221176.0,0.25801337208258196,0.05219221201273284
2,9,599705.0,35719.0,M_NLS_24hrBleb_Composite_1.tif,M_LNS,blebbistatin,24hr,13871276.0,2575653.0,0.18568248515853913,956488.0,74989.0,0.07840035630347689,0.0595609508008104
3,11,226027.0,14022.0,M_NLS_24hrBleb_Composite_1.tif,M_LNS,blebbistatin,24hr,3621815.0,140150.0,0.03869606813158596,423169.0,26616.0,0.06289685681134488,0.062036836307166845
0,3,95577.0,23286.0,M_NLS_24hrBleb_Composite_10.tif,M_LNS,blebbistatin,24hr,4208594.0,1292852.0,0.3071933286983729,815156.0,210685.0,0.2584597304074312,0.24363602121849398
1,7,85679.0,32283.0,M_NLS_24hrBleb_Composite_10.tif,M_LNS,blebbistatin,24hr,8083640.0,4394740.0,0.5436585498612011,204254.0,89131.0,0.4363733390778149,0.3767901119294109
2,9,160071.0,31653.0,M_NLS_24hrBleb_Composite_10.tif,M_LNS,blebbistatin,24hr,6931839.0,2324843.0,0.3353861796270802,297293.0,68865.0,0.23164016643513302,0.19774350132128868
3,12,198151.0,30017.0,M_NLS_24hrBleb_Composite_10.tif,M_LNS,blebbistatin,24hr,7284661.0,2246414.0,0.30837591481607723,354925.0,64890.0,0.1828273578925125,0.1514854832930442
4,13,186198.0,33293.0,M_NLS_24hrBleb_Composite_10.tif,M_LNS,blebbistatin,24hr,12673746.0,4851946.0,0.38283440428741433,477706.0,98100.0,0.20535643261755138,0.17880428361206888
5,14,35404.0,2085.0,M_NLS_24hrBleb_Composite_10.tif,M_LNS,blebbistatin,24hr,1373870.0,72455.0,0.05273788640846659,92580.0,4988.0,0.053877727370922446,0.05889165066094226
6,16,146492.0,26441.0,M_NLS_24hrBleb_Composite_10.tif,M_LNS,blebbistatin,24hr,6198653.0,2679378.0,0.4322516520928015,4217723.0,3307077.0,0.7840906100282071,0.18049449799306447
0,8,145449.0,32139.0,M_NLS_24hrBleb_Composite_2.tif,M_LNS,blebbistatin,24hr,9859789.0,2786764.0,0.2826393140867416,1488436.0,381377.0,0.2562266701423508,0.22096404925437782
1,11,152669.0,33879.0,M_NLS_24hrBleb_Composite_2.tif,M_LNS,blebbistatin,24hr,13953695.0,3745471.0,0.26842144679240876,4163974.0,2535526.0,0.6089197482981402,0.2219114555017718
2,13,74372.0,23769.0,M_NLS_24hrBleb_Composite_2.tif,M_LNS,blebbistatin,24hr,6858097.0,2239950.0,0.3266139280328056,864711.0,303559.0,0.35105254819240184,0.31959608454794813
3,14,137293.0,23384.0,M_NLS_24hrBleb_Composite_2.tif,M_LNS,blebbistatin,24hr,9167805.0,2242250.0,0.24457871867911676,1437167.0,310721.0,0.2162038232160911,0.17032186637337665
4,17,89956.0,33518.0,M_NLS_24hrBleb_Composite_2.tif,M_LNS,blebbistatin,24hr,6546612.0,3260727.0,0.49807854811007585,2136381.0,1115572.0,0.5221783942096471,0.3726043843656899
5,18,170443.0,28073.0,M_NLS_24hrBleb_Composite_2.tif,M_LNS,blebbistatin,24hr,10521248.0,2745683.0,0.26096552424199104,2705654.0,1121654.0,0.41455928954700044,0.16470608942579043
6,19,100761.0,25345.0,M_NLS_24hrBleb_Composite_2.tif,M_LNS,blebbistatin,24hr,6939225.0,2570062.0,0.37036729605971846,1994505.0,1063262.0,0.5330956803818492,0.2515358124671252
7,20,122955.0,11080.0,M_NLS_24hrBleb_Composite_2.tif,M_LNS,blebbistatin,24hr,5837467.0,573678.0,0.09827515941417742,1215882.0,147691.0,0.121468201684045,0.0901142694481721
8,23,42996.0,3548.0,M_NLS_24hrBleb_Composite_2.tif,M_LNS,blebbistatin,24hr,2091068.0,231423.0,0.11067215413367715,460032.0,46542.0,0.10117122287145242,0.08251930412131361
9,25,435063.0,30958.0,M_NLS_24hrBleb_Composite_2.tif,M_LNS,blebbistatin,24hr,13769038.0,3360024.0,0.24402750577055565,3626725.0,707105.0,0.19497066912986233,0.07115751052146471
10,26,129320.0,27652.0,M_NLS_24hrBleb_Composite_2.tif,M_LNS,blebbistatin,24hr,7443774.0,2671391.0,0.35887588741947296,1610419.0,585860.0,0.36379352205854504,0.2138261676461491
0,7,306731.0,28503.0,M_NLS_24hrBleb_Composite_3.tif,M_LNS,blebbistatin,24hr,14363716.0,3476308.0,0.2420201012050085,835124.0,111477.0,0.13348556621531651,0.09292507115355149
1,12,156117.0,13569.0,M_NLS_24hrBleb_Composite_3.tif,M_LNS,blebbistatin,24hr,4046439.0,410950.0,0.10155843199415585,1011922.0,142249.0,0.14057308764904805,0.08691558254386134
2,14,97823.0,11759.0,M_NLS_24hrBleb_Composite_3.tif,M_LNS,blebbistatin,24hr,2220255.0,284351.0,0.1280713251405807,255619.0,41201.0,0.1611812893407767,0.12020690430675812
3,15,258274.0,21020.0,M_NLS_24hrBleb_Composite_3.tif,M_LNS,blebbistatin,24hr,8366033.0,1113706.0,0.13312235321089458,1959573.0,75642.0,0.03860126670453206,0.0813864345617445
4,16,60036.0,27191.0,M_NLS_24hrBleb_Composite_3.tif,M_LNS,blebbistatin,24hr,3058590.0,1531472.0,0.5007117658790489,160842.0,79570.0,0.49470909339600355,0.4529115863815044
0,6,139040.0,30458.0,M_NLS_24hrBleb_Composite_4.tif,M_LNS,blebbistatin,24hr,9656371.0,3205926.0,0.3320011213322272,577654.0,171445.0,0.29679531345753685,0.21905926352128885
1,7,127795.0,29731.0,M_NLS_24hrBleb_Composite_4.tif,M_LNS,blebbistatin,24hr,11653353.0,3317307.0,0.2846654520806158,973504.0,341697.0,0.3509970169614095,0.232646034664893
2,10,49627.0,619.0,M_NLS_24hrBleb_Composite_4.tif,M_LNS,blebbistatin,24hr,2146838.0,15095.0,0.007031271106622857,158771.0,2042.0,0.012861290789879763,0.012473048945130676
3,11,116208.0,24560.0,M_NLS_24hrBleb_Composite_4.tif,M_LNS,blebbistatin,24hr,5094057.0,1712969.0,0.33626812577872606,358690.0,91470.0,0.2550112910870111,0.21134517417045298
4,12,98270.0,27536.0,M_NLS_24hrBleb_Composite_4.tif,M_LNS,blebbistatin,24hr,6055222.0,2113616.0,0.34905673152858807,403125.0,110108.0,0.27313612403100773,0.28020759133000916
5,15,152611.0,26079.0,M_NLS_24hrBleb_Composite_4.tif,M_LNS,blebbistatin,24hr,6132101.0,1275476.0,0.20799983561914587,508652.0,125416.0,0.24656543176867485,0.1708854538663661
6,18,36145.0,5011.0,M_NLS_24hrBleb_Composite_4.tif,M_LNS,blebbistatin,24hr,1126383.0,259008.0,0.22994665224883543,90407.0,17866.0,0.19761744112734633,0.13863604924609213
0,6,107380.0,27023.0,M_NLS_24hrBleb_Composite_5.tif,M_LNS,blebbistatin,24hr,6741473.0,1962539.0,0.2911142713172626,723384.0,224676.0,0.310590225938091,0.2516576643695288
1,7,107156.0,32525.0,M_NLS_24hrBleb_Composite_5.tif,M_LNS,blebbistatin,24hr,6832111.0,2507577.0,0.36702814108260245,828148.0,312084.0,0.376845684587779,0.30352943372279667
2,10,49157.0,17369.0,M_NLS_24hrBleb_Composite_5.tif,M_LNS,blebbistatin,24hr,1621877.0,506647.0,0.31238312153141085,292211.0,103497.0,0.35418584515983315,0.35333726630998635
3,12,50287.0,11756.0,M_NLS_24hrBleb_Composite_5.tif,M_LNS,blebbistatin,24hr,1399483.0,255706.0,0.18271461675490164,294147.0,67264.0,0.22867477825712995,0.23377811362777656
4,13,51283.0,8292.0,M_NLS_24hrBleb_Composite_5.tif,M_LNS,blebbistatin,24hr,1417333.0,178434.0,0.1258941970588422,310483.0,47282.0,0.1522853103068445,0.16169100871633874
5,14,155213.0,35479.0,M_NLS_24hrBleb_Composite_5.tif,M_LNS,blebbistatin,24hr,8208358.0,3329389.0,0.40560962375179055,932970.0,258195.0,0.2767452329656902,0.22858265738050293
6,16,85124.0,11372.0,M_NLS_24hrBleb_Composite_5.tif,M_LNS,blebbistatin,24hr,3788826.0,664489.0,0.17538123946573425,499728.0,80777.0,0.16164193321166714,0.13359334617734128
7,17,158791.0,31231.0,M_NLS_24hrBleb_Composite_5.tif,M_LNS,blebbistatin,24hr,9235913.0,3055128.0,0.3307878712153309,952575.0,231782.0,0.24332152323963993,0.19667991258950443
8,18,170379.0,28794.0,M_NLS_24hrBleb_Composite_5.tif,M_LNS,blebbistatin,24hr,8637626.0,2741985.0,0.31744659933180713,984172.0,210451.0,0.21383558971399308,0.16899970066733577
9,20,122688.0,31094.0,M_NLS_24hrBleb_Composite_5.tif,M_LNS,blebbistatin,24hr,7490006.0,2934282.0,0.3917596327693195,723702.0,222499.0,0.30744560606437454,0.25343961919666147
0,3,150454.0,36502.0,M_NLS_24hrBleb_Composite_6.tif,M_LNS,blebbistatin,24hr,10379049.0,3986401.0,0.38408152808605106,567839.0,117281.0,0.2065391774781232,0.24261235992396346
1,9,191340.0,14169.0,M_NLS_24hrBleb_Composite_6.tif,M_LNS,blebbistatin,24hr,7777061.0,1204004.0,0.15481478157365616,656775.0,45683.0,0.06955654523999848,0.07405142677955472
2,10,138500.0,22323.0,M_NLS_24hrBleb_Composite_6.tif,M_LNS,blebbistatin,24hr,5260389.0,962742.0,0.18301726355218217,335007.0,79706.0,0.2379233866755023,0.16117689530685922
3,14,199369.0,31183.0,M_NLS_24hrBleb_Composite_6.tif,M_LNS,blebbistatin,24hr,11772696.0,2769725.0,0.23526684117214952,446839.0,81779.0,0.18301670176506526,0.15640846871880784
4,15,278801.0,24981.0,M_NLS_24hrBleb_Composite_6.tif,M_LNS,blebbistatin,24hr,11574807.0,2722458.0,0.23520547686021892,765186.0,192521.0,0.25160026451085094,0.08960154375342987
5,16,52260.0,12819.0,M_NLS_24hrBleb_Composite_6.tif,M_LNS,blebbistatin,24hr,2319763.0,655232.0,0.28245644059328473,118642.0,32920.0,0.2774734073936717,0.24529276693455798
6,17,85164.0,28311.0,M_NLS_24hrBleb_Composite_6.tif,M_LNS,blebbistatin,24hr,7019626.0,2452692.0,0.34940493980733445,199540.0,70170.0,0.3516588152751328,0.33242919543469074
7,18,26646.0,3628.0,M_NLS_24hrBleb_Composite_6.tif,M_LNS,blebbistatin,24hr,994292.0,278422.0,0.2800203561931505,58552.0,10512.0,0.17953272304959694,0.1361555205284095
8,19,31329.0,13841.0,M_NLS_24hrBleb_Composite_6.tif,M_LNS,blebbistatin,24hr,2727400.0,1966718.0,0.7210962821734985,168066.0,127788.0,0.7603441505122988,0.441795141881324
0,5,48857.0,23314.0,M_NLS_24hrBleb_Composite_7.tif,M_LNS,blebbistatin,24hr,4264763.0,2635722.0,0.6180230882700868,255785.0,91788.0,0.3588482514611881,0.4771885297910228
1,6,109703.0,26186.0,M_NLS_24hrBleb_Composite_7.tif,M_LNS,blebbistatin,24hr,6418237.0,2433967.0,0.3792267253452934,3657115.0,2495087.0,0.6822555484309353,0.23869903284322216
2,8,84386.0,12534.0,M_NLS_24hrBleb_Composite_7.tif,M_LNS,blebbistatin,24hr,5508183.0,1150349.0,0.20884364226823982,227877.0,33898.0,0.14875568837574657,0.14853174697224658
3,9,139409.0,12923.0,M_NLS_24hrBleb_Composite_7.tif,M_LNS,blebbistatin,24hr,9620838.0,1675948.0,0.17419979423829815,613189.0,55153.0,0.08994453586088465,0.0926984627965196
4,10,103554.0,20172.0,M_NLS_24hrBleb_Composite_7.tif,M_LNS,blebbistatin,24hr,4988967.0,1521568.0,0.30498658339491924,239825.0,53067.0,0.22127384551235277,0.19479691755026363
5,12,89058.0,7231.0,M_NLS_24hrBleb_Composite_7.tif,M_LNS,blebbistatin,24hr,3772982.0,232227.0,0.061549988841717244,299075.0,30881.0,0.10325503636211653,0.08119427788632128
6,14,134719.0,25781.0,M_NLS_24hrBleb_Composite_7.tif,M_LNS,blebbistatin,24hr,6972061.0,1761726.0,0.25268367560180555,4909640.0,3327852.0,0.6778199623597657,0.19136870077717322
7,17,70540.0,31876.0,M_NLS_24hrBleb_Composite_7.tif,M_LNS,blebbistatin,24hr,4089505.0,2683359.0,0.656157407803634,303865.0,113010.0,0.37190857782238823,0.45188545506095834
8,19,130508.0,23230.0,M_NLS_24hrBleb_Composite_7.tif,M_LNS,blebbistatin,24hr,7183402.0,2208263.0,0.3074118641835721,348054.0,74993.0,0.21546369241554472,0.17799675115701719
9,20,57423.0,16404.0,M_NLS_24hrBleb_Composite_7.tif,M_LNS,blebbistatin,24hr,2549902.0,893198.0,0.35028718750759835,154949.0,63434.0,0.4093863142066099,0.2856695052505094
10,21,131384.0,24399.0,M_NLS_24hrBleb_Composite_7.tif,M_LNS,blebbistatin,24hr,6811788.0,2452723.0,0.3600703662533244,337534.0,81320.0,0.240923877298287,0.18570754429763137
11,22,29533.0,16879.0,M_NLS_24hrBleb_Composite_7.tif,M_LNS,blebbistatin,24hr,3207191.0,2044803.0,0.6375682022056061,1259338.0,936658.0,0.7437701395495093,0.5715301527105272
12,24,142490.0,37924.0,M_NLS_24hrBleb_Composite_7.tif,M_LNS,blebbistatin,24hr,10852735.0,3023344.0,0.27857899414295106,1881497.0,1150205.0,0.6113243869110607,0.2661520106674153
13,25,120693.0,27752.0,M_NLS_24hrBleb_Composite_7.tif,M_LNS,blebbistatin,24hr,9387099.0,3122125.0,0.3325974297277572,445446.0,98667.0,0.22150159615306905,0.22993877026836684
14,27,66970.0,14752.0,M_NLS_24hrBleb_Composite_7.tif,M_LNS,blebbistatin,24hr,3310395.0,694038.0,0.20965413492951748,733543.0,187111.0,0.2550784343930758,0.22027773629983574
15,28,149099.0,37018.0,M_NLS_24hrBleb_Composite_7.tif,M_LNS,blebbistatin,24hr,8581193.0,3217627.0,0.37496266544756657,417019.0,124901.0,0.29950913507538024,0.24827798979201737
16,30,200301.0,32190.0,M_NLS_24hrBleb_Composite_7.tif,M_LNS,blebbistatin,24hr,7857514.0,2697380.0,0.3432866934758245,572580.0,182740.0,0.3191519089035593,0.1607081342579418
17,31,122072.0,21752.0,M_NLS_24hrBleb_Composite_7.tif,M_LNS,blebbistatin,24hr,10937028.0,2751930.0,0.25161588687530106,2121602.0,900722.0,0.42454805378200056,0.1781899207025362
18,35,66816.0,24301.0,M_NLS_24hrBleb_Composite_7.tif,M_LNS,blebbistatin,24hr,3642589.0,2293027.0,0.6295047286421828,340246.0,135642.0,0.3986586175884507,0.363700311302682
0,4,295953.0,26055.0,M_NLS_24hrBleb_Composite_8.tif,M_LNS,blebbistatin,24hr,7074609.0,1192460.0,0.16855489822829783,18119810.0,3270872.0,0.18051359258182068,0.08803762759627373
1,6,327465.0,25874.0,M_NLS_24hrBleb_Composite_8.tif,M_LNS,blebbistatin,24hr,4786813.0,1004712.0,0.20989163353571572,11233404.0,2827903.0,0.25174052317534384,0.0790130242926725
0,6,232796.0,35212.0,M_NLS_24hrBleb_Composite_9.tif,M_LNS,blebbistatin,24hr,12144454.0,2786656.0,0.22945914242007093,5371390.0,2453158.0,0.45670822636226377,0.15125689444835821
1,8,276657.0,34780.0,M_NLS_24hrBleb_Composite_9.tif,M_LNS,blebbistatin,24hr,13157127.0,2525634.0,0.19195938444616367,5548711.0,2259754.0,0.4072574693473854,0.12571523583354116
2,10,106222.0,18132.0,M_NLS_24hrBleb_Composite_9.tif,M_LNS,blebbistatin,24hr,7653967.0,1790508.0,0.23393202505315216,406600.0,79739.0,0.19611165764879487,0.1706991018809663
3,13,168017.0,38854.0,M_NLS_24hrBleb_Composite_9.tif,M_LNS,blebbistatin,24hr,13310788.0,4616760.0,0.3468434776363353,632463.0,192347.0,0.3041237194903101,0.23125040918478487
4,14,161751.0,29126.0,M_NLS_24hrBleb_Composite_9.tif,M_LNS,blebbistatin,24hr,9152665.0,3415931.0,0.3732170903228732,1591467.0,844494.0,0.5306387125840498,0.18006689294038367
5,17,230129.0,26819.0,M_NLS_24hrBleb_Composite_9.tif,M_LNS,blebbistatin,24hr,10491361.0,3068233.0,0.2924532860893834,1668137.0,771551.0,0.46252256259527846,0.11653898465643182
6,18,66811.0,9030.0,M_NLS_24hrBleb_Composite_9.tif,M_LNS,blebbistatin,24hr,3163805.0,556840.0,0.17600326189509152,294655.0,51893.0,0.17611443892009299,0.13515738426307045
7,19,126612.0,27617.0,M_NLS_24hrBleb_Composite_9.tif,M_LNS,blebbistatin,24hr,6433407.0,2814576.0,0.43749385045901806,460403.0,128418.0,0.27892520248564845,0.2181230846997125
0,5,285547.0,35763.0,24hrROCKi_Composite_1.tif,OTHER,ROCKi,24hr,17044231.0,3790219.0,0.22237547707491173,3084367.0,467199.0,0.15147321962658788,0.12524383026261876
1,6,298591.0,30838.0,24hrROCKi_Composite_1.tif,OTHER,ROCKi,24hr,15457614.0,3297966.0,0.21335543765033854,3260910.0,417750.0,0.12810841145569796,0.1032783975404483
2,7,337164.0,37478.0,24hrROCKi_Composite_1.tif,OTHER,ROCKi,24hr,18408400.0,4634891.0,0.25178130636013996,3543299.0,490948.0,0.13855675177285348,0.1111565884851289
3,8,315710.0,31145.0,24hrROCKi_Composite_1.tif,OTHER,ROCKi,24hr,18104033.0,3832620.0,0.2116997908698023,3479682.0,432465.0,0.12428290861061442,0.09865066041620474
4,9,271248.0,29403.0,24hrROCKi_Composite_1.tif,OTHER,ROCKi,24hr,18883961.0,3506656.0,0.1856949397427796,2946821.0,394254.0,0.13378959902891963,0.1083989559370023
0,6,189355.0,29521.0,24hrROCKi_Composite_10.tif,OTHER,ROCKi,24hr,10256663.0,2556715.0,0.2492735697760568,11986077.0,2070537.0,0.17274517759230146,0.15590293364315702
1,8,220846.0,26802.0,24hrROCKi_Composite_10.tif,OTHER,ROCKi,24hr,15860795.0,3350766.0,0.21126091094424965,14771351.0,2140786.0,0.14492824657676878,0.12136058610977786
2,11,375715.0,29225.0,24hrROCKi_Composite_10.tif,OTHER,ROCKi,24hr,13758069.0,2279404.0,0.16567761071702722,22689412.0,2046221.0,0.09018395893203403,0.07778502322238931
3,13,291738.0,29688.0,24hrROCKi_Composite_10.tif,OTHER,ROCKi,24hr,13516696.0,3486584.0,0.25794646857486475,17498731.0,2169446.0,0.12397733298488901,0.10176254036155728
0,5,112890.0,19738.0,24hrROCKi_Composite_2.tif,OTHER,ROCKi,24hr,2754950.0,817545.0,0.2967549320314343,8912792.0,2026720.0,0.22739451341397848,0.17484276729559747
1,6,140627.0,28983.0,24hrROCKi_Composite_2.tif,OTHER,ROCKi,24hr,3587868.0,879288.0,0.2450725611979036,11814716.0,2986381.0,0.2527679040274857,0.20609840215605824
2,7,126767.0,28046.0,24hrROCKi_Composite_2.tif,OTHER,ROCKi,24hr,3626623.0,1087426.0,0.29984533821133325,10658270.0,2767099.0,0.25961990079065367,0.22124054367461563
3,10,88371.0,23045.0,24hrROCKi_Composite_2.tif,OTHER,ROCKi,24hr,3335263.0,1242529.0,0.3725430348371328,8110982.0,2515121.0,0.31008834688574083,0.26077559380339704
4,11,153919.0,28785.0,24hrROCKi_Composite_2.tif,OTHER,ROCKi,24hr,3356761.0,1066250.0,0.3176425131250035,11870649.0,2658694.0,0.22397208442436467,0.18701394889519812
5,12,106623.0,30310.0,24hrROCKi_Composite_2.tif,OTHER,ROCKi,24hr,4950881.0,1584400.0,0.3200238503005829,11395991.0,3809696.0,0.3343014223159706,0.2842726241054932
6,14,129128.0,26256.0,24hrROCKi_Composite_2.tif,OTHER,ROCKi,24hr,2919975.0,645597.0,0.22109675596537642,11009235.0,2614617.0,0.23749306831946088,0.20333312681989962
7,15,138503.0,35828.0,24hrROCKi_Composite_2.tif,OTHER,ROCKi,24hr,3260676.0,1085939.0,0.3330410626508123,11392867.0,3305456.0,0.2901338179406465,0.25868031739384706
8,16,152075.0,31103.0,24hrROCKi_Composite_2.tif,OTHER,ROCKi,24hr,4298440.0,1376580.0,0.320251067829259,13620292.0,3555192.0,0.26102171671503077,0.2045240835114253
9,19,134592.0,35334.0,24hrROCKi_Composite_2.tif,OTHER,ROCKi,24hr,3421390.0,933398.0,0.27281251187382904,12058890.0,3357613.0,0.2784346652137966,0.26252674750356636
10,22,152648.0,28094.0,24hrROCKi_Composite_2.tif,OTHER,ROCKi,24hr,5366030.0,1669971.0,0.31121164063562823,14210439.0,3363043.0,0.2366600356259226,0.1840443372988837
11,23,162496.0,30460.0,24hrROCKi_Composite_2.tif,OTHER,ROCKi,24hr,4520757.0,1285904.0,0.28444439725470755,14085593.0,3089842.0,0.21936186854184983,0.1874507680189051
12,25,162680.0,32470.0,24hrROCKi_Composite_2.tif,OTHER,ROCKi,24hr,5011404.0,1053250.0,0.21017064279790654,15236843.0,3533639.0,0.23191411764234887,0.1995942955495451
0,7,183820.0,31812.0,24hrROCKi_Composite_3.tif,OTHER,ROCKi,24hr,9781861.0,3178173.0,0.3249047394969117,19232089.0,4142799.0,0.215410764790034,0.17306060276357307
1,10,116700.0,19677.0,24hrROCKi_Composite_3.tif,OTHER,ROCKi,24hr,5311715.0,1560173.0,0.2937230254258747,11398702.0,2740988.0,0.24046492311142093,0.16861182519280205
2,11,231702.0,28433.0,24hrROCKi_Composite_3.tif,OTHER,ROCKi,24hr,10456878.0,2989772.0,0.2859144000723734,25065937.0,3952380.0,0.15767932393670342,0.12271365806078498
3,17,256551.0,38191.0,24hrROCKi_Composite_3.tif,OTHER,ROCKi,24hr,8216768.0,2585573.0,0.3146703180617975,25259161.0,4541836.0,0.17980945606229756,0.14886318899556034
0,7,269041.0,32080.0,24hrROCKi_Composite_4.tif,OTHER,ROCKi,24hr,13388968.0,3660671.0,0.27340949653475904,19300362.0,3189539.0,0.16525798842529482,0.1192383317040897
1,8,298398.0,28076.0,24hrROCKi_Composite_4.tif,OTHER,ROCKi,24hr,10703994.0,2580938.0,0.24111915608323398,19095969.0,2367340.0,0.12397066626993372,0.09408910247387717
2,12,240218.0,30390.0,24hrROCKi_Composite_4.tif,OTHER,ROCKi,24hr,10530128.0,3034810.0,0.28820257455559894,16684086.0,2739418.0,0.16419347155127348,0.12651008667127359
3,13,214741.0,25627.0,24hrROCKi_Composite_4.tif,OTHER,ROCKi,24hr,10356609.0,2095132.0,0.20229903436539895,15702537.0,2599337.0,0.1655361168707961,0.11933911083584411
4,16,556801.0,32137.0,24hrROCKi_Composite_4.tif,OTHER,ROCKi,24hr,18949361.0,3133681.0,0.16537132835244417,33550138.0,2929917.0,0.08732950666253593,0.05771720955960927
5,18,299852.0,33936.0,24hrROCKi_Composite_4.tif,OTHER,ROCKi,24hr,10449896.0,3391308.0,0.324530311115058,16992660.0,2937853.0,0.17288952994999018,0.1131758334111495
0,9,215114.0,35543.0,24hrROCKi_Composite_5.tif,OTHER,ROCKi,24hr,13233324.0,3342220.0,0.25256088341825533,20250270.0,4249066.0,0.20982762205145908,0.16522866944968714
1,10,271176.0,35655.0,24hrROCKi_Composite_5.tif,OTHER,ROCKi,24hr,12402585.0,3522144.0,0.28398466932498345,23081557.0,4003068.0,0.17343145438585447,0.13148287459067173
2,11,332657.0,31604.0,24hrROCKi_Composite_5.tif,OTHER,ROCKi,24hr,11278319.0,2431552.0,0.2155952496112231,26923880.0,3378929.0,0.12549933367701832,0.09500476466751037
3,12,207731.0,32705.0,24hrROCKi_Composite_5.tif,OTHER,ROCKi,24hr,10194318.0,3301649.0,0.32387149390474185,18746494.0,3801908.0,0.20280634874979822,0.15743918818086852
4,14,249995.0,37201.0,24hrROCKi_Composite_5.tif,OTHER,ROCKi,24hr,14788475.0,4710255.0,0.3185085007074766,23510953.0,4774521.0,0.20307645547162637,0.1488069761395228
0,6,171924.0,29744.0,24hrROCKi_Composite_6.tif,OTHER,ROCKi,24hr,11768092.0,3816782.0,0.3243331204412746,11769522.0,2584205.0,0.21956754063588987,0.17300667736907005
1,9,219385.0,32171.0,24hrROCKi_Composite_6.tif,OTHER,ROCKi,24hr,15143809.0,3354191.0,0.22148925676492617,15117556.0,2656143.0,0.17569923339460425,0.1466417485242838
2,11,134724.0,31895.0,24hrROCKi_Composite_6.tif,OTHER,ROCKi,24hr,10757142.0,3820825.0,0.355189603335161,10673489.0,2986107.0,0.2797685930064668,0.23674326771770435
3,13,165981.0,38931.0,24hrROCKi_Composite_6.tif,OTHER,ROCKi,24hr,14942615.0,4153659.0,0.2779740360037383,14356278.0,3826385.0,0.26653043358452655,0.23455094257776493
4,14,136604.0,28054.0,24hrROCKi_Composite_6.tif,OTHER,ROCKi,24hr,10099971.0,2650821.0,0.2624582783455517,10740860.0,2498995.0,0.23266246836845467,0.20536733917015607
5,16,261847.0,37337.0,24hrROCKi_Composite_6.tif,OTHER,ROCKi,24hr,16286928.0,4189040.0,0.25720258602481694,18334153.0,3347341.0,0.18257407364278022,0.14259090232082094
0,6,180389.0,34946.0,24hrROCKi_Composite_7.tif,OTHER,ROCKi,24hr,10649776.0,2949212.0,0.2769271391248041,17860620.0,4150787.0,0.23239881930190553,0.19372578150552416
1,7,289660.0,37465.0,24hrROCKi_Composite_7.tif,OTHER,ROCKi,24hr,15247551.0,2992639.0,0.1962701420050997,26985399.0,4600806.0,0.17049242073463505,0.12934129669267416
2,11,235257.0,34254.0,24hrROCKi_Composite_7.tif,OTHER,ROCKi,24hr,11601087.0,3337113.0,0.2876551998963545,21059280.0,3922692.0,0.18626904623519894,0.14560246878945154
3,14,230269.0,37163.0,24hrROCKi_Composite_7.tif,OTHER,ROCKi,24hr,13319155.0,4661413.0,0.3499781329971759,22866841.0,4843773.0,0.21182519264466831,0.16138950531769367
0,8,220837.0,37850.0,24hrROCKi_Composite_8.tif,OTHER,ROCKi,24hr,13326241.0,4530983.0,0.340004581937247,17515731.0,3980845.0,0.2272725585931869,0.17139338063820828
1,9,177299.0,33090.0,24hrROCKi_Composite_8.tif,OTHER,ROCKi,24hr,11260412.0,3010992.0,0.26739625512814275,14794982.0,3424233.0,0.23144556715243048,0.18663387836366815
2,10,263857.0,24146.0,24hrROCKi_Composite_8.tif,OTHER,ROCKi,24hr,9023000.0,1695237.0,0.1878795300897706,17726844.0,2210316.0,0.12468750782711237,0.0915116900442285
3,12,139952.0,27294.0,24hrROCKi_Composite_8.tif,OTHER,ROCKi,24hr,9668826.0,3255172.0,0.3366667266532669,11541446.0,2845401.0,0.24653765221446255,0.19502400823139363
4,13,244046.0,34140.0,24hrROCKi_Composite_8.tif,OTHER,ROCKi,24hr,14612137.0,3532557.0,0.2417549876517035,19437516.0,3535717.0,0.1819016894957154,0.13989165976905993
5,16,219738.0,26915.0,24hrROCKi_Composite_8.tif,OTHER,ROCKi,24hr,13932945.0,3468209.0,0.24892145917463968,17266343.0,2947619.0,0.17071472517370934,0.12248677971038237
6,17,377454.0,31668.0,24hrROCKi_Composite_8.tif,OTHER,ROCKi,24hr,17732102.0,2894257.0,0.1632213146529385,27454714.0,3125323.0,0.11383556936706753,0.08389896517191499
0,7,329621.0,37566.0,24hrROCKi_Composite_9.tif,OTHER,ROCKi,24hr,16336623.0,5159013.0,0.31579433521848427,4051010.0,651772.0,0.1608912345316353,0.11396725330000212
1,12,182355.0,38573.0,24hrROCKi_Composite_9.tif,OTHER,ROCKi,24hr,7504492.0,3365132.0,0.4484156955594063,2303675.0,673075.0,0.2921744603730995,0.2115269666310219
0,9,275967.0,25428.0,L_NLS_24hrROCKi_Composite_1.tif,L_LNS,ROCKi,24hr,12452247.0,2607120.0,0.20936944151525425,4921400.0,576457.0,0.11713272645995042,0.09214145169531139
0,4,135177.0,30721.0,L_NLS_24hrROCKi_Composite_10.tif,L_LNS,ROCKi,24hr,6215672.0,3086710.0,0.4966011720052152,7924933.0,3711057.0,0.468276135583733,0.22726499330507408
1,5,208004.0,24356.0,L_NLS_24hrROCKi_Composite_10.tif,L_LNS,ROCKi,24hr,7230336.0,1896909.0,0.26235419764724627,6138953.0,1264589.0,0.2059942469017111,0.11709390204034538
2,6,999124.0,38400.0,L_NLS_24hrROCKi_Composite_10.tif,L_LNS,ROCKi,24hr,13957873.0,3179033.0,0.22775912920256547,7642934.0,500493.0,0.06548440690446888,0.038433667893074334
0,3,152424.0,18199.0,L_NLS_24hrROCKi_Composite_2.tif,L_LNS,ROCKi,24hr,5368451.0,661268.0,0.12317668541633331,2710685.0,468327.0,0.17277072031608245,0.11939720778879967
0,6,201675.0,38394.0,L_NLS_24hrROCKi_Composite_3.tif,L_LNS,ROCKi,24hr,12661524.0,4888162.0,0.38606426840876346,3564457.0,968352.0,0.27166886849806293,0.19037560431387132
1,13,241149.0,34254.0,L_NLS_24hrROCKi_Composite_3.tif,L_LNS,ROCKi,24hr,14355024.0,3649053.0,0.25420041095020113,6288521.0,1191442.0,0.1894629913774638,0.14204495975517212
0,8,84818.0,28155.0,L_NLS_24hrROCKi_Composite_4.tif,L_LNS,ROCKi,24hr,6483439.0,2754961.0,0.4249227917467875,326069.0,113271.0,0.34738352925301086,0.33194604918767245
1,9,135575.0,38204.0,L_NLS_24hrROCKi_Composite_4.tif,L_LNS,ROCKi,24hr,9891059.0,3701204.0,0.37419693887176286,1285285.0,620164.0,0.4825108828003128,0.281792365849161
2,10,156778.0,30014.0,L_NLS_24hrROCKi_Composite_4.tif,L_LNS,ROCKi,24hr,9539411.0,3198188.0,0.33526053128437383,1278413.0,539324.0,0.42186992779328747,0.19144267690619857
3,12,223231.0,35804.0,L_NLS_24hrROCKi_Composite_4.tif,L_LNS,ROCKi,24hr,13322688.0,3598887.0,0.2701321985473202,7030363.0,3422880.0,0.486871019320055,0.16038991000353894
4,13,165126.0,34763.0,L_NLS_24hrROCKi_Composite_4.tif,L_LNS,ROCKi,24hr,10752783.0,3666362.0,0.3409686589973963,616521.0,148417.0,0.24073308127379278,0.21052408463839734
5,14,153777.0,29896.0,L_NLS_24hrROCKi_Composite_4.tif,L_LNS,ROCKi,24hr,9884174.0,3353253.0,0.3392547520915759,1722767.0,126396.0,0.07336801784570984,0.19441138791886953
6,18,157833.0,38537.0,L_NLS_24hrROCKi_Composite_4.tif,L_LNS,ROCKi,24hr,12990903.0,4723671.0,0.3636137534088277,8325059.0,4272423.0,0.5132003268685543,0.2441631344522375
7,20,166194.0,26667.0,L_NLS_24hrROCKi_Composite_4.tif,L_LNS,ROCKi,24hr,14253314.0,2744399.0,0.19254462506052977,1341023.0,112704.0,0.08404330127074629,0.16045705621141557
8,21,91514.0,27540.0,L_NLS_24hrROCKi_Composite_4.tif,L_LNS,ROCKi,24hr,9275168.0,2950571.0,0.3181151004488544,573456.0,138788.0,0.2420203119332608,0.3009375614660052
0,10,116469.0,39305.0,L_NLS_24hrROCKi_Composite_5.tif,L_LNS,ROCKi,24hr,9383839.0,4135832.0,0.44073987202892123,1050229.0,391085.0,0.37238069030659027,0.3374717736049936
1,11,171187.0,39153.0,L_NLS_24hrROCKi_Composite_5.tif,L_LNS,ROCKi,24hr,10705761.0,3165240.0,0.2956576370423364,1450595.0,378730.0,0.2610859681716813,0.22871479726848418
2,16,188715.0,38577.0,L_NLS_24hrROCKi_Composite_5.tif,L_LNS,ROCKi,24hr,11015836.0,4333383.0,0.3933775884099945,4875681.0,2415134.0,0.49534290697032884,0.20441936253080042
3,17,154245.0,30289.0,L_NLS_24hrROCKi_Composite_5.tif,L_LNS,ROCKi,24hr,7917764.0,2529766.0,0.31950510270323795,1115730.0,271160.0,0.2430337088722182,0.19636941229861585
4,18,146042.0,32738.0,L_NLS_24hrROCKi_Composite_5.tif,L_LNS,ROCKi,24hr,8797463.0,3268914.0,0.3715746232749146,1359151.0,318797.0,0.23455598384579784,0.22416838991522986
5,20,126334.0,33824.0,L_NLS_24hrROCKi_Composite_5.tif,L_LNS,ROCKi,24hr,7703880.0,2651341.0,0.3441565808397846,1265918.0,324430.0,0.25628042258661304,0.2677347349090506
6,24,144810.0,27091.0,L_NLS_24hrROCKi_Composite_5.tif,L_LNS,ROCKi,24hr,11876669.0,3773220.0,0.31770019017958656,1639875.0,322543.0,0.1966875524049089,0.1870796215730958
7,25,123650.0,33595.0,L_NLS_24hrROCKi_Composite_5.tif,L_LNS,ROCKi,24hr,8343342.0,3250469.0,0.3895883687855538,1053770.0,331361.0,0.3144528692219365,0.27169429842296805
8,28,108187.0,33161.0,L_NLS_24hrROCKi_Composite_5.tif,L_LNS,ROCKi,24hr,8264031.0,3668737.0,0.44394037244051965,940575.0,328407.0,0.3491555697312814,0.30651557026260084
0,6,227148.0,34546.0,L_NLS_24hrROCKi_Composite_7.tif,L_LNS,ROCKi,24hr,6903023.0,2474416.0,0.3584539700939719,3934519.0,1840679.0,0.46782821483388437,0.15208586472255975
1,10,24266.0,5046.0,L_NLS_24hrROCKi_Composite_7.tif,L_LNS,ROCKi,24hr,1148289.0,379285.0,0.3303044790989028,138596.0,33738.0,0.24342693872839044,0.20794527322179182
0,4,120700.0,33000.0,L_NLS_24hrROCKi_Composite_8.tif,L_LNS,ROCKi,24hr,12276422.0,3678635.0,0.29965041931598635,565473.0,168427.0,0.2978515331412817,0.27340513670256833
1,6,129438.0,36778.0,L_NLS_24hrROCKi_Composite_8.tif,L_LNS,ROCKi,24hr,11460751.0,3541658.0,0.309024949586637,576029.0,182876.0,0.317477071466888,0.2841360342403313
2,8,138829.0,39133.0,L_NLS_24hrROCKi_Composite_8.tif,L_LNS,ROCKi,24hr,12761137.0,4455904.0,0.3491776634009963,805762.0,276581.0,0.343253963329122,0.28187914628787936
3,11,204885.0,28220.0,L_NLS_24hrROCKi_Composite_8.tif,L_LNS,ROCKi,24hr,13216768.0,3212556.0,0.24306668619741226,3000766.0,1035200.0,0.3449785821353614,0.13773580301144545
4,13,132257.0,31562.0,L_NLS_24hrROCKi_Composite_8.tif,L_LNS,ROCKi,24hr,9080143.0,2332261.0,0.2568528931758013,1482892.0,654328.0,0.44125128465188296,0.2386414329676312
5,16,208680.0,35447.0,L_NLS_24hrROCKi_Composite_8.tif,L_LNS,ROCKi,24hr,14619702.0,3599684.0,0.24622143460926904,1154265.0,327836.0,0.2840214335529536,0.1698629480544374
6,17,137522.0,35250.0,L_NLS_24hrROCKi_Composite_8.tif,L_LNS,ROCKi,24hr,12300784.0,3933647.0,0.31978831593173246,2187797.0,972865.0,0.4446779111590335,0.2563226247436774
7,18,113109.0,12718.0,L_NLS_24hrROCKi_Composite_8.tif,L_LNS,ROCKi,24hr,7962202.0,1494620.0,0.18771440362854397,529073.0,65626.0,0.12403959378006438,0.11244021253834796
8,19,73627.0,8549.0,L_NLS_24hrROCKi_Composite_8.tif,L_LNS,ROCKi,24hr,5184702.0,931770.0,0.17971524689364982,305360.0,39094.0,0.12802593659942363,0.11611229576106591
9,23,165319.0,26997.0,L_NLS_24hrROCKi_Composite_8.tif,L_LNS,ROCKi,24hr,12945897.0,3174990.0,0.24525067672019946,767967.0,144254.0,0.18783880036511985,0.1633024637216533
10,24,104394.0,25389.0,L_NLS_24hrROCKi_Composite_8.tif,L_LNS,ROCKi,24hr,7095976.0,2479735.0,0.3494565088720706,419019.0,110955.0,0.26479706170841893,0.24320363239266624
11,25,185317.0,11228.0,L_NLS_24hrROCKi_Composite_8.tif,L_LNS,ROCKi,24hr,11601720.0,1064219.0,0.09172941598314732,956917.0,47839.0,0.04999284159441206,0.06058807340934723
12,27,185667.0,26703.0,L_NLS_24hrROCKi_Composite_8.tif,L_LNS,ROCKi,24hr,13776353.0,3536823.0,0.2567314440911902,748632.0,129419.0,0.1728739888222785,0.14382200391022637
13,28,120276.0,39255.0,L_NLS_24hrROCKi_Composite_8.tif,L_LNS,ROCKi,24hr,10852387.0,3847512.0,0.35453140401277616,495136.0,175447.0,0.3543410295353196,0.3263743390202534
0,4,82662.0,7256.0,L_NLS_24hrROCKi_Composite_9.tif,L_LNS,ROCKi,24hr,1180665.0,315491.0,0.2672146629230137,872569.0,134512.0,0.1541562902188824,0.08777914882291742
1,5,342052.0,12551.0,L_NLS_24hrROCKi_Composite_9.tif,L_LNS,ROCKi,24hr,4113364.0,431261.0,0.1048438698836281,3219003.0,244585.0,0.07598160051419647,0.036693251318512976
2,8,143505.0,9576.0,L_NLS_24hrROCKi_Composite_9.tif,L_LNS,ROCKi,24hr,2272895.0,209319.0,0.09209356349501407,2272640.0,169625.0,0.07463786609405801,0.0667293822514895
0,5,1079945.0,36486.0,M_NLS_24hrROCKi_Composite_1.tif,M_LNS,ROCKi,24hr,14041466.0,3652541.0,0.2601253316427216,5428464.0,336950.0,0.06207096519383752,0.033785053868484044
1,6,91302.0,6855.0,M_NLS_24hrROCKi_Composite_1.tif,M_LNS,ROCKi,24hr,1735134.0,257434.0,0.1483654864696329,572698.0,70899.0,0.12379823222710748,0.07508050207005323
0,6,71202.0,6137.0,M_NLS_24hrROCKi_Composite_10.tif,M_LNS,ROCKi,24hr,1704377.0,237159.0,0.1391470314372935,1452394.0,210988.0,0.1452691211888785,0.0861913991180023
1,8,124419.0,31844.0,M_NLS_24hrROCKi_Composite_10.tif,M_LNS,ROCKi,24hr,5352426.0,1678004.0,0.31350344684821424,2452550.0,702163.0,0.2862991580192045,0.25594161663411535
2,9,185774.0,31329.0,M_NLS_24hrROCKi_Composite_10.tif,M_LNS,ROCKi,24hr,8892483.0,2440849.0,0.2744845281121145,3793233.0,746167.0,0.1967100360035885,0.1686403910127359
3,10,51584.0,23210.0,M_NLS_24hrROCKi_Composite_10.tif,M_LNS,ROCKi,24hr,2740225.0,1670676.0,0.6096857009917069,982534.0,484195.0,0.4928022847046514,0.4499457196029777
4,12,86975.0,28366.0,M_NLS_24hrROCKi_Composite_10.tif,M_LNS,ROCKi,24hr,4856297.0,2472145.0,0.509059680657917,1911716.0,655514.0,0.3428929820119725,0.3261396953147456
5,16,60833.0,20277.0,M_NLS_24hrROCKi_Composite_10.tif,M_LNS,ROCKi,24hr,3601807.0,1831750.0,0.5085641734829213,4046729.0,2313718.0,0.5717501715583129,0.3333223743691746
6,18,156653.0,38730.0,M_NLS_24hrROCKi_Composite_10.tif,M_LNS,ROCKi,24hr,7337984.0,2306450.0,0.3143165752337427,6897505.0,3817104.0,0.5534035857893542,0.24723433320779048
0,4,111449.0,13740.0,M_NLS_24hrROCKi_Composite_2.tif,M_LNS,ROCKi,24hr,1856885.0,346286.0,0.186487585391664,644705.0,121287.0,0.18812790345972188,0.12328509004118476
1,5,65393.0,18932.0,M_NLS_24hrROCKi_Composite_2.tif,M_LNS,ROCKi,24hr,1710206.0,819835.0,0.4793779228934994,2952347.0,1356745.0,0.45954794609170263,0.28951110975180827
2,7,119707.0,30173.0,M_NLS_24hrROCKi_Composite_2.tif,M_LNS,ROCKi,24hr,3869425.0,1498279.0,0.3872097275434981,5749427.0,2887205.0,0.5021726512920331,0.2520571061007293
3,10,1058535.0,31037.0,M_NLS_24hrROCKi_Composite_2.tif,M_LNS,ROCKi,24hr,11865011.0,1378970.0,0.11622155259695924,5012594.0,215836.0,0.04305874363652831,0.029320712116273906
0,8,198748.0,37784.0,M_NLS_24hrROCKi_Composite_4.tif,M_LNS,ROCKi,24hr,13467905.0,4809422.0,0.3571024595139333,10041837.0,6561027.0,0.6533691992809683,0.19011008915812988
0,8,201420.0,36478.0,M_NLS_24hrROCKi_Composite_5.tif,M_LNS,ROCKi,24hr,12059339.0,4369102.0,0.3623002885979074,3894600.0,1129629.0,0.29005006932676014,0.18110416046072883
1,10,250282.0,30158.0,M_NLS_24hrROCKi_Composite_5.tif,M_LNS,ROCKi,24hr,14111447.0,3568542.0,0.252882783742872,5584795.0,1237685.0,0.22161690805123554,0.12049608042128479
0,5,106470.0,7100.0,M_NLS_24hrROCKi_Composite_6.tif,M_LNS,ROCKi,24hr,2896649.0,324132.0,0.11189895634576368,482628.0,48354.0,0.1001889654143564,0.06668545130083592
1,7,227879.0,31678.0,M_NLS_24hrROCKi_Composite_6.tif,M_LNS,ROCKi,24hr,8068190.0,3735962.0,0.4630483416974563,3253050.0,2009852.0,0.6178361845037734,0.13901237060018695
2,10,171172.0,19956.0,M_NLS_24hrROCKi_Composite_6.tif,M_LNS,ROCKi,24hr,3424841.0,231590.0,0.06762065742614037,907289.0,93797.0,0.10338161269452181,0.11658448811721543
3,11,213412.0,32390.0,M_NLS_24hrROCKi_Composite_6.tif,M_LNS,ROCKi,24hr,9761151.0,3353464.0,0.34355210773811407,1578834.0,440990.0,0.2793137213918626,0.1517721590163627
4,12,283073.0,32763.0,M_NLS_24hrROCKi_Composite_6.tif,M_LNS,ROCKi,24hr,9124345.0,2996494.0,0.3284064773964597,953695.0,157901.0,0.16556760809273405,0.11574046270749948
0,6,231215.0,29069.0,M_NLS_24hrROCKi_Composite_7.tif,M_LNS,ROCKi,24hr,7888027.0,2796677.0,0.35454708763040493,5980619.0,3221328.0,0.5386278577518481,0.125722812101291
1,9,71990.0,16560.0,M_NLS_24hrROCKi_Composite_7.tif,M_LNS,ROCKi,24hr,1200650.0,388986.0,0.32397951109815515,853649.0,267523.0,0.3133875867013257,0.23003194888178913
0,5,152728.0,30498.0,M_NLS_24hrROCKi_Composite_8.tif,M_LNS,ROCKi,24hr,3401367.0,1297469.0,0.38145516199810253,884876.0,213519.0,0.24129821579520747,0.19968833481745324
1,8,185863.0,37425.0,M_NLS_24hrROCKi_Composite_8.tif,M_LNS,ROCKi,24hr,2683453.0,1030965.0,0.3841934254112146,1218485.0,357678.0,0.2935432114470018,0.20135798948688013
2,11,70212.0,10568.0,M_NLS_24hrROCKi_Composite_8.tif,M_LNS,ROCKi,24hr,921369.0,204806.0,0.22228444846744355,483943.0,98673.0,0.20389384700264288,0.15051558138209992
3,13,129146.0,33506.0,M_NLS_24hrROCKi_Composite_8.tif,M_LNS,ROCKi,24hr,1837274.0,733770.0,0.39937973323521697,970427.0,333289.0,0.34344572028601844,0.25944280117076796
4,14,188725.0,39332.0,M_NLS_24hrROCKi_Composite_8.tif,M_LNS,ROCKi,24hr,3197512.0,1154971.0,0.3612092777134222,1385230.0,434849.0,0.31391826628068986,0.20840906080275534
5,17,105983.0,29907.0,M_NLS_24hrROCKi_Composite_8.tif,M_LNS,ROCKi,24hr,1648902.0,499605.0,0.30299253685179595,1451124.0,767452.0,0.5288672780548044,0.2821867658020626
6,18,146577.0,38480.0,M_NLS_24hrROCKi_Composite_8.tif,M_LNS,ROCKi,24hr,2883649.0,1176031.0,0.407827374274747,1610027.0,821128.0,0.5100088383610958,0.2625241340728764
7,20,184269.0,37456.0,M_NLS_24hrROCKi_Composite_8.tif,M_LNS,ROCKi,24hr,2748874.0,596549.0,0.21701576718321758,1689520.0,665162.0,0.3936988020266111,0.20326804834236903
8,21,152052.0,28278.0,M_NLS_24hrROCKi_Composite_8.tif,M_LNS,ROCKi,24hr,2775359.0,819176.0,0.2951603738471311,1025768.0,240754.0,0.23470609338563886,0.18597585036697972
0,6,72314.0,31257.0,L_NLS_untreated_Composite_1.tif,L_LNS,untreated,0hr,6741958.0,2929248.0,0.43448030972604695,625558.0,275227.0,0.43997039443185126,0.4322399535359681
1,8,59755.0,23183.0,L_NLS_untreated_Composite_1.tif,L_LNS,untreated,0hr,5813423.0,2400432.0,0.41291197974067945,168220.0,63839.0,0.3794970871477827,0.38796753409756507
2,10,58373.0,32941.0,L_NLS_untreated_Composite_1.tif,L_LNS,untreated,0hr,6227710.0,3454672.0,0.5547258944298947,2326735.0,1608673.0,0.6913864277625084,0.5643191201411611
3,12,97508.0,28299.0,L_NLS_untreated_Composite_1.tif,L_LNS,untreated,0hr,6213577.0,2100497.0,0.33804956468713593,219874.0,63062.0,0.2868097182932043,0.29022234073101694
4,13,63434.0,27517.0,L_NLS_untreated_Composite_1.tif,L_LNS,untreated,0hr,7085229.0,3305920.0,0.4665932463156801,332994.0,123226.0,0.3700547157005832,0.4337894504524388
5,15,43415.0,26122.0,L_NLS_untreated_Composite_1.tif,L_LNS,untreated,0hr,5582684.0,3314391.0,0.5936913140704364,1194117.0,601434.0,0.5036642138081947,0.6016814465046643
6,16,57271.0,25561.0,L_NLS_untreated_Composite_1.tif,L_LNS,untreated,0hr,7762011.0,3937003.0,0.5072143030974834,7896176.0,4381373.0,0.5548727637276576,0.4463166349461333
7,17,169290.0,31694.0,L_NLS_untreated_Composite_1.tif,L_LNS,untreated,0hr,7996828.0,3018217.0,0.377426774716175,326165.0,81256.0,0.24912544264406053,0.18721720125228897
8,20,85147.0,35581.0,L_NLS_untreated_Composite_1.tif,L_LNS,untreated,0hr,9019438.0,3644421.0,0.4040629804207313,279873.0,111245.0,0.39748385875021885,0.41787731804996064
9,21,57288.0,24749.0,L_NLS_untreated_Composite_1.tif,L_LNS,untreated,0hr,6937700.0,3019786.0,0.43527192008879023,1324566.0,519250.0,0.39201519592077705,0.4320101941069683
10,22,126071.0,24263.0,L_NLS_untreated_Composite_1.tif,L_LNS,untreated,0hr,6114924.0,1904276.0,0.31141450000032705,242563.0,52424.0,0.21612529528411176,0.19245504517295808
11,24,132844.0,32934.0,L_NLS_untreated_Composite_1.tif,L_LNS,untreated,0hr,8485720.0,3037794.0,0.35798895084919136,274511.0,71333.0,0.2598547963469588,0.24791484749028936
12,25,58215.0,27838.0,L_NLS_untreated_Composite_1.tif,L_LNS,untreated,0hr,5265258.0,2523699.0,0.47931155510328266,621340.0,358724.0,0.5773392989345608,0.4781929056085201
13,26,95621.0,31235.0,L_NLS_untreated_Composite_1.tif,L_LNS,untreated,0hr,7124566.0,2262828.0,0.3176092410400858,215772.0,68587.0,0.3178679346717832,0.32665418684180253
14,27,42103.0,16436.0,L_NLS_untreated_Composite_1.tif,L_LNS,untreated,0hr,3384036.0,1181493.0,0.3491372432208168,549979.0,210480.0,0.38270552148354753,0.3903759827090706
15,28,47022.0,17692.0,L_NLS_untreated_Composite_1.tif,L_LNS,untreated,0hr,3573373.0,1247381.0,0.3490766287202595,859798.0,303576.0,0.353078281177672,0.3762494151673685
16,30,97632.0,39185.0,L_NLS_untreated_Composite_1.tif,L_LNS,untreated,0hr,9746882.0,3914456.0,0.4016110998368504,559259.0,133782.0,0.2392129585755437,0.4013540642412324
17,32,86681.0,30999.0,L_NLS_untreated_Composite_1.tif,L_LNS,untreated,0hr,5719404.0,2479444.0,0.43351440115088913,988315.0,455362.0,0.46074581484648114,0.35762162411601156
18,33,112485.0,30590.0,L_NLS_untreated_Composite_1.tif,L_LNS,untreated,0hr,6908856.0,2501175.0,0.3620244798849477,289606.0,71015.0,0.24521246106779557,0.27194737076054587
19,35,84656.0,24811.0,L_NLS_untreated_Composite_1.tif,L_LNS,untreated,0hr,6439992.0,2114196.0,0.3282917121636176,1040533.0,400710.0,0.3851007128077629,0.2930802305802306
20,36,54593.0,28061.0,L_NLS_untreated_Composite_1.tif,L_LNS,untreated,0hr,4024160.0,2159251.0,0.5365718559898215,665438.0,420756.0,0.632299327660879,0.5140036268386057
21,37,69702.0,18722.0,L_NLS_untreated_Composite_1.tif,L_LNS,untreated,0hr,4046725.0,1145379.0,0.28303850644657097,377893.0,100680.0,0.2664246228429741,0.2686006140426387
22,40,69559.0,27337.0,L_NLS_untreated_Composite_1.tif,L_LNS,untreated,0hr,4604890.0,1764581.0,0.38319720992249545,219439.0,74854.0,0.3411152985567743,0.39300449977716756
23,41,57952.0,28094.0,L_NLS_untreated_Composite_1.tif,L_LNS,untreated,0hr,4731251.0,2607849.0,0.5511965017286126,153528.0,70709.0,0.4605609400239696,0.4847805080066262
0,7,65009.0,19723.0,L_NLS_untreated_Composite_10.tif,L_LNS,untreated,0hr,4575586.0,1692460.0,0.36988923385988154,570256.0,83352.0,0.14616593249347662,0.30338876155609223
1,8,114620.0,36547.0,L_NLS_untreated_Composite_10.tif,L_LNS,untreated,0hr,9174448.0,3641054.0,0.39686899963899736,423690.0,112575.0,0.265701338242583,0.31885360321060896
2,10,87277.0,27522.0,L_NLS_untreated_Composite_10.tif,L_LNS,untreated,0hr,6190488.0,2374817.0,0.3836235527796839,304904.0,110438.0,0.3622058090415344,0.3153408114394399
3,14,112826.0,30037.0,L_NLS_untreated_Composite_10.tif,L_LNS,untreated,0hr,8810761.0,3152126.0,0.3577586544453992,704289.0,110485.0,0.1568745216807305,0.26622409728254126
4,15,61655.0,19837.0,L_NLS_untreated_Composite_10.tif,L_LNS,untreated,0hr,4346239.0,1484724.0,0.34161121834303176,2114016.0,628584.0,0.29734117433359064,0.32174195117995297
5,16,85324.0,30929.0,L_NLS_untreated_Composite_10.tif,L_LNS,untreated,0hr,6860032.0,2944300.0,0.42919624864723666,281874.0,102212.0,0.3626159205886318,0.3624888659697154
6,17,99332.0,38799.0,L_NLS_untreated_Composite_10.tif,L_LNS,untreated,0hr,7628459.0,3582475.0,0.46961974889030667,391840.0,176346.0,0.4500459371171907,0.3905992026738614
7,18,78183.0,32958.0,L_NLS_untreated_Composite_10.tif,L_LNS,untreated,0hr,7063706.0,2554322.0,0.3616121622275899,1013640.0,511071.0,0.5041937966141825,0.421549441694486
8,28,121383.0,26199.0,L_NLS_untreated_Composite_10.tif,L_LNS,untreated,0hr,6474789.0,1945276.0,0.30043851622037415,304418.0,107039.0,0.351618498249118,0.2158374731222659
0,6,211147.0,33513.0,L_NLS_untreated_Composite_2.tif,L_LNS,untreated,0hr,10848340.0,2651409.0,0.24440688621484946,2134282.0,374345.0,0.17539622224242157,0.15871880727644722
1,8,46812.0,22691.0,L_NLS_untreated_Composite_2.tif,L_LNS,untreated,0hr,4064298.0,2240956.0,0.5513759079673783,632727.0,314562.0,0.49715280049689675,0.48472613859694097
2,9,36448.0,22358.0,L_NLS_untreated_Composite_2.tif,L_LNS,untreated,0hr,2965541.0,1750874.0,0.5904062698846517,1139261.0,614038.0,0.5389792154738905,0.6134218612818262
3,12,157538.0,24534.0,L_NLS_untreated_Composite_2.tif,L_LNS,untreated,0hr,9194099.0,1404929.0,0.15280768675647283,1569908.0,267618.0,0.1704673140082094,0.1557338546890274
4,14,143812.0,29427.0,L_NLS_untreated_Composite_2.tif,L_LNS,untreated,0hr,8397264.0,1883921.0,0.224349383322949,7117492.0,1705741.0,0.23965478289262565,0.20462131115623175
5,18,123161.0,31396.0,L_NLS_untreated_Composite_2.tif,L_LNS,untreated,0hr,8224897.0,2319253.0,0.2819795798050723,3653105.0,391990.0,0.10730323929917153,0.2549183588960791
6,19,68489.0,28456.0,L_NLS_untreated_Composite_2.tif,L_LNS,untreated,0hr,3786890.0,1834955.0,0.4845546081349075,695257.0,294346.0,0.4233628715712319,0.4154827782563623
7,20,119430.0,25640.0,L_NLS_untreated_Composite_2.tif,L_LNS,untreated,0hr,5449276.0,1534662.0,0.2816267702351652,1151099.0,253820.0,0.22050231995684125,0.21468642719584694
8,21,76368.0,30269.0,L_NLS_untreated_Composite_2.tif,L_LNS,untreated,0hr,5108454.0,2686399.0,0.5258731898143744,805906.0,338284.0,0.4197561502209935,0.39635711292688036
9,23,67838.0,30808.0,L_NLS_untreated_Composite_2.tif,L_LNS,untreated,0hr,4357048.0,1979193.0,0.4542509056590609,866647.0,428199.0,0.4940869812045735,0.4541407470739114
10,26,88147.0,29693.0,L_NLS_untreated_Composite_2.tif,L_LNS,untreated,0hr,5284239.0,2332614.0,0.4414285576409394,845463.0,312413.0,0.3695170575175969,0.3368577489874868
0,3,1136997.0,1532.0,L_NLS_untreated_Composite_3.tif,L_LNS,untreated,0hr,14744101.0,45813.0,0.0031072087745465118,19435394.0,71565.0,0.0036821995993495168,0.001347409008115237
0,7,112147.0,23484.0,L_NLS_untreated_Composite_5.tif,L_LNS,untreated,0hr,8001467.0,1829555.0,0.22865244585774083,575291.0,105111.0,0.18270927235086243,0.20940372903421403
1,8,98670.0,29505.0,L_NLS_untreated_Composite_5.tif,L_LNS,untreated,0hr,6317028.0,2457129.0,0.3889691481500478,388295.0,106427.0,0.2740880001030145,0.2990270598966251
2,10,66522.0,28797.0,L_NLS_untreated_Composite_5.tif,L_LNS,untreated,0hr,4710687.0,1877651.0,0.39859387813284985,361688.0,166171.0,0.45943188604543145,0.4328943808063498
3,11,71252.0,24921.0,L_NLS_untreated_Composite_5.tif,L_LNS,untreated,0hr,6208369.0,2021761.0,0.32565090766995325,1581947.0,596426.0,0.37702021622721876,0.3497586032672767
4,12,61132.0,18987.0,L_NLS_untreated_Composite_5.tif,L_LNS,untreated,0hr,3678350.0,1141418.0,0.3103070670273356,981143.0,358440.0,0.3653290091250715,0.310590198259504
5,15,115320.0,34067.0,L_NLS_untreated_Composite_5.tif,L_LNS,untreated,0hr,6567025.0,2154896.0,0.3281388452152992,2143002.0,762236.0,0.35568608895372006,0.29541276448144294
6,16,69235.0,25638.0,L_NLS_untreated_Composite_5.tif,L_LNS,untreated,0hr,5079195.0,1837847.0,0.3618382440524532,688222.0,151749.0,0.22049425911987702,0.37030403697551817
7,17,112289.0,30487.0,L_NLS_untreated_Composite_5.tif,L_LNS,untreated,0hr,10268510.0,3199856.0,0.3116183360584934,1289115.0,239462.0,0.18575689523432742,0.27150477785001204
8,18,64749.0,14221.0,L_NLS_untreated_Composite_5.tif,L_LNS,untreated,0hr,8064305.0,1715364.0,0.21271070476625079,5766332.0,1783560.0,0.3093058117361262,0.21963273564070487
9,19,93852.0,24195.0,L_NLS_untreated_Composite_5.tif,L_LNS,untreated,0hr,7869796.0,2484595.0,0.31571275799271037,606160.0,148705.0,0.24532301702520787,0.25779951412862806
10,20,77572.0,15203.0,L_NLS_untreated_Composite_5.tif,L_LNS,untreated,0hr,8348881.0,2029185.0,0.24304873910647426,1487782.0,424849.0,0.2855586369508436,0.19598566493064506
11,21,100308.0,32837.0,L_NLS_untreated_Composite_5.tif,L_LNS,untreated,0hr,7360881.0,2425938.0,0.32957169121467933,4852610.0,1799108.0,0.3707505857672469,0.3273617258842764
12,24,105837.0,37016.0,L_NLS_untreated_Composite_5.tif,L_LNS,untreated,0hr,10184424.0,5057127.0,0.49655503345108176,530370.0,178720.0,0.33697230235495973,0.34974536315277266
13,25,87290.0,18233.0,L_NLS_untreated_Composite_5.tif,L_LNS,untreated,0hr,8652007.0,2804131.0,0.32410179510950465,341048.0,80190.0,0.23512819309891864,0.20887845113987857
14,26,98034.0,34443.0,L_NLS_untreated_Composite_5.tif,L_LNS,untreated,0hr,7709637.0,3353042.0,0.4349156776123182,1020859.0,172309.0,0.16878824597716238,0.35133729114388884
15,28,90152.0,28634.0,L_NLS_untreated_Composite_5.tif,L_LNS,untreated,0hr,6483218.0,2755501.0,0.4250205684892904,3062919.0,1891792.0,0.6176434962857327,0.3176191321323986
0,11,88658.0,27122.0,L_NLS_untreated_Composite_6.tif,L_LNS,untreated,0hr,8293615.0,3391170.0,0.4088892479335007,10729356.0,4797971.0,0.4471816388607108,0.30591711971846874
1,12,53133.0,14124.0,L_NLS_untreated_Composite_6.tif,L_LNS,untreated,0hr,3192033.0,836821.0,0.26215925712547455,814364.0,282066.0,0.3463635425927472,0.2658234995200723
2,13,130615.0,34144.0,L_NLS_untreated_Composite_6.tif,L_LNS,untreated,0hr,9436701.0,2760978.0,0.2925787306390231,540153.0,121147.0,0.2242827495172664,0.2614094858936569
3,14,115121.0,33299.0,L_NLS_untreated_Composite_6.tif,L_LNS,untreated,0hr,9327786.0,3673801.0,0.3938556266192213,881546.0,113757.0,0.1290426137717147,0.28925217814299736
4,15,116199.0,27980.0,L_NLS_untreated_Composite_6.tif,L_LNS,untreated,0hr,7137915.0,2130749.0,0.29851140003768606,3385367.0,1072625.0,0.3168415713864996,0.24079381061799154
5,20,60858.0,17800.0,L_NLS_untreated_Composite_6.tif,L_LNS,untreated,0hr,4819325.0,1294883.0,0.26868555243732267,159583.0,47285.0,0.2963034909733493,0.2924841434158204
6,23,72199.0,30139.0,L_NLS_untreated_Composite_6.tif,L_LNS,untreated,0hr,6588940.0,2812120.0,0.42679399114273314,201376.0,80361.0,0.39905947084061655,0.41744345489549717
7,24,71105.0,16663.0,L_NLS_untreated_Composite_6.tif,L_LNS,untreated,0hr,5654166.0,1229847.0,0.21751165423866226,188862.0,42405.0,0.22452902119007528,0.23434357640109696
8,25,71226.0,12045.0,L_NLS_untreated_Composite_6.tif,L_LNS,untreated,0hr,4581871.0,780396.0,0.17032256036889734,170540.0,32482.0,0.1904655799225988,0.16910959481088367
9,27,110068.0,28359.0,L_NLS_untreated_Composite_6.tif,L_LNS,untreated,0hr,8715716.0,2917267.0,0.3347134073666466,241226.0,68259.0,0.28296701018961473,0.2576498164770869
10,28,71704.0,14936.0,L_NLS_untreated_Composite_6.tif,L_LNS,untreated,0hr,6695910.0,1637436.0,0.24454271338772474,190166.0,40560.0,0.2132873384306343,0.208300792145487
11,29,62199.0,15716.0,L_NLS_untreated_Composite_6.tif,L_LNS,untreated,0hr,5000994.0,1233799.0,0.24671075390212427,136633.0,34339.0,0.25132288685749415,0.2526728725542211
12,30,137177.0,24093.0,L_NLS_untreated_Composite_6.tif,L_LNS,untreated,0hr,7260237.0,2286504.0,0.3149351736038369,242742.0,54891.0,0.22612897644412586,0.17563439935266115
13,31,97375.0,27525.0,L_NLS_untreated_Composite_6.tif,L_LNS,untreated,0hr,6522356.0,2090029.0,0.3204408039058279,256190.0,63537.0,0.2480073383036028,0.2826700898587933
14,33,56390.0,7919.0,L_NLS_untreated_Composite_6.tif,L_LNS,untreated,0hr,2967185.0,479403.0,0.1615682877879202,95713.0,15813.0,0.16521266703582585,0.1404327008334811
0,5,76282.0,29316.0,L_NLS_untreated_Composite_7.tif,L_LNS,untreated,0hr,6035672.0,2358222.0,0.39071407458854623,748802.0,222187.0,0.296723299350162,0.3843108465955271
1,7,63311.0,30228.0,L_NLS_untreated_Composite_7.tif,L_LNS,untreated,0hr,4474553.0,2273153.0,0.5080178958657994,755258.0,209454.0,0.27732774760413,0.47745257538184516
2,8,67969.0,30920.0,L_NLS_untreated_Composite_7.tif,L_LNS,untreated,0hr,4372798.0,2179111.0,0.4983333325710449,302194.0,148862.0,0.49260408876417133,0.45491326928452674
3,9,96345.0,35778.0,L_NLS_untreated_Composite_7.tif,L_LNS,untreated,0hr,7172106.0,3152176.0,0.43950493760131265,1136112.0,405136.0,0.356598645203994,0.37135295033473453
4,10,120347.0,25629.0,L_NLS_untreated_Composite_7.tif,L_LNS,untreated,0hr,6904525.0,1901427.0,0.27538853143409575,14633580.0,4895985.0,0.33457192293341753,0.21295919300024096
5,11,59222.0,25556.0,L_NLS_untreated_Composite_7.tif,L_LNS,untreated,0hr,4551560.0,2120885.0,0.4659688106934765,3476687.0,1571889.0,0.452122667355445,0.4315288237479315
6,13,98437.0,37864.0,L_NLS_untreated_Composite_7.tif,L_LNS,untreated,0hr,5780205.0,2137992.0,0.36988169104728985,410465.0,160209.0,0.39031098875665404,0.38465211251866677
7,16,86800.0,30034.0,L_NLS_untreated_Composite_7.tif,L_LNS,untreated,0hr,5598340.0,2257311.0,0.40321077319348236,5355162.0,2419501.0,0.4518072469142857,0.34601382488479265
8,18,113054.0,31593.0,L_NLS_untreated_Composite_7.tif,L_LNS,untreated,0hr,6395869.0,2132899.0,0.3334807201335737,572251.0,132282.0,0.23116080181598633,0.2794505280662338
9,19,88933.0,25156.0,L_NLS_untreated_Composite_7.tif,L_LNS,untreated,0hr,5102615.0,1782708.0,0.3493714497370466,476692.0,143157.0,0.30031340991667577,0.28286462842814253
10,20,84569.0,21354.0,L_NLS_untreated_Composite_7.tif,L_LNS,untreated,0hr,5156884.0,1584413.0,0.3072423191989581,4727001.0,1635601.0,0.34601240829016117,0.25250387257742196
11,21,59966.0,28541.0,L_NLS_untreated_Composite_7.tif,L_LNS,untreated,0hr,3541204.0,1727575.0,0.4878496127305854,1900012.0,1123956.0,0.5915520533554525,0.47595304005603173
12,23,66435.0,32872.0,L_NLS_untreated_Composite_7.tif,L_LNS,untreated,0hr,4255315.0,2096750.0,0.4927367304183122,640674.0,236432.0,0.36903635858486533,0.4947994280123429
13,24,142345.0,20851.0,L_NLS_untreated_Composite_7.tif,L_LNS,untreated,0hr,3045381.0,617626.0,0.2028074648131055,819443.0,97478.0,0.11895641307571118,0.14648213846640204
14,26,44167.0,3586.0,L_NLS_untreated_Composite_7.tif,L_LNS,untreated,0hr,1985529.0,118984.0,0.05992559161815315,188267.0,19074.0,0.10131355999723797,0.08119184006158445
15,27,110320.0,30139.0,L_NLS_untreated_Composite_7.tif,L_LNS,untreated,0hr,6980057.0,2750944.0,0.3941148331596719,1026824.0,168290.0,0.16389371498913152,0.27319615663524294
16,28,118327.0,32084.0,L_NLS_untreated_Composite_7.tif,L_LNS,untreated,0hr,5933780.0,2000421.0,0.3371242277266768,491438.0,117045.0,0.23816839560636335,0.27114690645414824
17,30,99785.0,22232.0,L_NLS_untreated_Composite_7.tif,L_LNS,untreated,0hr,5206032.0,1509029.0,0.2898616451070604,5802289.0,1977366.0,0.34079067761016385,0.22279901788846018
18,31,107794.0,34502.0,L_NLS_untreated_Composite_7.tif,L_LNS,untreated,0hr,6057298.0,2423798.0,0.40014508118966574,428785.0,147922.0,0.34497941858973613,0.32007347347718795
19,33,143098.0,22633.0,L_NLS_untreated_Composite_7.tif,L_LNS,untreated,0hr,6027644.0,1183973.0,0.19642384321303646,975168.0,285133.0,0.29239372087681303,0.15816433493130583
20,35,109856.0,32044.0,L_NLS_untreated_Composite_7.tif,L_LNS,untreated,0hr,5160474.0,1992504.0,0.38610871792009804,469984.0,138079.0,0.29379510791856744,0.2916909408680454
0,5,180099.0,34837.0,L_NLS_untreated_Composite_8.tif,L_LNS,untreated,0hr,12240714.0,3121995.0,0.2550500730594637,2140853.0,452672.0,0.21144469050420556,0.19343250101333156
1,8,115582.0,30782.0,L_NLS_untreated_Composite_8.tif,L_LNS,untreated,0hr,9467494.0,2727937.0,0.2881371775889163,1397970.0,381620.0,0.2729815375151112,0.266321745600526
2,12,114290.0,26109.0,L_NLS_untreated_Composite_8.tif,L_LNS,untreated,0hr,8835328.0,2170556.0,0.2456678461739055,1559834.0,346350.0,0.22204285840672788,0.22844518330562605
3,13,99372.0,33095.0,L_NLS_untreated_Composite_8.tif,L_LNS,untreated,0hr,7365436.0,3037118.0,0.4123473478012707,1218331.0,394473.0,0.323781468254522,0.3330415006239182
4,14,169878.0,27306.0,L_NLS_untreated_Composite_8.tif,L_LNS,untreated,0hr,9188381.0,3080112.0,0.33521814125905314,3250774.0,1142519.0,0.3514606059972179,0.16073888319853072
5,16,64142.0,29842.0,L_NLS_untreated_Composite_8.tif,L_LNS,untreated,0hr,5034733.0,2139488.0,0.42494567239216063,867822.0,414789.0,0.47796552749296517,0.46524897882822486
6,19,153254.0,35267.0,L_NLS_untreated_Composite_8.tif,L_LNS,untreated,0hr,8633239.0,3144299.0,0.36420849694998597,2469654.0,432774.0,0.1752366930752243,0.2301212366398267
7,20,58995.0,18571.0,L_NLS_untreated_Composite_8.tif,L_LNS,untreated,0hr,3561824.0,1084505.0,0.30448023259992635,1663661.0,583177.0,0.350538360880011,0.31478938893126535
8,21,117288.0,34886.0,L_NLS_untreated_Composite_8.tif,L_LNS,untreated,0hr,7002380.0,2282910.0,0.32601915348781413,3809443.0,1301584.0,0.34167304773952517,0.2974387831662233
9,22,68276.0,26841.0,L_NLS_untreated_Composite_8.tif,L_LNS,untreated,0hr,5605859.0,2140356.0,0.3818069630363518,1464042.0,413944.0,0.28274052247134984,0.39312496338391234
10,23,69914.0,14248.0,L_NLS_untreated_Composite_8.tif,L_LNS,untreated,0hr,7345833.0,1424407.0,0.19390680403434166,7723350.0,2295200.0,0.2971767432526041,0.20379323168464114
11,24,110407.0,29011.0,L_NLS_untreated_Composite_8.tif,L_LNS,untreated,0hr,9000038.0,2694500.0,0.29938762480780634,2226814.0,459219.0,0.20622243258754436,0.26276413633193546
12,25,77479.0,15639.0,L_NLS_untreated_Composite_8.tif,L_LNS,untreated,0hr,7852954.0,1939098.0,0.24692593385877468,2491184.0,684417.0,0.2747356277175833,0.2018482427496483
13,26,100354.0,34351.0,L_NLS_untreated_Composite_8.tif,L_LNS,untreated,0hr,7698796.0,2631219.0,0.3417701936770373,8380613.0,3158918.0,0.37693161586151275,0.342298264144927
14,29,105572.0,36710.0,L_NLS_untreated_Composite_8.tif,L_LNS,untreated,0hr,9667681.0,4671801.0,0.4832390518470769,1421109.0,507429.0,0.3570655030683783,0.3477247755086576
15,30,88889.0,18092.0,L_NLS_untreated_Composite_8.tif,L_LNS,untreated,0hr,7710168.0,2424651.0,0.31447447059519323,1022156.0,236725.0,0.2315938075988401,0.20353474558156803
16,31,97531.0,35364.0,L_NLS_untreated_Composite_8.tif,L_LNS,untreated,0hr,8056870.0,3555259.0,0.4412704933801836,2143022.0,498781.0,0.23274656069793032,0.36259240651690233
17,32,90274.0,29284.0,L_NLS_untreated_Composite_8.tif,L_LNS,untreated,0hr,6465886.0,2706762.0,0.41862198003490936,4771027.0,2761253.0,0.5787544275058598,0.3243901898664067
0,2,82479.0,33375.0,L_NLS_untreated_Composite_9.tif,L_LNS,untreated,0hr,6784625.0,3084454.0,0.4546240949205004,1234951.0,290623.0,0.23533160424988522,0.4046484559706107
1,3,227948.0,34261.0,L_NLS_untreated_Composite_9.tif,L_LNS,untreated,0hr,8982532.0,3117171.0,0.34702587199244045,6333743.0,2993858.0,0.47268384587123286,0.1503018232228403
2,8,30112.0,12891.0,L_NLS_untreated_Composite_9.tif,L_LNS,untreated,0hr,2426479.0,1361487.0,0.561095727595417,197768.0,94247.0,0.47655333522106713,0.4281017534537726
3,9,122460.0,35445.0,L_NLS_untreated_Composite_9.tif,L_LNS,untreated,0hr,9294395.0,4163921.0,0.44800344723890045,1853282.0,620063.0,0.33457563392942896,0.28944145026947576
4,10,102508.0,27593.0,L_NLS_untreated_Composite_9.tif,L_LNS,untreated,0hr,7583395.0,3590063.0,0.4734110513826591,688829.0,209124.0,0.3035934898211312,0.2691789909080267
5,11,68745.0,27763.0,L_NLS_untreated_Composite_9.tif,L_LNS,untreated,0hr,8183266.0,3836830.0,0.46886292099022564,634239.0,228163.0,0.35974293602254037,0.40385482580551313
0,10,67708.0,17508.0,M_NLS_untreated_Composite_1.tif,M_LNS,untreated,0hr,4732152.0,1463147.0,0.3091927309181954,837912.0,308779.0,0.3685100583354815,0.2585809653216754
0,4,108258.0,12908.0,M_NLS_untreated_Composite_10.tif,M_LNS,untreated,0hr,3065074.0,1225513.0,0.3998314559452725,415418.0,78392.0,0.18870631508504687,0.11923368249921484
1,5,56237.0,15067.0,M_NLS_untreated_Composite_10.tif,M_LNS,untreated,0hr,2559087.0,1090589.0,0.4261633152761121,324457.0,91807.0,0.2829558308188758,0.2679196969966392
2,6,74771.0,29119.0,M_NLS_untreated_Composite_10.tif,M_LNS,untreated,0hr,4578220.0,2645240.0,0.5777878738898524,2648607.0,1437730.0,0.5428249642170394,0.389442430888981
3,7,60757.0,16406.0,M_NLS_untreated_Composite_10.tif,M_LNS,untreated,0hr,3601216.0,1103718.0,0.3064848095754323,1612862.0,553984.0,0.3434788593196442,0.27002649900423
4,12,202991.0,27608.0,M_NLS_untreated_Composite_10.tif,M_LNS,untreated,0hr,7549947.0,2352018.0,0.3115277497974489,813738.0,145941.0,0.17934642354172964,0.13600602982398236
5,13,77965.0,8779.0,M_NLS_untreated_Composite_10.tif,M_LNS,untreated,0hr,2789959.0,593648.0,0.21278018780921154,620484.0,150128.0,0.24195305600144404,0.11260180850381582
6,17,399402.0,28204.0,M_NLS_untreated_Composite_10.tif,M_LNS,untreated,0hr,7484128.0,2351876.0,0.3142485002928865,1203127.0,169210.0,0.14064184412784353,0.07061557027756496
7,19,158331.0,27606.0,M_NLS_untreated_Composite_10.tif,M_LNS,untreated,0hr,7480852.0,2344301.0,0.3133735301807869,1196746.0,518870.0,0.4335673568158991,0.17435625367110674
8,20,51218.0,7076.0,M_NLS_untreated_Composite_10.tif,M_LNS,untreated,0hr,3509834.0,511106.0,0.1456211319395732,606502.0,101350.0,0.1671057968481555,0.138154555039244
9,22,49412.0,3261.0,M_NLS_untreated_Composite_10.tif,M_LNS,untreated,0hr,2352476.0,261741.0,0.11126192148187697,194807.0,14784.0,0.07589049674806347,0.0659961143042176
0,3,423552.0,9682.0,M_NLS_untreated_Composite_2.tif,M_LNS,untreated,0hr,2282457.0,156411.0,0.06852746842547308,1125274.0,60063.0,0.053376333230839776,0.022859058627984284
1,4,94880.0,23910.0,M_NLS_untreated_Composite_2.tif,M_LNS,untreated,0hr,1879658.0,555161.0,0.2953521332072111,565130.0,192723.0,0.3410241891246262,0.2520025295109612
2,5,623560.0,31580.0,M_NLS_untreated_Composite_2.tif,M_LNS,untreated,0hr,7907278.0,2834805.0,0.3585057968114944,1683234.0,290469.0,0.17256602468818952,0.050644685355058054
3,6,108377.0,26125.0,M_NLS_untreated_Composite_2.tif,M_LNS,untreated,0hr,6418768.0,2663219.0,0.41491124153420095,5806505.0,4114073.0,0.7085282799205374,0.24105668176827186
0,6,61070.0,17210.0,M_NLS_untreated_Composite_3.tif,M_LNS,untreated,0hr,4544856.0,1438952.0,0.31661113135377666,7124876.0,2789224.0,0.3914768481584802,0.2818077615850663
0,5,452413.0,19912.0,M_NLS_untreated_Composite_4.tif,M_LNS,untreated,0hr,8309721.0,1904694.0,0.22921274974213934,1106884.0,260875.0,0.23568413672977476,0.044012882034777955
1,6,268061.0,26579.0,M_NLS_untreated_Composite_4.tif,M_LNS,untreated,0hr,5832501.0,2441110.0,0.41853571906802933,734263.0,215775.0,0.2938660943013607,0.09915280477204816
2,8,16838.0,2210.0,M_NLS_untreated_Composite_4.tif,M_LNS,untreated,0hr,1666735.0,218028.0,0.13081143673109402,257466.0,33265.0,0.1292015256383367,0.1312507423684523
3,9,42825.0,19903.0,M_NLS_untreated_Composite_4.tif,M_LNS,untreated,0hr,4210075.0,2256105.0,0.5358823773923267,274675.0,124921.0,0.4547956676071721,0.4647518972562755
4,10,554884.0,32514.0,M_NLS_untreated_Composite_4.tif,M_LNS,untreated,0hr,9331032.0,3448413.0,0.36956394533852205,1004752.0,181405.0,0.18054704046371642,0.05859603088213032
5,14,303004.0,27678.0,M_NLS_untreated_Composite_4.tif,M_LNS,untreated,0hr,7631043.0,2614217.0,0.3425766307436611,628660.0,157945.0,0.2512407342601724,0.09134532877453763
6,16,86465.0,31032.0,M_NLS_untreated_Composite_4.tif,M_LNS,untreated,0hr,6655756.0,3000918.0,0.4508756030118893,290384.0,93947.0,0.32352677833489446,0.3588966633898109
7,17,459905.0,32128.0,M_NLS_untreated_Composite_4.tif,M_LNS,untreated,0hr,10450589.0,2261419.0,0.21639153544360035,918481.0,182753.0,0.19897308708617817,0.06985790543699243
0,4,83242.0,37522.0,M_NLS_untreated_Composite_5.tif,M_LNS,untreated,0hr,6253085.0,2618624.0,0.4187731335812643,3059232.0,1157440.0,0.3783433227685903,0.45075803080175875
1,6,52972.0,24007.0,M_NLS_untreated_Composite_5.tif,M_LNS,untreated,0hr,4733318.0,2438951.0,0.5152730072224178,8268635.0,4299600.0,0.51998909130709,0.45320169145963907
2,8,378773.0,27150.0,M_NLS_untreated_Composite_5.tif,M_LNS,untreated,0hr,11849638.0,2462954.0,0.2078505689372114,6210832.0,953717.0,0.15355704356517774,0.07167881554387456
0,8,106295.0,25639.0,M_NLS_untreated_Composite_6.tif,M_LNS,untreated,0hr,5572684.0,2464700.0,0.4422823903167666,451742.0,142970.0,0.31648595879949176,0.24120607742603134
1,9,46312.0,18858.0,M_NLS_untreated_Composite_6.tif,M_LNS,untreated,0hr,3455587.0,2232590.0,0.6460812591319507,228114.0,116982.0,0.5128225361003709,0.40719467956469163
2,12,86040.0,28715.0,M_NLS_untreated_Composite_6.tif,M_LNS,untreated,0hr,5864285.0,3202793.0,0.5461523442329287,399396.0,163425.0,0.40918036234714417,0.3337401208740121
3,13,92797.0,16288.0,M_NLS_untreated_Composite_6.tif,M_LNS,untreated,0hr,7822378.0,2166533.0,0.2769660325798625,5270889.0,103667.0,0.019667839713566344,0.17552291561149605
4,16,60803.0,13215.0,M_NLS_untreated_Composite_6.tif,M_LNS,untreated,0hr,6560187.0,1859409.0,0.2834384141793519,349356.0,78250.0,0.22398355831873504,0.21734124960939427
5,20,85665.0,30727.0,M_NLS_untreated_Composite_6.tif,M_LNS,untreated,0hr,5333039.0,2505435.0,0.4697949893109726,398296.0,160166.0,0.40212806555928254,0.35868791221619095
6,21,173995.0,38577.0,M_NLS_untreated_Composite_6.tif,M_LNS,untreated,0hr,9184113.0,3335827.0,0.36321711198457596,715341.0,187452.0,0.2620456537511481,0.22171326762263283
7,28,123583.0,33232.0,M_NLS_untreated_Composite_6.tif,M_LNS,untreated,0hr,10061825.0,3127503.0,0.3108286021671019,590605.0,184932.0,0.31312298405871947,0.2689042991349943
8,29,136011.0,32591.0,M_NLS_untreated_Composite_6.tif,M_LNS,untreated,0hr,7313607.0,2159323.0,0.29524733828328487,587976.0,152849.0,0.2599578894376641,0.23962032482666842
9,31,94480.0,16021.0,M_NLS_untreated_Composite_6.tif,M_LNS,untreated,0hr,5858042.0,1492150.0,0.2547182147208914,437523.0,90821.0,0.2075799443686389,0.16957027942421676
10,33,35214.0,3215.0,M_NLS_untreated_Composite_6.tif,M_LNS,untreated,0hr,1456784.0,147982.0,0.10158129139254687,143421.0,15848.0,0.11049985706416773,0.09129891520418015
11,35,52129.0,6306.0,M_NLS_untreated_Composite_6.tif,M_LNS,untreated,0hr,3222444.0,635933.0,0.19734493446588985,233137.0,35492.0,0.15223666771040203,0.12096913426307813
0,7,128512.0,33973.0,M_NLS_untreated_Composite_7.tif,M_LNS,untreated,0hr,10639045.0,3903066.0,0.3668624392508914,7281382.0,4898216.0,0.6727041652257771,0.2643566359561753
1,8,97824.0,28796.0,M_NLS_untreated_Composite_7.tif,M_LNS,untreated,0hr,8358609.0,2835710.0,0.3392562087782788,831554.0,251061.0,0.30191785500400453,0.29436539090611713
2,11,62566.0,19099.0,M_NLS_untreated_Composite_7.tif,M_LNS,untreated,0hr,6133974.0,2376369.0,0.38741099978578325,1612425.0,574872.0,0.3565263500627936,0.3052616437042483
3,13,131590.0,30862.0,M_NLS_untreated_Composite_7.tif,M_LNS,untreated,0hr,10650230.0,3100874.0,0.291155590067069,1180520.0,279896.0,0.23709551722969538,0.23453149935405426
4,14,56159.0,20900.0,M_NLS_untreated_Composite_7.tif,M_LNS,untreated,0hr,5429305.0,2399663.0,0.4419834582879392,984115.0,413147.0,0.41981577356304906,0.3721576238893143
5,16,107304.0,39303.0,M_NLS_untreated_Composite_7.tif,M_LNS,untreated,0hr,9987538.0,4202884.0,0.42081281693246125,890762.0,380108.0,0.4267222894555448,0.3662771192127041
6,18,54567.0,23263.0,M_NLS_untreated_Composite_7.tif,M_LNS,untreated,0hr,6129241.0,3035212.0,0.4952019344646425,779165.0,234097.0,0.3004459902588027,0.42631993695823484
7,19,72025.0,25133.0,M_NLS_untreated_Composite_7.tif,M_LNS,untreated,0hr,6287177.0,2261227.0,0.35965696528028396,592305.0,200580.0,0.3386430977283663,0.34894828184658105
8,20,28458.0,14683.0,M_NLS_untreated_Composite_7.tif,M_LNS,untreated,0hr,3624786.0,1939083.0,0.5349510288331504,245037.0,126602.0,0.5166648302093153,0.5159533347389135
9,23,61328.0,15728.0,M_NLS_untreated_Composite_7.tif,M_LNS,untreated,0hr,3569085.0,1077366.0,0.30186056090006264,689762.0,227832.0,0.3303052357189871,0.25645708322462824
10,24,102857.0,17376.0,M_NLS_untreated_Composite_7.tif,M_LNS,untreated,0hr,4029492.0,1012784.0,0.2513428491730471,904287.0,230905.0,0.2553448186250604,0.16893356796328884
11,26,78649.0,32002.0,M_NLS_untreated_Composite_7.tif,M_LNS,untreated,0hr,4432046.0,2032553.0,0.4586037690042026,581728.0,274029.0,0.47106035810550634,0.40689646403641494
0,5,96704.0,37346.0,M_NLS_untreated_Composite_8.tif,M_LNS,untreated,0hr,9070763.0,4431787.0,0.48857929592031013,257572.0,112763.0,0.43779215132079574,0.3861887822634017
1,8,80376.0,30385.0,M_NLS_untreated_Composite_8.tif,M_LNS,untreated,0hr,8298343.0,3632284.0,0.43771196249660926,209072.0,86127.0,0.4119489936481212,0.3780357320593212
2,9,177912.0,37174.0,M_NLS_untreated_Composite_8.tif,M_LNS,untreated,0hr,10658027.0,3175406.0,0.29793563105066256,867963.0,113320.0,0.13055856067597352,0.20894599577319123
3,10,13880.0,5300.0,M_NLS_untreated_Composite_8.tif,M_LNS,untreated,0hr,1264682.0,476888.0,0.37708135325718245,40371.0,17375.0,0.4303831958584132,0.3818443804034582
4,12,74478.0,31421.0,M_NLS_untreated_Composite_8.tif,M_LNS,untreated,0hr,7752624.0,3825261.0,0.49341500374582853,268864.0,122414.0,0.4553008212330398,0.42188297215285053
5,13,132692.0,29121.0,M_NLS_untreated_Composite_8.tif,M_LNS,untreated,0hr,5417486.0,1281670.0,0.23658021451278324,781208.0,115916.0,0.14838045693336474,0.219463117595635
6,16,121151.0,35161.0,M_NLS_untreated_Composite_8.tif,M_LNS,untreated,0hr,10490904.0,3973906.0,0.378795383124276,388942.0,114860.0,0.2953139542656746,0.29022459575240817
7,19,40765.0,11553.0,M_NLS_untreated_Composite_8.tif,M_LNS,untreated,0hr,3847010.0,1273119.0,0.3309372733629494,103296.0,32412.0,0.3137778810408922,0.2834048816386606
8,22,132358.0,12202.0,M_NLS_untreated_Composite_8.tif,M_LNS,untreated,0hr,9200361.0,1373075.0,0.14924142650489475,298702.0,35716.0,0.11957067579058728,0.09218936520648544
9,24,146886.0,33666.0,M_NLS_untreated_Composite_8.tif,M_LNS,untreated,0hr,13931579.0,4462191.0,0.32029327041823474,405627.0,95914.0,0.23645861838585697,0.22919815367019322
0,5,69037.0,28372.0,M_NLS_untreated_Composite_9.tif,M_LNS,untreated,0hr,7134659.0,3239929.0,0.45411126165945703,1128787.0,535854.0,0.47471666488008807,0.4109680316352101
1,8,65442.0,33068.0,M_NLS_untreated_Composite_9.tif,M_LNS,untreated,0hr,7174861.0,3653203.0,0.5091670765468488,1182715.0,599097.0,0.506543841923033,0.5053024051832157
2,9,106451.0,31508.0,M_NLS_untreated_Composite_9.tif,M_LNS,untreated,0hr,10535412.0,3948770.0,0.3748092623240553,1680223.0,581832.0,0.3462826065349659,0.29598594658575306
3,10,88452.0,37979.0,M_NLS_untreated_Composite_9.tif,M_LNS,untreated,0hr,8004995.0,2843474.0,0.3552124642176541,1261914.0,558535.0,0.4426094012745718,0.42937412381856827
4,14,87611.0,38248.0,M_NLS_untreated_Composite_9.tif,M_LNS,untreated,0hr,7581523.0,3406057.0,0.4492576227757932,4191958.0,2393530.0,0.5709813886494092,0.43656618461152136
5,15,84155.0,37018.0,M_NLS_untreated_Composite_9.tif,M_LNS,untreated,0hr,6477328.0,2709732.0,0.4183410196303167,8900024.0,4110455.0,0.4618476309726805,0.4398787950805062
6,16,109029.0,38922.0,M_NLS_untreated_Composite_9.tif,M_LNS,untreated,0hr,10645773.0,4069246.0,0.38224053809901826,2265210.0,776720.0,0.3428909460932982,0.35698759045758466
7,18,42917.0,6840.0,M_NLS_untreated_Composite_9.tif,M_LNS,untreated,0hr,2815965.0,470606.0,0.16712068509374228,2149214.0,178536.0,0.08307036898140437,0.1593774028939581
8,24,313354.0,37956.0,M_NLS_untreated_Composite_9.tif,M_LNS,untreated,0hr,17462730.0,4540501.0,0.26001094903259686,3419025.0,582903.0,0.17048807774146138,0.12112818090721676
9,27,34953.0,11370.0,M_NLS_untreated_Composite_9.tif,M_LNS,untreated,0hr,3492017.0,1211726.0,0.34699888345331653,511152.0,185030.0,0.3619862584906251,0.32529396618316025
10,28,234108.0,11675.0,M_NLS_untreated_Composite_9.tif,M_LNS,untreated,0hr,14322142.0,1241598.0,0.08669080365213527,2514910.0,193611.0,0.07698525990989737,0.04987014540297641
11,29,243574.0,36260.0,M_NLS_untreated_Composite_9.tif,M_LNS,untreated,0hr,15182413.0,3864978.0,0.25456941528332816,6771703.0,3182029.0,0.46990085064274084,0.14886646357985664
0,6,150377.0,32495.0,Untreated_Composite_1.tif,OTHER,untreated,0hr,10031195.0,4923297.0,0.4907986536000945,10730361.0,2953559.0,0.27525252878258244,0.21609022656390273
0,10,92853.0,36041.0,Untreated_Composite_2.tif,OTHER,untreated,0hr,8532252.0,3734115.0,0.4376470596508401,5216271.0,2130645.0,0.4084613318594835,0.38815116366730207
1,14,115123.0,31151.0,Untreated_Composite_2.tif,OTHER,untreated,0hr,9438449.0,3161535.0,0.3349634034151162,6450489.0,1930969.0,0.2993523436750299,0.2705888484490501
2,18,47737.0,17355.0,Untreated_Composite_2.tif,OTHER,untreated,0hr,3615387.0,1281700.0,0.354512532130032,2696492.0,1027314.0,0.38098166061683103,0.3635544755640279
3,21,124430.0,27071.0,Untreated_Composite_2.tif,OTHER,untreated,0hr,6987607.0,2044437.0,0.2925804213087542,6083621.0,1550878.0,0.2549267944206255,0.21756007393715343
0,8,140418.0,31132.0,Untreated_Composite_3.tif,OTHER,untreated,0hr,9583403.0,4473555.0,0.46680234568033924,6792035.0,1953377.0,0.2875981940611319,0.2217094674471934
1,10,172531.0,28978.0,Untreated_Composite_3.tif,OTHER,untreated,0hr,14554297.0,3282974.0,0.22556733588712666,9796365.0,1908312.0,0.1947979684301269,0.16795822200068394
2,11,208181.0,36591.0,Untreated_Composite_3.tif,OTHER,untreated,0hr,14331371.0,5109970.0,0.356558350209481,10420771.0,2195755.0,0.2107094571025503,0.17576531960169275
3,12,124196.0,31632.0,Untreated_Composite_3.tif,OTHER,untreated,0hr,10645959.0,4270162.0,0.40110637285001755,6577840.0,1976777.0,0.3005206876421439,0.25469419304969565
4,13,145365.0,30915.0,Untreated_Composite_3.tif,OTHER,untreated,0hr,11459310.0,3597980.0,0.3139787648645512,8059815.0,1939020.0,0.24057872296076274,0.2126715509235373
5,16,138462.0,34686.0,Untreated_Composite_3.tif,OTHER,untreated,0hr,13216186.0,4992130.0,0.3777284914119701,8504960.0,2731518.0,0.32116764805478215,0.2505091649694501
6,19,116180.0,27505.0,Untreated_Composite_3.tif,OTHER,untreated,0hr,10574212.0,4058393.0,0.3838009867780218,7433056.0,2190382.0,0.29468121859972535,0.23674470648992943
7,20,131769.0,29443.0,Untreated_Composite_3.tif,OTHER,untreated,0hr,10301219.0,3548109.0,0.34443583812750705,7582613.0,2072583.0,0.2733336120411262,0.2234440574034864
8,21,107791.0,26735.0,Untreated_Composite_3.tif,OTHER,untreated,0hr,9827617.0,3643752.0,0.3707665856331194,6224947.0,1777278.0,0.28550893686323753,0.2480262730654693
9,22,132865.0,33149.0,Untreated_Composite_3.tif,OTHER,untreated,0hr,11205135.0,4014298.0,0.358255210669037,6996815.0,1927205.0,0.27544032534803337,0.2494938471380725
10,23,136689.0,29071.0,Untreated_Composite_3.tif,OTHER,untreated,0hr,12869327.0,3943689.0,0.3064409661826139,8096425.0,2067467.0,0.25535554272410355,0.21267987914170122
0,5,147152.0,36889.0,Untreated_Composite_4.tif,OTHER,untreated,0hr,12345335.0,4984385.0,0.4037464353944223,5130256.0,1497748.0,0.29194410571324314,0.25068636511906056
1,9,138113.0,33143.0,Untreated_Composite_4.tif,OTHER,untreated,0hr,9641130.0,2820000.0,0.2924968338773567,4499594.0,1133543.0,0.25192117333252734,0.23997016935407964
2,13,147272.0,38980.0,Untreated_Composite_4.tif,OTHER,untreated,0hr,10874663.0,4428081.0,0.4071924803554832,4933086.0,1429409.0,0.28975959470400475,0.26468031940898473
3,17,137241.0,38689.0,Untreated_Composite_4.tif,OTHER,untreated,0hr,9623554.0,4407082.0,0.4579474485205777,4578827.0,1466828.0,0.32035016828545826,0.28190555300529724
0,4,245824.0,32392.0,Untreated_Composite_5.tif,OTHER,untreated,0hr,12427653.0,3985304.0,0.32068034084955543,9416852.0,1541070.0,0.16365023045918106,0.1317690705545431
1,5,198119.0,35053.0,Untreated_Composite_5.tif,OTHER,untreated,0hr,9510017.0,3856316.0,0.4055004318078506,7141976.0,1535360.0,0.21497691955279602,0.1769290174087291
2,9,189334.0,38478.0,Untreated_Composite_5.tif,OTHER,untreated,0hr,13166067.0,5051109.0,0.3836460045357509,7832925.0,1878279.0,0.23979279770966785,0.20322815764733224
3,10,123874.0,31582.0,Untreated_Composite_5.tif,OTHER,untreated,0hr,5671441.0,2008365.0,0.3541189972707113,4504801.0,1264769.0,0.28076023779962755,0.2549526131391575
4,12,68620.0,26665.0,Untreated_Composite_5.tif,OTHER,untreated,0hr,6111937.0,2548704.0,0.417004298310012,3020115.0,1259212.0,0.4169417389735159,0.3885893325561061
5,14,128448.0,35532.0,Untreated_Composite_5.tif,OTHER,untreated,0hr,10219666.0,3916631.0,0.38324452090704336,5277015.0,1637739.0,0.31035329632377395,0.2766255605381166
6,15,203329.0,35574.0,Untreated_Composite_5.tif,OTHER,untreated,0hr,12610091.0,4572645.0,0.3626179224241919,8516537.0,1752847.0,0.20581687134101573,0.17495782697008297
7,16,217102.0,38910.0,Untreated_Composite_5.tif,OTHER,untreated,0hr,13565881.0,4377003.0,0.32264789879846356,9456272.0,1921516.0,0.2032001617550764,0.1792245119805437
8,17,41130.0,15701.0,Untreated_Composite_5.tif,OTHER,untreated,0hr,2048963.0,850461.0,0.41506898855665036,1432770.0,545964.0,0.38105487970853663,0.38174082178458546
9,18,119987.0,38720.0,Untreated_Composite_5.tif,OTHER,untreated,0hr,6865672.0,2462856.0,0.35872031171894025,4650999.0,1527940.0,0.32851866878492125,0.3227016260094844
10,20,130915.0,38256.0,Untreated_Composite_5.tif,OTHER,untreated,0hr,9703186.0,3937017.0,0.40574477290242605,6010499.0,1874357.0,0.3118471527904755,0.2922201428407745
11,22,113306.0,37019.0,Untreated_Composite_5.tif,OTHER,untreated,0hr,8656507.0,4066779.0,0.46979445635520195,4926085.0,1742887.0,0.35380773981772545,0.32671703175471734
12,23,110887.0,31026.0,Untreated_Composite_5.tif,OTHER,untreated,0hr,8968044.0,3612918.0,0.40286577541323393,5062719.0,1534853.0,0.3031677246949712,0.27979835327856284
13,25,107341.0,37640.0,Untreated_Composite_5.tif,OTHER,untreated,0hr,8856542.0,4237185.0,0.4784243105266141,4769104.0,1753429.0,0.3676642404946506,0.3506581828006074
0,3,176592.0,37370.0,Untreated_Composite_6.tif,OTHER,untreated,0hr,14311182.0,4306123.0,0.3008921974439288,10560146.0,2814963.0,0.2665647804490582,0.2116177403279877
1,7,189233.0,28012.0,Untreated_Composite_6.tif,OTHER,untreated,0hr,10094097.0,2971568.0,0.2943867093807401,9659028.0,1750777.0,0.18125809346447697,0.14802914924986657
2,8,168262.0,31131.0,Untreated_Composite_6.tif,OTHER,untreated,0hr,9622576.0,2197395.0,0.22835828992153454,8422542.0,1682840.0,0.19980191253424442,0.18501503607469305
3,9,185191.0,28269.0,Untreated_Composite_6.tif,OTHER,untreated,0hr,13089849.0,3049464.0,0.23296403189983322,10278207.0,1963879.0,0.1910721393332514,0.15264780685886464
4,14,224516.0,32933.0,Untreated_Composite_6.tif,OTHER,untreated,0hr,12243212.0,3226863.0,0.26356343417070616,11216061.0,1885129.0,0.16807406807077815,0.14668442338185253
5,22,68635.0,16884.0,Untreated_Composite_6.tif,OTHER,untreated,0hr,5977442.0,2391546.0,0.40009522467972086,4109449.0,1235319.0,0.30060453360049,0.24599694033656297
0,4,173104.0,36586.0,Untreated_Composite_7.tif,OTHER,untreated,0hr,8616150.0,2780599.0,0.32271942805081155,9873289.0,2276388.0,0.23056025200923422,0.2113527128200388
1,5,298696.0,36100.0,Untreated_Composite_7.tif,OTHER,untreated,0hr,15398533.0,4274504.0,0.2775916381125397,17537344.0,2689670.0,0.15336814970385482,0.12085866566676487
2,13,213769.0,30439.0,Untreated_Composite_7.tif,OTHER,untreated,0hr,11375098.0,2755428.0,0.24223334163802368,10682956.0,1861463.0,0.17424606073450083,0.14239202129401363
0,5,110726.0,32505.0,Untreated_Composite_8.tif,OTHER,untreated,0hr,8549034.0,4467683.0,0.5225950674661021,4363493.0,1502006.0,0.3442210174280101,0.2935624875819591
1,6,104147.0,38389.0,Untreated_Composite_8.tif,OTHER,untreated,0hr,7124291.0,3583233.0,0.5029599436631659,3867111.0,1511325.0,0.39081500375861983,0.3686039924337715
2,9,116016.0,29002.0,Untreated_Composite_8.tif,OTHER,untreated,0hr,6695892.0,2623978.0,0.3918787817963611,4165917.0,1140465.0,0.27376085505304115,0.24998276099848296
3,13,198023.0,38289.0,Untreated_Composite_8.tif,OTHER,untreated,0hr,10729679.0,3702782.0,0.34509718324285377,7127768.0,1545426.0,0.21681766297668498,0.19335632729531418
4,15,276802.0,36202.0,Untreated_Composite_8.tif,OTHER,untreated,0hr,10650637.0,3408658.0,0.32004264158096835,9114220.0,1472968.0,0.16161207431903113,0.13078662726425386
5,19,269906.0,37929.0,Untreated_Composite_8.tif,OTHER,untreated,0hr,10898754.0,3917096.0,0.35940769009007817,9006894.0,1608039.0,0.17853424277003815,0.14052670188880573
0,6,46893.0,27896.0,Untreated_Composite_9.tif,OTHER,untreated,0hr,4317364.0,3157954.0,0.7314541928825089,2586321.0,1637989.0,0.6333278042439434,0.5948862303542106
1,9,202837.0,30012.0,Untreated_Composite_9.tif,OTHER,untreated,0hr,6873477.0,1536663.0,0.22356414373685982,9137069.0,1547396.0,0.1693536515922119,0.14796117079231108
2,10,108688.0,14598.0,Untreated_Composite_9.tif,OTHER,untreated,0hr,3291787.0,624076.0,0.189585778180666,4758735.0,723663.0,0.15207045569883593,0.13431105549830707
3,13,213757.0,35698.0,Untreated_Composite_9.tif,OTHER,untreated,0hr,11581311.0,3672997.0,0.317148637144793,8699477.0,1843306.0,0.2118869904478166,0.16700271803964314
4,15,184874.0,35172.0,Untreated_Composite_9.tif,OTHER,untreated,0hr,8947776.0,2952217.0,0.32993863503064896,7999648.0,1733228.0,0.21666303317345964,0.19024849356859266
5,16,230221.0,31283.0,Untreated_Composite_9.tif,OTHER,untreated,0hr,10995873.0,3270239.0,0.2974060358827353,9975668.0,1634972.0,0.1638959917270703,0.13588247814056928
6,19,188509.0,31712.0,Untreated_Composite_9.tif,OTHER,untreated,0hr,9458556.0,3307630.0,0.3496971419316014,8116285.0,1615064.0,0.19899054801550217,0.16822538976918874
7,21,79692.0,34263.0,Untreated_Composite_9.tif,OTHER,untreated,0hr,6891322.0,3957821.0,0.5743195572634685,3671641.0,1641272.0,0.4470132019987793,0.42994277970185213
